PLAYER_NAME,TEAM_ABBREVIATION,LAST_GAME_DATE,CAREER_GAMES_BEFORE,MIN_ROLL_5,MIN_ROLL_10,MIN_ROLL_20,MIN_EXPANDING,PTS_ROLL_5,PTS_ROLL_10,PTS_ROLL_20,PTS_EXPANDING,REB_ROLL_5,REB_ROLL_10,REB_ROLL_20,REB_EXPANDING,AST_ROLL_5,AST_ROLL_10,AST_ROLL_20,AST_EXPANDING,PTS_PER_MIN_ROLL_10,REB_PER_MIN_ROLL_10,AST_PER_MIN_ROLL_10
A.J. Lawson,TOR,2026-04-12,107,8.903,11.614833333333332,9.846666666666666,10.576573208722744,3.0,5.2,4.2,4.94392523364486,1.8,2.0,1.8,1.8691588785046729,0.2,0.4,0.35,0.5607476635514018,0.3355246115687424,0.20671137294812308,0.021129737331122313
AJ Green,MIL,2026-04-12,242,34.534666666666666,33.239000000000004,27.30575,20.199614325068872,18.6,16.2,11.35,7.256198347107438,4.2,4.2,3.35,2.049586776859504,1.8,2.4,1.95,1.2892561983471074,0.4770946813288875,0.1225971037066087,0.0751743912290866
AJ Griffin,ATL,2024-04-14,92,9.059999999999999,8.518333333333334,8.5365,17.08875,2.6,1.8,2.4,7.467391304347826,1.0,0.9,0.9,1.858695652173913,0.2,0.2,0.25,0.8478260869565217,0.21477754440890734,0.12495749426720693,0.01652465615565247
AJ Johnson,DAL,2026-04-12,77,13.853333333333335,12.215,11.4275,14.179480519480522,8.0,5.5,4.5,4.935064935064935,1.2,1.1,1.15,1.4805194805194806,1.2,1.4,1.2,1.5974025974025974,0.3976273621221183,0.14992396718868212,0.10957636099929276
Aaron Gordon,DEN,2026-04-08,303,30.67833333333333,29.0525,28.376166666666666,30.293762376237623,13.4,15.0,14.6,15.108910891089108,5.2,5.0,5.55,5.98019801980198,3.4,3.1,3.5,3.0033003300330035,0.5137119477458603,0.17395257685921298,0.11295604427305705
Aaron Henry,PHI,2022-01-10,6,2.9833333333333334,2.8305555555555557,2.8305555555555557,2.8305555555555557,0.4,0.3333333333333333,0.3333333333333333,0.3333333333333333,0.2,0.16666666666666666,0.16666666666666666,0.16666666666666666,0.0,0.0,0.0,0.0,0.13698630136986303,0.037037037037037035,0.0
Aaron Holiday,HOU,2026-04-12,323,16.628,16.04066666666667,14.492416666666667,14.576723426212588,6.4,5.6,4.9,5.613003095975232,1.8,1.6,1.25,1.4086687306501549,1.4,1.2,1.15,1.6253869969040247,0.3013944073201273,0.10026432940725735,0.06033776579279122
Aaron Nesmith,IND,2026-03-27,287,30.80466666666667,30.094166666666666,28.712833333333332,23.837996515679443,15.8,17.5,14.45,10.358885017421603,3.4,2.7,2.9,3.505226480836237,1.2,1.4,1.55,1.2822299651567943,0.5715200600440974,0.08668344918118856,0.04425024948318189
Aaron Wiggins,OKC,2026-04-12,339,16.787333333333333,15.621666666666664,16.90833333333333,20.330398230088495,5.6,6.4,6.8,8.737463126843657,1.6,1.5,2.25,3.1533923303834808,1.8,1.1,1.15,1.407079646017699,0.4311570680090612,0.10418984430621289,0.05656548935416367
Abdel Nader,PHX,2021-11-19,14,10.376333333333333,9.95266666666667,10.374166666666667,10.374166666666667,2.2,2.2,2.4285714285714284,2.4285714285714284,2.4,2.0,1.9285714285714286,1.9285714285714286,0.4,0.5,0.5,0.5,0.16281273409921715,0.1754340758053266,0.04321689845412998
Ace Bailey,UTA,2026-04-12,72,31.53333333333334,31.829999999999995,30.386666666666667,27.60615740740741,17.2,18.5,18.65,13.791666666666666,4.8,5.0,4.75,4.194444444444445,1.6,2.2,2.15,1.8194444444444444,0.580266696507685,0.1614691375755845,0.06807888557960773
Adam Flagler,OKC,2025-04-13,39,11.93,9.833333333333332,6.454333333333333,5.563632478632479,4.2,3.1,2.4,1.7435897435897436,1.6,1.7,0.95,0.6923076923076923,0.8,1.2,0.6,0.41025641025641024,0.18618523727887076,0.17310476918360532,0.08687734997405056
Adama Bal,MEM,2026-04-10,8,31.85766666666667,30.164375,30.164375,30.164375,12.0,10.375,10.375,10.375,3.6,3.125,3.125,3.125,2.4,2.375,2.375,2.375,0.32588345855751977,0.10043789569719899,0.07754262343592676
Adama Sanogo,CHI,2024-12-13,13,11.316333333333334,7.664833333333332,6.712307692307693,6.712307692307693,6.0,3.6,3.3846153846153846,3.3846153846153846,5.2,3.6,3.230769230769231,3.230769230769231,0.2,0.1,0.07692307692307693,0.07692307692307693,0.39252972749511406,0.42363702892773647,0.011428571428571429
Ade Murkey,SAC,2021-12-22,1,1.4666666666666666,1.4666666666666666,1.4666666666666666,1.4666666666666666,0.0,0.0,0.0,0.0,0.0,0.0,0.0,0.0,0.0,0.0,0.0,0.0,0.0,0.0,0.0
Adem Bona,PHI,2026-04-12,129,16.150666666666666,16.270333333333333,19.61025,16.57916020671835,4.2,4.5,6.0,5.27906976744186,3.0,3.5,4.85,4.27906976744186,0.6,0.7,0.75,0.4573643410852713,0.27608374004942327,0.2030151790654085,0.03019334042057395
Admiral Schofield,ORL,2024-04-10,98,4.726666666666667,3.5361666666666673,3.732083333333333,10.249421768707483,2.2,1.1,1.05,3.336734693877551,1.2,0.9,0.85,1.7142857142857142,0.4,0.2,0.35,0.6428571428571429,0.1955671893063376,0.21382836801887145,0.038379411627581704
Adou Thiero,LAL,2026-04-12,25,8.473333333333333,6.22,6.599333333333334,5.956133333333334,3.6,2.7,2.05,1.88,1.6,1.0,1.3,1.12,0.8,0.5,0.5,0.4,0.3782531873189232,0.12908316590249516,0.051883811584496765
Ahmad Caver,IND,2022-01-05,1,0.8433333333333334,0.8433333333333334,0.8433333333333334,0.8433333333333334,2.0,2.0,2.0,2.0,0.0,0.0,0.0,0.0,0.0,0.0,0.0,0.0,2.3715415019762847,0.0,0.0
Ajay Mitchell,OKC,2026-04-08,93,23.290333333333333,22.938,25.119833333333336,22.255412186379925,9.4,10.2,12.5,10.838709677419354,2.0,2.8,3.25,2.774193548387097,3.4,3.4,3.5,2.903225806451613,0.4690492599400368,0.12500883647524583,0.15504341364429836
Al Horford,GSW,2026-04-12,302,20.827666666666666,23.979166666666664,24.337083333333332,27.462654525386313,7.0,10.9,9.9,9.235099337748345,3.8,4.4,4.9,6.360927152317881,2.6,3.3,3.3,2.7582781456953644,0.46598667451330245,0.17856415579643012,0.12313196453407618
Alec Burks,MIA,2025-04-11,247,20.623333333333335,19.981833333333334,18.06133333333333,22.328589743589745,11.2,11.7,8.55,10.692307692307692,2.6,2.4,2.35,3.3562753036437245,1.6,1.2,1.1,2.0080971659919027,0.5656860303490523,0.11511177989409616,0.06320452321937342
Aleem Ford,ORL,2021-12-26,5,14.706,14.706,14.706,14.706,2.8,2.8,2.8,2.8,3.0,3.0,3.0,3.0,0.4,0.4,0.4,0.4,0.1861583956564011,0.22739997523099836,0.01951954270672101
Aleksej Pokusevski,CHA,2024-04-14,123,19.23,19.201666666666668,17.883333333333333,19.019810298102982,8.8,8.4,6.9,7.203252032520325,5.8,4.8,4.0,4.6016260162601625,1.2,1.2,1.5,1.8699186991869918,0.4279690125556213,0.2501875537019068,0.06573989592394296
Alex Antetokounmpo,MIL,2026-04-12,6,3.5676666666666663,3.4397222222222226,3.4397222222222226,3.4397222222222226,3.2,3.1666666666666665,3.1666666666666665,3.1666666666666665,1.2,1.0,1.0,1.0,0.2,0.16666666666666666,0.16666666666666666,0.16666666666666666,1.0845223178252468,0.23845578643200385,0.17452006980802792
Alex Caruso,OKC,2026-04-08,289,16.40266666666667,15.8385,18.04508333333333,23.610841983852364,4.4,4.5,6.15,7.346020761245675,2.4,2.6,3.0,3.2214532871972317,1.6,2.0,1.8,2.9480968858131487,0.28360991484874565,0.1975494562082793,0.12802810876797405
Alex Ducas,OKC,2025-04-13,21,10.329333333333334,7.469666666666667,6.207916666666667,5.968650793650793,2.6,1.6,1.8,1.7142857142857142,2.2,1.6,1.3,1.2380952380952381,0.6,0.4,0.25,0.23809523809523808,0.16538401139304287,0.1638069312373722,0.03681987620589661
Alex Fudge,DAL,2024-04-14,6,7.2299999999999995,6.702777777777778,6.702777777777778,6.702777777777778,3.0,2.5,2.5,2.5,1.0,0.8333333333333334,0.8333333333333334,0.8333333333333334,0.0,0.0,0.0,0.0,0.31976399128683114,0.125171831877165,0.0
Alex Len,LAL,2025-04-13,159,13.796666666666667,12.211666666666668,9.533833333333334,10.097368972746331,3.6,2.2,1.7,2.9685534591194966,4.0,3.1,2.25,2.792452830188679,0.8,0.8,0.7,0.9119496855345912,0.13265046322713886,0.22603839247889201,0.05082024757667558
Alex Morales,ORL,2026-04-10,4,5.895833333333334,5.895833333333334,5.895833333333334,5.895833333333334,2.0,2.0,2.0,2.0,0.75,0.75,0.75,0.75,1.0,1.0,1.0,1.0,0.37254901960784315,0.0625,0.08333333333333333
Alex Reese,PHI,2025-04-09,15,15.166000000000002,16.759666666666668,14.403111111111112,14.403111111111112,5.4,5.7,5.066666666666666,5.066666666666666,3.4,3.1,3.1333333333333333,3.1333333333333333,0.4,0.3,0.26666666666666666,0.26666666666666666,0.35629247789562163,0.18957813093140763,0.01656516523292579
Alex Sarr,WAS,2026-03-27,115,22.226666666666667,21.673499999999997,25.715999999999998,27.120782608695656,8.8,11.4,15.0,14.365217391304348,5.2,6.3,7.2,6.869565217391305,2.6,2.4,2.35,2.5304347826086957,0.5359976682014724,0.2863835305879544,0.10690641975676282
Alfonzo McKinnie,CHI,2022-02-07,17,4.226666666666667,10.796333333333333,12.13607843137255,12.13607843137255,0.6,2.3,3.4705882352941178,3.4705882352941178,1.6,2.2,1.9411764705882353,1.9411764705882353,0.2,0.2,0.29411764705882354,0.29411764705882354,0.20566838710752608,0.30760526386863013,0.02826933979903256
Alijah Martin,TOR,2026-04-10,23,5.613333333333333,4.876833333333333,6.886583333333334,6.331086956521739,0.6,1.7,2.55,2.217391304347826,0.4,0.7,1.05,0.9130434782608695,0.6,0.4,0.6,0.5217391304347826,0.43377401152008854,0.11533477224478186,0.0366514336265086
Alize Johnson,SAS,2022-12-08,27,6.706666666666666,6.671666666666667,6.8694999999999995,7.286543209876544,1.4,1.6,1.5,1.7777777777777777,2.2,2.7,2.5,2.6296296296296298,0.2,0.2,0.3,0.37037037037037035,0.1883729490765597,0.4342178609307054,0.03798604187437686
Alondes Williams,WAS,2026-02-24,13,20.9,11.069833333333333,9.643205128205128,9.643205128205128,9.8,5.4,4.153846153846154,4.153846153846154,5.0,2.5,2.076923076923077,2.076923076923077,2.6,1.3,1.0,1.0,0.6157878389700209,0.10464164684289319,0.06725994406483184
Alperen Sengun,HOU,2026-04-10,358,30.835999999999995,32.102999999999994,32.12108333333333,29.32473929236499,17.0,20.3,20.7,16.89664804469274,8.4,8.3,8.35,8.620111731843576,6.0,6.1,5.75,4.483240223463687,0.6315087920307987,0.26461727600740736,0.19574416359672986
Amari Bailey,CHA,2024-04-14,10,8.42,6.463333333333333,6.463333333333333,6.463333333333333,3.2,2.3,2.3,2.3,1.4,0.9,0.9,0.9,1.0,0.7,0.7,0.7,0.22657617033900773,0.10038520801232664,0.06263577162431788
Amari Williams,BOS,2026-04-12,22,5.569,4.2645,6.942583333333333,6.62378787878788,1.6,0.8,1.4,1.3636363636363635,2.0,1.4,1.9,1.8181818181818181,0.6,0.4,0.45,0.45454545454545453,0.17990594372081045,0.3049760076506619,0.17700300990780088
Amen Thompson,HOU,2026-04-10,210,38.102333333333334,38.874833333333335,38.346000000000004,31.271888888888892,24.2,19.9,20.8,14.30952380952381,7.2,7.3,7.9,7.557142857142857,6.0,6.2,5.55,4.038095238095238,0.5158613094706155,0.19056737605930402,0.15880738799697874
Amir Coffey,PHX,2026-04-12,307,12.605666666666668,11.7195,13.923583333333335,19.18984256243214,4.8,4.2,4.75,6.837133550488599,1.2,1.7,1.85,2.006514657980456,1.0,0.5,0.95,1.1628664495114007,0.23697784457547968,0.1427042158572544,0.04657835431209806
Andersson Garcia,UTA,2026-03-19,5,33.75,33.75,33.75,33.75,5.2,5.2,5.2,5.2,8.4,8.4,8.4,8.4,2.8,2.8,2.8,2.8,0.1662171421849768,0.25617270325239094,0.07783224809825719
Andre Drummond,PHI,2026-04-12,322,21.57333333333333,17.076666666666664,18.486083333333333,17.44893374741201,7.2,5.2,5.3,7.260869565217392,9.8,7.2,7.65,8.304347826086957,2.4,1.9,2.0,0.9782608695652174,0.2870574541686356,0.406378816075674,0.09955286284968065
Andre Iguodala,GSW,2023-03-13,39,14.026333333333332,15.052833333333334,16.21633333333333,18.343461538461536,2.0,2.5,2.6,3.6153846153846154,2.0,2.2,2.45,3.0,2.8,2.7,2.6,3.41025641025641,0.15923698167004696,0.1572504494402554,0.17785652466567364
Andre Jackson Jr.,MIL,2026-04-12,172,15.311333333333334,17.294999999999998,11.552,11.398420542635659,4.6,6.3,3.65,2.7209302325581395,2.6,3.0,2.25,2.133720930232558,1.2,1.0,0.95,1.0232558139534884,0.37354157966758167,0.18409602456280316,0.05394574419653501
Andrew Funk,CHI,2024-04-12,5,2.6799999999999997,2.6799999999999997,2.6799999999999997,2.6799999999999997,0.0,0.0,0.0,0.0,0.0,0.0,0.0,0.0,0.0,0.0,0.0,0.0,0.0,0.0,0.0
Andrew Nembhard,IND,2026-03-29,265,32.943666666666665,29.696000000000005,30.10183333333334,28.062188679245285,16.0,14.7,16.2,11.147169811320754,2.8,2.7,2.75,2.70188679245283,12.0,9.1,8.15,5.222641509433962,0.5359361659849214,0.0868401276281783,0.29283691417419344
Andrew Wiggins,MIA,2026-04-12,309,25.826666666666664,27.79866666666667,27.897583333333337,30.24311218985976,13.0,13.1,14.25,16.022653721682847,2.6,3.5,4.7,4.627831715210356,2.6,2.2,2.4,2.2815533980582523,0.4708559786471981,0.11702514993727371,0.08139198509795482
Anfernee Simons,CHI,2026-02-21,290,27.633666666666663,26.642666666666667,26.899166666666666,31.36982183908046,13.8,15.8,15.55,18.848275862068967,3.0,2.4,2.75,2.768965517241379,3.0,2.2,2.5,4.137931034482759,0.5825928124234594,0.09285260971816643,0.0722968547950005
Anthony Black,ORL,2026-04-12,211,14.245666666666665,22.987,27.910583333333328,23.513048973143757,8.4,8.7,13.55,9.530805687203792,2.6,2.7,3.25,2.90521327014218,1.4,2.1,2.95,2.6872037914691944,0.3922616574418636,0.16348531079997536,0.0873968748949987
Anthony Davis,DAL,2026-01-08,243,31.525666666666666,33.28333333333333,31.281499999999994,34.321481481481484,16.4,21.1,20.35,24.37037037037037,10.0,11.9,11.05,11.802469135802468,2.2,2.4,2.8,3.1810699588477367,0.6121741876832949,0.3538564631813562,0.06732279907761782
Anthony Edwards,MIN,2026-04-10,370,30.103333333333335,31.919999999999998,34.26175,35.366171171171175,21.6,25.5,27.05,25.572972972972973,4.0,3.7,4.45,5.359459459459459,4.0,3.6,3.7,4.364864864864865,0.7811525307676273,0.11095135197014261,0.114803186583149
Anthony Gill,WAS,2026-04-12,259,32.05333333333333,30.826500000000003,26.189999999999998,11.208539253539252,12.6,12.3,9.45,3.9150579150579152,3.6,3.8,3.85,1.9382239382239381,1.4,2.0,1.9,0.694980694980695,0.4054516000201554,0.12293523310781998,0.0637526971487411
Anthony Lamb,GSW,2023-04-09,64,13.006666666666666,15.046333333333333,19.18041666666667,18.792213541666666,4.0,4.7,5.65,6.484375,4.0,3.5,3.9,3.375,0.8,0.8,1.3,1.53125,0.3297749521835375,0.212399112677398,0.05416304010152913
Anton Watson,NYK,2025-04-13,9,2.2133333333333334,2.462962962962963,2.462962962962963,2.462962962962963,0.8,0.8888888888888888,0.8888888888888888,0.8888888888888888,0.4,0.3333333333333333,0.3333333333333333,0.3333333333333333,0.0,0.2222222222222222,0.2222222222222222,0.2222222222222222,0.3272240679883234,0.14864023362429007,0.06347140894961324
Antonio Reeves,CHA,2026-03-31,54,3.5593333333333335,6.767666666666668,18.57933333333333,13.467314814814813,1.2,2.7,9.05,6.148148148148148,0.6,0.8,1.75,1.3148148148148149,0.2,0.3,0.95,0.7777777777777778,0.2871935288883969,0.11587415134300154,0.093620081029717
Ariel Hukporti,NYK,2026-04-12,79,12.889333333333335,10.9205,9.828666666666667,9.05476793248945,5.8,3.1,2.6,2.088607594936709,4.8,3.2,3.0,2.6582278481012658,1.0,0.7,0.55,0.5063291139240507,0.25380369702904637,0.3549517016630636,0.051963563655110914
Armel Traore,LAL,2025-02-04,9,8.826666666666666,7.4074074074074066,7.4074074074074066,7.4074074074074066,2.4,1.5555555555555556,1.5555555555555556,1.5555555555555556,2.2,1.6666666666666667,1.6666666666666667,1.6666666666666667,0.2,0.1111111111111111,0.1111111111111111,0.1111111111111111,0.21660608097954717,0.21253862431734566,0.027662517289073305
Armoni Brooks,BKN,2024-01-03,64,11.771333333333335,10.402333333333335,11.402833333333334,14.809036458333333,5.0,4.2,3.65,5.15625,1.6,1.8,1.8,1.890625,1.0,0.5,0.8,1.046875,0.29861389557943696,0.20210866800288577,0.04529478551254744
Arnoldas Kulboka,CHA,2022-04-10,2,2.6500000000000004,2.6500000000000004,2.6500000000000004,2.6500000000000004,0.0,0.0,0.0,0.0,0.0,0.0,0.0,0.0,0.0,0.0,0.0,0.0,0.0,0.0,0.0
Asa Newell,ATL,2026-04-12,44,11.576666666666666,12.873,11.802166666666666,11.36155303030303,5.6,5.2,4.55,5.159090909090909,3.0,2.6,2.6,2.1818181818181817,1.2,0.8,0.65,0.5909090909090909,0.4743776718882353,0.18742531596138792,0.10743576184090672
Ashton Hagans,POR,2024-04-11,19,15.753333333333334,17.438166666666667,16.609035087719302,16.609035087719302,5.0,4.3,4.2105263157894735,4.2105263157894735,2.2,2.7,2.3684210526315788,2.3684210526315788,2.6,3.2,2.8421052631578947,2.8421052631578947,0.24158156525660704,0.14887637922918343,0.18561606868031197
Ausar Thompson,DET,2026-04-12,195,25.360666666666667,26.273500000000002,26.27725,24.646820512820515,10.2,8.8,9.15,9.594871794871795,4.4,5.5,5.45,5.758974358974359,4.4,4.1,3.75,2.471794871794872,0.33933557619999427,0.21106106632541416,0.15387702500626435
Austin Reaves,LAL,2026-04-02,331,33.72666666666667,36.6925,36.14783333333334,30.820543806646526,20.8,20.1,20.65,15.827794561933535,4.4,4.2,4.2,3.9486404833836857,5.4,5.4,5.25,4.459214501510574,0.5528434533690885,0.11525591988867354,0.14959679095156458
Austin Rivers,MIN,2023-03-20,119,8.363333333333333,11.84,17.852083333333333,20.9765406162465,1.2,2.0,4.1,5.529411764705882,0.6,0.6,1.45,1.6554621848739495,0.6,0.8,1.35,1.3865546218487395,0.12869813797254417,0.05093951190625516,0.07865026924090675
Avery Bradley,LAL,2022-04-05,62,20.286666666666665,18.811666666666667,20.177166666666665,22.67599462365591,5.0,5.8,5.2,6.354838709677419,1.2,1.5,1.75,2.193548387096774,0.4,0.4,0.5,0.7580645161290323,0.3115035632556428,0.07882040441239156,0.017695681604520827
Ayo Dosunmu,MIN,2026-04-10,348,32.473333333333336,32.70766666666667,29.15416666666666,27.85819923371647,17.8,18.3,14.8,11.14367816091954,3.8,6.6,4.8,3.0114942528735633,2.8,4.8,3.7,3.336206896551724,0.5680060382185281,0.1998512451320172,0.14839014904445452
BJ Johnson,ORL,2021-12-23,4,16.14875,16.14875,16.14875,16.14875,6.5,6.5,6.5,6.5,3.75,3.75,3.75,3.75,0.0,0.0,0.0,0.0,0.36247667934884964,0.23632033841606986,0.0
Bam Adebayo,MIA,2026-04-12,353,33.173,34.24616666666667,35.09008333333334,33.64902738432483,18.0,18.8,24.1,19.38243626062323,10.0,11.4,10.45,9.830028328611897,5.8,5.0,4.1,3.6175637393767706,0.5524721080579393,0.33730354198777074,0.14914685556769805
Baylor Scheierman,BOS,2026-04-12,108,23.993666666666666,24.27133333333333,25.241916666666665,16.78881172839506,13.4,9.7,8.35,5.0,4.0,3.3,4.65,3.0925925925925926,2.0,2.4,2.35,1.3796296296296295,0.36754089471879636,0.1437148250980736,0.09820175090364251
Ben McLemore,POR,2022-04-10,64,26.303333333333335,25.84583333333334,23.020166666666665,20.076328125,14.4,15.4,13.3,10.234375,2.0,1.8,1.7,1.609375,2.0,1.2,0.95,0.921875,0.5878007484315253,0.07204492938013038,0.044557433364542445
Ben Saraf,BKN,2026-04-12,44,31.113333333333337,27.246,25.230666666666668,20.825416666666666,14.0,11.9,10.45,7.545454545454546,3.6,3.8,2.75,2.090909090909091,3.8,3.9,4.0,3.2954545454545454,0.4344711161558875,0.1430974935675929,0.1474010095721286
Ben Sheppard,IND,2026-04-03,185,21.08566666666667,20.1475,21.205166666666667,18.563756756756757,8.0,7.6,8.0,5.6378378378378375,2.4,2.7,2.75,2.4918918918918918,2.0,1.4,1.6,1.3621621621621622,0.38371852800747985,0.13725356294101831,0.06780474834784309
Ben Simmons,LAC,2025-04-13,108,12.526,14.432166666666669,16.842666666666666,23.92246913580247,0.4,1.6,2.9,5.916666666666667,2.2,3.7,3.95,5.768518518518518,2.0,2.2,3.3,5.805555555555555,0.10257952078519728,0.24091382293081276,0.1488905938561061
Bennedict Mathurin,LAC,2026-04-12,263,23.116666666666667,24.82833333333333,27.14666666666667,28.631571609632445,8.8,13.4,16.4,16.20912547528517,4.6,4.7,5.25,4.669201520912548,3.8,2.9,2.3,1.9011406844106464,0.4867734115547614,0.1673856277911325,0.1187640119318033
Bez Mbeng,UTA,2026-04-12,15,37.28,32.540166666666664,32.81233333333333,32.81233333333333,14.8,9.8,8.133333333333333,8.133333333333333,4.2,3.7,3.8,3.8,5.4,4.1,4.133333333333334,4.133333333333334,0.2660214371411292,0.11481134543777236,0.11491212066066074
Bilal Coulibaly,WAS,2026-04-10,178,22.893333333333334,24.798166666666667,26.070750000000004,28.82225655430711,14.4,15.9,14.65,10.764044943820224,3.6,4.3,4.4,4.455056179775281,2.0,2.5,2.65,2.550561797752809,0.6586296669136535,0.1737380565678433,0.1002740400072452
Bismack Biyombo,SAS,2026-04-12,190,4.943333333333333,5.323166666666667,4.871833333333333,14.948859649122804,1.2,1.2,1.05,4.28421052631579,1.4,1.3,1.05,4.315789473684211,0.0,0.1,0.15,0.8842105263157894,0.18576791882039503,0.3232061143168475,0.008333333333333333
Blake Griffin,BOS,2023-04-09,97,14.026333333333335,12.902333333333331,14.635750000000005,15.741958762886599,2.8,3.0,4.3,5.453608247422681,5.4,4.6,4.3,3.948453608247423,2.8,1.9,1.9,1.711340206185567,0.2526292042555235,0.3555445834416027,0.16187127718950517
Blake Hinson,UTA,2026-04-12,14,20.669999999999998,21.05,20.388095238095243,20.388095238095243,17.0,13.3,11.928571428571429,11.928571428571429,2.4,2.3,2.357142857142857,2.357142857142857,1.8,1.4,1.1428571428571428,1.1428571428571428,0.6980853721151754,0.10501308529319497,0.07700682723253717
Blake Wesley,POR,2026-04-12,187,3.9416666666666664,6.835666666666667,9.375250000000001,13.844411764705884,2.0,3.2,3.95,4.3689839572192515,1.0,1.0,0.9,1.4759358288770053,0.0,0.9,1.45,2.3529411764705883,0.35482759074568426,0.11357220040528042,0.06731167925056507
Boban Marjanovic,HOU,2024-04-14,68,4.64,4.459333333333333,6.173416666666667,5.439975490196079,4.4,3.5,3.35,3.6029411764705883,2.0,2.3,2.5,1.9264705882352942,0.4,0.2,0.5,0.2647058823529412,0.7246871273680905,0.39101637280611257,0.033865248226950355
Bobby Portis,MIL,2025-04-11,273,26.520333333333333,27.319499999999998,25.589750000000002,26.00226495726496,12.8,15.3,13.6,14.098901098901099,8.2,10.2,9.2,8.597069597069597,1.4,2.9,2.0,1.4615384615384615,0.5458505877443598,0.36946699368093505,0.10564733920733907
Bobby Portis Jr.,MIL,2026-03-23,67,25.839,24.89116666666667,23.393166666666666,24.168855721393037,16.8,15.8,14.7,13.656716417910447,7.4,6.1,5.65,6.388059701492537,2.0,1.8,1.3,1.5671641791044777,0.6310290028899003,0.24151043830228938,0.06772414720626446
Bobi Klintman,DET,2026-03-26,20,3.0829999999999997,4.976666666666667,5.688249999999999,5.688249999999999,1.0,1.6,1.85,1.85,0.6,1.1,1.3,1.3,0.4,0.5,0.65,0.65,0.2735958955457547,0.2710236028146395,0.07984430060074624
Bogdan Bogdanović,LAC,2026-04-12,273,12.566666666666666,13.079999999999998,19.473833333333335,27.685989010989008,6.6,4.8,7.9,13.893772893772894,1.2,1.7,2.35,3.3150183150183152,0.6,1.3,2.3,2.8864468864468864,0.23087924614478048,0.11745555825075064,0.09733630583240699
Bojan Bogdanovic,NYK,2024-04-14,185,17.423,16.50316666666667,16.42725,29.741513513513514,10.8,10.0,8.55,18.318918918918918,1.4,1.8,1.5,3.627027027027027,0.8,0.5,0.75,1.9945945945945946,0.5990250826989569,0.10700162969577513,0.03314288751721283
Bol Bol,PHX,2025-04-13,163,5.543333333333333,9.2675,15.358416666666667,15.360552147239265,3.8,4.4,8.45,6.957055214723926,0.6,1.7,3.65,4.085889570552148,0.6,0.6,0.8,0.6932515337423313,0.4273491997390374,0.30909209385831843,0.10101233435730425
Bones Hyland,MIN,2026-04-08,257,24.273,25.196666666666665,21.251416666666668,16.930914396887157,14.6,13.9,12.5,9.206225680933851,3.8,2.7,1.9,2.062256809338521,3.6,3.2,2.75,2.630350194552529,0.5514472379076417,0.10805084226853041,0.12522600091281075
Brad Wanamaker,WAS,2021-12-30,23,19.470333333333333,16.125833333333333,14.190999999999999,13.896521739130437,3.4,3.6,3.75,3.608695652173913,1.6,1.7,1.65,1.6956521739130435,3.2,2.7,2.4,2.391304347826087,0.23188592440428607,0.11424910264108634,0.14251152842241352
Bradley Beal,LAC,2025-11-08,202,20.140000000000004,24.8255,27.73616666666667,33.176856435643565,8.8,11.8,13.25,19.816831683168317,0.8,1.4,2.1,3.9554455445544554,2.0,2.6,3.4,4.98019801980198,0.45552130083985354,0.05485426449452595,0.10228923663374072
Branden Carlson,OKC,2026-04-12,74,21.436666666666667,13.771666666666665,13.369833333333332,9.927117117117117,14.4,8.1,6.8,4.918918918918919,6.0,4.3,3.9,2.4054054054054053,1.6,1.0,0.75,0.581081081081081,0.5579553744444014,0.3832313326442741,0.09147433323521846
Brandin Podziemski,GSW,2026-04-12,220,28.71666666666667,29.61716666666667,31.08299999999999,27.351249999999997,19.0,20.1,17.55,11.645454545454545,2.2,4.2,4.95,5.322727272727272,2.0,3.3,3.8,3.6227272727272726,0.681619920332073,0.1503633444898225,0.11702459332477926
Brandon Boston,NOP,2025-02-08,147,17.86733333333333,18.540499999999998,19.254583333333336,15.962868480725625,9.8,7.6,9.05,7.489795918367347,2.2,2.6,2.65,2.2244897959183674,0.6,0.6,0.9,1.1972789115646258,0.4274764392470291,0.13260088706199696,0.02667432183166878
Brandon Clarke,MEM,2025-12-20,192,12.937999999999999,17.2255,18.094083333333334,19.259288194444444,7.0,8.8,9.15,9.557291666666666,3.4,5.0,5.15,5.291666666666667,0.8,1.0,1.1,1.21875,0.4700452667883595,0.3095767189390219,0.043756274197979686
Brandon Goodwin,CLE,2022-04-10,36,10.144666666666668,8.716166666666668,12.391916666666665,13.931666666666665,3.4,3.2,4.3,4.75,0.4,0.7,1.45,1.8611111111111112,0.4,0.5,2.1,2.5277777777777777,0.6032450094826134,0.07486256817175484,0.05061525193639747
Brandon Ingram,TOR,2026-04-12,259,33.36,31.72,33.21925,33.62483912483912,23.4,19.3,20.55,22.18146718146718,5.8,5.3,4.95,5.482625482625482,4.4,3.4,3.4,5.054054054054054,0.6020073452761965,0.16916977023894156,0.10508492628550248
Brandon Knight,DAL,2022-04-01,5,12.908333333333335,12.908333333333335,12.908333333333335,12.908333333333335,6.4,6.4,6.4,6.4,1.6,1.6,1.6,1.6,1.6,1.6,1.6,1.6,0.345094894851802,0.14866078097119345,0.07024448274723086
Brandon Miller,CHA,2026-04-12,166,31.186666666666667,31.45266666666667,31.09858333333333,31.776144578313254,18.0,19.5,18.55,19.02409638554217,3.6,4.5,5.2,4.608433734939759,2.0,2.4,3.25,2.9518072289156625,0.6251187327054099,0.14162337557744786,0.07728633736692343
Brandon Williams,DAL,2026-04-05,140,24.715333333333334,22.139333333333333,22.547583333333332,19.3025,15.8,12.6,13.85,10.692857142857143,2.6,2.8,2.9,2.4,4.8,4.4,4.35,3.164285714285714,0.523283423709332,0.11151648855945544,0.2010261071390241
Braxton Key,GSW,2025-04-11,37,2.595,2.660166666666666,3.0773333333333333,7.488063063063064,1.0,1.0,1.15,2.918918918918919,0.8,1.0,0.95,1.9189189189189189,0.0,0.1,0.3,0.5405405405405406,0.3504644415909196,0.39123816705342485,0.030927835051546393
Brice Sensabaugh,UTA,2026-04-12,178,29.74666666666667,30.236666666666668,27.459250000000008,21.225571161048688,23.0,23.7,20.8,11.960674157303371,3.6,3.7,3.4,3.050561797752809,3.8,3.6,2.9,1.7303370786516854,0.7907611779268316,0.12684657009264516,0.12153162775791186
Brodric Thomas,BOS,2022-04-10,12,6.456666666666666,5.764999999999999,4.987916666666667,4.987916666666667,3.4,2.1,1.75,1.75,1.0,0.9,0.8333333333333334,0.8333333333333334,1.2,1.1,0.9166666666666666,0.9166666666666666,0.3262110541755868,0.1402372167293896,0.20361798194159159
Bronny James,LAL,2026-04-12,69,16.71666666666667,15.156666666666663,11.0275,8.068623188405798,6.6,5.6,4.35,2.6666666666666665,1.2,0.8,0.65,0.5942028985507246,2.0,1.3,1.3,1.0579710144927537,0.3830027969008215,0.04608265253033453,0.07309703392504732
Brook Lopez,LAC,2026-04-12,325,26.738333333333333,27.729166666666668,26.83833333333333,28.502702564102567,12.4,12.4,10.35,12.507692307692308,6.6,6.7,5.15,5.095384615384615,1.4,1.7,1.8,1.4523076923076923,0.43465968401636,0.244551910032308,0.05857865440792297
Brooks Barnhizer,OKC,2026-04-12,40,14.382666666666669,12.443000000000001,9.74475,8.697041666666667,4.2,2.3,1.95,1.7,3.0,2.4,2.1,1.95,0.8,0.6,0.65,0.55,0.11341380319489716,0.20547937359720803,0.04540267699627799
Bruce Brown,DEN,2026-04-12,342,23.028333333333332,22.4885,21.804083333333335,25.842490253411306,9.6,9.6,8.9,9.605263157894736,5.2,4.4,3.55,4.207602339181286,3.2,2.2,1.9,2.5321637426900585,0.42560397608430317,0.1955770804051234,0.09463228412280021
Bruno Fernando,TOR,2024-12-31,131,9.193333333333333,9.421333333333333,10.737333333333334,10.584618320610687,3.8,3.8,4.45,4.435114503816794,2.6,3.1,3.2,3.3282442748091605,1.2,1.1,1.05,0.7786259541984732,0.4046669064536858,0.3164436089941496,0.08402427177674238
Bryce McGowens,NOP,2026-03-08,160,20.898999999999997,24.413333333333334,23.441,16.128385416666667,6.4,8.8,8.5,5.63125,2.2,2.6,2.0,1.7875,1.6,1.4,1.6,1.05625,0.3456907916899107,0.1094049705098052,0.05415372533205705
Bryn Forbes,MIN,2023-02-08,100,11.532666666666666,10.891333333333332,11.352666666666668,15.535983333333334,4.8,4.2,4.0,7.52,0.6,0.9,0.65,1.08,1.0,0.6,0.7,0.92,0.35520730143705237,0.08544601601749177,0.05359377053318424
Bub Carrington,WAS,2026-04-12,164,28.85,27.905,28.151916666666658,28.8319512195122,17.8,14.5,13.45,10.274390243902438,2.2,1.9,2.5,3.7621951219512195,5.4,5.5,4.95,4.5426829268292686,0.5227555038514737,0.07208583425084335,0.19489577871009484
Buddy Boeheim,OKC,2026-02-25,24,5.4239999999999995,5.208666666666667,6.85275,7.881180555555556,1.8,1.5,2.1,2.3333333333333335,0.4,0.3,0.65,0.6666666666666666,0.0,0.0,0.2,0.2916666666666667,0.28825801523606986,0.06266003597502909,0.0
Buddy Hield,ATL,2026-04-12,378,8.916666666666668,11.307333333333332,13.716166666666666,25.98629188712522,7.2,6.8,7.9,13.026455026455027,1.6,1.8,1.9,3.708994708994709,1.0,1.4,1.3,2.367724867724868,0.38136546434779134,0.16456748003882338,0.08712124395467694
CJ Elleby,POR,2022-04-10,58,29.686666666666667,29.910499999999995,28.06341666666666,20.248304597701146,9.4,8.7,8.25,5.844827586206897,4.2,5.4,5.55,3.913793103448276,1.8,2.8,2.25,1.5,0.28956419950574946,0.17604336023990955,0.0955354327878336
CJ Huntley,PHX,2026-04-12,4,10.1,10.1,10.1,10.1,3.0,3.0,3.0,3.0,1.25,1.25,1.25,1.25,0.5,0.5,0.5,0.5,0.19110388828698688,0.09418803418803419,0.11965811965811965
CJ McCollum,ATL,2026-04-10,335,29.976333333333336,30.094833333333327,29.406083333333335,32.978611940298514,18.4,19.1,18.75,20.498507462686568,2.8,2.9,2.95,4.020895522388059,4.8,5.1,4.8,4.683582089552239,0.6586901701482597,0.10099197842735508,0.18037881856141444
CJ Miles,BOS,2021-12-22,1,1.95,1.95,1.95,1.95,0.0,0.0,0.0,0.0,0.0,0.0,0.0,0.0,0.0,0.0,0.0,0.0,0.0,0.0,0.0
Cade Cunningham,DET,2026-04-12,272,23.689666666666664,27.735000000000003,31.025166666666667,33.772359068627445,14.6,17.1,20.6,22.496323529411764,4.0,4.1,5.55,5.426470588235294,8.0,10.1,10.25,7.955882352941177,0.639012156647144,0.17749512540125453,0.35430020975786236
Caleb Houstan,ATL,2026-04-03,186,3.7599999999999993,3.2616666666666667,7.014999999999999,13.392374551971326,3.8,2.2,3.25,3.9086021505376345,1.0,0.6,1.05,1.446236559139785,0.4,0.2,0.45,0.5268817204301075,0.5811886751435746,0.19628737539728283,0.03986876531417417
Caleb Love,POR,2026-04-12,49,5.606666666666667,13.7,20.965,20.665476190476188,2.6,6.9,10.85,10.387755102040817,0.0,0.7,2.1,2.326530612244898,0.6,1.9,2.95,2.510204081632653,0.47037344878385,0.029870255263389815,0.0857618290117104
Caleb Martin,DAL,2026-03-15,298,13.812000000000001,17.963,20.37208333333333,24.431840044742728,3.0,5.8,6.7,8.24496644295302,2.6,2.4,3.55,3.942953020134228,0.6,0.7,1.4,1.6778523489932886,0.31345742993610803,0.145223077340844,0.03835237011269983
Cam Christie,LAC,2026-04-10,68,4.953333333333334,6.281666666666666,6.283333333333333,7.917622549019609,0.8,1.8,1.65,2.5588235294117645,0.8,1.1,1.0,1.3235294117647058,0.2,0.5,0.5,0.5441176470588235,0.24701412543805829,0.18776518535801454,0.06283488629927511
Cam Reddish,LAL,2025-03-20,170,13.163333333333332,13.968333333333334,16.151500000000006,21.031578431372548,2.0,1.7,2.7,7.347058823529411,1.8,1.8,1.65,2.1058823529411765,0.0,0.4,0.75,1.0294117647058822,0.10075689496473314,0.0990844139287305,0.023500967117988394
Cam Spencer,MEM,2026-04-06,97,23.85,23.428833333333337,23.216500000000003,20.27520618556701,9.4,9.7,9.8,9.31958762886598,2.0,1.8,2.2,2.195876288659794,7.8,6.0,5.15,4.474226804123711,0.44369731208442803,0.07774559418467973,0.26316118384102527
Cam Thomas,MIL,2026-03-21,257,14.49666666666667,14.545333333333332,17.25975,22.8021271076524,6.4,8.0,10.6,14.8715953307393,0.8,1.0,1.55,2.4280155642023344,1.8,2.2,1.95,2.140077821011673,0.47707055551596095,0.06090791850831898,0.12354813433234073
Cam Whitmore,WAS,2025-12-04,119,15.813666666666666,17.14766666666667,16.726666666666667,17.318501400560223,6.6,9.4,8.95,10.495798319327731,2.6,3.3,2.65,3.26890756302521,0.6,0.9,0.7,0.8151260504201681,0.5197277313284007,0.18513280251474057,0.049419905948631423
Cameron Johnson,DEN,2026-04-08,277,32.03633333333333,30.707166666666666,30.237083333333334,28.792858002406735,15.4,14.0,13.1,14.36101083032491,5.2,4.1,4.15,4.194945848375451,3.8,2.9,2.7,2.3140794223826715,0.45271296728179256,0.126174880547411,0.09457452300818403
Cameron McGriff,POR,2021-12-31,3,15.322222222222223,15.322222222222223,15.322222222222223,15.322222222222223,4.666666666666667,4.666666666666667,4.666666666666667,4.666666666666667,5.0,5.0,5.0,5.0,1.0,1.0,1.0,1.0,0.31812989145298215,0.3102506182498009,0.0678175811065785
Cameron Oliver,ATL,2021-12-31,2,21.65,21.65,21.65,21.65,11.5,11.5,11.5,11.5,3.0,3.0,3.0,3.0,1.5,1.5,1.5,1.5,0.5533278414459817,0.14857170547331186,0.06734426865020716
Cameron Payne,PHI,2026-04-04,278,14.87,17.556666666666665,17.561833333333333,18.03705035971223,6.2,7.2,7.9,8.489208633093526,2.4,2.5,2.2,1.9640287769784173,2.2,2.2,2.6,3.460431654676259,0.3446259653717975,0.15053953216998947,0.10064598303410802
Caris LeVert,DET,2026-04-12,324,16.634999999999998,18.056166666666662,18.59241666666667,26.933081275720163,6.6,7.5,6.75,12.512345679012345,1.8,2.4,2.45,3.382716049382716,2.0,2.4,2.5,3.873456790123457,0.41814520367367597,0.13436069987972732,0.1299889526350723
Carlik Jones,CHI,2023-04-09,12,6.629333333333333,6.542833333333334,6.602361111111112,6.602361111111112,3.4,2.2,2.0,2.0,0.4,0.6,0.6666666666666666,0.6666666666666666,0.8,0.7,0.9166666666666666,0.9166666666666666,0.4084277335603802,0.0471482898606486,0.059211611429877783
Carmelo Anthony,LAL,2022-04-05,69,21.055,22.702333333333332,23.850083333333334,25.988260869565217,9.2,11.4,12.7,13.318840579710145,3.6,4.0,4.1,4.173913043478261,1.2,0.9,0.8,0.9855072463768116,0.4698411072616647,0.18658102441246138,0.04418650209629316
Carsen Edwards,DET,2022-04-10,4,19.791666666666668,19.791666666666668,19.791666666666668,19.791666666666668,5.75,5.75,5.75,5.75,1.5,1.5,1.5,1.5,3.5,3.5,3.5,3.5,0.24923305569543064,0.07199916836173426,0.13129833810579145
Carter Bryant,SAS,2026-04-12,71,19.596666666666668,15.800166666666666,16.031333333333333,11.519225352112676,9.4,5.8,6.2,4.197183098591549,3.6,2.4,3.2,2.507042253521127,2.4,1.5,1.3,0.6619718309859155,0.287326813644916,0.1518957570311315,0.0726370207475948
Cason Wallace,OKC,2026-04-08,227,22.683,22.037666666666667,24.95166666666666,24.732386196769458,8.2,8.3,7.7,7.881057268722467,2.8,2.7,2.9,2.881057268722467,1.6,1.7,2.65,2.171806167400881,0.36099656783913825,0.12221231454576154,0.0827833828197065
Cassius Stanley,DET,2022-01-28,9,13.340333333333334,17.22222222222222,17.22222222222222,17.22222222222222,3.2,5.777777777777778,5.777777777777778,5.777777777777778,1.8,2.111111111111111,2.111111111111111,2.111111111111111,0.2,0.4444444444444444,0.4444444444444444,0.4444444444444444,0.38637438643508776,0.10738447083388387,0.03552040534429078
Cassius Winston,WAS,2022-04-10,7,6.452333333333333,5.570714285714286,5.570714285714286,5.570714285714286,2.4,2.0,2.0,2.0,0.2,0.14285714285714285,0.14285714285714285,0.14285714285714285,1.0,1.0,1.0,1.0,0.28736437107614343,0.018393623543838136,0.2167409812892791
Cat Barber,ATL,2021-12-29,3,4.283333333333334,4.283333333333334,4.283333333333334,4.283333333333334,0.0,0.0,0.0,0.0,1.0,1.0,1.0,1.0,1.0,1.0,1.0,1.0,0.0,0.1786911758904974,0.3016000184988962
Cedi Osman,SAS,2024-04-02,215,21.771,17.612166666666667,16.21775,19.901441860465113,9.6,7.0,5.6,8.683720930232559,2.8,2.5,2.45,2.3348837209302324,2.0,1.2,1.5,1.716279069767442,0.39244488687028445,0.15880286023009632,0.06373918350832608
Cedric Coward,MEM,2026-04-08,62,23.762,24.34333333333333,23.815916666666663,25.773333333333337,15.2,15.4,12.85,13.596774193548388,3.2,3.7,4.9,5.870967741935484,1.8,2.5,2.5,2.7580645161290325,0.6452911965973351,0.1610661704776071,0.10697747210992481
Chance Comanche,POR,2023-04-09,1,20.783333333333335,20.783333333333335,20.783333333333335,20.783333333333335,7.0,7.0,7.0,7.0,3.0,3.0,3.0,3.0,0.0,0.0,0.0,0.0,0.3368083400160385,0.14434643143544507,0.0
Chandler Hutchison,PHX,2021-12-29,6,3.192,3.7294444444444443,3.7294444444444443,3.7294444444444443,0.4,0.6666666666666666,0.6666666666666666,0.6666666666666666,0.6,0.8333333333333334,0.8333333333333334,0.8333333333333334,0.4,0.3333333333333333,0.3333333333333333,0.3333333333333333,0.17853033042906463,0.41314978629142435,0.09352658163341776
Chaney Johnson,BKN,2026-04-12,17,23.119666666666667,19.979833333333332,20.44607843137255,20.44607843137255,10.4,8.8,8.176470588235293,8.176470588235293,6.0,4.4,4.647058823529412,4.647058823529412,1.6,2.1,2.1176470588235294,2.1176470588235294,0.44542616475002994,0.2172976509066912,0.12373066989647337
Charles Bassey,GSW,2026-04-12,126,20.083999999999996,11.755333333333335,10.973166666666668,11.184325396825397,10.6,6.7,4.95,4.476190476190476,7.2,4.2,4.05,4.285714285714286,1.0,0.5,0.6,0.7936507936507936,0.7153645155033279,0.4187911993734361,0.031024623773996684
Charlie Brown Jr.,NYK,2024-03-08,30,6.533333333333334,4.1775,5.347833333333335,7.166111111111111,0.6,0.6,0.95,1.2,0.4,0.2,0.75,1.1333333333333333,0.0,0.0,0.1,0.2,0.2904467433393053,0.009015777610818931,0.0
Chaundee Brown Jr.,ATL,2021-12-31,5,20.731666666666662,20.731666666666662,20.731666666666662,20.731666666666662,6.2,6.2,6.2,6.2,3.2,3.2,3.2,3.2,0.8,0.8,0.8,0.8,0.2868314186862303,0.14750007281195893,0.028384242108009394
Chaz Lanier,DET,2026-04-12,34,6.363333333333333,7.141333333333333,6.279749999999999,7.706029411764706,1.4,1.5,1.75,2.3529411764705883,0.6,0.4,0.45,0.6764705882352942,0.4,0.3,0.35,0.5,0.2539556160024697,0.04901147839431498,0.0325279619107985
Cheick Diallo,DET,2021-12-29,3,10.21111111111111,10.21111111111111,10.21111111111111,10.21111111111111,3.6666666666666665,3.6666666666666665,3.6666666666666665,3.6666666666666665,4.0,4.0,4.0,4.0,0.0,0.0,0.0,0.0,0.3816178597276345,0.2730064117385003,0.0
Chet Holmgren,OKC,2026-04-08,183,24.586000000000002,25.994,28.385583333333336,28.888551912568303,17.2,15.8,16.3,16.48633879781421,8.8,7.9,9.45,8.300546448087431,1.4,1.4,1.75,2.0655737704918034,0.6039852326173346,0.29810584807726853,0.04794876695799079
Chima Moneke,SAC,2022-11-17,2,3.9658333333333333,3.9658333333333333,3.9658333333333333,3.9658333333333333,1.0,1.0,1.0,1.0,1.0,1.0,1.0,1.0,0.5,0.5,0.5,0.5,0.6185567010309279,0.1583531274742676,0.0791765637371338
Chimezie Metu,DET,2024-04-14,177,35.54366666666667,31.40683333333333,22.533583333333333,15.969858757062147,13.8,11.4,7.75,6.706214689265536,7.6,6.7,4.85,4.107344632768362,2.0,1.7,1.5,0.8248587570621468,0.35684306118157333,0.21475808682336198,0.053163145595909955
Chris Boucher,BOS,2026-01-30,265,10.131666666666664,11.273333333333333,13.984333333333334,18.395905660377363,3.0,2.1,6.0,8.720754716981132,1.8,2.2,3.55,5.1471698113207545,0.2,0.3,0.55,0.42641509433962266,0.24599416521777417,0.15907270454647995,0.024120425670191938
Chris Chiozza,GSW,2022-03-28,34,11.788,12.084,9.892166666666666,10.937745098039217,1.6,2.1,1.45,1.9705882352941178,0.8,0.9,0.7,1.0588235294117647,1.6,2.4,1.85,1.911764705882353,0.10708823894992867,0.0382307910136655,0.3499177259490548
Chris Duarte,CHI,2025-02-02,177,4.970000000000001,4.449,4.530666666666667,18.260112994350283,1.4,1.5,1.95,7.6158192090395485,1.2,1.6,1.1,2.638418079096045,1.0,0.7,0.55,1.305084745762712,0.26068601842577027,0.4215063786132715,0.19249577893730085
Chris Livingston,CLE,2025-12-05,45,8.422,5.4126666666666665,5.7363333333333335,4.750444444444445,3.4,2.2,1.85,1.4444444444444444,2.4,1.6,1.75,1.3111111111111111,0.8,0.4,0.25,0.24444444444444444,0.33018467535600776,0.3546425153338567,0.034033553516885716
Chris Mañon,LAL,2026-04-12,9,6.486666666666667,5.120555555555557,5.120555555555557,5.120555555555557,1.4,0.7777777777777778,0.7777777777777778,0.7777777777777778,1.4,1.1111111111111112,1.1111111111111112,1.1111111111111112,0.6,0.3333333333333333,0.3333333333333333,0.3333333333333333,0.14035236428152764,0.20792488199497028,0.03902353416568596
Chris Paul,LAC,2025-12-01,280,13.426666666666668,14.531833333333333,16.47425,28.85064880952381,3.8,3.1,4.15,11.0,1.2,1.7,2.1,3.867857142857143,2.4,2.9,3.35,8.132142857142858,0.2204325988324618,0.1217649163337365,0.1871817328955006
Chris Silva,DAL,2023-02-06,11,5.876666666666667,9.071666666666667,8.561666666666666,8.561666666666666,0.8,2.8,2.5454545454545454,2.5454545454545454,1.8,3.5,3.272727272727273,3.272727272727273,0.8,0.7,0.6363636363636364,0.6363636363636364,0.2858427816340584,0.2560021327281037,0.057125167330055605
Chris Youngblood,POR,2026-04-10,34,8.25,6.165,5.888166666666666,5.443872549019609,3.6,3.3,2.5,2.088235294117647,0.8,0.8,1.05,0.8235294117647058,1.0,0.6,0.5,0.35294117647058826,0.5836168453743648,0.13748166153849228,0.08123683617737719
Christian Braun,DEN,2026-04-08,281,33.825,31.076666666666664,32.71025000000001,24.59511269276394,14.6,13.0,13.6,9.622775800711743,5.0,4.3,4.95,3.9430604982206408,2.0,1.9,2.55,1.8362989323843417,0.4223347585276726,0.13475912784210073,0.06140581640683377
Christian Koloko,ATL,2026-04-12,122,9.166666666666668,10.351666666666668,12.865999999999996,12.295013661202187,2.6,2.5,3.15,2.8278688524590163,2.0,2.8,3.1,2.819672131147541,0.8,0.6,0.65,0.5327868852459017,0.4177658507335334,0.34654673613230363,0.04575528521138926
Christian Wood,LAL,2024-02-14,185,12.889,13.302666666666664,14.80491666666667,25.42663963963964,7.2,5.9,6.9,14.481081081081081,3.8,3.4,4.4,7.735135135135135,0.4,0.6,0.9,1.7567567567567568,0.5293321791558817,0.23946785580394897,0.03503552172059719
Chucky Hepburn,TOR,2025-12-09,2,6.616666666666666,6.616666666666666,6.616666666666666,6.616666666666666,0.0,0.0,0.0,0.0,0.5,0.5,0.5,0.5,1.0,1.0,1.0,1.0,0.0,0.10309278350515465,0.11928429423459246
Chuma Okeke,CLE,2025-04-13,153,24.84166666666667,20.05633333333333,11.85625,18.923017429193898,6.4,5.3,2.95,5.836601307189542,4.8,4.7,2.7,3.7254901960784315,2.2,1.5,0.85,1.2418300653594772,0.23485758414688956,0.20693914297796878,0.05411961559717117
Clint Capela,HOU,2026-04-12,342,11.519333333333332,12.129666666666669,13.682333333333332,22.680687134502925,6.0,4.2,4.1,9.371345029239766,4.2,5.1,5.0,9.309941520467836,0.6,0.8,0.85,1.0321637426900585,0.26817208751997346,0.39978561118510675,0.05499890157384375
Coby White,CHA,2026-04-12,338,17.316666666666666,18.801000000000002,19.540583333333338,29.546025641025643,15.4,16.4,15.9,15.896449704142011,2.0,2.8,2.95,3.535502958579882,2.2,2.2,3.0,3.8905325443786984,0.8785008444554387,0.1503959867466528,0.11989139357160314
Cody Martin,IND,2025-11-11,163,13.520666666666665,13.999333333333334,14.467833333333335,24.42152351738241,1.8,2.2,3.2,7.085889570552148,3.2,3.2,3.35,4.024539877300613,0.6,0.9,1.0,2.460122699386503,0.1581733203467447,0.2282879257593829,0.04986132296322064
Cody Williams,UTA,2026-04-12,117,36.3,35.21333333333333,34.79,22.992763532763533,16.4,16.5,16.0,6.9914529914529915,5.0,3.9,4.3,2.658119658119658,5.0,4.8,4.6,1.6752136752136753,0.4641527883223689,0.10744697907752543,0.13663638774188408
Cody Zeller,NOP,2024-04-14,85,4.520666666666666,4.517,4.9351666666666665,10.480627450980391,1.6,1.4,1.75,3.6941176470588237,2.2,2.2,2.2,3.541176470588235,0.8,0.6,0.65,0.8352941176470589,0.34921327735483926,0.5892416751103338,0.12984440986768336
Colby Jones,DET,2025-10-27,70,28.973333333333336,29.320166666666665,20.201,10.188595238095239,8.0,9.5,6.75,3.1857142857142855,6.6,5.1,3.55,1.8714285714285714,3.6,2.8,2.05,0.9428571428571428,0.32367303084529203,0.20065317406381283,0.11215299805103884
Cole Anthony,MIL,2026-02-03,308,15.057999999999998,12.730666666666666,11.591416666666666,23.341617965367963,6.0,6.1,5.3,11.831168831168831,2.0,1.9,1.85,4.01948051948052,3.0,2.2,2.05,3.74025974025974,0.6070202065382738,0.15342812301437977,0.15653496414754908
Cole Swider,TOR,2025-04-09,35,19.856666666666666,16.950000000000003,10.938416666666665,8.498190476190477,7.8,5.9,3.9,3.142857142857143,3.6,2.7,1.6,1.1714285714285715,0.4,0.3,0.25,0.34285714285714286,0.2959687114030731,0.16220866158147018,0.018408115346516492
Colin Castleton,ORL,2026-04-10,46,10.129999999999999,14.846833333333336,20.36541666666666,11.140289855072462,3.0,4.5,5.7,3.3043478260869565,2.0,4.7,6.05,3.0869565217391304,0.2,1.1,1.45,0.6956521739130435,0.2558437917579294,0.3488591145659389,0.07126292447876544
Collin Gillespie,PHX,2026-04-10,137,22.950333333333337,25.065,27.832166666666673,21.66704379562044,6.6,8.2,9.8,9.437956204379562,3.8,3.6,4.05,3.1094890510948905,2.2,3.5,4.3,3.4744525547445257,0.32117041255926415,0.146227281265294,0.13482475605390892
Collin Murray-Boyles,TOR,2026-04-12,57,20.887333333333334,19.929333333333332,22.486499999999996,21.852631578947367,11.2,11.8,9.85,8.491228070175438,5.4,5.2,4.8,5.0,2.0,1.3,1.65,1.8596491228070176,0.5889655955619468,0.2528133622003078,0.06505434896636274
Collin Sexton,CHI,2026-04-12,268,30.086666666666666,29.28666666666667,27.042166666666663,25.77358830845771,18.2,19.6,19.0,16.895522388059703,5.2,3.8,3.0,2.5074626865671643,3.0,2.8,2.85,3.8470149253731343,0.6660129763845153,0.12850880280120933,0.09702157913470445
Cooper Flagg,DAL,2026-04-12,70,29.284999999999997,31.577499999999997,32.42758333333333,33.483690476190475,24.8,25.6,22.8,21.042857142857144,7.6,6.9,7.0,6.6571428571428575,4.6,3.9,5.4,4.514285714285714,0.8153889435743185,0.2332912147265938,0.12017410123479366
Corey Kispert,ATL,2026-04-12,350,15.141666666666666,14.650833333333333,15.590416666666664,24.694038095238096,9.2,7.5,8.85,10.745714285714286,1.2,1.6,2.0,2.7257142857142855,0.8,1.3,1.4,1.497142857142857,0.4845157879835235,0.0984741745905938,0.08118408294966625
Cormac Ryan,MIL,2026-04-12,11,31.975666666666665,26.29616666666667,24.607121212121207,24.607121212121207,20.2,15.2,14.272727272727273,14.272727272727273,4.8,2.8,2.5454545454545454,2.5454545454545454,2.4,1.8,1.7272727272727273,1.7272727272727273,0.5254454865931614,0.0914523106449584,0.05197248519622126
Cory Joseph,ORL,2025-04-11,203,18.91333333333333,20.273333333333333,19.344166666666666,18.398513957307063,5.4,5.6,5.95,5.852216748768473,2.2,3.2,2.55,1.8916256157635467,2.2,2.8,2.4,2.7980295566502464,0.27575070267846813,0.15686715071886,0.19099251314193139
Craig Porter Jr.,CLE,2026-04-12,166,21.75,18.005000000000003,18.679833333333335,13.917359437751001,5.8,4.3,3.75,4.590361445783133,5.0,4.2,3.3,2.3855421686746987,3.0,2.5,3.6,2.3734939759036147,0.20381419938437756,0.2242059898639519,0.12615049338266845
Craig Sword,WAS,2022-01-05,3,6.327777777777777,6.327777777777777,6.327777777777777,6.327777777777777,2.0,2.0,2.0,2.0,0.0,0.0,0.0,0.0,0.3333333333333333,0.3333333333333333,0.3333333333333333,0.3333333333333333,0.1400233372228705,0.0,0.023337222870478416
Cui Cui,BKN,2024-12-02,5,2.0636666666666668,2.0636666666666668,2.0636666666666668,2.0636666666666668,0.6,0.6,0.6,0.6,0.4,0.4,0.4,0.4,0.0,0.0,0.0,0.0,0.17249137543122844,0.07079646017699115,0.0
Curtis Jones,DEN,2026-04-12,10,13.156666666666666,8.771666666666667,8.771666666666667,8.771666666666667,5.0,2.9,2.9,2.9,1.4,1.1,1.1,1.1,1.8,1.0,1.0,1.0,0.2822634505941891,0.18635530624617128,0.11430675429824037
D'Angelo Russell,DAL,2026-01-10,296,13.716666666666669,14.020499999999998,18.103916666666663,29.864966216216217,5.6,6.2,8.95,16.22972972972973,1.2,1.4,2.05,3.0067567567567566,2.6,2.4,3.7,6.013513513513513,0.41238082518779046,0.09902568620083195,0.1673531159135871
D'Moi Hodge,LAL,2023-12-15,7,5.338666666666667,5.891904761904762,5.891904761904762,5.891904761904762,2.2,2.0,2.0,2.0,0.0,0.0,0.0,0.0,0.8,0.7142857142857143,0.7142857142857143,0.7142857142857143,0.26889945287512473,0.0,0.08401141022708887
D.J. Augustin,LAL,2022-04-10,55,19.341666666666665,18.54066666666667,17.580083333333338,16.05869696969697,2.4,4.3,5.45,5.345454545454546,1.0,1.5,1.3,1.2363636363636363,2.0,1.7,1.35,1.9454545454545455,0.24056030830666741,0.07973503828873711,0.086599032177015
D.J. Carton,TOR,2024-11-01,8,9.177333333333333,8.615,8.615,8.615,0.8,1.75,1.75,1.75,1.2,1.0,1.0,1.0,0.6,0.75,0.75,0.75,0.25769741437360033,0.10293304019311207,0.07245553378568534
D.J. Wilson,PHI,2024-03-25,6,7.161666666666667,11.590277777777779,11.590277777777779,11.590277777777779,5.0,6.666666666666667,6.666666666666667,6.666666666666667,2.0,3.0,3.0,3.0,0.6,1.1666666666666667,1.1666666666666667,1.1666666666666667,0.4642475221147793,0.19204877423843433,0.06956444420563773
DaQuan Jeffries,SAC,2026-03-29,70,23.880666666666666,25.2575,26.435916666666667,16.94538095238095,9.8,8.0,9.3,5.171428571428572,2.0,2.9,3.0,2.1,0.4,0.9,1.1,0.8571428571428571,0.31982438196626095,0.10731615667556849,0.03476468435087659
DaRon Holmes II,DEN,2026-04-12,25,2.6233333333333335,3.353333333333333,7.5604999999999976,8.380400000000002,2.0,3.5,3.6,3.72,1.0,1.1,1.25,1.4,0.0,0.1,0.45,0.64,0.9129341101222648,0.29433523114245397,0.014423076923076922
Daeqwon Plowden,SAC,2026-04-12,38,30.456666666666667,29.936833333333333,29.021750000000004,24.10311403508772,14.2,14.3,12.55,10.18421052631579,3.2,2.8,3.0,2.8421052631578947,2.0,1.6,1.4,1.131578947368421,0.4626719285754799,0.08948965689241557,0.05614441929425627
Daishen Nix,MIN,2024-12-06,99,3.4299999999999997,3.6533333333333333,4.3,12.513434343434344,1.2,1.2,1.5,3.3434343434343434,1.0,0.6,0.4,1.393939393939394,0.8,0.8,0.5,1.8282828282828283,0.3215200971991,0.12625056880486554,0.16899403223798415
Dakota Mathias,MEM,2022-01-17,6,3.225,2.704166666666667,2.704166666666667,2.704166666666667,1.2,1.0,1.0,1.0,0.4,0.3333333333333333,0.3333333333333333,0.3333333333333333,0.2,0.16666666666666666,0.16666666666666666,0.16666666666666666,0.30927835051546393,0.10309278350515465,0.03378378378378378
Dalano Banton,BOS,2026-04-12,222,11.486666666666668,19.5255,19.670250000000003,14.426448948948948,2.0,6.9,7.75,6.6441441441441444,1.0,1.8,2.05,2.1936936936936937,2.2,3.4,3.15,1.9504504504504505,0.36046712785277935,0.06813279509613027,0.159727096113984
Dalen Terry,PHI,2026-04-12,218,8.076666666666666,14.216,13.344166666666666,11.159908256880735,3.2,4.9,4.45,3.518348623853211,1.4,1.7,1.9,1.651376146788991,0.8,1.9,1.8,1.2201834862385321,0.3644056041909498,0.1450458916400693,0.12553743227987654
Dalton Knecht,LAL,2026-04-12,132,7.943333333333333,5.909999999999999,5.513583333333334,15.505479797979799,5.4,3.2,2.95,7.075757575757576,1.4,0.9,1.0,2.2045454545454546,0.8,0.6,0.4,0.6590909090909091,0.4208142778050088,0.11482776880333231,0.08633438633438632
Damian Jones,CLE,2024-04-14,136,4.173333333333334,7.131166666666667,7.848833333333333,12.968884803921569,1.8,4.2,3.6,5.169117647058823,0.6,1.7,2.2,3.161764705882353,0.2,0.2,0.45,0.7279411764705882,0.5039902636980282,0.2965734756752394,0.03236885989292297
Damian Lillard,MIL,2025-03-18,218,35.15766666666667,34.4705,35.50183333333334,35.936139143730884,19.4,23.0,24.2,26.527522935779817,4.6,4.9,4.75,4.536697247706422,7.0,5.8,6.65,7.13302752293578,0.685051339335143,0.13998104735697442,0.16695104522020748
Damion Baugh,CHA,2025-04-13,15,23.373333333333335,23.517833333333336,24.69922222222222,24.69922222222222,5.8,6.4,7.266666666666667,7.266666666666667,5.0,3.6,3.3333333333333335,3.3333333333333335,3.6,3.6,3.7333333333333334,3.7333333333333334,0.26171154585446443,0.1504712751005121,0.14971147542584326
Damion Lee,PHX,2025-04-13,162,4.3100000000000005,4.446666666666666,4.988583333333333,17.94343621399177,2.8,2.8,3.4,7.1234567901234565,1.0,0.7,0.75,2.765432098765432,0.2,0.3,0.3,1.0679012345679013,0.591399030014728,0.20456855126310733,0.06225185916888004
Damyean Dotson,NYK,2021-12-23,2,10.270833333333334,10.270833333333334,10.270833333333334,10.270833333333334,2.0,2.0,2.0,2.0,1.0,1.0,1.0,1.0,0.5,0.5,0.5,0.5,0.12226184411614874,0.1500873733796348,0.030565461029037184
Daniel Gafford,DAL,2026-04-05,336,21.348666666666666,23.040166666666668,22.210833333333333,21.67594246031746,12.4,15.0,11.7,10.181547619047619,5.8,8.5,7.25,6.4523809523809526,1.6,1.4,1.3,1.2053571428571428,0.6439432130919486,0.3664467851759223,0.053518431410068054
Daniel Oturu,TOR,2022-01-02,3,9.09388888888889,9.09388888888889,9.09388888888889,9.09388888888889,3.0,3.0,3.0,3.0,1.6666666666666667,1.6666666666666667,1.6666666666666667,1.6666666666666667,0.0,0.0,0.0,0.0,0.5355222571242607,0.35248491092963924,0.0
Daniel Theis,NOP,2025-01-29,152,19.225666666666665,20.831166666666668,18.21758333333333,17.910120614035087,2.0,5.2,4.75,6.3881578947368425,4.2,5.1,5.2,4.328947368421052,2.6,2.0,1.85,1.125,0.23220824391412404,0.23890170291512894,0.09477493593632845
Danilo Gallinari,MIL,2024-04-12,115,8.36,8.164166666666667,9.793416666666667,20.011768115942026,3.8,3.3,3.1,9.139130434782608,1.6,1.0,1.25,3.617391304347826,0.6,0.5,0.85,1.3565217391304347,0.3864627740187068,0.113356818381019,0.07180789914654762
Daniss Jenkins,DET,2026-04-12,79,24.47333333333333,29.28983333333333,29.159916666666668,18.70947257383966,10.2,14.5,13.95,8.582278481012658,3.4,4.1,3.65,2.1265822784810124,6.8,6.6,6.55,3.5569620253164556,0.4663938091612139,0.1482414177793214,0.226011536573004
Danny Green,PHI,2023-10-28,75,14.609666666666666,11.367166666666666,15.438416666666665,20.14097777777778,7.2,5.2,5.3,5.693333333333333,1.8,1.2,1.9,2.3066666666666666,1.0,0.5,0.95,0.9466666666666667,0.3787639939621058,0.09943304707149318,0.022888917803068065
Danny Wolf,BKN,2026-03-22,57,21.926333333333332,22.5885,22.460166666666662,20.82739766081872,9.2,8.9,10.4,8.912280701754385,5.8,6.0,5.55,4.9298245614035086,2.0,2.2,2.6,2.2280701754385963,0.3910716792858161,0.260756212423724,0.09841266018306569
Dante Exum,DAL,2025-04-13,75,16.153333333333332,18.186666666666664,18.615499999999997,19.465755555555557,7.8,7.5,8.7,8.026666666666667,1.6,1.6,1.65,2.4266666666666667,2.0,2.0,2.8,2.84,0.39463053121379066,0.08269423344814571,0.1042096701362422
Danuel House Jr.,PHI,2024-02-05,132,19.242,20.468,17.311916666666665,15.477752525252525,5.2,5.9,4.15,5.0,2.4,2.2,1.9,1.9924242424242424,1.2,0.9,0.7,0.8787878787878788,0.27769004488734983,0.11698537380746002,0.0518663261399992
Dario Saric,SAC,2025-12-20,142,8.249666666666666,9.903166666666667,12.029916666666667,15.178427230046951,1.0,2.7,2.95,6.605633802816901,1.2,2.0,2.75,3.8450704225352115,0.4,1.0,1.25,1.7112676056338028,0.2458424703487719,0.1581748905870421,0.06253998228945987
Dariq Whitehead,MEM,2026-04-12,28,32.10666666666667,24.826666666666668,19.87666666666666,16.174226190476187,18.0,12.1,9.55,7.678571428571429,4.0,3.1,2.5,2.0357142857142856,1.4,1.2,1.0,0.8571428571428571,0.4375064931606302,0.1312634581094741,0.04343056017899693
Darius Bazley,UTA,2024-04-14,121,21.715,17.84916666666667,12.933416666666668,22.247107438016528,7.2,6.4,4.6,8.40495867768595,4.2,3.7,2.85,4.975206611570248,1.0,0.9,0.8,1.1735537190082646,0.2631075619437603,0.16160462635658465,0.07484006177841976
Darius Brown II,CLE,2026-02-24,1,2.6666666666666665,2.6666666666666665,2.6666666666666665,2.6666666666666665,0.0,0.0,0.0,0.0,1.0,1.0,1.0,1.0,0.0,0.0,0.0,0.0,0.0,0.375,0.0
Darius Days,HOU,2023-02-24,4,6.245833333333333,6.245833333333333,6.245833333333333,6.245833333333333,3.75,3.75,3.75,3.75,1.5,1.5,1.5,1.5,0.25,0.25,0.25,0.25,0.7315834554747892,0.3184409108156569,0.1020408163265306
Darius Garland,LAC,2026-04-12,314,29.794333333333334,29.571500000000004,28.766250000000003,33.19295647558386,16.2,18.5,19.9,20.318471337579616,2.6,2.3,2.35,2.8089171974522293,5.2,5.8,6.4,7.328025477707007,0.639971581074317,0.08004502734020995,0.20826302893347676
Darren Collison,LAL,2021-12-29,3,12.388888888888891,12.388888888888891,12.388888888888891,12.388888888888891,1.3333333333333333,1.3333333333333333,1.3333333333333333,1.3333333333333333,1.3333333333333333,1.3333333333333333,1.3333333333333333,1.3333333333333333,0.6666666666666666,0.6666666666666666,0.6666666666666666,0.6666666666666666,0.10887729781738997,0.10125536310185919,0.050627681550929594
David Duke Jr.,SAS,2025-04-11,55,5.1033333333333335,8.506666666666668,10.61825,11.893878787878789,2.6,4.2,4.6,4.2,1.0,1.5,1.6,2.018181818181818,0.4,0.9,1.05,0.8545454545454545,0.45533212045300947,0.18122049451562341,0.12893758015151494
David Johnson,TOR,2021-12-05,2,0.9924999999999999,0.9924999999999999,0.9924999999999999,0.9924999999999999,0.0,0.0,0.0,0.0,0.0,0.0,0.0,0.0,0.0,0.0,0.0,0.0,0.0,0.0,0.0
David Jones Garcia,SAS,2026-01-07,11,3.755,6.390833333333334,6.179545454545456,6.179545454545456,1.8,2.7,2.909090909090909,2.909090909090909,0.4,1.2,1.1818181818181819,1.1818181818181819,1.0,1.6,1.6363636363636365,1.6363636363636365,0.3207873314923046,0.2397229637189771,0.17477885306976698
David Nwaba,HOU,2022-04-10,46,10.989666666666666,11.991999999999999,13.092833333333335,13.237065217391304,5.6,4.3,5.15,5.065217391304348,1.4,1.7,2.8,3.282608695652174,0.8,0.8,0.8,0.7608695652173914,0.3484525612079571,0.14052556584023077,0.06403984437306048
David Roddy,DEN,2026-04-12,173,14.603333333333335,12.296666666666667,12.066666666666666,16.86851637764933,8.0,6.7,5.15,6.265895953757226,4.0,2.9,3.0,2.9364161849710984,0.8,0.7,0.9,1.0289017341040463,0.5743130721100818,0.27726478882990674,0.05664546281480485
Davion Mitchell,MIA,2026-04-12,371,30.456666666666667,29.584999999999997,28.387000000000008,23.319469901168016,13.8,10.5,10.5,7.902964959568733,2.4,2.7,2.85,1.940700808625337,6.2,5.4,5.35,3.9029649595687332,0.34009274465595096,0.09444221793069632,0.17869918393310935
Davis Bertans,CHA,2024-04-12,144,21.613666666666667,22.491666666666667,23.244999999999997,13.69568287037037,10.4,10.1,8.7,5.604166666666667,2.2,1.9,2.2,1.6041666666666667,0.2,0.8,1.1,0.6041666666666666,0.4541381845333167,0.08690678527627811,0.03279173078791355
Davon Reed,LAL,2023-04-07,91,1.7733333333333334,6.045,5.304666666666667,11.103296703296701,0.4,1.5,1.5,3.2747252747252746,0.2,1.0,1.25,1.835164835164835,0.4,0.7,0.45,0.8351648351648352,0.22781755181663224,0.12139298189353835,0.09832448012070286
Day'Ron Sharpe,BKN,2026-03-09,253,20.375,19.6365,19.85975,15.53796442687747,11.2,10.2,10.55,7.023715415019763,6.6,6.4,7.6,5.897233201581027,2.8,2.6,2.35,1.482213438735178,0.5292319116459033,0.3261227174181526,0.13581204371833802
De'Aaron Fox,SAS,2026-04-12,340,32.46333333333333,28.886833333333335,29.962416666666673,34.26371078431372,18.8,16.0,18.35,23.394117647058824,3.2,3.5,3.7,4.25,6.0,5.7,6.15,5.976470588235294,0.5504146364177013,0.11835456061703695,0.2057492695895541
De'Andre Hunter,SAC,2026-02-06,286,22.776666666666664,22.27166666666667,23.17891666666667,29.018828671328667,12.0,11.5,11.9,15.146853146853147,1.8,2.9,3.9,3.9335664335664338,0.6,1.6,1.8,1.506993006993007,0.5054139394889099,0.13268877237628343,0.07286476733922673
De'Anthony Melton,GSW,2026-04-12,243,22.705333333333336,23.646,24.544166666666673,25.004972565157754,10.0,8.9,12.85,10.930041152263374,3.0,3.9,3.85,3.9465020576131686,3.2,3.4,2.9,2.662551440329218,0.3568849941394594,0.16415346663378366,0.1445219372582276
DeAndre Jordan,NOP,2026-03-27,191,16.919999999999998,17.550000000000004,14.621500000000001,13.054886561954627,4.6,4.4,4.4,4.2356020942408374,5.4,6.6,5.7,5.146596858638744,1.6,1.1,0.85,0.7591623036649214,0.253922422861082,0.36998685510604523,0.06831312363823151
DeAndre' Bembry,MIL,2022-03-12,56,7.065666666666667,12.4615,15.633333333333336,18.321964285714284,0.0,1.5,3.7,5.071428571428571,1.0,1.7,2.35,2.9107142857142856,0.6,0.9,1.1,1.1785714285714286,0.07118639374955663,0.37298714309079817,0.04675375178012881
DeJon Jarreau,MEM,2026-04-01,21,20.473333333333336,20.648333333333333,19.014000000000003,18.149603174603175,9.8,8.2,6.55,6.238095238095238,4.0,4.4,4.75,4.523809523809524,2.6,3.3,3.1,2.9523809523809526,0.4142177124222415,0.22142719455744247,0.1730833787163932
DeMar DeRozan,SAC,2026-04-05,383,27.436666666666667,27.621999999999996,28.662916666666668,35.473255004351614,21.2,17.9,17.95,23.39425587467363,2.6,2.5,2.3,4.174934725848564,4.6,5.3,4.95,4.778067885117493,0.6166326128667381,0.08343670593817601,0.17000757429587113
DeMarcus Cousins,DEN,2022-04-10,48,10.915000000000001,12.174166666666666,13.952250000000001,14.942187499999998,7.8,8.1,9.65,8.958333333333334,3.6,4.6,4.95,5.625,1.8,1.6,1.65,1.4791666666666667,0.6225356838837623,0.3543254456229056,0.11280018087107709
Dean Wade,CLE,2026-04-10,267,20.301000000000002,21.043833333333332,21.063083333333335,20.786342072409486,4.0,5.7,5.95,5.348314606741573,4.0,4.2,4.2,3.797752808988764,1.4,1.2,1.3,1.1086142322097379,0.2577725772297156,0.20103562849444598,0.056058126619019655
Deandre Ayton,LAL,2026-04-12,292,25.73333333333333,24.773500000000002,25.72516666666666,29.779058219178083,13.8,12.9,11.6,15.729452054794521,5.4,6.1,7.05,9.76027397260274,0.6,0.5,0.7,1.4109589041095891,0.5151532758832633,0.24303396097657098,0.02033274653363601
Deividas Sirvydis,DET,2022-01-01,3,8.871666666666666,8.871666666666666,8.871666666666666,8.871666666666666,1.0,1.0,1.0,1.0,2.0,2.0,2.0,2.0,0.3333333333333333,0.3333333333333333,0.3333333333333333,0.3333333333333333,0.05685048322910744,0.2766307030093272,0.01895016107636915
Dejounte Murray,NOP,2026-04-02,265,28.690000000000005,28.89666666666667,28.409999999999997,34.88390566037736,11.8,17.2,17.3,20.68679245283019,5.4,5.7,5.6,6.2,7.2,6.4,6.35,7.1471698113207545,0.59245247134566,0.1987373575499332,0.21997256846306135
Delon Wright,NYK,2025-04-13,214,25.736666666666668,21.1175,15.63058333333333,18.924073208722742,6.8,5.3,3.65,4.88785046728972,2.0,1.7,1.4,2.5794392523364484,3.4,2.7,2.25,2.7009345794392523,0.1760510174422531,0.05575270284469689,0.16701353674728006
Deni Avdija,POR,2026-04-12,371,36.499,32.777,31.140499999999996,28.629672057502248,28.2,24.5,22.0,14.288409703504042,5.6,6.4,6.2,6.544474393530997,7.0,6.3,6.85,3.738544474393531,0.7540527954705163,0.1985600968842542,0.19208963712689936
Dennis Schröder,CLE,2026-04-10,355,19.995,20.361833333333333,20.2675,28.480140845070423,10.4,8.2,7.2,12.830985915492958,2.4,2.6,2.3,2.8422535211267608,5.4,4.6,4.15,5.146478873239436,0.3970251456666804,0.11915632971405558,0.21738230548156562
Dennis Smith Jr.,BKN,2024-03-31,147,12.643999999999998,15.104666666666665,16.6245,21.00024943310658,4.0,5.7,5.1,7.136054421768708,1.2,1.7,1.9,2.8503401360544216,2.8,2.3,2.9,4.054421768707483,0.3796922481754773,0.09463749960677395,0.144168627894898
Denzel Valentine,UTA,2022-01-16,24,18.976666666666667,12.701666666666666,10.769916666666665,9.24986111111111,7.2,4.2,3.3,2.875,4.4,2.5,2.1,1.75,1.0,0.8,0.55,0.4583333333333333,0.2143368046859127,0.18351851700980437,0.05494432729984439
Deonte Burton,SAC,2023-02-06,2,3.2491666666666665,3.2491666666666665,3.2491666666666665,3.2491666666666665,0.0,0.0,0.0,0.0,0.0,0.0,0.0,0.0,0.0,0.0,0.0,0.0,0.0,0.0,0.0
Dereck Lively II,DAL,2025-11-21,98,17.135333333333335,16.372333333333334,19.53475,22.880527210884352,3.6,4.8,6.85,8.438775510204081,5.8,5.1,6.35,6.989795918367347,1.6,1.3,2.0,1.6122448979591837,0.2929499472432656,0.2981606639729474,0.08377843593796949
Dereon Seabron,NOP,2024-02-27,11,8.406666666666666,6.471666666666667,6.062121212121213,6.062121212121213,2.4,1.8,1.6363636363636365,1.6363636363636365,1.4,0.8,0.7272727272727273,0.7272727272727273,0.8,0.5,0.45454545454545453,0.45454545454545453,0.25810341801557646,0.10241628261744277,0.07604065736163229
Derik Queen,NOP,2026-04-12,81,32.69833333333334,27.69083333333333,22.8575,24.979999999999997,16.4,13.6,10.35,11.703703703703704,11.0,8.8,6.45,7.061728395061729,3.6,3.1,2.9,3.6790123456790123,0.4575319616835912,0.3071156509259319,0.10679283902492516
Derrick Favors,OKC,2022-02-24,39,18.48966666666667,18.491666666666667,16.937166666666666,16.729743589743588,6.8,5.4,4.55,5.282051282051282,4.6,5.0,4.3,4.717948717948718,0.2,0.3,0.85,0.6410256410256411,0.26148410204182493,0.2702899792661301,0.020006678535389285
Derrick Jones Jr.,LAC,2026-04-12,318,24.615333333333332,25.015166666666666,27.789250000000003,21.379156184486373,7.6,6.2,8.8,8.00943396226415,4.8,4.5,4.45,3.169811320754717,1.0,1.1,1.6,0.8427672955974843,0.2440411671582893,0.18028979767603553,0.04448190334113683
Derrick Rose,MEM,2024-02-28,77,13.473333333333334,12.433333333333334,16.44025,17.832012987012988,6.0,5.8,7.95,8.493506493506494,2.2,1.6,1.85,2.116883116883117,3.0,2.8,3.35,2.948051948051948,0.44791693418942946,0.11322764976069102,0.22097441723419972
Derrick Walton Jr.,DET,2022-01-01,3,36.07333333333333,36.07333333333333,36.07333333333333,36.07333333333333,6.333333333333333,6.333333333333333,6.333333333333333,6.333333333333333,3.3333333333333335,3.3333333333333335,3.3333333333333335,3.3333333333333335,7.0,7.0,7.0,7.0,0.1636825574213576,0.09242917402640054,0.1953519095849605
Derrick White,BOS,2026-04-10,383,31.297666666666668,32.96183333333333,33.534,31.586649260226277,11.2,10.6,14.75,14.702349869451696,3.2,3.8,4.2,4.031331592689295,4.0,4.0,4.5,4.801566579634465,0.33768414985387907,0.11580084580120423,0.13364043936567296
Desmond Bane,ORL,2026-04-12,327,26.163,29.257833333333327,31.789000000000005,32.14616717635066,16.0,18.2,19.1,20.189602446483182,3.2,3.4,3.95,4.7889908256880735,3.2,3.6,4.15,4.2782874617737,0.5890873473624806,0.11261608619803842,0.12371527398717988
Devin Booker,PHX,2026-04-08,328,36.608333333333334,33.675333333333334,33.969500000000004,35.2684756097561,30.8,27.7,29.0,26.600609756097562,4.0,3.5,3.8,4.399390243902439,6.8,6.8,5.8,6.125,0.8403380625048562,0.10318838441032348,0.20393500235998546
Devin Cannady,ORL,2022-04-10,5,28.906666666666666,28.906666666666666,28.906666666666666,28.906666666666666,10.0,10.0,10.0,10.0,1.2,1.2,1.2,1.2,2.0,2.0,2.0,2.0,0.3475830701080696,0.04644557016268499,0.0693988865060259
Devin Carter,SAC,2026-04-12,74,31.54266666666667,28.625833333333333,24.598750000000003,14.808265765765764,14.6,14.0,12.4,6.445945945945946,5.8,5.0,4.45,2.7162162162162162,5.0,4.1,3.55,1.9189189189189189,0.46843948867963797,0.17231592665699882,0.14317811594652144
Devin Vassell,SAS,2026-04-12,308,32.163333333333334,29.883333333333333,30.165916666666664,30.48741883116883,13.0,12.8,12.65,15.814935064935066,4.6,5.3,4.25,4.0227272727272725,2.2,2.5,2.65,2.918831168831169,0.4314497959958423,0.1788751026948346,0.08528993600378311
Devon Dotson,WAS,2022-12-22,17,7.043333333333334,7.315,8.133529411764707,8.133529411764707,0.6,0.9,1.8823529411764706,1.8823529411764706,1.2,1.3,1.1176470588235294,1.1176470588235294,1.2,1.5,1.3529411764705883,1.3529411764705883,0.16405470268177122,0.14932641300918073,0.26251369942026004
Devontae Cacok,SAS,2022-04-10,15,8.236666666666668,9.014999999999999,8.067777777777778,8.067777777777778,2.0,2.6,3.066666666666667,3.066666666666667,2.4,3.2,2.8,2.8,0.8,0.4,0.4,0.4,0.3742671209787542,0.42117145460136135,0.02855915361053845
Devonte' Graham,SAS,2024-04-14,172,25.381333333333334,20.229,13.866999999999999,22.16827519379845,7.4,7.1,5.3,9.040697674418604,2.2,1.8,1.7,1.947674418604651,3.6,3.0,1.9,3.261627906976744,0.3402102464760829,0.08747975078593104,0.13658314131049049
Dewayne Dedmon,PHI,2023-04-09,105,12.477,9.360166666666668,10.002916666666668,14.203730158730158,4.0,3.0,3.15,5.914285714285715,4.0,3.0,3.6,4.9523809523809526,1.6,1.1,0.7,0.6952380952380952,0.34867441517332126,0.3349156895164188,0.09676390501532862
Dexter Dennis,DAL,2023-12-23,4,7.466666666666667,7.466666666666667,7.466666666666667,7.466666666666667,5.5,5.5,5.5,5.5,2.25,2.25,2.25,2.25,1.0,1.0,1.0,1.0,0.4939327765145546,0.34048030451022715,0.05808325266214909
Didi Louzada,POR,2022-04-10,9,18.813333333333333,14.374074074074075,14.374074074074075,14.374074074074075,5.4,3.888888888888889,3.888888888888889,3.888888888888889,2.4,1.8888888888888888,1.8888888888888888,1.8888888888888888,0.4,0.5555555555555556,0.5555555555555556,0.5555555555555556,0.23344878705310043,0.13440407894693446,0.13101510752889814
Dillon Brooks,PHX,2026-04-10,308,29.914666666666665,27.01066666666667,29.854249999999997,30.571017316017315,15.6,16.6,19.3,15.376623376623376,3.0,3.4,4.15,3.4740259740259742,2.2,1.8,1.9,2.022727272727273,0.6175357097115965,0.1522905363779826,0.06136144026249311
Dillon Jones,NYK,2026-04-12,61,6.903333333333333,12.765333333333333,11.383499999999998,9.686584699453554,1.2,3.2,2.95,2.360655737704918,1.4,2.7,2.35,2.098360655737705,0.8,0.9,1.15,1.0163934426229508,0.21974327829137147,0.17091709185349466,0.09213479356776202
Dmytro Skapintsev,NYK,2023-12-30,2,1.0666666666666667,1.0666666666666667,1.0666666666666667,1.0666666666666667,0.0,0.0,0.0,0.0,0.0,0.0,0.0,0.0,0.0,0.0,0.0,0.0,0.0,0.0,0.0
Domantas Sabonis,SAC,2026-02-04,312,28.10433333333333,27.408833333333337,29.365250000000003,34.589353632478634,17.0,16.3,16.05,18.94871794871795,11.4,10.5,11.4,12.926282051282051,5.4,4.5,4.2,6.634615384615385,0.57983301426134,0.39552049650052534,0.16907796460624602
Dominick Barlow,PHI,2026-04-12,167,21.559666666666665,21.609333333333332,23.004916666666666,17.309111776447107,5.0,5.4,6.5,5.6706586826347305,4.8,4.8,4.85,3.8323353293413174,0.8,1.2,1.45,0.9940119760479041,0.24983462932372555,0.2258481152346854,0.04960258499625882
Donovan Clingan,POR,2026-04-12,144,26.487333333333332,26.284666666666663,25.95075,23.731111111111108,12.8,10.1,12.95,9.51388888888889,11.0,11.1,11.7,9.854166666666666,2.0,1.5,1.9,1.6597222222222223,0.38193273151959944,0.42123413189546055,0.058222864233570884
Donovan Mitchell,CLE,2026-04-08,331,32.370000000000005,33.32833333333333,32.56841666666667,33.88138469284995,27.6,26.0,25.2,26.498489425981873,4.8,5.1,4.5,4.498489425981873,4.8,4.3,5.05,5.268882175226586,0.7644170972988684,0.1523462927922271,0.13415327606938357
Donovan Williams,ATL,2023-04-09,2,2.125,2.125,2.125,2.125,2.0,2.0,2.0,2.0,1.0,1.0,1.0,1.0,0.0,0.0,0.0,0.0,0.7792207792207791,0.49183489777549183,0.0
Donte DiVincenzo,MIN,2026-04-12,339,23.083333333333332,27.31833333333334,28.06508333333333,27.610452310717797,10.0,12.0,10.15,11.91740412979351,2.4,2.2,3.15,4.0,2.8,2.2,2.4,3.3156342182890857,0.43546397124463204,0.08104822273501097,0.10543125833648097
Dorian Finney-Smith,HOU,2026-04-12,314,11.609666666666666,16.055500000000002,17.838416666666667,28.74532908704883,3.4,3.9,3.65,8.544585987261147,1.6,2.1,2.5,4.292993630573249,1.0,1.6,1.3,1.5382165605095541,0.2434735602887145,0.14858904047371457,0.08499360418948293
Doug McDermott,SAC,2026-04-12,250,19.529666666666667,18.84033333333333,17.75641666666667,16.891080000000002,6.4,7.1,6.85,7.576,2.2,1.7,1.55,1.484,1.6,1.4,1.0,1.016,0.3671623765252914,0.07764198504603678,0.08805158011690098
Drake Powell,BKN,2026-04-12,63,28.76,28.396333333333338,25.06133333333333,20.94465608465608,8.0,9.1,7.25,6.476190476190476,2.0,2.3,1.9,1.7619047619047619,1.4,1.4,1.25,1.4444444444444444,0.3161491014401073,0.07917269343265063,0.04925108452652955
Draymond Green,GSW,2026-04-10,310,28.397000000000002,29.648666666666667,29.498166666666663,28.932182795698928,5.0,7.6,8.1,8.45483870967742,6.0,5.2,5.1,6.606451612903226,8.0,6.8,6.5,6.164516129032258,0.2654980271952762,0.173654573134476,0.22677680827560337
Drew Eubanks,SAC,2026-03-11,327,12.64,12.253333333333334,10.605083333333335,16.19348623853211,5.6,5.6,4.65,5.938837920489297,5.0,4.3,2.95,4.510703363914373,0.6,1.0,0.55,0.9908256880733946,0.40909841201449426,0.3188674881299746,0.07464101634343359
Drew Peterson,CHA,2025-12-14,34,9.626999999999999,9.340166666666667,7.0835833333333325,8.032303921568626,0.8,1.5,1.2,2.0588235294117645,1.6,1.9,1.3,1.4705882352941178,0.2,0.2,0.35,0.47058823529411764,0.20799310367000973,0.2868578527255165,0.01668785759694851
Drew Timme,LAL,2026-04-12,36,9.986666666666668,8.6875,9.434000000000001,13.58222222222222,4.0,2.9,3.35,5.583333333333333,1.0,1.0,1.35,2.7222222222222223,1.2,0.9,0.8,1.1944444444444444,0.33451245192034473,0.11753292830230758,0.13748452551512988
Dru Smith,MIA,2026-04-04,108,8.354,13.360333333333333,13.633,15.729953703703702,2.2,4.0,3.55,5.231481481481482,0.6,2.1,2.1,2.287037037037037,1.6,2.2,2.0,2.212962962962963,0.29166847600394546,0.14880708391570266,0.1678552871956211
Duane Washington Jr.,PHX,2023-01-26,79,11.626,16.12083333333333,14.017166666666668,17.238185654008436,5.4,9.4,9.0,9.075949367088608,1.4,1.2,1.45,1.5063291139240507,2.2,3.1,2.65,1.8734177215189873,0.5258668847367439,0.10158110376889137,0.1929914796980448
Duncan Robinson,DET,2026-04-12,340,24.782000000000004,26.573499999999996,25.772666666666662,25.1100931372549,14.8,14.3,12.55,11.064705882352941,2.4,2.3,2.65,2.402941176470588,2.2,2.3,2.5,2.0647058823529414,0.5379905411224326,0.0845727212292476,0.08621552530893047
Duop Reath,POR,2026-01-18,146,12.054333333333334,8.086500000000001,8.613583333333334,13.29939497716895,3.8,1.9,2.65,6.198630136986301,3.2,1.9,1.6,2.6027397260273974,0.4,0.4,0.3,0.7054794520547946,0.15298808274100767,0.2114269623874523,0.05361437568918429
Dwight Howard,LAL,2022-04-08,60,22.716666666666665,22.233666666666668,19.346833333333333,16.178722222222223,11.0,11.2,8.35,6.2,7.8,7.5,6.85,5.933333333333334,1.0,0.6,0.7,0.5833333333333334,0.4535013533948463,0.3302409864741846,0.025603360377764683
Dwight Powell,DAL,2026-04-12,339,18.225666666666665,19.10033333333333,15.9385,16.364916420845624,3.8,4.2,4.05,5.176991150442478,7.2,6.1,5.0,3.855457227138643,2.6,1.9,1.45,1.1002949852507375,0.21090655100480937,0.3080280011978641,0.1105428743755668
Dylan Cardwell,SAC,2026-04-12,44,24.240333333333336,20.8335,21.58891666666667,20.603143939393938,8.4,5.9,6.25,5.409090909090909,8.0,7.2,8.3,7.545454545454546,1.2,1.7,1.8,1.4090909090909092,0.2657805106560954,0.3435984249692114,0.08942869531647407
Dylan Harper,SAS,2026-04-12,69,24.93666666666666,24.085166666666666,23.8515,22.579082125603865,12.8,13.3,13.8,11.782608695652174,3.8,3.5,3.5,3.391304347826087,3.6,3.9,4.05,3.8550724637681157,0.5562162782895754,0.14448583931409018,0.15992937561290935
Dylan Windler,ATL,2024-04-10,70,13.686666666666664,8.8985,5.939666666666666,8.257571428571426,5.6,3.1,2.4,2.257142857142857,2.2,1.3,0.8,1.5,0.6,0.6,0.55,0.6428571428571429,0.17163229143249495,0.13242464127694542,0.15646079263710128
Dyson Daniels,ATL,2026-04-10,272,32.196000000000005,33.02116666666667,32.00208333333333,27.54176470588235,12.4,14.2,13.05,9.393382352941176,9.2,8.2,7.7,5.1213235294117645,6.2,5.5,5.45,3.9705882352941178,0.435440436750572,0.24670761637549726,0.17330982942159767
E.J. Liddell,BKN,2026-04-12,46,29.293333333333333,22.700666666666667,16.0995,9.241956521739132,18.4,10.2,6.75,3.739130434782609,5.8,3.9,3.05,1.8043478260869565,1.8,1.5,1.2,0.6086956521739131,0.39650399527204067,0.16572138834505168,0.053885143487634124
Ed Davis,CLE,2022-04-08,31,3.3666666666666663,4.822666666666666,4.749666666666668,6.495430107526883,0.0,0.4,0.45,0.9032258064516129,0.6,1.3,1.35,2.064516129032258,0.2,0.2,0.3,0.22580645161290322,0.040086854852179735,0.27360049485835636,0.032450025148257754
Edmond Sumner,BKN,2023-04-07,53,9.184000000000001,15.570333333333332,13.069166666666666,13.889748427672956,4.8,9.5,7.7,7.132075471698113,1.0,1.4,1.6,1.490566037735849,0.0,1.0,1.05,1.2830188679245282,0.5048999942086212,0.11968538976237988,0.04450524135547913
Egor Dëmin,BKN,2026-02-27,52,26.229999999999997,27.427166666666665,25.9065,25.157852564102562,6.0,9.4,10.05,10.307692307692308,3.2,3.4,2.9,3.173076923076923,4.0,3.2,3.1,3.326923076923077,0.33074825621864934,0.12120855201153077,0.11793270051727131
Elfrid Payton,NOP,2025-04-13,74,24.78666666666667,23.172666666666668,20.219416666666667,14.323175675675675,2.4,3.2,2.3,3.175675675675676,4.8,4.2,2.95,2.2567567567567566,10.2,9.7,6.45,3.581081081081081,0.14245020087920018,0.17472541657330498,0.40891088214325544
Elijah Harkless,UTA,2026-03-28,36,33.06133333333334,30.999000000000002,24.084166666666665,18.967037037037034,9.8,10.8,8.25,5.833333333333333,3.6,3.1,2.35,2.0555555555555554,4.4,4.1,3.55,2.3055555555555554,0.3431201136179058,0.10753722091969602,0.13086221123619285
Elijah Hughes,POR,2022-04-10,36,14.893333333333334,17.131666666666668,14.8,12.068472222222221,3.8,5.1,3.8,3.5,1.6,1.9,1.85,1.6111111111111112,0.6,0.9,0.8,0.6111111111111112,0.34969857680518196,0.1202870040594241,0.05149508162152135
Emanuel Miller,CHI,2025-12-07,11,6.609999999999999,5.54,5.253030303030303,5.253030303030303,3.0,2.5,2.272727272727273,2.272727272727273,0.6,1.1,1.0,1.0,0.8,0.6,0.5454545454545454,0.5454545454545454,0.5539644499113335,0.1765341385461066,0.1118745882611198
Emanuel Terry,PHX,2022-01-02,3,6.07,6.07,6.07,6.07,0.0,0.0,0.0,0.0,5.0,5.0,5.0,5.0,0.6666666666666666,0.6666666666666666,0.6666666666666666,0.6666666666666666,0.0,1.4302556848814207,0.10610079575596816
Emmanuel Mudiay,SAC,2021-12-26,2,5.491666666666667,5.491666666666667,5.491666666666667,5.491666666666667,1.5,1.5,1.5,1.5,0.0,0.0,0.0,0.0,2.0,2.0,2.0,2.0,0.5084745762711864,0.0,0.4634643786482875
Emoni Bates,CLE,2025-04-13,25,11.133333333333335,7.4783333333333335,8.760833333333332,8.303933333333333,7.4,3.7,3.45,3.12,1.4,0.7,0.7,0.84,0.8,0.8,0.85,0.72,0.4338664134632616,0.06014987267212083,0.15863457367798034
Enes Freedom,BOS,2022-02-08,35,6.404999999999999,9.826833333333333,11.607999999999999,11.753380952380953,1.8,2.1,3.2,3.657142857142857,3.6,2.8,3.85,4.571428571428571,0.4,0.4,0.25,0.22857142857142856,0.2369614864772703,0.25994007920532625,0.028344358101599125
Enrique Freeman,MIN,2026-04-12,26,13.671666666666667,10.530833333333334,8.464583333333334,8.400512820512821,4.2,3.5,2.65,2.269230769230769,3.6,2.8,1.8,1.5384615384615385,0.6,0.5,0.4,0.4230769230769231,0.6622432162612361,0.23905560603805096,0.04489844005409999
Eric Bledsoe,LAC,2022-02-03,54,22.562666666666665,20.601999999999997,22.43091666666667,25.19660493827161,11.0,9.4,9.4,9.88888888888889,3.8,2.7,2.65,3.3703703703703702,4.2,4.3,4.45,4.166666666666667,0.43005891029744836,0.12547696401427527,0.2210299096759186
Eric Gordon,PHI,2025-12-23,239,12.56,14.815833333333334,21.22416666666667,26.652343096234308,5.0,4.9,8.3,11.167364016736402,0.4,0.8,1.2,1.7447698744769875,0.6,1.3,1.95,2.276150627615063,0.2684561624323509,0.049292639572865386,0.08224136308655068
Eric Paschall,UTA,2022-04-10,58,9.193333333333332,11.750000000000002,12.366666666666665,12.698390804597699,4.4,6.5,6.2,5.758620689655173,1.0,1.4,1.3,1.8275862068965518,0.2,0.6,0.75,0.6206896551724138,0.5109680356107054,0.1615982745167878,0.029182401779099698
Ethan Thompson,IND,2026-04-12,32,33.076,30.123,20.19683333333333,20.41348958333333,14.0,11.3,7.8,6.96875,3.8,2.9,2.1,2.15625,3.4,2.5,1.75,1.78125,0.36499501866185413,0.09576604321197364,0.07356939870980093
Eugene Omoruyi,WAS,2024-04-14,87,17.121333333333332,14.958833333333335,11.313083333333333,12.143065134099617,9.8,6.7,4.85,5.655172413793103,2.2,2.0,1.7,2.3333333333333335,1.4,1.1,0.8,0.7471264367816092,0.43451019512109,0.14505925019123717,0.057173831190444724
Evan Fournier,DET,2024-04-14,139,20.203333333333333,20.56733333333333,18.69816666666667,24.434052757793765,9.0,7.5,6.4,10.863309352517986,1.8,1.7,1.7,2.2805755395683454,1.2,1.4,1.7,1.8345323741007193,0.3117085095943837,0.06972016191054088,0.06153337937646715
Evan Mobley,CLE,2026-04-10,334,27.387,28.937166666666663,30.219833333333334,32.393687624750505,14.8,17.6,19.55,16.74251497005988,9.0,9.4,10.0,8.964071856287426,3.4,3.6,3.0,3.0479041916167664,0.6032277785361476,0.31560198458957445,0.1244094600708661
Facundo Campazzo,DAL,2022-11-27,73,7.249999999999998,6.362833333333333,7.9796666666666685,16.93440639269406,1.4,1.3,1.2,4.684931506849315,0.4,0.2,0.85,1.63013698630137,1.2,1.3,1.65,3.136986301369863,0.21565373485176326,0.00885608856088561,0.1440466531009868
Feron Hunt,NYK,2022-04-10,2,4.183333333333334,4.183333333333334,4.183333333333334,4.183333333333334,0.0,0.0,0.0,0.0,0.5,0.5,0.5,0.5,0.5,0.5,0.5,0.5,0.0,0.07653061224489796,0.07653061224489796
Filip Petrusev,SAC,2023-11-20,3,3.1033333333333335,3.1033333333333335,3.1033333333333335,3.1033333333333335,1.0,1.0,1.0,1.0,0.3333333333333333,0.3333333333333333,0.3333333333333333,0.3333333333333333,0.0,0.0,0.0,0.0,0.15544041450777202,0.12422360248447206,0.0
Frank Jackson,UTA,2023-03-03,54,19.182000000000002,18.62683333333333,20.31,21.648333333333333,8.2,8.9,9.85,10.37037037037037,2.6,2.0,1.8,1.6481481481481481,1.8,1.4,1.25,1.037037037037037,0.3992950343465166,0.13595392918308255,0.09113389550983472
Frank Kaminsky,HOU,2023-04-09,45,5.287000000000001,5.8825,5.495916666666667,9.240037037037037,2.4,1.8,1.95,4.088888888888889,1.6,1.6,1.35,2.066666666666667,0.8,1.1,0.8,1.0,0.2645467908134646,0.22548124341858075,0.11661515725763498
Frank Ntilikina,CHA,2024-01-31,110,8.58,16.18866666666667,13.476916666666664,12.137696969696975,1.0,4.5,2.8,3.4545454545454546,1.2,1.5,1.35,1.3363636363636364,0.8,1.6,1.3,1.190909090909091,0.28443719516542415,0.12970449191646277,0.11588058493699512
Franz Wagner,ORL,2026-04-12,325,21.62033333333333,21.780833333333334,25.883166666666664,32.05384615384615,18.2,15.4,18.75,19.233846153846155,3.0,3.1,4.45,4.876923076923077,2.0,2.5,2.95,3.6307692307692307,0.7138684095236496,0.13825090105616006,0.12001105224903934
Fred VanVleet,HOU,2025-04-13,267,33.68333333333334,35.456833333333336,33.944,36.6769038701623,10.2,13.9,11.7,17.861423220973784,1.4,2.1,2.95,4.0,5.6,4.8,4.9,6.932584269662922,0.400193366256556,0.0572769083708488,0.13689172544154143
Freddie Gillespie,ORL,2022-01-09,9,13.597,13.187222222222223,13.187222222222223,13.187222222222223,1.8,2.3333333333333335,2.3333333333333335,2.3333333333333335,3.4,4.0,4.0,4.0,0.8,0.5555555555555556,0.5555555555555556,0.5555555555555556,0.17466953756160805,0.2938545434499684,0.043532953404450514
Furkan Korkmaz,PHI,2024-02-07,139,16.718333333333334,14.4365,9.373333333333333,14.871930455635491,6.8,4.3,2.75,5.302158273381295,2.6,2.0,1.1,1.776978417266187,1.2,1.4,0.85,1.2517985611510791,0.24459083438473977,0.13401517050835063,0.1058637869238472
GG Jackson,MEM,2026-04-06,132,22.34133333333333,25.15566666666667,25.403333333333332,21.738977272727272,17.0,18.0,17.1,12.075757575757576,4.2,4.4,5.15,3.962121212121212,2.6,1.6,1.8,1.2803030303030303,0.7107009503657898,0.18096385966146977,0.07256197645405815
Gabe Vincent,ATL,2026-04-10,272,12.243333333333334,13.955166666666667,12.609916666666667,21.954411764705885,4.2,4.1,3.7,7.194852941176471,1.2,1.3,1.15,1.5661764705882353,1.8,1.6,1.35,2.1029411764705883,0.3117651419789167,0.09041748484244098,0.12494649578499832
Gabe York,IND,2023-04-09,5,15.427333333333332,15.427333333333332,15.427333333333332,15.427333333333332,6.4,6.4,6.4,6.4,1.6,1.6,1.6,1.6,1.8,1.8,1.8,1.8,0.4213271308572416,0.09272393087009635,0.13986045696167354
Gabriel Deck,OKC,2021-12-28,7,8.733333333333333,7.943571428571429,7.943571428571429,7.943571428571429,3.2,2.5714285714285716,2.5714285714285716,2.5714285714285716,1.0,0.8571428571428571,0.8571428571428571,0.8571428571428571,0.8,0.7142857142857143,0.7142857142857143,0.7142857142857143,0.3306137644705882,0.1517883753180316,0.055525260869436176
Gabriel Lundberg,PHX,2022-04-10,4,11.05,11.05,11.05,11.05,3.25,3.25,3.25,3.25,1.75,1.75,1.75,1.75,2.75,2.75,2.75,2.75,0.15543680297397772,0.08813506815365552,0.20969018626389174
Garrett Temple,TOR,2026-04-12,161,4.116666666666666,3.9666666666666672,3.3418333333333337,11.482546583850931,1.6,1.3,0.85,3.2111801242236027,0.6,0.5,0.45,1.5093167701863355,0.6,0.5,0.45,0.9627329192546584,0.23483067145677058,0.10143851932220353,0.07856891720481154
Garrison Mathews,IND,2025-12-23,247,9.846333333333334,14.993666666666664,13.441333333333333,17.878043184885293,5.4,6.9,5.45,6.732793522267206,1.0,1.4,1.25,1.8582995951417005,0.6,0.8,0.7,0.7975708502024291,0.6102748736938838,0.09242505453930992,0.043516052869570304
Gary Clark,NOP,2022-04-10,38,10.323333333333334,8.184999999999999,9.808916666666667,9.953201754385965,3.4,2.6,2.5,2.6578947368421053,2.0,1.9,2.55,2.3684210526315788,0.8,0.7,0.6,0.47368421052631576,0.2813759139436861,0.24996448721142578,0.06789102029450873
Gary Harris,MIL,2026-04-08,259,14.628,10.782333333333332,12.836666666666668,21.557451737451736,4.8,3.4,2.75,6.644787644787645,1.0,0.7,1.05,1.6833976833976834,1.4,1.0,1.15,1.2934362934362935,0.2840743547279656,0.06701980723955944,0.10497136610641795
Gary Payton II,GSW,2026-04-12,272,18.235,21.013333333333332,21.96725,16.046495098039216,9.6,11.4,12.55,6.580882352941177,2.6,4.6,5.0,3.2316176470588234,1.2,1.6,2.05,1.2794117647058822,0.5442505920460355,0.20680847482615988,0.07072875652194302
Gary Trent Jr.,MIL,2026-04-08,346,22.516666666666666,21.656166666666667,14.60975,28.41118497109827,14.8,11.4,7.3,13.751445086705202,1.2,1.0,0.8,2.2745664739884393,1.6,1.0,0.6,1.5375722543352601,0.43128461774760457,0.043103232367649284,0.0371283313581996
George Hill,IND,2023-04-09,100,13.408000000000001,15.667333333333335,15.87175,20.865133333333333,5.6,5.7,5.4,5.66,1.2,1.8,1.75,2.4,2.2,2.1,2.25,2.3,0.295175039407935,0.11615470226510875,0.13105981892906843
George King,DAL,2021-12-31,4,4.790416666666666,4.790416666666666,4.790416666666666,4.790416666666666,0.25,0.25,0.25,0.25,1.25,1.25,1.25,1.25,0.0,0.0,0.0,0.0,0.05813953488372093,0.20683203484717816,0.0
Georges Niang,ATL,2025-04-11,315,19.98,18.7705,21.0645,21.512968253968253,11.0,9.8,11.35,9.17142857142857,1.8,1.5,2.25,2.977777777777778,1.2,1.1,1.45,1.2317460317460318,0.5334867009336669,0.08183741969435335,0.05710220724525698
Georgios Kalaitzakis,OKC,2022-04-10,13,33.251999999999995,19.389000000000003,16.421410256410255,16.421410256410255,14.0,7.8,6.615384615384615,6.615384615384615,2.6,1.6,1.6153846153846154,1.6153846153846154,2.4,1.2,0.9230769230769231,0.9230769230769231,0.29763531273009625,0.0528308500673651,0.027557677684964643
Giannis Antetokounmpo,MIL,2026-03-15,306,27.506999999999998,27.828166666666668,27.342333333333336,33.08151416122004,27.0,23.7,25.15,30.104575163398692,8.0,10.0,9.05,11.473856209150327,5.2,4.9,4.65,6.052287581699346,0.8701397570655253,0.3603905759171274,0.17574730817140521
Goga Bitadze,ORL,2026-04-12,284,19.02766666666667,15.953833333333336,13.495999999999999,16.00095070422535,9.8,7.0,5.8,6.0,9.0,6.2,4.95,4.869718309859155,1.8,1.3,1.65,1.3873239436619718,0.4296534844132589,0.3784942305683807,0.07408053533505503
Goran Dragic,MIL,2023-04-09,79,13.865,10.9515,11.932416666666668,17.310295358649793,7.8,4.6,4.1,6.6075949367088604,2.4,1.3,1.2,1.8481012658227849,1.8,1.4,2.1,3.0,0.3184094899338527,0.08050034994689412,0.10625883958908025
Gordon Hayward,OKC,2024-04-14,150,19.763333333333332,17.1875,17.991583333333335,29.240166666666664,8.2,7.0,6.15,13.406666666666666,2.6,1.9,2.1,4.133333333333334,1.2,1.1,1.85,3.6066666666666665,0.3909856363137666,0.0955240277129876,0.06143418093776717
Gorgui Dieng,SAS,2023-04-09,75,17.69033333333333,15.711833333333335,12.06175,9.723933333333335,7.8,5.6,3.9,3.6666666666666665,6.6,5.2,3.8,3.04,2.8,2.4,1.7,1.16,0.3054946404758271,0.31037419196901783,0.157208938602661
Gradey Dick,TOR,2026-04-12,190,4.873333333333333,6.473333333333334,8.648416666666668,20.640684210526317,2.8,3.2,4.75,9.16842105263158,0.2,0.8,1.1,2.4842105263157896,0.2,0.2,0.7,1.1421052631578947,0.4062341128283481,0.10611986205542163,0.012637494021999044
Grant Nelson,BKN,2026-03-05,4,8.752500000000001,8.752500000000001,8.752500000000001,8.752500000000001,4.25,4.25,4.25,4.25,1.5,1.5,1.5,1.5,1.25,1.25,1.25,1.25,0.4798602865754095,0.10078087973098016,0.11417827078020266
Grant Williams,CHA,2026-04-12,284,21.708333333333332,20.389666666666667,19.528083333333335,25.492535211267604,7.4,6.6,6.85,8.609154929577464,4.6,4.1,3.65,4.151408450704225,1.0,1.0,1.4,1.676056338028169,0.318942990021674,0.1971416620978191,0.05310630717322122
Grayson Allen,PHX,2026-04-10,328,22.226333333333333,23.209000000000003,26.986833333333333,28.357240853658535,9.0,12.5,16.3,12.25,3.4,3.1,3.05,3.3628048780487805,1.4,2.4,3.8,2.5060975609756095,0.5556543558018243,0.15181565071306874,0.10393072747083706
Greg Brown III,DAL,2024-01-05,70,7.595333333333334,5.507666666666667,6.045916666666666,11.038023809523809,3.0,1.7,1.85,3.8285714285714287,1.8,1.2,1.4,2.3285714285714287,0.6,0.7,0.35,0.6,0.1907088105097438,0.15789114874549598,0.1607020690578377
Greg Monroe,MIN,2022-04-10,14,11.130666666666666,11.755500000000001,13.913452380952382,13.913452380952382,4.8,4.8,5.428571428571429,5.428571428571429,3.0,3.6,4.571428571428571,4.571428571428571,1.6,1.0,1.5714285714285714,1.5714285714285714,0.40777195541280414,0.37361808672451924,0.06800621673571745
Guerschon Yabusele,CHI,2026-04-09,137,24.893333333333338,24.269833333333334,24.65075,21.180973236009734,9.4,9.4,9.9,8.328467153284672,6.0,5.7,5.8,4.591240875912408,1.4,1.4,1.5,1.5401459854014599,0.38511978915709894,0.23313572982267688,0.06944765110878585
Gui Santos,GSW,2026-04-12,147,27.83833333333333,29.615833333333335,31.28666666666667,15.979433106575966,12.6,15.2,15.35,6.35374149659864,5.6,4.8,5.55,3.312925170068027,3.2,3.7,3.85,1.7210884353741496,0.4902655691470182,0.17236259664537518,0.13072849717701773
Hamidou Diallo,WAS,2024-01-15,116,17.4,19.740166666666664,19.113416666666666,19.5641091954023,8.8,11.8,11.15,10.0,3.6,3.7,3.2,4.077586206896552,1.2,1.0,1.1,1.1120689655172413,0.5378287825793767,0.20163984713724004,0.06113286376606812
Harrison Barnes,SAS,2026-04-12,400,22.743333333333332,21.92666666666667,21.449833333333334,29.6154375,9.2,7.9,8.5,13.1775,1.4,1.7,2.25,3.925,1.0,1.3,1.45,1.7425,0.3407858137103559,0.07284130048323657,0.056282189937439595
Harrison Ingram,SAS,2026-04-10,12,3.9766666666666666,5.034999999999999,5.072222222222222,5.072222222222222,1.6,1.5,1.25,1.25,0.4,1.0,1.0,1.0,0.2,0.4,0.3333333333333333,0.3333333333333333,0.36380800392964263,0.17661195672919733,0.06925360302098908
Harry Giles III,LAL,2024-04-14,23,2.854,3.276,4.139333333333334,4.344347826086956,0.4,1.3,1.8,2.4347826086956523,0.6,1.1,1.3,1.3043478260869565,0.0,0.3,0.3,0.2608695652173913,0.22191831391469047,0.29462433371476093,0.05288988971649633
Hassan Whiteside,UTA,2022-04-10,65,15.223333333333334,15.27,16.586499999999994,17.88074358974359,9.8,6.9,7.1,8.215384615384615,7.4,6.0,7.15,7.6,0.8,0.6,0.4,0.4,0.4333286389316471,0.38009131590257217,0.039970866699196174
Hassani Gravett,ORL,2022-01-03,8,19.434999999999995,21.386875,21.386875,21.386875,5.8,6.25,6.25,6.25,1.8,2.625,2.625,2.625,1.8,2.5,2.5,2.5,0.2869898755624699,0.1076146549456122,0.11992072596871416
Hayden Gray,UTA,2026-04-12,1,24.75,24.75,24.75,24.75,6.0,6.0,6.0,6.0,0.0,0.0,0.0,0.0,1.0,1.0,1.0,1.0,0.24242424242424243,0.0,0.04040404040404041
Haywood Highsmith,PHX,2026-04-12,220,13.906333333333333,15.811833333333334,22.00741666666667,20.034901515151514,7.0,6.5,6.65,5.454545454545454,1.8,2.9,3.8,3.131818181818182,1.0,1.5,1.65,1.0818181818181818,0.3792015268755341,0.15384315954283126,0.07988140327024372
Henri Drell,CHI,2024-04-12,4,7.479166666666667,7.479166666666667,7.479166666666667,7.479166666666667,2.75,2.75,2.75,2.75,1.0,1.0,1.0,1.0,1.0,1.0,1.0,1.0,0.2702540201192559,0.21613967482021548,0.35271013218863834
Herbert Jones,NOP,2026-04-05,296,20.920666666666666,25.677166666666665,27.231583333333333,29.877212837837835,5.8,8.3,8.8,9.89527027027027,2.6,2.4,3.2,3.733108108108108,1.8,2.7,2.95,2.527027027027027,0.3329933465679379,0.11134357974214741,0.10326918471588895
Hugo González,BOS,2026-04-10,74,9.089,10.378666666666666,13.39683333333333,14.647702702702704,3.4,3.1,3.9,3.9054054054054053,2.0,2.5,3.4,3.324324324324324,0.2,0.3,0.45,0.5405405405405406,0.24111439654167563,0.2069053559865827,0.017972812426237317
Hunter Dickinson,NOP,2026-04-12,5,8.495666666666667,8.495666666666667,8.495666666666667,8.495666666666667,2.4,2.4,2.4,2.4,1.0,1.0,1.0,1.0,0.4,0.4,0.4,0.4,0.27348528599394856,0.0845554120281301,0.019490011369173298
Hunter Sallis,PHI,2025-12-23,7,4.034666666666666,3.667619047619048,3.667619047619048,3.667619047619048,1.0,1.0,1.0,1.0,0.0,0.14285714285714285,0.14285714285714285,0.14285714285714285,0.6,0.5714285714285714,0.5714285714285714,0.5714285714285714,0.2570952149890435,0.0348432055749129,0.08332930119026512
Hunter Tyson,DEN,2026-02-01,90,10.099999999999998,11.885,8.024166666666666,6.775685185185185,1.2,3.4,2.3,2.2222222222222223,2.2,2.2,1.75,1.3666666666666667,1.4,1.4,0.85,0.43333333333333335,0.3178961054714362,0.21845353584912702,0.1288456031878745
Ibou Badji,POR,2024-04-14,22,5.386666666666668,6.287666666666668,10.487583333333333,10.264469696969698,1.0,1.3,1.35,1.5454545454545454,0.6,0.7,2.1,2.3181818181818183,0.0,0.5,0.65,0.5909090909090909,0.1442442366523212,0.08804547903122725,0.06763424017698025
Ignas Brazdeikis,ORL,2022-04-10,42,30.106666666666666,23.643833333333333,16.963583333333332,12.752182539682538,14.6,10.6,7.7,5.0,4.4,3.1,2.1,1.7142857142857142,2.0,1.3,1.1,0.8809523809523809,0.41921017165309016,0.11844724527954542,0.0589658100368922
Immanuel Quickley,TOR,2026-04-12,330,23.429333333333336,28.17233333333333,30.307583333333334,28.124050505050505,8.8,11.4,14.8,15.033333333333333,3.2,3.3,3.05,3.7636363636363637,4.4,4.6,5.55,4.5181818181818185,0.3860782234807988,0.12201510582115387,0.17502649895512148
Isaac Bonga,TOR,2022-03-09,15,2.957,4.916833333333333,4.577111111111111,4.577111111111111,0.2,1.0,0.8,0.8,0.2,0.5,0.4666666666666667,0.4666666666666667,0.2,0.2,0.26666666666666666,0.26666666666666666,0.2105548316074632,0.1409527205710892,0.16475304223335718
Isaac Jones,DET,2026-04-12,47,4.083333333333333,5.383333333333333,5.538333333333332,7.2243971631205675,1.4,1.3,2.3,3.0425531914893615,0.6,1.0,1.2,1.3191489361702127,0.0,0.1,0.25,0.2765957446808511,0.34417279395105443,0.17318778074846808,0.007142857142857143
Isaac Okoro,CHI,2026-04-07,330,26.12966666666667,27.40966666666667,29.531083333333335,25.056419191919193,9.6,10.3,10.45,8.018181818181818,2.6,2.5,2.95,2.7181818181818183,2.2,1.7,1.85,1.5393939393939393,0.3968408024684544,0.09689033843698085,0.06150568193883852
Isaiah Collier,UTA,2026-03-18,130,26.18,26.683833333333336,30.134750000000004,25.815589743589744,17.6,16.5,16.6,10.023076923076923,3.2,2.3,2.7,2.9615384615384617,6.8,6.2,8.1,6.684615384615385,0.6121066415603073,0.0878009655581303,0.23342080941471194
Isaiah Crawford,HOU,2026-04-12,29,8.016666666666667,7.968333333333334,5.111666666666666,4.750574712643679,3.6,2.6,1.45,1.4137931034482758,2.0,1.5,0.8,0.8275862068965517,0.4,0.5,0.3,0.20689655172413793,0.1944768213609601,0.13068383876593997,0.03328754878635095
Isaiah Hartenstein,OKC,2026-04-08,329,18.619666666666667,20.282833333333333,21.50675,22.697355623100307,6.6,6.4,6.8,7.963525835866261,7.8,9.9,8.7,7.74468085106383,1.8,3.7,4.1,2.5379939209726445,0.2969582988412991,0.47633907909205525,0.18750528749944154
Isaiah Jackson,LAC,2026-03-27,219,17.816333333333333,18.274166666666666,16.214583333333334,15.280525114155251,9.0,8.9,7.2,7.031963470319635,5.2,5.4,5.0,4.506849315068493,1.4,1.7,1.35,0.7671232876712328,0.4897087064033399,0.29436654054727523,0.08843231444226993
Isaiah Joe,OKC,2026-04-08,351,16.53366666666667,17.216833333333334,20.775500000000005,18.692602089268757,14.8,11.5,11.6,8.735042735042734,1.4,1.7,2.5,2.245014245014245,0.6,0.7,1.0,1.2393162393162394,0.6812681323814027,0.09091688588679116,0.03309638068337738
Isaiah Livers,PHX,2026-03-22,130,5.832,7.987666666666667,8.141749999999998,18.451923076923077,0.4,0.4,1.5,4.969230769230769,0.4,0.7,1.3,2.376923076923077,0.0,0.2,0.5,0.8307692307692308,0.030385615687100964,0.05978084086104278,0.01715088253847344
Isaiah Mobley,PHI,2025-04-13,23,7.686666666666667,8.8405,7.999750000000001,7.544710144927538,3.4,2.9,2.75,2.608695652173913,1.6,1.3,1.4,1.4782608695652173,1.0,1.1,0.7,0.6086956521739131,0.28398447248034786,0.12737583109153452,0.09807074000500073
Isaiah Roby,SAS,2023-02-13,87,16.9,13.201666666666664,9.396666666666667,16.345421455938695,4.6,4.9,3.3,7.195402298850575,3.6,3.1,2.15,3.735632183908046,0.8,0.7,0.4,1.2528735632183907,0.3452365092792572,0.2569020196479693,0.04022243963517629
Isaiah Stevens,SAC,2026-02-11,6,9.266666666666667,8.055555555555555,8.055555555555555,8.055555555555555,2.0,1.6666666666666667,1.6666666666666667,1.6666666666666667,1.0,0.8333333333333334,0.8333333333333334,0.8333333333333334,2.0,1.6666666666666667,1.6666666666666667,1.6666666666666667,0.1616475535848996,0.2257761893803254,0.12415922868374973
Isaiah Stewart,DET,2026-04-12,297,16.913000000000004,20.123333333333335,21.21675,24.927615039281704,10.4,10.2,9.95,9.006734006734007,3.6,4.3,3.8,6.781144781144781,1.0,1.1,1.0,1.393939393939394,0.523279903442228,0.21004384865679598,0.04894133448767625
Isaiah Thomas,PHX,2024-04-14,28,3.5166666666666666,6.033333333333333,9.855166666666666,12.596071428571426,1.6,4.0,6.0,6.857142857142857,0.0,0.3,0.75,1.0357142857142858,0.4,0.6,1.1,1.3214285714285714,0.4409683199668627,0.027493233409076057,0.11816245821444674
Isaiah Todd,WAS,2023-04-09,18,11.766666666666666,10.388166666666667,7.530462962962962,7.530462962962962,1.8,1.5,1.6111111111111112,1.6111111111111112,2.4,1.7,1.3333333333333333,1.3333333333333333,0.8,0.7,0.4444444444444444,0.4444444444444444,0.1329006963797517,0.10994059836598906,0.049785394096513565
Isaiah Wong,CHA,2025-02-12,21,14.593333333333334,12.293833333333334,13.275166666666667,12.846984126984125,6.6,5.9,6.0,5.809523809523809,1.0,1.0,1.6,1.5238095238095237,1.6,1.0,1.4,1.3333333333333333,0.5461719214959975,0.09900400412653286,0.09922885643666349
Ish Smith,CHA,2024-02-07,151,21.500666666666664,19.054499999999997,18.079749999999997,14.998509933774832,3.2,2.4,2.65,4.3509933774834435,1.6,2.1,2.05,1.7880794701986755,3.8,4.2,3.7,3.23841059602649,0.13856974934269067,0.11300307035947874,0.21744973637744575
Ish Wainright,PHX,2024-04-09,116,6.771333333333334,5.982333333333333,9.983416666666667,11.519367816091954,2.4,2.3,2.65,3.293103448275862,2.0,1.4,1.95,1.7844827586206897,0.2,0.1,0.35,0.5948275862068966,0.22454838453589185,0.1804816924643428,0.00946969696969697
Ivica Zubac,IND,2026-03-18,348,23.649,25.9695,27.52916666666667,28.40918103448276,11.6,11.3,12.0,12.683908045977011,7.2,8.9,9.85,10.186781609195402,1.8,1.8,1.75,1.75,0.44680082169468915,0.3408923823197057,0.07457796491822985
Izaiah Brockington,NOP,2024-03-05,1,3.3833333333333333,3.3833333333333333,3.3833333333333333,3.3833333333333333,4.0,4.0,4.0,4.0,2.0,2.0,2.0,2.0,0.0,0.0,0.0,0.0,1.1822660098522169,0.5911330049261084,0.0
JD Davison,HOU,2026-04-12,64,11.64,8.281,8.101333333333333,6.5007552083333335,4.8,3.0,2.45,2.140625,3.4,2.0,1.65,1.03125,2.0,1.5,1.35,1.078125,0.2713313656547126,0.16695668245917067,0.13654477932277745
JT Thor,WAS,2025-04-11,185,20.363666666666667,19.869166666666665,12.465833333333332,12.219468468468467,3.2,4.0,3.55,3.2378378378378376,4.2,3.7,2.4,2.1027027027027025,0.2,0.5,0.3,0.4864864864864865,0.19403105732977943,0.1951603306675334,0.018633658680699938
Ja Morant,MEM,2026-01-21,197,30.329333333333334,26.270000000000003,28.425,31.68868020304568,24.8,19.7,19.45,25.04568527918782,2.4,2.7,3.25,5.086294416243655,9.2,8.2,8.05,7.4873096446700504,0.7770805160362452,0.11125981701441814,0.31654719327009573
Ja'Kobe Walter,TOR,2026-04-12,124,27.393333333333334,28.57,24.618249999999996,20.780725806451617,11.6,10.5,10.4,7.983870967741935,2.8,3.7,3.2,2.782258064516129,1.6,2.0,1.65,1.346774193548387,0.36207206017074356,0.13194731885051594,0.06972108660568833
JaMychal Green,GSW,2023-04-09,124,10.211,13.526333333333335,12.427249999999999,15.178387096774195,5.4,6.9,5.8,6.435483870967742,2.6,3.3,2.9,3.9193548387096775,0.6,0.9,0.8,0.8870967741935484,0.46725124620611236,0.21925528465655253,0.06796976749623865
JaQuori McLaughlin,DAL,2021-12-21,4,2.7249999999999996,2.7249999999999996,2.7249999999999996,2.7249999999999996,0.0,0.0,0.0,0.0,0.0,0.0,0.0,0.0,0.5,0.5,0.5,0.5,0.0,0.0,0.21089743589743587
JaVale McGee,SAC,2024-04-14,162,3.9593333333333334,4.430166666666667,5.74625,11.516358024691359,1.8,1.6,3.1,6.487654320987654,2.2,1.8,2.5,4.5,0.4,0.3,0.25,0.43209876543209874,0.24771945409180812,0.3387089634978855,0.045031571950814225
Jabari Parker,BOS,2022-01-02,12,7.323666666666666,8.642166666666666,9.37125,9.37125,3.2,3.3,4.416666666666667,4.416666666666667,2.2,2.3,2.3333333333333335,2.3333333333333335,0.4,0.6,0.5,0.5,0.37924445499002085,0.23101645231879914,0.049871714066901746
Jabari Smith Jr.,HOU,2026-04-10,289,33.626666666666665,35.83483333333333,36.02183333333333,32.16378892733564,19.2,18.0,16.6,13.726643598615917,6.2,7.6,6.95,7.311418685121107,0.8,1.8,2.05,1.4705882352941178,0.5202889330622508,0.21136613603295734,0.049875268455925235
Jabari Walker,PHI,2026-04-12,252,5.3933333333333335,8.872499999999999,11.016333333333334,15.200674603174603,2.4,4.2,5.55,5.726190476190476,1.2,1.9,2.75,4.134920634920635,0.2,0.7,0.65,0.6984126984126984,0.37336736058865794,0.24761513147233044,0.060662844642931965
Jack McVeigh,HOU,2025-04-11,9,6.156666666666666,4.805555555555555,4.805555555555555,4.805555555555555,2.2,1.5555555555555556,1.5555555555555556,1.5555555555555556,0.6,0.5555555555555556,0.5555555555555556,0.5555555555555556,0.2,0.1111111111111111,0.1111111111111111,0.1111111111111111,0.27944441779835816,0.10177821065991473,0.02789400278940028
Jack White,MEM,2024-04-14,21,15.729666666666665,9.534833333333335,6.34575,6.17531746031746,1.6,2.0,1.35,1.2857142857142858,4.0,2.2,1.45,1.380952380952381,0.4,0.5,0.25,0.23809523809523808,0.2769301432174641,0.18861564921841553,0.08745803500468805
Jackson Rowe,GSW,2025-04-08,6,7.593999999999999,8.621944444444445,8.621944444444445,8.621944444444445,3.2,3.6666666666666665,3.6666666666666665,3.6666666666666665,1.2,1.8333333333333333,1.8333333333333333,1.8333333333333333,0.8,0.6666666666666666,0.6666666666666666,0.6666666666666666,0.6700086977661696,0.189314053546388,0.08284788824740856
Jacob Gilyard,BKN,2024-04-14,42,11.931999999999999,19.375,18.385083333333334,17.599722222222223,0.0,5.5,4.85,4.190476190476191,0.8,1.4,1.25,1.1904761904761905,2.2,3.4,3.5,3.4285714285714284,0.20311178644688144,0.06996444650636069,0.1858664488526664
Jacob Toppin,ATL,2025-11-25,31,3.3733333333333335,5.783333333333333,4.3549999999999995,4.198978494623655,1.6,2.7,1.55,1.4193548387096775,0.2,0.8,0.8,0.7419354838709677,0.2,0.3,0.35,0.3225806451612903,0.30376522510874604,0.14401397733293814,0.10430715023388615
Jaden Hardy,WAS,2026-04-12,235,20.356666666666666,21.410000000000004,20.78783333333333,14.906971631205673,10.2,13.4,12.5,8.37872340425532,1.6,1.4,1.6,1.6808510638297873,2.6,1.8,1.35,1.3319148936170213,0.63381327830969,0.05929616512807841,0.0907651109611797
Jaden Ivey,CHI,2026-02-11,218,27.204666666666668,20.91616666666667,20.138749999999998,27.936154434250767,10.8,9.0,8.7,14.830275229357799,4.2,3.3,2.75,3.518348623853211,3.4,2.3,1.85,3.9908256880733943,0.4216525011007854,0.16383431052539918,0.09666642586865497
Jaden McDaniels,MIN,2026-04-10,376,32.797333333333334,30.423333333333336,30.808500000000002,29.934658687943266,18.8,15.5,14.8,11.811170212765957,4.6,3.6,4.25,4.26595744680851,2.0,2.3,2.5,1.8351063829787233,0.5108696771846821,0.11161200646046199,0.0775334731337173
Jaden Springer,UTA,2025-04-13,110,20.731,14.093,12.545166666666667,8.791545454545455,4.6,3.7,3.4,2.8727272727272726,3.4,2.6,1.95,1.3818181818181818,1.6,1.1,1.25,0.7727272727272727,0.21948939895155947,0.7285500107705218,0.05687827566200521
Jae Crowder,SAC,2025-04-04,144,6.317666666666666,12.482833333333334,16.193916666666667,24.19472222222222,0.6,2.9,4.2,7.576388888888889,1.6,2.2,2.5,4.194444444444445,0.6,0.6,0.85,1.5486111111111112,0.18700294402029635,0.2068267652994022,0.07047168900137976
Jae'Sean Tate,HOU,2026-04-12,272,12.710666666666665,10.8405,9.839833333333335,17.4934681372549,4.8,3.7,3.0,6.5588235294117645,4.0,2.5,1.7,3.400735294117647,1.6,0.8,0.55,1.625,0.29376517961574183,0.21991389598153493,0.07901497013657985
Jahlil Okafor,IND,2025-02-11,1,3.3666666666666667,3.3666666666666667,3.3666666666666667,3.3666666666666667,0.0,0.0,0.0,0.0,1.0,1.0,1.0,1.0,1.0,1.0,1.0,1.0,0.0,0.297029702970297,0.297029702970297
Jahmai Mashack,MEM,2026-04-12,31,31.370000000000005,30.487666666666666,27.649,21.71456989247312,8.4,8.7,7.7,6.193548387096774,4.8,4.2,3.4,2.6129032258064515,6.6,4.7,2.95,2.225806451612903,0.2713275653188864,0.13041626569297352,0.13370266958792248
Jahmi'us Ramsey,TOR,2024-03-23,26,19.28033333333333,15.706666666666669,10.55175,9.807884615384616,8.2,6.6,4.7,4.115384615384615,2.6,2.8,1.75,1.3461538461538463,1.4,1.2,0.65,0.5769230769230769,0.4947947819824644,0.20100302254882818,0.08870343128049409
Jahmir Young,MIA,2026-04-12,20,2.321,4.148833333333333,4.393083333333332,4.393083333333332,1.6,1.5,1.8,1.8,0.0,0.3,0.35,0.35,0.6,0.6,0.75,0.75,0.5100221522282661,0.03553867283347448,0.1745398417765039
Jahmyl Telfort,LAC,2025-12-03,8,3.203333333333333,4.004166666666666,4.004166666666666,4.004166666666666,0.0,0.125,0.125,0.125,0.2,0.375,0.375,0.375,0.0,0.125,0.125,0.125,0.019083969465648856,0.07344866972836679,0.019083969465648856
Jaime Echenique,WAS,2021-12-30,1,3.066666666666667,3.066666666666667,3.066666666666667,3.066666666666667,0.0,0.0,0.0,0.0,0.0,0.0,0.0,0.0,0.0,0.0,0.0,0.0,0.0,0.0,0.0
Jaime Jaquez Jr.,MIA,2026-04-12,216,28.863333333333333,27.208333333333332,27.343916666666665,25.938819444444444,20.8,18.6,16.25,12.087962962962964,3.2,4.4,4.1,4.398148148148148,4.8,4.1,5.0,3.300925925925926,0.6912604161993663,0.15877620547072416,0.15229220016236314
Jake LaRavia,LAL,2026-04-12,218,28.330000000000002,28.671666666666663,22.819083333333335,21.241223241590216,7.2,6.6,5.8,7.412844036697248,5.2,5.1,4.15,3.5596330275229358,2.0,1.5,1.5,1.7522935779816513,0.2064801957268961,0.1803512995224936,0.053044926903792436
Jake Layman,MIN,2022-04-10,34,6.25,5.751666666666667,5.43,6.781323529411765,4.2,3.3,2.45,2.3823529411764706,1.0,1.2,0.75,1.0588235294117647,0.2,0.2,0.25,0.2647058823529412,0.6943109604513065,0.1900486257035152,0.0315891472868217
Jakob Poeltl,TOR,2026-04-12,293,20.37633333333333,23.089999999999996,25.077416666666668,27.40509101251422,10.4,12.0,11.95,12.573378839590443,3.6,5.2,6.5,8.825938566552901,1.4,1.9,2.0,2.6075085324232083,0.507236314471865,0.21691614102496537,0.08046972769557972
Jalen Bridges,PHX,2025-04-13,8,2.8946666666666667,3.796666666666667,3.796666666666667,3.796666666666667,1.6,1.125,1.125,1.125,0.2,0.5,0.5,0.5,0.0,0.0,0.0,0.0,0.7633544609722949,0.11747023142026788,0.0
Jalen Brunson,NYK,2026-04-10,363,34.864333333333335,35.860499999999995,35.80266666666667,34.488980716253444,22.6,24.3,24.2,24.096418732782368,2.8,2.7,3.3,3.4765840220385673,8.6,8.0,8.55,6.322314049586777,0.6841030833606006,0.07298108982694032,0.21987955753863325
Jalen Crutcher,NOP,2024-02-27,1,2.65,2.65,2.65,2.65,0.0,0.0,0.0,0.0,0.0,0.0,0.0,0.0,0.0,0.0,0.0,0.0,0.0,0.0,0.0
Jalen Duren,DET,2026-04-10,276,29.376666666666665,31.738333333333333,28.328166666666668,27.01821859903382,19.4,21.4,21.75,13.53623188405797,9.6,10.5,9.85,10.318840579710145,3.6,3.9,2.55,2.0615942028985508,0.6804832587943823,0.3336185862528699,0.1272651520117015
Jalen Green,PHX,2026-04-08,339,25.116333333333333,26.720333333333333,29.333166666666664,32.055147492625366,14.6,19.0,20.65,19.884955752212388,2.6,3.7,4.05,4.206489675516224,2.8,3.3,3.25,3.3067846607669615,0.6617353010546051,0.1540396448480237,0.11171525842582508
Jalen Hood-Schifino,PHI,2025-04-13,36,24.058666666666667,22.606,16.478083333333338,11.768333333333336,5.6,6.6,5.65,3.888888888888889,2.6,1.7,1.45,1.1111111111111112,3.0,3.1,1.85,1.25,0.2833528853901398,0.06973859518819384,0.13290527742934727
Jalen Johnson,ATL,2026-04-10,256,32.141666666666666,34.41033333333333,33.68041666666667,26.82279296875,17.4,20.3,20.45,14.234375,11.2,9.2,9.1,7.40234375,5.2,6.2,7.05,4.046875,0.5913181589383598,0.27507691578891197,0.17531902925642578
Jalen McDaniels,WAS,2025-03-01,189,6.107,11.429999999999998,12.305583333333335,17.743051146384477,1.4,3.2,3.7,6.6878306878306875,0.4,1.5,1.85,3.1481481481481484,0.6,1.1,1.05,1.1957671957671958,0.14628846021270972,0.08327630464994792,0.06613453451395128
Jalen Pickett,DEN,2026-04-12,126,13.8,11.165000000000001,12.714166666666667,12.654431216931217,5.8,4.4,3.9,3.984126984126984,1.4,0.9,1.4,1.5793650793650793,2.2,1.4,1.6,1.9285714285714286,0.31477756935153733,0.042796135222964285,0.08074443442128287
Jalen Slawson,IND,2026-04-12,25,27.631666666666668,24.138333333333332,16.441583333333334,13.901,9.8,8.2,4.95,4.12,4.4,4.2,3.0,2.56,2.8,2.8,1.8,1.52,0.2767678405521894,0.17047505025726445,0.13379654000051416
Jalen Smith,CHI,2026-03-25,297,21.25,22.73316666666667,24.74966666666667,17.870044893378225,10.4,10.4,11.85,9.353535353535353,4.0,5.7,6.95,5.892255892255892,0.6,1.1,1.2,0.9528619528619529,0.4296393449143818,0.24209331733983555,0.04417577640081511
Jalen Suggs,ORL,2026-04-12,268,30.156666666666666,30.56433333333333,30.37216666666667,26.690789800995024,13.8,13.6,14.3,12.626865671641792,3.4,4.2,3.9,3.4402985074626864,6.2,6.5,5.7,3.7686567164179103,0.4465126174922077,0.13086224233354887,0.21596067221897686
Jalen Williams,OKC,2026-04-08,248,27.293333333333333,23.8115,27.399916666666666,30.934784946236558,16.6,16.7,16.9,18.0,4.8,4.1,4.45,4.600806451612903,6.2,4.9,5.55,4.455645161290323,0.7151912438668147,0.17831547556109154,0.2111285184142521
Jalen Wilson,BKN,2026-04-12,176,28.583333333333336,24.076666666666668,18.09316666666667,20.1996875,11.8,11.3,7.9,7.420454545454546,5.2,4.5,3.05,2.9261363636363638,3.6,2.3,1.4,1.3636363636363635,0.4937390205813587,0.19187607838379894,0.08817866174875022
Jamal Cain,ORL,2026-04-12,121,19.106666666666666,19.386666666666663,17.43358333333334,12.288471074380166,8.2,8.9,8.2,5.008264462809917,3.8,3.3,3.1,2.0826446280991737,1.2,1.3,1.1,0.6033057851239669,0.41011014775202065,0.1657082338460609,0.06335314968598389
Jamal Murray,DEN,2026-04-08,266,38.108666666666664,37.938833333333335,36.14091666666666,34.078922305764415,23.6,27.6,25.6,22.139097744360903,4.6,4.3,4.35,4.097744360902255,6.8,7.1,6.6,6.473684210526316,0.7296422114843786,0.11388751052785231,0.18726260043427487
Jamal Shead,TOR,2026-04-12,157,23.664,25.612000000000002,23.97025,21.140530785562632,5.8,7.4,5.8,6.86624203821656,0.8,0.8,1.0,1.643312101910828,5.0,6.8,6.15,4.840764331210191,0.28739929370281325,0.03327500130022416,0.2678672229364374
Jamaree Bouyea,PHX,2026-04-12,65,14.873333333333335,11.748499999999998,12.06025,13.40302564102564,6.2,5.0,4.2,4.861538461538461,1.6,1.5,1.55,1.7230769230769232,2.8,2.0,1.85,1.646153846153846,0.30824563155221985,0.1382970404829794,0.126921837766554
James Bouknight,CHA,2024-02-04,79,4.113333333333333,5.67,11.562499999999998,11.40308016877637,3.2,2.8,6.25,4.848101265822785,0.0,0.3,1.35,1.6835443037974684,0.0,0.5,0.95,0.9240506329113924,0.4830522321380527,0.06416606628242075,0.10031685667309835
James Ennis III,DEN,2022-01-16,7,8.383333333333333,7.942857142857143,7.942857142857143,7.942857142857143,4.8,4.142857142857143,4.142857142857143,4.142857142857143,1.4,1.7142857142857142,1.7142857142857142,1.7142857142857142,0.6,0.42857142857142855,0.42857142857142855,0.42857142857142855,0.6131147957226816,0.2486388783782129,0.06349206349206349
James Harden,CLE,2026-04-10,344,31.513333333333332,34.165000000000006,34.31583333333334,35.61594476744186,21.0,19.9,21.1,21.203488372093023,2.2,4.0,4.7,5.857558139534884,4.8,7.6,7.35,9.136627906976743,0.5955078362743401,0.1101485941367987,0.22322839483899992
James Johnson,IND,2025-03-10,101,2.3133333333333335,3.068333333333334,4.030583333333333,14.231633663366337,0.0,0.6,0.8,4.02970297029703,0.4,0.6,0.4,2.5247524752475248,0.2,0.3,0.6,1.5544554455445545,0.10777104535560915,0.141231438677286,0.07086824459116826
James Wiseman,IND,2025-12-23,113,12.619,20.3445,22.049333333333337,17.88783185840708,3.8,6.4,8.35,8.097345132743364,1.8,5.3,6.1,5.415929203539823,0.6,1.0,1.05,0.7699115044247787,0.36184290460425284,0.22344554433367464,0.054330405497249046
Jamir Watkins,WAS,2026-04-12,50,31.830000000000002,24.71633333333333,23.67333333333333,20.643533333333334,14.6,11.3,9.8,7.36,6.0,4.8,4.4,3.88,2.0,1.8,2.05,1.34,0.4667824301358392,0.22088865565249813,0.06588509739786515
Jamison Battle,TOR,2026-04-12,120,3.7133333333333334,7.137666666666666,8.441,12.98713888888889,2.2,4.0,3.25,5.091666666666667,0.2,1.4,1.5,2.058333333333333,0.4,0.4,0.4,0.6416666666666667,0.6346819760610187,0.16071792744751603,0.060861284554645234
Jamorko Pickett,DET,2022-04-10,13,20.383333333333333,16.790166666666668,13.574487179487182,13.574487179487182,7.4,4.7,3.8461538461538463,3.8461538461538463,3.8,3.2,2.4615384615384617,2.4615384615384617,1.0,0.7,0.5384615384615384,0.5384615384615384,0.2908338866878263,0.19528888917067375,0.028516197270616404
Jarace Walker,IND,2026-04-10,184,24.18,28.27816666666667,29.807166666666667,18.91536231884058,12.4,14.3,14.25,7.961956521739131,5.2,5.5,6.2,3.7119565217391304,4.0,3.9,3.6,1.858695652173913,0.5584267918932607,0.19936303713464987,0.14771009462155776
Jared Butler,PHI,2025-04-13,148,28.285333333333334,27.871333333333332,28.56591666666667,13.822218468468469,16.2,14.8,13.4,6.6891891891891895,3.0,2.6,2.4,1.4662162162162162,5.6,5.9,5.65,2.8175675675675675,0.5257425016939106,0.09466530755095724,0.21181521254993033
Jared Harper,NOP,2022-04-10,5,8.576666666666664,8.576666666666664,8.576666666666664,8.576666666666664,7.4,7.4,7.4,7.4,0.4,0.4,0.4,0.4,2.8,2.8,2.8,2.8,0.9370051827115475,0.03559520749787872,0.22258801836515046
Jared McCain,OKC,2026-04-12,90,16.993333333333332,14.792333333333335,17.30016666666667,19.46064814814815,9.2,6.7,9.75,10.11111111111111,1.6,1.6,1.65,2.1444444444444444,1.4,1.0,0.95,1.6666666666666667,0.47898222153579206,0.10383803978207315,0.06067093378095654
Jared Rhoden,TOR,2025-04-09,45,22.078666666666667,21.45133333333333,17.958666666666666,14.867777777777778,14.4,11.4,8.4,5.466666666666667,4.8,3.8,2.9,2.488888888888889,2.6,1.4,1.1,0.7555555555555555,0.5882113162214219,0.1350793658840868,0.07170945189477701
Jaren Jackson Jr.,UTA,2026-02-11,329,27.371000000000002,29.683833333333332,31.143166666666673,29.48185916919959,22.6,21.6,21.6,19.76595744680851,5.6,6.2,6.15,5.878419452887538,2.4,2.2,1.85,1.6474164133738602,0.7451396540399711,0.20643651086374462,0.07610426648005299
Jarred Vanderbilt,LAL,2026-04-12,282,15.377666666666665,14.993833333333333,13.047,21.454237588652482,4.0,4.2,3.0,6.085106382978723,4.0,4.0,3.35,6.446808510638298,2.0,1.6,1.2,1.5567375886524824,0.3299068402500545,0.2668792307954229,0.10934486720080072
Jarrell Brantley,UTA,2023-03-27,4,9.7375,9.7375,9.7375,9.7375,5.5,5.5,5.5,5.5,1.5,1.5,1.5,1.5,0.75,0.75,0.75,0.75,0.4033961187214612,0.12015389005971198,0.05747277836318932
Jarrett Allen,CLE,2026-04-08,339,22.935000000000002,25.960333333333335,26.90316666666667,30.34485742379548,16.2,18.0,19.15,15.064896755162241,8.8,8.3,9.8,9.890855457227138,0.6,1.0,1.55,1.9852507374631267,0.7003741688379669,0.32531962230705386,0.03717977443165367
Jarrett Culver,ATL,2022-12-16,47,9.394,13.6875,11.335416666666665,10.107659574468085,3.0,4.4,3.6,3.702127659574468,2.6,3.8,2.35,1.8297872340425532,0.2,0.6,0.65,0.8297872340425532,0.29527878225900983,0.2610986392953302,0.024318293331942478
Jarron Cumberland,POR,2021-12-31,3,4.105555555555555,4.105555555555555,4.105555555555555,4.105555555555555,0.6666666666666666,0.6666666666666666,0.6666666666666666,0.6666666666666666,1.0,1.0,1.0,1.0,0.3333333333333333,0.3333333333333333,0.3333333333333333,0.3333333333333333,0.10282776349614396,0.15424164524421594,0.05141388174807198
Jase Richardson,ORL,2026-04-10,54,5.086666666666667,8.015,9.45275,10.86570987654321,3.0,3.7,2.75,4.425925925925926,0.6,1.0,0.8,1.1666666666666667,0.2,0.7,0.85,1.0740740740740742,0.519790570504854,0.1044714241139381,0.04612554974470608
Jason Preston,UTA,2024-04-12,21,11.526666666666666,11.391833333333333,9.600916666666668,9.281031746031747,2.0,2.6,2.65,2.5238095238095237,2.8,2.0,1.95,1.8571428571428572,2.8,2.4,2.15,2.0476190476190474,0.15589008741492597,0.19430652385397765,0.14054479901184558
Javin DeLaurier,MIL,2022-01-01,1,2.8,2.8,2.8,2.8,0.0,0.0,0.0,0.0,1.0,1.0,1.0,1.0,0.0,0.0,0.0,0.0,0.0,0.35714285714285715,0.0
Javon Freeman-Liberty,TOR,2024-04-14,22,22.768333333333334,22.679333333333336,19.956916666666668,18.319924242424246,8.8,9.4,7.55,6.954545454545454,3.6,4.2,3.45,3.1818181818181817,2.2,2.3,2.0,1.8181818181818181,0.37325255464868995,0.20735834438293158,0.08783983551382127
Javon Small,MEM,2026-04-12,41,23.556666666666665,24.658333333333335,25.190833333333337,20.241666666666667,13.0,13.4,13.0,9.658536585365853,2.8,3.6,4.0,3.1219512195121952,3.6,3.3,4.1,3.682926829268293,0.5425137590290107,0.14499523394981656,0.1382129367161348
Javonte Cooke,POR,2026-03-01,19,3.2653333333333334,3.267666666666667,4.929736842105263,4.929736842105263,0.0,0.6,1.2105263157894737,1.2105263157894737,1.4,0.9,1.0,1.0,0.0,0.0,0.3684210526315789,0.3684210526315789,0.1649969078540507,0.19049650145531602,0.0
Javonte Green,DET,2026-04-12,256,15.26533333333333,17.2135,16.278333333333332,19.271471354166668,7.8,8.0,7.4,6.48046875,3.4,3.4,2.8,3.43359375,0.6,0.7,0.75,0.78125,0.4128563858696719,0.18910250437000517,0.04878335498314836
Javonte Smart,PHI,2023-12-22,18,8.116666666666665,10.423333333333334,11.140185185185185,11.140185185185185,4.0,2.4,2.8333333333333335,2.8333333333333335,1.0,0.9,1.3333333333333333,1.3333333333333333,0.4,1.0,0.8888888888888888,0.8888888888888888,0.06860465051351305,0.047509297536195996,0.17477538801893303
Jaxson Hayes,LAL,2026-04-05,309,22.466666666666665,22.048166666666663,19.96783333333333,16.776672060409926,13.6,11.5,8.95,6.699029126213592,4.6,5.1,4.65,3.8770226537216828,1.0,0.9,0.8,0.7346278317152104,0.4914406168288634,0.22994846208604383,0.04161400357835019
Jay Huff,IND,2026-04-12,177,23.27,22.523666666666664,22.487833333333334,14.868832391713747,10.6,10.9,10.9,7.322033898305085,5.4,5.0,4.35,2.76271186440678,2.6,2.5,1.9,0.9717514124293786,0.48435759688779345,0.2220541990588904,0.11322713691473203
Jay Scrubb,ORL,2023-04-06,20,7.947333333333333,9.049833333333332,7.574916666666667,7.574916666666667,3.0,3.1,3.1,3.1,1.4,1.8,1.1,1.1,0.2,0.4,0.45,0.45,0.42496770744089274,0.22419798201093916,0.03210544277320334
Jaylen Brown,BOS,2026-04-10,337,34.97366666666667,36.24283333333334,34.713166666666666,34.32836795252226,30.6,30.4,27.4,24.893175074183976,4.8,6.1,6.65,6.261127596439169,3.6,5.0,5.75,4.041543026706232,0.8397802729519455,0.16433547350205518,0.13520482003242346
Jaylen Clark,MIN,2026-04-12,108,20.821666666666665,15.048166666666669,10.676666666666666,13.052746913580249,6.6,5.3,4.35,4.055555555555555,1.4,1.9,1.4,1.6018518518518519,1.8,1.1,0.65,0.6388888888888888,0.38230836575709626,0.19776529767529466,0.0613016320341345
Jaylen Hoard,OKC,2022-04-10,7,39.53666666666667,34.22452380952381,34.22452380952381,34.22452380952381,18.4,14.714285714285714,14.714285714285714,14.714285714285714,12.4,12.0,12.0,12.0,2.8,2.4285714285714284,2.4285714285714284,2.4285714285714284,0.3556876297723397,0.43594870057276497,0.05960606316039626
Jaylen Martin,WAS,2025-04-09,16,24.441999999999997,22.119333333333337,14.914166666666667,14.914166666666667,7.2,7.0,4.875,4.875,3.4,3.9,2.75,2.75,2.0,1.7,1.0625,1.0625,0.25409606808824264,0.20810812333201692,0.0623971834832048
Jaylen Morris,SAS,2022-01-10,3,5.344444444444444,5.344444444444444,5.344444444444444,5.344444444444444,0.6666666666666666,0.6666666666666666,0.6666666666666666,0.6666666666666666,0.6666666666666666,0.6666666666666666,0.6666666666666666,0.6666666666666666,0.6666666666666666,0.6666666666666666,0.6666666666666666,0.6666666666666666,0.13658473030487275,0.12012012012012013,0.11043789381320868
Jaylen Nowell,NOP,2024-11-19,148,25.631666666666668,18.6625,19.01025,17.623840090090088,9.2,7.3,7.4,9.317567567567568,3.6,2.3,2.2,2.277027027027027,3.2,1.9,1.85,2.02027027027027,0.3660124067811158,0.10854901246815299,0.0880888868240822
Jaylen Sims,CHA,2025-04-13,6,18.211666666666666,18.634722222222223,18.634722222222223,18.634722222222223,7.0,7.0,7.0,7.0,1.0,1.0,1.0,1.0,1.6,2.0,2.0,2.0,0.38831884779296866,0.050981458506888795,0.10674612762849754
Jaylen Wells,MEM,2026-03-23,148,22.49566666666667,25.076500000000003,25.198,26.108941441441438,9.2,12.9,13.8,11.405405405405405,2.0,2.4,2.45,3.2972972972972974,0.8,1.1,1.45,1.662162162162162,0.49382717369492923,0.09550821483799408,0.04224585700517637
Jaylin Williams,OKC,2026-04-08,230,17.094,15.777666666666667,19.925250000000002,16.837108695652173,4.2,5.8,8.05,5.7,6.2,5.6,6.55,4.760869565217392,2.2,1.8,2.25,2.017391304347826,0.35803561611161366,0.3331500928313242,0.1199541381904207
Jaylon Tyson,CLE,2026-04-12,113,21.31,22.994666666666667,24.606833333333334,19.73843657817109,12.2,11.5,11.45,9.194690265486726,4.8,3.6,4.3,3.84070796460177,2.6,2.4,1.75,1.6902654867256637,0.47286190246503673,0.1492859010649349,0.10671061523960142
Jaysean Paige,DET,2022-01-01,1,6.616666666666666,6.616666666666666,6.616666666666666,6.616666666666666,0.0,0.0,0.0,0.0,1.0,1.0,1.0,1.0,1.0,1.0,1.0,1.0,0.0,0.15113350125944586,0.15113350125944586
Jayson Kent,POR,2026-04-12,5,4.493333333333333,4.493333333333333,4.493333333333333,4.493333333333333,2.0,2.0,2.0,2.0,1.0,1.0,1.0,1.0,0.0,0.0,0.0,0.0,0.3668776023503054,0.291639929829011,0.0
Jayson Tatum,BOS,2026-04-09,312,36.20399999999999,34.539500000000004,33.39416666666666,36.07066773504273,23.6,22.4,21.75,27.365384615384617,12.0,10.9,9.3,8.467948717948717,7.8,6.1,5.65,4.987179487179487,0.6510422853569982,0.31536877421176585,0.17538537902531665
Jazian Gortman,DAL,2025-01-25,16,4.123333333333333,4.273666666666667,3.5385416666666667,3.5385416666666667,1.6,1.6,1.5,1.5,0.4,0.4,0.3125,0.3125,0.6,0.6,0.375,0.375,0.21218192635955796,0.04418581081081081,0.08705372221408117
Jeff Dowtin Jr.,PHI,2025-04-11,87,26.795666666666666,26.467666666666663,18.8615,12.982816091954025,14.4,15.8,10.15,4.793103448275862,1.2,2.2,1.65,1.3908045977011494,2.8,3.0,2.25,1.6781609195402298,0.6061287774249292,0.08823931547203091,0.11517608691328973
Jeff Green,HOU,2026-04-12,271,8.256666666666668,7.655000000000001,6.3625,17.781119311193113,1.6,2.1,2.3,7.22140221402214,1.2,1.4,1.05,2.3468634686346865,0.8,0.4,0.35,0.9704797047970479,0.30048164399711047,0.15708275493416246,0.06793690913482626
Jemerrio Jones,LAL,2021-12-23,2,7.358333333333333,7.358333333333333,7.358333333333333,7.358333333333333,2.0,2.0,2.0,2.0,1.5,1.5,1.5,1.5,0.0,0.0,0.0,0.0,0.4039156488724212,0.3606879831663693,0.0
Jerami Grant,POR,2026-03-27,268,29.798000000000002,31.13316666666667,30.889999999999997,32.81445273631841,16.6,17.8,17.65,18.89179104477612,3.6,3.0,3.4,3.828358208955224,1.4,1.4,1.55,2.373134328358209,0.5715227964869337,0.09781169566516837,0.041961250356406694
Jeremiah Fears,NOP,2026-04-12,82,39.379999999999995,31.996666666666663,25.99116666666667,25.75491869918699,31.8,23.6,16.95,14.25609756097561,5.8,4.0,3.2,3.658536585365854,6.0,4.8,3.95,3.402439024390244,0.7260527829400046,0.11757215212873948,0.15111941008508928
Jeremiah Robinson-Earl,DAL,2026-01-24,219,12.209666666666669,13.151000000000002,17.39158333333333,17.509794520547942,4.4,3.7,4.95,5.899543378995434,3.0,3.8,5.05,4.328767123287672,0.6,0.7,0.75,0.9863013698630136,0.25489799198779267,0.2816629938307944,0.032366373018314645
Jeremy Lamb,SAC,2022-04-10,56,18.22,17.437999999999995,18.549,16.70443452380952,7.0,7.2,7.3,7.321428571428571,2.2,3.3,3.35,2.75,2.0,1.7,1.65,1.4464285714285714,0.4166250123279216,0.17648073559585392,0.08209830995248202
Jeremy Sochan,NYK,2026-04-12,228,10.552,7.227000000000001,6.504333333333332,24.04962719298246,5.8,3.7,2.3,9.868421052631579,4.2,2.6,1.8,5.394736842105263,1.4,0.9,0.6,2.4517543859649122,0.5139751513719646,0.2551870783423766,0.06548149846002894
Jericho Sims,MIL,2026-04-12,258,32.57566666666667,28.861666666666668,25.597833333333337,15.121356589147284,12.2,9.4,7.65,3.0697674418604652,8.0,8.8,6.9,4.3604651162790695,5.0,3.9,2.7,0.8062015503875969,0.3264287268798219,0.3003772153613406,0.14172526750187142
Jermaine Samuels Jr.,HOU,2024-04-14,14,3.0473333333333334,3.4531666666666667,4.295119047619047,4.295119047619047,1.6,1.4,1.4285714285714286,1.4285714285714286,0.6,0.8,0.9285714285714286,0.9285714285714286,0.2,0.1,0.21428571428571427,0.21428571428571427,0.34890550191255143,0.222097008382624,0.02097168822090178
Jerome Robinson,GSW,2024-04-14,22,3.193333333333334,4.291666666666666,3.6916666666666664,3.668939393939394,1.4,2.1,1.55,1.4090909090909092,0.2,0.3,0.2,0.2727272727272727,0.0,0.3,0.25,0.22727272727272727,0.38055954424884003,0.09696048632218845,0.05283917035022101
Jesse Edwards,MIN,2025-03-04,2,2.3333333333333335,2.3333333333333335,2.3333333333333335,2.3333333333333335,0.0,0.0,0.0,0.0,0.0,0.0,0.0,0.0,0.5,0.5,0.5,0.5,0.0,0.0,0.16216216216216214
Jett Howard,ORL,2026-04-03,133,11.596666666666668,13.230666666666668,16.05716666666667,10.999573934837093,6.0,5.6,6.45,4.488721804511278,0.8,1.2,2.2,1.2330827067669172,0.4,0.6,0.85,0.7142857142857143,0.4270467270364019,0.09987814626312115,0.05352523638356692
Jevon Carter,ORL,2026-04-12,308,18.28333333333333,18.717333333333336,19.87683333333333,15.936839826839828,6.4,5.4,7.3,5.76948051948052,2.4,1.4,1.95,1.6233766233766234,1.6,1.8,1.9,1.6688311688311688,0.30248790313749374,0.07231692401491407,0.09257005202399818
Jimmy Butler III,GSW,2026-01-19,274,27.143333333333334,29.666666666666664,30.868333333333332,32.98801703163017,22.0,21.0,20.0,20.638686131386862,6.0,5.4,5.5,5.605839416058394,5.0,4.8,4.85,5.2299270072992705,0.7082570517995037,0.18401091565019173,0.16652627877526943
Joan Beringer,MIN,2026-04-12,40,17.21933333333333,10.943,9.0615,7.853291666666666,10.6,6.5,4.95,3.9,5.2,3.5,2.55,2.3,0.8,0.5,0.35,0.3,0.6072959644231231,0.23962344818803372,0.0402117577489907
Jock Landale,ATL,2026-04-01,289,23.229666666666667,19.631666666666668,18.943,15.006188004613609,10.0,8.3,8.3,6.619377162629758,5.8,4.0,3.9,3.8546712802768166,2.0,2.1,1.7,1.1418685121107266,0.43743143804391255,0.17452549808405343,0.10675168651413909
Joe Harris,DET,2024-02-07,104,7.690666666666667,8.514333333333335,11.198583333333334,20.383285256410257,2.2,1.5,3.4,7.298076923076923,0.6,0.7,0.95,2.2403846153846154,0.2,0.5,0.65,1.2019230769230769,0.15223233833443522,0.07613033468637884,0.05376398485963483
Joe Ingles,MIN,2026-04-12,205,12.615,8.485833333333334,6.488583333333333,17.567999999999998,5.8,3.1,2.05,4.848780487804878,2.4,1.4,0.95,2.102439024390244,2.8,2.1,1.4,2.770731707317073,0.22003697886909568,0.16181740166802597,0.20142003060072883
Joe Johnson,BOS,2021-12-22,1,1.95,1.95,1.95,1.95,2.0,2.0,2.0,2.0,0.0,0.0,0.0,0.0,0.0,0.0,0.0,0.0,1.0256410256410258,0.0,0.0
Joe Wieskamp,TOR,2023-04-09,38,4.604333333333334,5.843833333333333,7.876083333333332,6.705175438596492,0.0,0.9,1.65,1.8421052631578947,0.4,0.5,0.5,0.47368421052631576,0.4,0.3,0.35,0.3157894736842105,0.07780979827089338,0.10897509328601784,0.021674849102122428
Joel Ayayi,WAS,2021-12-30,7,3.0533333333333332,2.888095238095238,2.888095238095238,2.888095238095238,0.4,0.2857142857142857,0.2857142857142857,0.2857142857142857,0.6,0.42857142857142855,0.42857142857142855,0.42857142857142855,0.6,0.5714285714285714,0.5714285714285714,0.5714285714285714,0.0696864111498258,0.17616006938732784,0.2880203030705443
Joel Embiid,PHI,2026-04-06,230,34.32366666666667,33.2875,33.86991666666666,33.325717391304345,28.6,28.8,29.8,30.817391304347826,8.8,8.2,8.4,10.191304347826087,4.0,4.2,4.55,4.4,0.8751606571546112,0.24605419852842517,0.13057170431992302
John Butler Jr.,POR,2023-04-09,19,24.59,19.075166666666668,11.6369298245614,11.6369298245614,7.4,4.3,2.3684210526315788,2.3684210526315788,2.0,1.5,0.8947368421052632,0.8947368421052632,1.4,1.0,0.5789473684210527,0.5789473684210527,0.1773675676746759,0.07092475795702519,0.041311134980436356
John Collins,LAC,2026-04-12,302,22.66533333333333,24.66766666666667,25.615583333333337,29.09033112582781,13.4,12.6,12.9,14.990066225165563,6.2,5.7,6.05,7.129139072847682,1.2,1.1,1.25,1.3576158940397351,0.48080951539026395,0.2376854292478731,0.039622244569632384
John Konchar,UTA,2026-04-12,301,31.47666666666667,30.689833333333336,27.348916666666668,18.710348837209303,7.8,8.4,6.6,4.3455149501661126,8.4,8.1,6.15,4.275747508305648,5.6,4.8,3.2,1.5913621262458473,0.2704536341452874,0.2581526600982718,0.15317557344135813
John Poulakidas,DAL,2026-04-12,13,24.080333333333332,20.650166666666667,19.495,19.495,14.2,10.2,8.846153846153847,8.846153846153847,2.0,2.0,2.3076923076923075,2.3076923076923075,1.0,0.9,0.8461538461538461,0.8461538461538461,0.47745859317851364,0.10015736553715973,0.03686222911349587
John Tonje,BOS,2026-04-12,6,7.593000000000001,6.9830555555555565,6.9830555555555565,6.9830555555555565,3.0,2.5,2.5,2.5,1.2,1.0,1.0,1.0,0.4,0.3333333333333333,0.3333333333333333,0.3333333333333333,0.13773081702504922,0.08704372533773226,0.037889963592497584
John Wall,LAC,2023-01-13,34,22.78333333333334,21.816666666666666,22.166666666666668,22.197941176470586,9.2,9.0,11.1,11.352941176470589,3.2,2.8,2.65,2.7058823529411766,5.0,4.5,4.8,5.235294117647059,0.4025831089233283,0.12347148512056023,0.20704546106320754
Johni Broome,PHI,2026-02-11,11,3.1246666666666667,5.0045,4.9783333333333335,4.9783333333333335,0.0,0.6,0.9090909090909091,0.9090909090909091,0.6,1.4,1.4545454545454546,1.4545454545454546,0.0,0.3,0.36363636363636365,0.36363636363636365,0.050220680690499495,0.25374972677722785,0.02442337151681665
Johnny Davis,WAS,2025-02-05,112,5.653333333333333,4.610999999999999,6.908833333333332,11.408154761904763,1.2,1.3,2.2,3.5267857142857144,1.2,0.6,1.0,1.5625,0.4,0.2,0.4,0.6339285714285714,0.3108061133742714,0.12401113451655588,0.028462404260575946
Johnny Furphy,IND,2026-02-08,85,20.494,21.276666666666664,20.879916666666666,12.03,4.4,4.7,5.4,3.3294117647058825,4.6,5.6,5.65,2.635294117647059,2.8,2.3,1.8,0.7058823529411765,0.21414247727656113,0.2528796051481388,0.10432130934195993
Johnny Juzang,MIN,2026-02-06,123,5.101333333333333,5.770666666666666,4.22325,15.947818428184283,1.4,2.9,2.1,6.869918699186992,1.0,1.2,0.8,2.2439024390243905,0.0,0.3,0.3,0.8536585365853658,0.48795458287957194,0.22242984650188996,0.0369542886492039
Jon Teske,MEM,2022-01-08,3,2.5805555555555557,2.5805555555555557,2.5805555555555557,2.5805555555555557,0.0,0.0,0.0,0.0,0.6666666666666666,0.6666666666666666,0.6666666666666666,0.6666666666666666,0.3333333333333333,0.3333333333333333,0.3333333333333333,0.3333333333333333,0.0,0.19621953559777394,0.10362694300518134
Jonas Valanciunas,DEN,2026-04-12,65,15.84666666666667,12.583333333333332,11.0275,13.401000000000002,14.8,10.1,8.15,8.723076923076922,7.6,5.8,4.65,5.061538461538461,1.8,1.1,1.1,1.2,0.8052928357754136,0.42129326969898234,0.06850099251767863
Jonas Valančiūnas,SAC,2025-04-13,316,11.677000000000001,12.085166666666668,15.763583333333333,24.23068565400844,9.0,7.5,7.75,13.525316455696203,5.8,5.5,6.7,9.477848101265822,1.4,1.1,1.5,2.1107594936708862,0.5714319792449404,0.4409482552487666,0.08676750214437709
Jonathan Isaac,ORL,2026-03-12,192,9.104333333333333,8.865333333333334,9.189583333333333,13.799756944444445,1.2,1.5,1.8,5.010416666666667,1.8,2.3,1.95,3.90625,0.6,0.6,0.75,0.5104166666666666,0.15758298378916633,0.27181495802573397,0.057250126988578176
Jonathan Kuminga,ATL,2026-04-10,294,23.020666666666667,21.808666666666667,20.79741666666667,22.11994897959184,13.6,10.7,11.6,12.459183673469388,3.6,4.0,5.1,4.214285714285714,1.6,1.7,2.05,1.8333333333333333,0.47908927472923946,0.178997497112322,0.07809175093916823
Jonathan Mogbo,TOR,2026-04-12,103,5.876666666666667,6.22,5.648833333333334,14.898559870550164,1.6,1.8,1.55,4.368932038834951,1.4,2.0,1.55,3.679611650485437,0.6,1.0,0.75,1.6601941747572815,0.24349898520316815,0.2556982994543927,0.15314744087653884
Jontay Porter,TOR,2024-03-22,26,18.687666666666665,14.588500000000002,13.381,13.836089743589742,4.2,4.2,4.25,4.423076923076923,4.4,3.0,3.05,3.1538461538461537,4.2,3.1,2.3,2.3076923076923075,0.22290440205705858,0.23335387591586873,0.17332052303339085
Jordan Bell,CHI,2022-01-07,1,2.0166666666666666,2.0166666666666666,2.0166666666666666,2.0166666666666666,0.0,0.0,0.0,0.0,1.0,1.0,1.0,1.0,0.0,0.0,0.0,0.0,0.0,0.49586776859504134,0.0
Jordan Clarkson,NYK,2026-04-12,304,13.263333333333332,15.657833333333334,15.751416666666666,26.49156798245614,5.4,6.5,7.85,15.463815789473685,2.4,2.2,1.9,3.1315789473684212,1.8,1.5,1.45,3.2072368421052633,0.42581921161504777,0.16111918842572562,0.09738548501060613
Jordan Ford,SAC,2023-12-12,6,4.109999999999999,3.6361111111111106,3.6361111111111106,3.6361111111111106,2.4,2.0,2.0,2.0,0.4,0.3333333333333333,0.3333333333333333,0.3333333333333333,0.4,0.3333333333333333,0.3333333333333333,0.3333333333333333,0.4441750824629051,0.040054528687702984,0.040054528687702984
Jordan Goodwin,PHX,2026-04-08,220,20.748666666666665,23.312500000000004,23.494416666666663,19.461265151515153,8.8,9.3,8.7,7.0227272727272725,4.0,5.5,5.1,4.1454545454545455,1.2,2.1,1.95,2.3454545454545452,0.40815568922071843,0.2307582177106918,0.08164222572205251
Jordan Hall,SAS,2022-11-25,9,7.858666666666666,9.184444444444443,9.184444444444443,9.184444444444443,3.8,3.111111111111111,3.111111111111111,3.111111111111111,1.6,1.3333333333333333,1.3333333333333333,1.3333333333333333,1.0,1.2222222222222223,1.2222222222222223,1.2222222222222223,0.30539052145243717,0.11244131556965292,0.1606426513523323
Jordan Hawkins,NOP,2026-04-12,174,25.283666666666665,17.860166666666665,13.00025,18.23594827586207,15.8,10.0,6.1,7.9655172413793105,3.8,2.6,1.9,2.264367816091954,2.4,1.5,1.0,1.0229885057471264,0.7139058910125031,0.27809109615973615,0.060960468866285866
Jordan McLaughlin,SAS,2026-04-12,251,5.033333333333333,7.6433333333333335,7.092333333333332,11.163791500664011,2.2,2.2,2.1,3.091633466135458,1.0,0.8,0.8,1.155378486055777,0.4,1.3,1.05,2.099601593625498,0.384765964994115,0.1406977100971539,0.208492102054389
Jordan Miller,LAC,2026-04-12,105,26.172999999999995,23.993166666666664,25.161333333333335,16.888396825396825,12.4,11.0,11.35,7.266666666666667,3.2,2.8,2.95,2.3333333333333335,3.8,3.0,3.1,1.619047619047619,0.44482187772918313,0.11540056374730265,0.12340906973576868
Jordan Nwora,TOR,2024-04-14,176,14.679333333333332,19.802999999999997,18.368249999999996,17.526988636363637,8.0,9.1,9.55,7.9147727272727275,4.0,4.9,4.25,3.403409090909091,1.2,2.0,1.4,1.1875,0.41587928215348446,0.23797441790431897,0.09150874724243331
Jordan Poole,NOP,2026-04-10,343,21.486666666666668,19.827833333333334,20.772583333333333,29.21598639455782,12.4,11.5,11.2,18.516034985422742,1.4,2.2,2.1,2.848396501457726,3.2,3.0,2.55,4.192419825072887,0.49546445051518573,0.1086859418110138,0.14669746148567225
Jordan Schakel,WAS,2022-10-30,6,5.470000000000001,6.083333333333333,6.083333333333333,6.083333333333333,1.6,1.3333333333333333,1.3333333333333333,1.3333333333333333,1.2,1.3333333333333333,1.3333333333333333,1.3333333333333333,0.2,0.16666666666666666,0.16666666666666666,0.16666666666666666,0.16529108981185658,0.16609462734649025,0.03194888178913738
Jordan Walsh,BOS,2026-04-12,129,20.777333333333335,21.409166666666664,16.319416666666665,13.16625322997416,6.6,5.6,4.65,3.5736434108527133,3.6,3.5,3.2,2.798449612403101,1.2,1.1,0.65,0.6046511627906976,0.27193683695534443,0.15725287659154855,0.05569656786691681
Jose Alvarado,NYK,2026-04-12,296,21.52,16.793333333333333,15.577416666666664,19.96079954954955,11.4,7.5,5.65,7.993243243243243,3.2,2.3,1.7,2.2837837837837838,3.8,3.4,3.8,3.2027027027027026,0.3926030516481783,0.12051415873058306,0.19414509910059435
Josh Christopher,MIA,2025-04-13,152,7.952000000000001,5.114333333333334,9.340166666666667,14.40333333333333,4.4,2.3,4.2,6.493421052631579,1.0,0.7,0.9,1.75,0.8,0.5,1.0,1.519736842105263,0.29381356973783435,0.153318864297593,0.07995093502828013
Josh Giddey,CHI,2026-04-03,334,31.851,33.458000000000006,32.07833333333333,29.722095808383234,12.2,13.0,14.4,14.553892215568862,8.2,8.0,7.8,7.62874251497006,9.6,10.6,9.75,6.577844311377246,0.38251462896711336,0.23354443861698862,0.3089020667697661
Josh Green,CHA,2026-04-12,310,11.014000000000001,10.588666666666667,13.66925,22.18818817204301,2.4,1.7,2.65,6.7387096774193544,1.2,0.6,1.2,2.5838709677419356,0.4,0.4,0.5,1.5064516129032257,0.1367807676858385,0.055035694450183095,0.023615317130658578
Josh Hart,NYK,2026-04-10,354,29.626666666666665,31.52883333333333,29.60241666666667,33.45251883239172,8.6,11.3,12.25,11.734463276836157,5.4,5.9,7.0,8.13276836158192,3.6,3.4,3.9,4.562146892655368,0.3518875110197723,0.1916462129811843,0.11193996171669911
Josh Jackson,SAC,2022-04-10,51,18.466666666666665,11.790666666666667,12.468166666666667,16.27330065359477,8.6,5.2,4.3,6.431372549019608,3.0,1.8,2.0,2.764705882352941,0.6,0.5,0.5,1.0588235294117647,0.3791034686479072,0.13253354710327397,0.04607163423251887
Josh Minott,BKN,2026-04-05,142,22.08866666666666,23.225166666666667,16.16875,9.138438967136151,13.0,14.9,9.0,4.077464788732394,2.8,3.0,2.15,1.7394366197183098,0.8,1.0,0.7,0.5422535211267606,0.6428234227776046,0.12256291482783296,0.04539869542826566
Josh Oduro,NOP,2026-04-12,3,27.255555555555556,27.255555555555556,27.255555555555556,27.255555555555556,8.333333333333334,8.333333333333334,8.333333333333334,8.333333333333334,7.666666666666667,7.666666666666667,7.666666666666667,7.666666666666667,1.3333333333333333,1.3333333333333333,1.3333333333333333,1.3333333333333333,0.3228953085696483,0.2937827592396789,0.04777762734302512
Josh Okogie,HOU,2026-04-12,299,18.907999999999998,13.092333333333334,12.042666666666666,16.06984949832776,3.4,2.9,2.5,5.2675585284280935,4.2,2.3,1.95,2.6354515050167224,1.6,1.3,1.05,0.9899665551839465,0.20657286759084265,0.1412050883720202,0.1194098814666537
Josh Richardson,MIA,2024-11-18,181,18.240666666666666,18.31066666666667,20.717500000000005,24.207946593001846,4.4,4.3,7.35,9.817679558011049,1.4,1.6,2.4,2.723756906077348,1.4,1.4,1.55,2.2430939226519335,0.25553749973407464,0.07277126666132958,0.09319939077658816
Joshua Primo,LAC,2024-03-01,56,15.555666666666664,20.826166666666666,23.413333333333334,19.083363095238095,4.0,6.3,7.0,5.678571428571429,2.2,2.2,2.45,2.267857142857143,2.6,3.2,2.3,1.7678571428571428,0.2750850420002179,0.10882861149167963,0.13046821442484477
Jrue Holiday,POR,2026-04-12,318,34.39833333333333,31.382499999999993,30.819583333333334,31.791598532494756,18.2,17.9,16.8,15.49056603773585,6.2,5.4,4.7,4.79559748427673,6.6,5.2,5.95,5.80503144654088,0.5623822833925299,0.17140289542916243,0.16284174131051238
Juan Toscano-Anderson,SAC,2024-01-12,136,6.827,5.026333333333333,11.83525,12.84450980392157,1.0,0.7,2.45,3.3823529411764706,1.8,1.2,2.2,2.3088235294117645,0.2,0.3,1.4,1.4411764705882353,0.16754861669837262,0.13934268406949096,0.0696027928774037
Juancho Hernangomez,TOR,2023-02-26,82,6.469333333333334,9.339666666666668,9.429833333333333,12.9030081300813,0.6,0.6,1.05,3.0853658536585367,1.0,1.9,1.7,2.7195121951219514,0.2,0.6,0.45,0.5487804878048781,0.05044981217670376,0.19677054376111758,0.06289646888736808
Jules Bernard,WAS,2024-04-14,19,9.201666666666666,11.040833333333333,7.856578947368422,7.856578947368422,5.0,5.6,3.8947368421052633,3.8947368421052633,2.2,2.0,1.368421052631579,1.368421052631579,0.8,1.1,0.8421052631578947,0.8421052631578947,0.36053471638327206,0.1622493938153487,0.08464231225772181
Julian Champagnie,SAS,2026-04-12,255,27.72,26.82116666666667,27.20333333333333,23.474908496732027,9.6,11.3,10.6,9.392156862745098,5.8,6.0,5.65,4.145098039215687,1.8,2.0,1.7,1.3764705882352941,0.4193218123162169,0.22381241819948325,0.07327271364758972
Julian Phillips,MIN,2026-04-12,167,12.465,8.134166666666667,7.105666666666666,11.212405189620759,4.8,3.3,2.85,3.562874251497006,0.6,0.5,0.5,1.5209580838323353,0.4,0.3,0.15,0.3712574850299401,0.3556486477865865,0.05438974159995798,0.04675568522321487
Julian Reese,WAS,2026-04-12,13,34.79333333333334,30.28,30.88461538461539,30.88461538461539,14.8,12.5,11.846153846153847,11.846153846153847,10.2,10.5,10.538461538461538,10.538461538461538,1.8,1.9,1.8461538461538463,1.8461538461538463,0.4079853319851504,0.37427372325721575,0.06935590590011889
Julian Strawther,DEN,2026-04-12,172,22.500333333333334,16.771833333333333,15.280999999999997,16.218362403100777,14.8,9.6,7.8,7.1395348837209305,2.6,2.3,1.7,1.8430232558139534,1.8,1.4,0.95,1.1104651162790697,0.4959676386831394,0.14625117995856066,0.10510642908549832
Julius Randle,MIN,2026-04-07,343,32.55433333333333,32.856833333333334,31.88025,34.24791059280855,23.4,20.1,18.6,21.690962099125365,5.2,5.5,6.3,8.527696793002915,4.2,4.7,4.2,4.769679300291545,0.6137480520351969,0.1664608064081245,0.14650205922781223
Justin Anderson,IND,2022-04-05,16,18.977666666666664,23.89683333333333,19.740729166666668,19.740729166666668,5.6,8.1,6.375,6.375,2.0,3.6,2.875,2.875,1.6,2.4,2.0625,2.0625,0.285891830742317,0.11864679880823452,0.1113807755519288
Justin Champagnie,WAS,2026-04-12,187,24.01,23.926666666666666,21.8375,17.475614973262033,11.6,11.3,11.0,7.06951871657754,7.8,5.7,5.2,4.641711229946524,1.8,1.8,1.55,0.9518716577540107,0.4763979253667717,0.2433470329070296,0.07490777438961363
Justin Edwards,PHI,2026-04-12,108,13.421333333333333,12.433499999999999,18.445749999999997,19.738317901234566,5.0,5.2,9.15,7.694444444444445,0.8,0.6,1.55,2.240740740740741,0.6,0.7,1.75,1.3796296296296295,0.3484765133643774,0.040509453886598754,0.040736421130253775
Justin Holiday,DEN,2024-04-14,178,16.940666666666665,16.1445,15.666916666666669,20.3648127340824,5.6,4.5,4.2,6.674157303370786,0.8,1.1,1.2,1.7752808988764044,2.2,1.2,1.45,1.3258426966292134,0.2599850949671684,0.07712434922020192,0.058531268488082676
Justin Jackson,MIN,2024-02-27,32,4.755999999999999,4.054666666666668,4.087833333333334,4.5184375,1.0,1.1,0.7,1.09375,1.6,1.0,0.75,0.75,0.2,0.3,0.4,0.34375,0.18560446828524382,0.12543857843945524,0.0656543402365861
Justin Minaya,POR,2025-04-13,57,12.831333333333333,7.839000000000001,6.911166666666665,10.008888888888889,3.2,1.8,1.3,1.6842105263157894,1.0,0.6,0.8,1.4210526315789473,1.0,0.5,0.45,0.5614035087719298,0.21727209729583663,0.05486534539012063,0.043586477300153845
Justin Robinson,DET,2022-01-06,25,18.204,10.912,11.529916666666669,12.149133333333333,5.6,3.0,3.2,3.12,1.4,0.8,0.85,0.84,1.8,1.1,1.4,1.28,0.19629944077738898,0.06863491926984275,0.09553140533136953
Justise Winslow,POR,2022-12-21,77,19.805333333333333,22.820833333333333,27.349833333333333,20.13577922077922,4.0,4.1,6.35,6.103896103896104,3.4,4.3,5.1,4.5064935064935066,1.2,2.8,3.35,2.3636363636363638,0.18738200479789915,0.18671919509095447,0.10532146750174583
Jusuf Nurkić,UTA,2026-02-11,276,25.96333333333333,28.32833333333333,28.652083333333337,26.06460144927536,8.6,12.4,13.7,11.829710144927537,11.4,12.2,11.5,9.96376811594203,3.4,6.1,5.8,3.3260869565217392,0.43343966752521695,0.43276758758658784,0.20973619005812502
Juwan Morgan,BOS,2022-04-03,2,15.4825,15.4825,15.4825,15.4825,2.5,2.5,2.5,2.5,2.0,2.0,2.0,2.0,0.5,0.5,0.5,0.5,0.09135757354284671,0.07308605883427736,0.01827151470856934
KJ Martin,UTA,2025-04-02,264,21.6,20.9655,22.578916666666668,21.23665404040404,5.8,5.1,6.2,8.458333333333334,1.8,2.3,2.95,3.8068181818181817,1.8,1.9,1.5,1.2234848484848484,0.21435945708329046,0.10293445822059022,0.08985214972446977
KJ Simpson,DEN,2026-04-10,56,5.423333333333334,12.114833333333333,12.880499999999998,19.637380952380955,0.8,4.3,4.55,6.660714285714286,1.4,1.8,1.85,2.607142857142857,0.8,1.8,2.15,2.767857142857143,0.24117775400329494,0.13940874155121902,0.13394078783152322
KZ Okpala,SAC,2023-01-28,56,2.1263333333333336,5.430166666666667,5.491916666666666,8.787440476190477,0.2,0.9,0.75,2.1964285714285716,0.2,0.5,0.55,1.3392857142857142,0.0,0.3,0.25,0.48214285714285715,0.10863230004139965,0.5801418734884106,0.033696443743172724
Kadary Richmond,WAS,2026-02-20,3,22.26666666666667,22.26666666666667,22.26666666666667,22.26666666666667,8.333333333333334,8.333333333333334,8.333333333333334,8.333333333333334,3.3333333333333335,3.3333333333333335,3.3333333333333335,3.3333333333333335,2.6666666666666665,2.6666666666666665,2.6666666666666665,2.6666666666666665,0.49507627745090893,0.19789770147989635,0.1312638169218199
Kai Jones,DAL,2025-04-13,107,17.48333333333333,20.23,15.728583333333333,10.099828660436136,9.4,9.8,7.95,3.5233644859813085,4.8,6.0,4.55,2.4205607476635516,1.2,1.4,0.85,0.411214953271028,0.5267292388545421,0.33903664763116187,0.05924841467971157
Kaiser Gates,NOP,2023-10-30,1,7.433333333333334,7.433333333333334,7.433333333333334,7.433333333333334,0.0,0.0,0.0,0.0,1.0,1.0,1.0,1.0,0.0,0.0,0.0,0.0,0.0,0.13452914798206278,0.0
Kam Jones,IND,2026-04-12,37,21.020000000000003,18.073500000000003,21.66525,16.657432432432433,4.6,4.4,5.9,4.378378378378378,2.0,2.1,2.15,1.6216216216216217,4.4,4.5,4.9,3.2162162162162162,0.2235373132434461,0.11980920822440655,0.24346444848019594
Karl-Anthony Towns,NYK,2026-04-10,312,31.174666666666667,29.057,29.917333333333335,33.00183760683761,20.2,20.2,20.3,22.53846153846154,10.6,11.9,12.3,10.53525641025641,5.8,3.8,3.45,3.3525641025641026,0.7058331269038499,0.40997096340741856,0.12903989140915145
Karlo Matković,NOP,2026-03-29,104,16.686666666666667,18.700333333333333,18.447916666666664,16.36866987179487,6.4,6.9,7.3,6.509615384615385,3.2,4.6,4.65,4.211538461538462,0.4,0.5,0.95,0.9230769230769231,0.37178255683302497,0.2393474709511864,0.025237862339999945
Kasparas Jakučionis,MIA,2026-04-12,53,19.703333333333333,18.093333333333334,19.206416666666666,17.823176100628928,7.6,6.7,7.2,6.188679245283019,2.4,2.3,2.6,2.6037735849056602,4.2,3.3,2.85,2.5849056603773586,0.30557311887519895,0.1067418968130811,0.1653522827091312
Kawhi Leonard,LAC,2026-04-10,222,31.827333333333332,30.685333333333336,30.736499999999996,33.073033033033035,25.6,25.4,27.8,24.5990990990991,6.4,6.7,6.5,6.243243243243243,3.8,3.3,3.3,3.5945945945945947,0.8428358710972953,0.22143829239330737,0.10672401082742078
Keaton Wallace,ATL,2026-04-12,84,10.976666666666667,6.8,5.766333333333333,12.347103174603173,4.2,2.7,2.2,4.214285714285714,1.2,0.8,0.65,1.2619047619047619,2.2,1.2,0.9,2.0833333333333335,0.45939337270812963,0.11829342210622582,0.12802547230624287
Keegan Murray,SAC,2026-02-25,256,27.353,30.397999999999996,33.96708333333334,32.7090234375,11.2,12.5,13.25,13.32421875,3.8,4.1,5.5,5.5859375,1.8,1.7,1.7,1.4609375,0.3921776070228392,0.13209493670137692,0.051628426976724574
Keifer Sykes,IND,2022-04-01,32,17.678,16.324999999999996,14.836000000000002,17.70010416666667,6.0,5.0,4.45,5.625,0.4,0.6,0.95,1.40625,1.6,1.8,1.55,1.9375,0.2697121509101681,0.03382055012081113,0.11635066967296581
Keion Brooks Jr.,NOP,2025-04-13,14,32.635333333333335,27.933000000000003,23.698690476190478,23.698690476190478,15.2,12.9,10.142857142857142,10.142857142857142,6.0,4.9,4.142857142857143,4.142857142857143,0.8,1.0,0.9285714285714286,0.9285714285714286,0.47783112556194396,0.17795038433045168,0.03748069428126462
Keita Bates-Diop,BKN,2024-03-23,179,3.2833333333333337,4.147333333333333,6.901999999999998,17.171657355679702,0.4,1.2,2.3,6.58659217877095,0.6,0.7,1.15,3.2849162011173183,0.2,0.4,0.35,1.0167597765363128,0.22071990178176173,0.15842935806197883,0.07656476887305712
Kel'el Ware,MIA,2026-04-12,141,23.047,19.709666666666667,22.2665,22.172399527186762,12.8,10.9,10.25,10.25531914893617,9.2,7.6,7.9,8.27659574468085,1.8,1.8,1.25,0.8226950354609929,0.5334654987947547,0.36998173092980996,0.09650404224183949
Kelan Martin,BOS,2022-03-11,30,6.6,11.294166666666666,14.544166666666666,14.990055555555555,2.2,3.4,5.25,5.7,1.0,1.8,1.75,1.8333333333333333,0.0,0.2,0.5,0.7,0.1905526412589664,0.23475054186637676,0.0153962855045198
Keldon Johnson,SAS,2026-04-12,366,23.423333333333336,24.185000000000002,23.299333333333333,27.986015482695816,15.6,14.8,14.05,15.866120218579235,6.2,4.9,4.7,5.363387978142076,1.0,1.6,1.4,2.109289617486339,0.6158401394076212,0.20031106171573074,0.06669448026598554
Keljin Blevins,POR,2022-04-10,31,16.006666666666668,17.180833333333332,14.358416666666667,11.2694623655914,2.6,4.6,3.95,3.064516129032258,1.6,2.9,2.0,1.4516129032258065,0.4,0.7,0.75,0.6129032258064516,0.24893640913789888,0.15875125006516086,0.04043445980423948
Kelly Olynyk,SAS,2026-04-02,272,4.886666666666666,6.118333333333334,6.442583333333333,21.011954656862745,2.4,2.4,2.25,9.158088235294118,1.2,1.5,1.3,4.742647058823529,1.0,1.1,0.8,3.261029411764706,0.43847637291900676,0.21435214151779328,0.1364875756935235
Kelly Oubre Jr.,PHI,2026-04-12,302,27.056666666666672,28.249333333333333,29.757166666666667,30.64408388520971,10.0,13.3,14.05,15.791390728476822,5.6,6.5,5.6,5.006622516556291,0.8,1.0,1.7,1.413907284768212,0.45900844757668846,0.22359427500819784,0.03579210224567037
Kemba Walker,DAL,2023-01-05,46,9.08,16.445166666666665,19.321583333333333,23.73025362318841,2.4,8.1,7.65,10.934782608695652,0.8,1.6,1.9,2.760869565217391,0.4,2.2,2.85,3.260869565217391,0.4516850642763524,0.07336533455424289,0.1001971806028695
Kendall Brown,IND,2024-04-14,21,5.276666666666666,4.234166666666666,5.057666666666667,4.8953968253968245,1.4,1.1,1.4,1.4285714285714286,0.4,0.3,0.55,0.5238095238095238,0.2,0.3,0.4,0.38095238095238093,0.2009271430937772,0.051117808264621215,0.06307221471444051
Kendrick Nunn,WAS,2023-04-09,70,19.956666666666667,15.236,11.68075,13.763285714285713,13.8,10.6,6.85,7.085714285714285,3.4,2.1,1.5,1.5571428571428572,3.2,2.1,1.3,1.2857142857142858,0.6840713279628367,0.11286094350091831,0.11202499572204602
Kennedy Chandler,UTA,2026-04-10,47,32.25,31.804333333333336,20.370416666666667,13.54755319148936,16.0,14.6,9.1,5.170212765957447,3.6,3.2,2.15,1.5957446808510638,6.6,7.0,4.25,2.8085106382978724,0.4338967083024535,0.09378032045652149,0.22695316618865205
Kenneth Lofton Jr.,UTA,2024-04-14,45,19.17666666666667,10.855666666666668,9.655083333333334,8.316888888888887,11.4,6.4,4.8,4.8,4.2,2.6,1.9,1.9777777777777779,3.8,2.1,1.6,1.1777777777777778,0.46809754922213836,0.5409411383513331,0.12405919115022582
Kenrich Williams,OKC,2026-04-12,296,17.65966666666667,12.378166666666667,13.695833333333331,17.88516328828829,7.6,5.6,5.6,6.45945945945946,5.4,3.7,3.05,3.777027027027027,2.2,1.4,1.15,1.6283783783783783,0.35261536686788114,0.25520564737541085,0.09133287559491907
Kent Bazemore,LAL,2022-04-07,39,12.246666666666666,10.345,9.52825,13.964444444444442,1.2,1.9,2.6,3.3846153846153846,2.4,1.5,1.6,1.7692307692307692,0.8,0.7,0.95,0.8717948717948718,0.18736068438215844,0.1088680844548889,0.07427537482058968
Kentavious Caldwell-Pope,MEM,2026-02-11,357,24.04,22.869833333333332,20.130666666666666,29.351059757236232,10.0,8.8,8.55,10.38375350140056,2.6,2.5,2.6,2.649859943977591,1.8,2.0,1.8,2.2016806722689077,0.3900873849816999,0.11001084315543241,0.09176540507216364
Keon Ellis,CLE,2026-04-10,225,24.73,25.6195,26.30933333333333,19.894125925925927,8.6,9.2,9.15,6.5777777777777775,3.0,2.4,2.75,2.128888888888889,2.2,1.5,1.45,1.2577777777777779,0.33381593428821077,0.09721134305321359,0.0568552536055296
Keon Johnson,BKN,2025-04-13,161,24.735,26.230833333333333,26.23458333333333,19.249751552795033,13.0,13.3,12.3,8.236024844720497,5.0,3.9,3.95,2.6645962732919255,4.2,3.7,2.95,1.9440993788819876,0.5217214910669028,0.15011776658513773,0.146089476108869
Keshad Johnson,MIA,2026-04-12,48,13.817333333333334,11.814000000000002,7.958666666666666,7.86763888888889,7.0,6.5,4.7,3.7291666666666665,2.4,2.2,1.6,1.875,0.8,0.6,0.35,0.25,0.7467714599095338,0.43536431558168165,0.06098314519458268
Keshon Gilbert,ATL,2026-04-12,4,18.445833333333333,18.445833333333333,18.445833333333333,18.445833333333333,4.25,4.25,4.25,4.25,1.25,1.25,1.25,1.25,3.0,3.0,3.0,3.0,0.22447234720694362,0.08571923509710122,0.12415503692268201
Kessler Edwards,DAL,2025-03-25,178,25.91766666666667,27.185999999999996,22.631166666666665,12.675,8.2,9.9,7.1,3.6235955056179776,4.4,4.5,4.2,2.191011235955056,0.4,1.7,1.6,0.6235955056179775,0.3441423055538145,0.16279477616315452,0.06390453318662279
Kevin Durant,HOU,2026-04-10,317,35.962666666666664,36.01350000000001,35.67399999999999,36.63819663512092,28.4,26.3,25.3,27.48895899053628,6.2,5.5,5.5,6.356466876971608,5.8,7.0,5.55,5.044164037854889,0.7326110670881649,0.15404783140597417,0.19530773245290067
Kevin Huerter,DET,2026-04-12,351,22.990000000000002,25.079833333333333,22.8335,26.15820512820513,10.8,12.0,9.85,11.56980056980057,3.4,3.2,3.2,3.3447293447293447,3.8,3.3,2.95,2.6324786324786325,0.47004042734314544,0.12916150912890606,0.13211666510123593
Kevin Knox II,GSW,2025-04-11,138,5.5489999999999995,5.425666666666666,8.655166666666664,13.174661835748791,3.6,2.3,3.4,5.630434782608695,1.0,0.9,1.55,2.2681159420289854,0.2,0.2,0.45,0.5144927536231884,0.3564101841783255,0.19538798791976544,0.019203798685686807
Kevin Love,UTA,2026-03-18,251,12.553333333333333,14.056666666666667,17.00333333333333,18.696653386454184,5.8,6.4,6.5,9.44621513944223,5.2,5.9,6.45,6.302788844621514,1.2,1.8,1.95,1.9123505976095618,0.5307494431873285,0.40824955994670287,0.1398441702646051
Kevin McCullar Jr.,NYK,2026-04-12,25,6.500333333333333,6.808,7.688833333333333,7.3664,3.2,2.2,2.35,2.24,0.8,0.8,1.35,1.44,0.2,0.5,1.0,0.88,0.17760264756090102,0.14492012286443284,0.10871887231096611
Kevin Pangos,CLE,2022-02-09,24,1.3933333333333335,9.266499999999997,7.72375,6.917222222222222,0.0,1.7,1.8,1.625,0.0,0.8,0.5,0.4583333333333333,0.0,1.6,1.5,1.25,0.068256484987462,0.08404807635154707,0.07897012712917513
Kevin Porter Jr.,MIL,2026-03-17,233,30.587333333333333,31.777000000000005,32.273250000000004,28.644084406294706,13.4,17.6,16.45,15.068669527896995,5.4,5.2,5.35,4.536480686695279,5.6,6.7,6.95,5.364806866952789,0.5417951007778594,0.16463869872115236,0.2143226159147822
Kevon Harris,ORL,2024-02-14,36,16.096666666666668,13.474833333333333,13.514999999999995,12.863842592592592,8.8,4.8,4.0,4.027777777777778,2.6,2.0,1.75,2.0,0.8,0.5,0.5,0.4722222222222222,0.33614550762108164,0.17170652847816398,0.06168768871729159
Kevon Looney,NOP,2026-04-10,335,16.19533333333333,16.386000000000003,14.551000000000002,18.907487562189054,3.4,2.7,2.8,5.391044776119403,7.6,7.4,5.75,7.029850746268656,1.8,1.8,1.6,1.9611940298507462,0.18356100457173227,0.5184204427372091,0.07916160219431388
Keyontae Johnson,OKC,2024-02-27,9,6.686666666666666,7.355555555555556,7.355555555555556,7.355555555555556,1.4,1.2222222222222223,1.2222222222222223,1.2222222222222223,1.2,1.1111111111111112,1.1111111111111112,1.1111111111111112,0.0,0.4444444444444444,0.4444444444444444,0.4444444444444444,0.15824562531821604,0.1565597798957795,0.05937380865511911
Keyonte George,UTA,2026-03-11,196,26.793333333333333,27.1935,30.835166666666662,30.1895918367347,23.4,20.3,22.5,17.214285714285715,2.0,2.5,2.8,3.38265306122449,3.0,3.9,5.05,5.311224489795919,0.726547460864137,0.08888037329256793,0.14154239554821718
Khaman Maluach,PHX,2026-04-12,46,14.226666666666665,13.481666666666666,13.708166666666665,8.935326086956522,5.4,5.8,4.6,3.0217391304347827,6.2,5.9,4.6,2.891304347826087,0.0,0.0,0.15,0.13043478260869565,0.36252560586111454,0.3105561424382445,0.0
Khem Birch,TOR,2022-12-29,75,9.24,8.563333333333334,8.092500000000001,15.373577777777776,1.2,2.2,2.15,3.8666666666666667,1.8,1.3,1.25,3.52,0.4,0.3,0.35,0.84,0.24290984934652915,0.1491036786834265,0.024028336559565624
Khris Middleton,DAL,2026-04-12,254,17.17666666666667,17.290999999999997,19.521499999999996,26.423628608923888,7.2,6.6,8.95,14.68503937007874,2.2,2.8,2.85,4.413385826771654,1.8,2.1,1.95,4.484251968503937,0.4281527999532604,0.15843345809325723,0.1305459694272353
Killian Hayes,SAC,2026-04-12,213,21.932666666666666,17.371000000000002,17.81716666666667,25.239804381846632,8.0,5.8,5.95,8.023474178403756,2.4,2.1,2.45,2.92018779342723,3.6,3.4,3.4,4.995305164319249,0.27842453776359727,0.11865577045742041,0.23349348225160038
Killian Tillie,MEM,2022-03-15,36,7.33,10.721166666666665,14.592083333333331,12.794212962962964,0.6,2.4,2.9,3.2777777777777777,1.2,1.1,2.05,1.6666666666666667,0.4,0.8,0.75,0.6111111111111112,0.1398768568825483,0.11869640137929034,0.0690327703907351
Kira Lewis Jr.,UTA,2024-04-14,77,13.655333333333335,11.441000000000003,7.945500000000001,10.91095238095238,5.0,4.5,3.05,4.467532467532467,1.0,1.2,0.85,1.2727272727272727,1.4,1.7,1.25,1.4155844155844155,0.44630316090550987,0.11749757500268995,0.17880717780030897
Klay Thompson,DAL,2026-04-12,319,19.786333333333335,20.425,20.674583333333338,28.104482758620684,11.4,11.6,12.15,16.774294670846395,1.2,0.9,1.2,3.304075235109718,1.8,1.6,1.45,2.0940438871473352,0.6142276599506247,0.03966940043155447,0.07875894526583108
Kobe Brown,IND,2026-04-12,145,29.13366666666667,25.5685,23.913416666666667,11.231689655172413,10.4,10.7,9.35,3.579310344827586,6.2,4.7,4.15,2.1517241379310343,3.0,3.1,2.15,0.8896551724137931,0.38976875333372857,0.1669280933266029,0.1167972648950577
Kobe Bufkin,LAL,2026-04-09,43,5.866666666666666,4.823333333333332,8.279166666666667,10.21217054263566,2.6,2.7,3.55,4.186046511627907,0.8,0.6,1.0,1.558139534883721,1.0,0.7,0.85,1.255813953488372,0.5255243855932782,0.08871716351535872,0.09282110555995907
Kobe Sanders,LAC,2026-04-12,68,20.484666666666666,15.986666666666668,16.70366666666667,19.873774509803923,12.0,9.6,8.1,7.279411764705882,2.0,1.4,1.6,2.25,1.4,1.3,1.35,1.6029411764705883,0.6624406923162225,0.061472608328607535,0.1313160407646333
Kobi Simmons,TOR,2024-04-02,9,15.113333333333333,10.578333333333333,10.578333333333333,10.578333333333333,4.0,2.7777777777777777,2.7777777777777777,2.7777777777777777,1.8,1.2222222222222223,1.2222222222222223,1.2222222222222223,3.0,1.8888888888888888,1.8888888888888888,1.8888888888888888,0.1987972907945358,0.14083634790427357,0.15982413138950635
Koby Brea,PHX,2026-04-12,12,10.186666666666667,7.605000000000001,6.98888888888889,6.98888888888889,5.2,4.1,3.75,3.75,1.2,0.7,0.6666666666666666,0.6666666666666666,1.2,0.8,0.8333333333333334,0.8333333333333334,0.5397783754415478,0.03716344390391043,0.10533442906613392
Kon Knueppel,CHA,2026-04-12,81,31.433333333333337,31.947000000000003,30.291833333333336,31.490699588477362,13.6,14.6,16.45,18.493827160493826,4.6,5.9,4.9,5.333333333333333,3.6,3.2,3.1,3.382716049382716,0.45275187552838797,0.18338262734024716,0.09599951996173413
Kris Dunn,LAC,2026-04-12,258,25.875999999999998,24.679166666666667,25.720916666666664,23.899153746770025,5.4,4.5,5.1,7.065891472868217,4.0,3.3,3.4,3.3333333333333335,3.4,3.3,3.4,3.7286821705426356,0.17504322171891623,0.13159333269249465,0.13195955404189535
Kris Murray,POR,2026-04-12,188,20.971,23.0825,19.947166666666668,19.797171985815602,5.0,6.2,5.05,5.287234042553192,3.0,3.2,3.1,3.25531914893617,1.6,2.3,1.85,1.2180851063829787,0.2418600584058665,0.1264200236838461,0.08533152122975826
Kristaps Porziņģis,GSW,2026-04-12,247,25.81066666666667,24.756333333333334,22.629583333333336,29.428879892037788,14.2,15.4,15.45,20.36842105263158,6.6,6.1,4.8,7.3562753036437245,1.8,2.1,2.1,2.331983805668016,0.5997911116316981,0.25113178222466226,0.07956234911560164
Kyle Anderson,MIN,2026-04-10,321,20.900666666666666,21.0075,19.038833333333336,22.048104880581516,7.8,5.2,4.85,7.155763239875389,3.6,3.9,3.55,4.252336448598131,4.6,3.6,3.1,3.4890965732087227,0.2433890719797947,0.17689617900271468,0.17766080041288485
Kyle Filipowski,UTA,2026-04-07,149,28.152666666666665,26.776333333333334,26.639999999999997,22.29854586129754,18.2,17.6,15.6,10.53020134228188,9.8,8.8,8.75,6.657718120805369,4.2,3.8,3.9,2.2684563758389262,0.6626754203237925,0.3288007538784318,0.15032919373030054
Kyle Guy,MIA,2022-03-18,19,2.2333333333333334,4.848833333333333,9.775438596491227,9.775438596491227,0.2,1.2,3.8947368421052633,3.8947368421052633,0.8,0.7,0.8947368421052632,0.8947368421052632,0.0,0.2,0.8947368421052632,0.8947368421052632,0.15293147828985953,0.16325838505852203,0.046646553724762126
Kyle Kuzma,MIL,2026-04-10,334,22.993333333333332,23.10666666666667,24.6595,31.336586826347304,13.2,10.4,13.25,17.664670658682635,4.0,3.5,3.4,6.5,3.6,3.1,2.95,3.305389221556886,0.45068787577071223,0.15100918535721336,0.12865794312645307
Kyle Lowry,PHI,2026-04-12,227,8.416666666666668,8.563333333333334,10.203166666666666,27.833193832599118,0.6,1.1,1.65,9.255506607929515,0.6,0.7,0.95,3.4229074889867843,0.4,0.6,1.2,4.9118942731277535,0.11258906929978836,0.05352531540375529,0.04695448926005442
Kylor Kelley,NOP,2025-04-13,11,13.660666666666668,11.834,11.450606060606061,11.450606060606061,3.2,3.3,3.090909090909091,3.090909090909091,4.2,3.5,3.5454545454545454,3.5454545454545454,0.8,0.5,0.45454545454545453,0.45454545454545453,0.3395975959876934,0.2610605470293785,0.03420542021520824
Kyrie Irving,DAL,2025-03-03,197,31.60333333333333,36.043000000000006,36.80683333333333,36.37301184433164,23.0,25.4,25.25,26.091370558375633,5.4,5.0,5.15,4.878172588832487,3.4,3.8,4.2,5.218274111675127,0.7077743206927309,0.13607636004732787,0.10522182593303642
Kyshawn George,WAS,2026-03-02,116,18.993333333333332,20.1135,25.385083333333334,27.527126436781604,12.0,11.2,14.5,11.206896551724139,2.2,2.4,4.35,4.568965517241379,1.4,2.1,3.75,3.3017241379310347,0.5674689834186711,0.12170989054098018,0.1031086020791204
LJ Cryer,GSW,2026-04-09,18,21.337333333333333,19.021333333333335,16.23037037037037,16.23037037037037,9.8,8.8,8.222222222222221,8.222222222222221,1.0,1.4,1.5555555555555556,1.5555555555555556,1.8,1.3,1.0,1.0,0.4372646956779963,0.07387152585392501,0.07029235872701696
LaMarcus Aldridge,BKN,2022-04-06,47,20.02,20.6065,20.622583333333335,22.342234042553187,7.0,10.4,11.8,12.914893617021276,4.8,4.8,4.95,5.48936170212766,1.2,1.1,0.95,0.8936170212765957,0.4599976242898999,0.2523600976933661,0.04908845623381567
LaMelo Ball,CHA,2026-04-12,252,31.943333333333335,31.161833333333334,29.061416666666663,31.440846560846563,27.0,22.5,22.3,21.82936507936508,5.2,4.7,4.9,5.650793650793651,7.4,7.4,6.5,7.583333333333333,0.7158472654350538,0.15322144980107752,0.2431292861109609
Lachlan Olbrich,CHI,2026-04-12,37,23.402666666666665,17.433,11.143333333333333,9.30328828828829,5.2,5.3,3.25,2.4054054054054053,8.6,6.2,3.7,3.027027027027027,4.2,2.5,1.5,1.135135135135135,0.3649314726550112,0.3401167539213965,0.10576323691027929
Lamar Stevens,MEM,2025-04-13,180,9.306666666666667,8.103166666666667,12.234166666666667,15.832731481481485,6.8,4.3,5.7,5.872222222222222,1.8,1.5,3.05,2.977777777777778,0.6,0.4,0.65,0.6277777777777778,0.2695048389370315,0.1481336353339826,0.013522403684086684
Lance Stephenson,IND,2022-04-10,46,15.470666666666665,16.428666666666665,18.46533333333333,17.695181159420287,8.4,10.3,9.05,8.347826086956522,2.4,2.1,2.55,2.760869565217391,5.0,3.2,3.45,3.5869565217391304,0.6241675998600466,0.13543694012243707,0.19097214307112748
Landry Shamet,NYK,2026-04-10,256,22.36633333333333,24.314,24.224916666666665,19.15408203125,6.6,6.4,8.65,7.83984375,1.4,2.0,1.65,1.59375,1.0,1.1,1.2,1.3828125,0.2656744412678066,0.07867587181813424,0.04875975138065878
Langston Galloway,MIL,2022-01-10,7,15.01,15.242857142857144,15.242857142857144,15.242857142857144,1.4,2.0,2.0,2.0,2.6,2.5714285714285716,2.5714285714285716,2.5714285714285716,1.8,1.7142857142857142,1.7142857142857142,1.7142857142857142,0.1409510964284378,0.1581407488513818,0.09437355843516823
Larry Nance Jr.,CLE,2026-04-12,231,18.369999999999997,12.628333333333334,10.916749999999999,19.69278499278499,6.4,4.2,3.7,6.259740259740259,3.4,2.9,2.55,4.783549783549783,1.2,0.9,0.75,1.6666666666666667,0.34753601239486337,0.2471901911527302,0.08419312517222269
Lauri Markkanen,UTA,2026-02-23,271,25.53,29.168333333333333,33.50316666666666,32.7980073800738,22.0,22.9,25.75,21.71217712177122,6.0,6.4,7.25,7.125461254612546,1.6,2.0,2.25,1.7453874538745386,0.796076474417226,0.22222793723080408,0.07078842407075067
Lawson Lovering,MEM,2026-02-20,2,24.6325,24.6325,24.6325,24.6325,7.0,7.0,7.0,7.0,7.5,7.5,7.5,7.5,1.5,1.5,1.5,1.5,0.2588996941338897,0.28736269223635647,0.04732109995267889
LeBron James,LAL,2026-04-12,312,29.03,31.950000000000006,32.74683333333333,35.17775641025641,23.0,19.9,19.8,25.875,6.6,7.2,6.8,7.512820512820513,9.2,9.1,7.65,7.435897435897436,0.6496039720455363,0.22630517568561154,0.28385440574124726
Leaky Black,WAS,2026-04-12,41,29.611666666666668,27.36766666666666,26.474666666666668,17.491666666666667,6.6,5.6,6.45,4.2682926829268295,4.4,4.8,4.55,3.0,1.0,1.5,1.5,1.1219512195121952,0.16821194699564115,0.16196606429474292,0.05442823355795636
Leandro Bolmaro,UTA,2023-02-08,49,2.639666666666667,4.5365,5.0845,6.31465986394558,0.0,0.2,1.0,1.1428571428571428,0.6,0.6,0.65,1.0204081632653061,0.2,0.4,0.7,0.5714285714285714,0.032,0.13506697915609917,0.05189088241179217
Leonard Miller,CHI,2026-04-12,76,34.068999999999996,28.74533333333333,26.758,10.561271929824562,17.6,15.4,13.65,5.394736842105263,8.6,7.2,7.0,2.789473684210526,2.4,1.6,1.4,0.631578947368421,0.5306103448549404,0.2530625118955039,0.04969633771832058
Lester Quinones,NOP,2025-04-13,54,27.663333333333334,16.986666666666668,10.983333333333334,11.035895061728397,13.4,7.7,5.65,4.814814814814815,2.8,1.5,1.2,1.7407407407407407,4.2,2.3,1.5,1.1481481481481481,0.3203657516910021,0.05678074559425065,0.12201108673324505
Liam McNeeley,CHA,2026-04-12,31,8.570333333333334,9.480999999999998,11.096083333333334,11.855537634408604,3.8,2.9,4.3,4.258064516129032,3.0,2.3,2.4,2.3548387096774195,0.4,0.5,0.6,0.7741935483870968,0.36030619104555905,0.24287332636934117,0.09928771647098181
Liam Robbins,MIL,2025-01-17,13,3.6133333333333333,4.043333333333334,4.3820512820512825,4.3820512820512825,0.6,0.4,0.6923076923076923,0.6923076923076923,0.6,0.9,0.9230769230769231,0.9230769230769231,0.0,0.2,0.15384615384615385,0.15384615384615385,0.07050290135396517,0.17877290445714802,0.026807356392597438
Lindell Wigginton,MIL,2023-12-17,29,15.206999999999999,9.427999999999999,10.257833333333332,10.117528735632185,9.6,5.6,4.7,4.689655172413793,1.2,0.7,1.1,1.103448275862069,2.4,1.4,1.5,1.2758620689655173,0.41581679523936915,0.028207856516752096,0.13806405383792686
Lindy Waters III,SAS,2026-04-06,196,7.953333333333333,8.295666666666666,7.6129999999999995,11.935561224489796,2.6,3.5,2.6,4.596938775510204,0.6,0.8,0.55,1.6683673469387754,0.6,0.8,0.65,0.75,0.34313055735092873,0.08367581267127293,0.09541531969062751
Lonnie Walker IV,PHI,2025-04-13,204,33.24466666666667,28.445666666666664,23.835166666666666,21.554918300653593,22.8,16.5,12.35,11.348039215686274,3.0,3.0,3.15,2.3529411764705883,2.6,3.1,2.5,1.6666666666666667,0.5356253059919471,0.1055255306426417,0.11345131031133429
Lonzo Ball,CLE,2026-02-01,105,18.283333333333335,14.691833333333335,18.36225,25.87731746031746,2.4,3.0,3.45,8.4,4.6,3.5,3.75,4.266666666666667,2.4,2.2,2.9,4.085714285714285,0.21551384849372393,0.2193477536059592,0.15448168020763262
Lou Williams,ATL,2022-04-05,56,12.459999999999999,13.125666666666666,13.554833333333331,14.265654761904765,4.6,4.8,4.95,6.321428571428571,2.0,1.7,1.5,1.5535714285714286,1.4,1.6,1.6,1.875,0.37512046070940325,0.1333808861902594,0.11539055713289392
Louis King,PHI,2023-04-09,11,13.044666666666666,11.115666666666666,12.036969696969697,12.036969696969697,6.0,5.3,5.909090909090909,5.909090909090909,1.4,1.2,1.4545454545454546,1.4545454545454546,1.8,1.1,1.0,1.0,0.5345596398129117,0.1130831435231801,0.10291499933228292
Lucas Williamson,MEM,2026-04-12,7,39.154666666666664,31.96285714285714,31.96285714285714,31.96285714285714,13.2,10.428571428571429,10.428571428571429,10.428571428571429,6.8,5.428571428571429,5.428571428571429,5.428571428571429,3.0,2.5714285714285716,2.5714285714285716,2.5714285714285716,0.31458366394176895,0.1488913535419439,0.0873143833331569
Luguentz Dort,OKC,2026-04-12,344,20.887333333333334,21.459999999999997,23.783833333333334,29.377102713178296,7.6,8.3,7.3,11.758720930232558,2.2,2.3,3.05,4.005813953488372,1.2,1.1,0.95,1.6133720930232558,0.38115823575219865,0.10807722222733121,0.05112524841762991
Luka Dončić,LAL,2026-04-02,315,34.92999999999999,37.07,36.3075,36.10279894179894,34.0,36.9,35.05,31.447619047619046,6.0,6.8,7.75,8.612698412698412,7.0,7.3,7.8,8.558730158730159,0.9863716478158702,0.1813367155271775,0.20026024159243763
Luka Garza,BOS,2026-04-12,193,21.91433333333333,19.455499999999997,17.765833333333337,10.836493955094992,15.0,12.2,10.1,6.015544041450777,6.6,5.3,4.35,2.7409326424870466,1.0,1.1,0.95,0.616580310880829,0.5822575658829678,0.2574397532063109,0.06429967525707028
Luka Samanic,UTA,2024-04-14,50,26.076666666666664,16.707,13.201833333333335,11.3038,12.4,7.4,5.55,4.92,5.4,3.8,3.05,2.64,1.8,1.0,0.75,0.68,0.2609081678686387,0.19352350498724594,0.034054787869804884
Luke Kennard,LAL,2026-04-12,311,27.163999999999998,25.967833333333328,23.5745,23.74737406216506,12.2,10.2,8.45,9.762057877813504,4.2,3.4,2.8,2.7813504823151125,6.4,4.1,2.8,2.45016077170418,0.3874209134014823,0.1128703219341081,0.14527114733572627
Luke Kornet,SAS,2026-04-10,288,21.03066666666667,20.184666666666665,18.2565,16.256498842592592,6.0,5.7,4.95,5.243055555555555,5.2,5.2,4.85,4.475694444444445,2.8,2.0,1.75,1.2916666666666667,0.26161486264535255,0.2679369183779331,0.08943509893867443
Luke Travers,CLE,2025-12-19,24,8.238666666666665,9.349166666666667,7.589250000000002,7.956319444444445,3.0,2.8,1.6,1.6666666666666667,2.2,2.4,1.9,1.8333333333333333,0.8,0.9,0.6,0.7083333333333334,0.3097622188028229,0.25725672587663806,0.08354056015765343
MJ Walker,PHX,2022-01-02,2,4.196666666666666,4.196666666666666,4.196666666666666,4.196666666666666,0.0,0.0,0.0,0.0,0.5,0.5,0.5,0.5,0.5,0.5,0.5,0.5,0.0,0.06465517241379311,0.06465517241379311
Mac McClung,CHI,2026-04-12,17,14.45,12.256833333333333,12.403431372549017,12.403431372549017,7.2,6.0,5.882352941176471,5.882352941176471,0.6,0.8,1.411764705882353,1.411764705882353,1.4,0.9,1.3529411764705883,1.3529411764705883,0.4329880308150563,0.05910287199197465,0.07811824357063414
Malachi Flynn,CHA,2025-03-10,170,12.806000000000001,15.356333333333334,15.731833333333332,12.637921568627451,4.0,6.0,9.0,4.8882352941176475,1.6,1.4,2.05,1.5294117647058822,2.0,3.1,2.45,1.6294117647058823,0.35857622840108827,0.08302813686481955,0.18877538265353122
Malachi Smith,BKN,2026-04-12,15,35.4,26.57,23.921333333333333,23.921333333333333,10.2,9.2,8.266666666666667,8.266666666666667,6.0,4.0,3.4,3.4,5.8,3.6,3.2666666666666666,3.2666666666666666,0.36841233530348827,0.14062205146180817,0.11888536631775244
Malaki Branham,WAS,2026-01-30,216,11.73,12.503333333333334,11.052166666666668,17.805354938271602,8.4,6.0,5.0,7.9907407407407405,1.4,1.5,1.7,1.962962962962963,0.4,1.1,0.9,1.5925925925925926,0.46749576436097334,0.14012280187761994,0.05639670536418463
Malcolm Brogdon,WAS,2025-02-12,166,19.118666666666666,21.267166666666665,23.58283333333333,27.921425702811245,10.6,10.6,13.2,15.69277108433735,2.6,3.4,3.85,4.240963855421687,4.6,4.8,4.55,4.650602409638554,0.494351035890915,0.155237169943186,0.23238598113527145
Malcolm Cazalon,DET,2023-11-05,1,2.5833333333333335,2.5833333333333335,2.5833333333333335,2.5833333333333335,0.0,0.0,0.0,0.0,0.0,0.0,0.0,0.0,0.0,0.0,0.0,0.0,0.0,0.0,0.0
Malcolm Hill,CHI,2023-02-16,24,1.83,4.528333333333333,7.865916666666665,9.218333333333334,1.0,1.3,2.75,3.2083333333333335,0.6,1.1,1.55,1.5833333333333333,0.0,0.4,0.3,0.3333333333333333,0.12666448939620445,0.47776975818376294,0.12885424570600815
Malevy Leons,GSW,2026-04-12,31,20.626666666666665,14.039666666666667,12.771083333333333,9.594784946236556,6.8,4.3,3.85,2.7419354838709675,3.4,2.0,2.2,1.8064516129032258,2.6,1.4,1.1,0.7741935483870968,0.30042746356750516,0.112651294203057,0.06450924133267744
Malik Beasley,DET,2025-04-13,321,27.051,29.8385,29.095999999999993,27.07060228452752,15.8,17.0,15.2,13.093457943925234,1.2,2.0,2.0,3.1588785046728973,1.2,1.5,1.6,1.517133956386293,0.5942047101802947,0.06587899477872906,0.05446748838736056
Malik Fitts,BOS,2022-04-10,15,4.246666666666667,5.152666666666666,4.183888888888889,4.183888888888889,3.0,2.1,1.4,1.4,1.0,1.4,1.1333333333333333,1.1333333333333333,1.0,0.5,0.3333333333333333,0.3333333333333333,0.3462548099802646,0.2173363070801213,0.07412256890109539
Malik Monk,SAC,2026-04-10,352,18.266666666666666,20.995,21.632500000000004,25.98786931818182,10.0,11.0,12.85,14.454545454545455,1.4,1.5,1.6,2.934659090909091,2.8,4.4,3.85,4.0710227272727275,0.5301471133988149,0.06658323751823825,0.17354796217703253
Malik Newman,CLE,2021-12-30,1,7.683333333333334,7.683333333333334,7.683333333333334,7.683333333333334,8.0,8.0,8.0,8.0,1.0,1.0,1.0,1.0,1.0,1.0,1.0,1.0,1.0412147505422993,0.1301518438177874,0.1301518438177874
Malik Williams,TOR,2024-04-14,7,14.638333333333332,15.215476190476192,15.215476190476192,15.215476190476192,3.8,2.7142857142857144,2.7142857142857144,2.7142857142857144,6.6,5.428571428571429,5.428571428571429,5.428571428571429,0.2,0.2857142857142857,0.2857142857142857,0.2857142857142857,0.178989420925332,0.3390121923584643,0.010514602654149262
Mamadi Diakite,NYK,2024-04-04,41,4.587,8.022166666666665,7.130166666666668,9.463333333333333,2.2,3.9,2.25,3.048780487804878,0.6,1.6,1.25,2.268292682926829,0.4,0.6,0.4,0.2926829268292683,0.46299155947905984,0.22493332078320277,0.0528841908356245
Maozinha Pereira,MEM,2024-04-06,7,20.513333333333332,17.376190476190477,17.376190476190477,17.376190476190477,9.2,6.857142857142857,6.857142857142857,6.857142857142857,6.8,5.285714285714286,5.285714285714286,5.285714285714286,0.4,0.2857142857142857,0.2857142857142857,0.2857142857142857,0.77060859926167,0.3868165554341149,0.008931171478492388
MarJon Beauchamp,PHI,2026-04-12,149,9.530000000000001,12.441166666666666,10.663916666666665,11.15076062639821,4.2,5.2,5.5,4.369127516778524,1.4,1.9,2.05,1.9463087248322148,0.6,0.8,0.8,0.6174496644295302,0.47283636086436615,0.1396418043808469,0.07246591269890783
Marcus Bagley,PHI,2025-04-13,10,30.640000000000004,25.3155,25.3155,25.3155,9.2,6.7,6.7,6.7,8.8,7.0,7.0,7.0,1.8,1.0,1.0,1.0,0.25010502901829873,0.26839932662811933,0.03288022300569054
Marcus Garrett,CHA,2025-03-18,16,20.333666666666666,18.676166666666667,12.975729166666666,12.975729166666666,6.2,4.1,2.5625,2.5625,2.2,2.6,1.8125,1.8125,2.8,1.6,1.25,1.25,0.20579955597147448,0.1456663621581236,0.08125284494238419
Marcus Morris Sr.,CLE,2024-04-14,168,11.949000000000002,14.402833333333334,17.53816666666667,25.037916666666668,4.0,5.1,6.7,11.154761904761905,1.0,1.9,2.75,3.755952380952381,0.6,0.7,0.7,1.5654761904761905,0.35009620648992656,0.11210653668450499,0.051643375973439
Marcus Sasser,DET,2026-04-12,166,8.657666666666666,10.445333333333334,14.333416666666668,15.773493975903612,2.6,4.2,5.1,6.975903614457831,1.0,0.9,1.2,1.4036144578313252,1.2,1.7,2.05,2.674698795180723,0.35197046375798124,0.11172806597559881,0.1771333804071484
Marcus Smart,LAL,2026-04-12,248,27.299,29.713166666666673,28.717166666666664,29.462762096774192,6.2,8.7,8.7,11.036290322580646,2.6,2.4,2.3,3.056451612903226,5.2,3.7,3.35,4.754032258064516,0.29170577954875976,0.09025170709203278,0.14214784012560105
Mark Sears,MIL,2025-11-24,7,2.803,3.725952380952381,3.725952380952381,3.725952380952381,2.8,3.142857142857143,3.142857142857143,3.142857142857143,0.4,0.2857142857142857,0.2857142857142857,0.2857142857142857,0.4,0.2857142857142857,0.2857142857142857,0.2857142857142857,0.7296792968501153,0.1346972893364646,0.11271589235506761
Mark Williams,PHX,2026-04-10,166,23.293,21.451,23.03366666666667,23.635311244979917,12.4,9.4,11.0,12.048192771084338,6.8,7.3,7.4,8.506024096385541,0.4,0.4,0.85,1.2469879518072289,0.42203116804060425,0.3555235577252628,0.01779608103894858
Markelle Fultz,TOR,2026-03-31,147,7.153333333333334,8.576666666666666,7.886916666666666,22.227460317460316,0.8,1.8,2.05,9.741496598639456,0.2,0.9,0.75,3.006802721088435,1.6,1.9,1.4,4.0476190476190474,0.23615689016713506,0.0973127745650918,0.16063289820704
Markieff Morris,LAL,2025-04-13,93,20.720000000000002,13.938333333333333,10.470833333333331,11.120752688172045,6.6,4.6,3.3,4.118279569892473,2.8,1.7,1.55,1.913978494623656,2.8,1.8,1.25,0.978494623655914,0.33650985076068446,0.10567398443279918,0.13838120539110604
Marko Simonovic,CHI,2023-04-09,16,3.352666666666667,3.243,3.4238541666666666,3.4238541666666666,1.2,1.8,1.4375,1.4375,0.4,0.6,0.75,0.75,0.0,0.0,0.0,0.0,0.40967107061996433,0.09842453531154403,0.0
Markquis Nowell,TOR,2023-11-15,1,3.5166666666666666,3.5166666666666666,3.5166666666666666,3.5166666666666666,2.0,2.0,2.0,2.0,2.0,2.0,2.0,2.0,2.0,2.0,2.0,2.0,0.5687203791469194,0.5687203791469194,0.5687203791469194
Markus Howard,DEN,2022-04-10,31,6.9799999999999995,4.395333333333333,5.644416666666666,5.693440860215053,6.8,3.8,5.15,4.064516129032258,1.0,0.7,0.5,0.3870967741935484,0.2,0.1,0.15,0.22580645161290322,0.6383811485158105,0.13979872906094606,0.00414651002073255
Marques Bolden,CHA,2024-04-14,11,15.236666666666668,11.861333333333334,11.025454545454545,11.025454545454545,5.2,3.7,3.3636363636363638,3.3636363636363638,3.6,3.2,3.090909090909091,3.090909090909091,0.8,0.4,0.36363636363636365,0.36363636363636365,0.2570165527834841,0.25734737864478074,0.013318945127719962
Marquese Chriss,DAL,2022-04-10,34,9.648000000000001,8.177833333333334,9.853916666666668,10.167009803921568,4.8,3.7,3.5,4.529411764705882,1.6,2.2,2.75,3.0294117647058822,0.6,0.5,0.65,0.5,0.39882848164542095,0.2902508261703602,0.08258698923185454
Marvin Bagley III,DAL,2026-04-10,231,21.845333333333333,20.05233333333333,21.080666666666666,20.155836940836938,15.6,12.2,10.85,10.346320346320347,6.2,5.7,6.5,5.926406926406926,1.4,1.5,1.25,0.9653679653679653,0.5503330386102826,0.26616378491358866,0.08204496431245621
Mason Jones,SAC,2025-03-24,19,3.506666666666667,4.539166666666667,6.508333333333333,6.508333333333333,1.8,2.3,3.0,3.0,0.2,0.9,1.263157894736842,1.263157894736842,0.4,1.1,1.0526315789473684,1.0526315789473684,0.41191479471500303,0.14132954864633737,0.268776668989649
Mason Plumlee,SAS,2026-04-12,292,9.258,7.7705,8.574416666666668,20.516883561643837,1.0,1.4,1.55,6.6506849315068495,2.4,2.4,2.65,6.873287671232877,0.8,0.9,1.0,2.328767123287671,0.1372444173276158,0.415626609610957,0.09103820873144489
Matas Buzelis,CHI,2026-04-10,157,29.055666666666667,30.828166666666664,31.629416666666668,23.946135881104034,16.6,17.1,19.95,12.356687898089172,7.8,7.2,7.0,4.624203821656051,2.8,1.8,2.0,1.5095541401273886,0.5476192898545559,0.2365963427011914,0.059755483996570616
Matisse Thybulle,POR,2026-04-12,247,22.69833333333333,21.41583333333333,17.907500000000002,20.910998650472333,7.6,8.1,5.95,5.3117408906882595,1.8,2.4,2.1,2.1781376518218623,1.2,1.0,0.95,1.105263157894737,0.399908646054928,0.11359560888945505,0.04210750507297824
Matt Hurt,MEM,2024-03-06,8,11.534333333333333,14.154791666666666,14.154791666666666,14.154791666666666,3.0,4.0,4.0,4.0,2.0,2.0,2.0,2.0,0.2,0.5,0.5,0.5,0.21189319086766162,0.15116882123171566,0.020480165091381213
Matt Mooney,NYK,2021-12-25,1,1.9333333333333331,1.9333333333333331,1.9333333333333331,1.9333333333333331,0.0,0.0,0.0,0.0,0.0,0.0,0.0,0.0,0.0,0.0,0.0,0.0,0.0,0.0,0.0
Matt Ryan,NYK,2025-02-21,82,2.4333333333333336,2.2536666666666667,3.494416666666667,9.43461382113821,0.6,1.3,1.4,3.7195121951219514,0.6,0.6,0.4,0.9024390243902439,0.6,0.3,0.15,0.45121951219512196,0.40644724044450886,0.2552445538342817,0.08925016589250165
Matt Thomas,CHI,2022-03-21,40,2.2843333333333335,5.818333333333333,11.216916666666666,11.487791666666666,2.4,2.3,3.6,4.025,0.4,0.7,1.45,1.25,0.0,0.3,0.35,0.5,0.4700686658258569,0.1057109380073034,0.026101109850963616
Matthew Dellavedova,SAC,2023-03-29,32,7.037000000000001,7.023000000000001,6.16875,6.649947916666667,2.0,1.4,1.45,1.46875,0.4,0.5,0.4,0.40625,1.0,1.0,1.1,1.28125,0.1967227351703136,0.06961281111144386,0.199255380088313
Maurice Harkless,SAC,2022-03-18,47,6.976666666666667,13.614500000000001,17.309666666666665,18.37173758865248,0.8,3.7,5.5,4.617021276595745,1.2,1.9,2.45,2.382978723404255,0.2,0.1,0.45,0.48936170212765956,0.20578643767756985,0.14267570032706237,0.015625
Max Christie,DAL,2026-04-12,263,26.143333333333334,27.07166666666667,27.431583333333332,22.161083650190115,13.2,10.0,10.05,8.007604562737642,2.0,2.6,2.5,2.752851711026616,1.6,1.6,1.35,1.4372623574144487,0.39430888839675127,0.09671307138426435,0.060375462238106095
Max Shulga,BOS,2026-04-12,11,5.248666666666667,3.459166666666667,3.2977272727272733,3.2977272727272733,0.6,0.7,0.6363636363636364,0.6363636363636364,1.0,0.6,0.5454545454545454,0.5454545454545454,0.0,0.2,0.18181818181818182,0.18181818181818182,0.24543325526932086,0.10971896955503513,0.10191897654584221
Max Strus,CLE,2026-04-12,280,24.273333333333333,24.232833333333335,25.581083333333332,27.354482142857144,9.6,10.4,10.5,11.07857142857143,4.6,5.1,5.05,3.857142857142857,2.2,1.9,2.8,2.6,0.43733827020800353,0.2122456576261083,0.0762763259447787
Maxi Kleber,LAL,2026-04-12,216,11.586666666666666,10.1,10.789083333333334,20.133919753086417,1.6,1.6,2.0,4.680555555555555,1.8,2.3,2.15,3.736111111111111,0.8,0.5,0.6,1.1944444444444444,0.12345472598111802,0.20299395848072893,0.040001757012984536
Maxime Raynaud,SAC,2026-04-12,74,32.96666666666667,31.821333333333335,32.47950000000001,26.538918918918913,20.0,16.3,17.9,12.45945945945946,9.8,8.9,8.6,7.513513513513513,2.6,1.8,1.95,1.3513513513513513,0.5159386752980508,0.2846147959326832,0.053283418015640197
Maxwell Lewis,BKN,2025-04-11,62,19.826666666666668,18.133333333333333,14.861083333333335,6.943763440860215,7.6,6.8,5.45,2.0483870967741935,3.8,3.4,2.65,0.9516129032258065,1.2,1.0,0.85,0.4032258064516129,0.3669298594123712,0.19628271999462787,0.05726376735733509
McKinley Wright IV,DAL,2023-04-09,32,17.326666666666664,16.621166666666667,12.708833333333333,11.059270833333333,8.8,7.3,5.0,3.71875,2.2,2.5,1.9,1.46875,2.6,2.9,2.4,1.90625,0.446544723811544,0.12495474175481158,0.2092207662706585
Melvin Frazier Jr.,OKC,2022-04-10,3,39.855555555555554,39.855555555555554,39.855555555555554,39.855555555555554,10.666666666666666,10.666666666666666,10.666666666666666,10.666666666666666,4.333333333333333,4.333333333333333,4.333333333333333,4.333333333333333,0.3333333333333333,0.3333333333333333,0.3333333333333333,0.3333333333333333,0.2654999455184601,0.11245222037542425,0.007701193685021178
Meyers Leonard,MIL,2023-04-09,9,17.381666666666668,12.637592592592592,12.637592592592592,12.637592592592592,6.4,4.777777777777778,4.777777777777778,4.777777777777778,5.2,3.7777777777777777,3.7777777777777777,3.7777777777777777,0.2,0.1111111111111111,0.1111111111111111,0.1111111111111111,0.44484253555990894,0.2790864387985781,0.003633060853769301
Mfiondu Kabengele,BOS,2023-04-09,4,9.108333333333333,9.108333333333333,9.108333333333333,9.108333333333333,1.5,1.5,1.5,1.5,2.5,2.5,2.5,2.5,0.0,0.0,0.0,0.0,0.1131510167654746,0.2880063467248353,0.0
Micah Peavy,NOP,2026-04-12,61,34.58333333333333,20.88266666666667,12.778333333333332,14.966147540983608,10.8,5.8,3.6,4.295081967213115,3.6,2.4,1.35,1.9180327868852458,2.0,1.4,0.8,1.0,0.3289327884756687,0.23573216521298646,0.11040192627959547
Micah Potter,IND,2026-04-12,111,26.77766666666667,21.628833333333333,18.780583333333333,16.963183183183187,15.6,12.8,10.8,6.387387387387387,10.0,7.0,5.7,4.1891891891891895,2.0,1.4,1.25,0.990990990990991,0.581791671097328,0.3073942202504594,0.06034453048499357
Michael Carter-Williams,ORL,2023-04-09,4,11.120833333333334,11.120833333333334,11.120833333333334,11.120833333333334,4.25,4.25,4.25,4.25,1.25,1.25,1.25,1.25,1.75,1.75,1.75,1.75,0.4094057203943612,0.08949880668257755,0.1248152267316259
Michael Foster Jr.,PHI,2022-11-22,1,1.0333333333333334,1.0333333333333334,1.0333333333333334,1.0333333333333334,0.0,0.0,0.0,0.0,0.0,0.0,0.0,0.0,0.0,0.0,0.0,0.0,0.0,0.0,0.0
Michael Porter Jr.,BKN,2026-03-10,281,30.866000000000003,31.495833333333337,31.518833333333326,31.706097271648876,22.2,22.0,21.75,18.441281138790035,7.2,6.8,6.4,6.661921708185053,1.8,2.6,2.75,1.8754448398576513,0.6999754416966042,0.2044426021576856,0.08093222325443436
Mikal Bridges,NYK,2026-04-12,411,23.793333333333337,29.225666666666665,29.33841666666667,35.03596512570965,10.0,12.4,10.55,17.18734793187348,2.0,1.8,3.0,4.024330900243309,2.2,2.6,2.8,3.3260340632603405,0.38414482427635666,0.05670004767160316,0.07727043656626616
Mike Conley,MIN,2026-04-10,340,20.573333333333334,17.914166666666667,18.403499999999998,26.54941176470588,8.4,5.0,3.9,10.235294117647058,1.4,1.5,1.75,2.623529411764706,2.2,3.1,2.8,5.176470588235294,0.22060757882427548,0.08957258290035613,0.18703780855654148
Mike Muscala,OKC,2024-04-14,159,8.970333333333333,6.753,6.9020833333333345,13.445220125786163,1.2,1.0,1.3,5.559748427672956,2.2,1.5,1.4,2.8742138364779874,0.4,0.3,0.4,0.6855345911949685,0.1481590728673172,0.257122562533787,0.029842194766644525
Miles Bridges,CHA,2026-04-12,290,27.724,27.993333333333332,28.553416666666664,33.91102298850575,14.8,16.0,15.15,19.572413793103447,7.0,5.7,5.35,6.879310344827586,3.4,2.7,2.4,3.5344827586206895,0.5723755915105387,0.20210809030730942,0.09394039606486973
Miles Kelly,DAL,2026-02-27,14,11.297,9.687333333333333,9.551666666666666,9.551666666666666,2.8,3.1,3.0714285714285716,3.0714285714285716,2.4,1.7,1.7142857142857142,1.7142857142857142,1.4,1.0,0.8571428571428571,0.8571428571428571,0.20016600966920062,0.2112065359175313,0.11949940938695972
Miles McBride,NYK,2026-04-12,277,17.72,20.131666666666668,26.130833333333335,18.53317087845969,8.0,7.7,12.25,7.129963898916968,1.6,2.1,2.3,1.635379061371841,1.6,2.1,2.75,1.8772563176895307,0.36489256846560186,0.105709266512967,0.10697693772219272
Miles Norris,BOS,2025-04-13,3,11.638888888888891,11.638888888888891,11.638888888888891,11.638888888888891,2.3333333333333335,2.3333333333333335,2.3333333333333335,2.3333333333333335,3.0,3.0,3.0,3.0,0.0,0.0,0.0,0.0,0.1329606294554382,0.3313254749593341,0.0
Mitchell Robinson,NYK,2026-04-09,239,18.94466666666667,20.092666666666666,19.48858333333333,23.72355648535565,8.0,7.6,6.9,6.882845188284519,7.8,8.1,8.65,8.623430962343097,0.2,0.6,0.7,0.7280334728033473,0.3841433135997202,0.4066166188715375,0.030897859949612826
Miye Oni,UTA,2021-12-31,16,2.1863333333333332,2.944833333333333,2.7616666666666667,2.7616666666666667,0.6,0.3,0.3125,0.3125,0.6,0.4,0.4375,0.4375,0.2,0.3,0.3125,0.3125,0.10526315789473684,0.21285345611011025,0.07657191861177384
Mo Bamba,UTA,2026-03-05,213,10.37,12.531999999999998,12.593333333333335,17.792355242566508,2.0,3.3,4.35,6.948356807511737,5.2,5.3,5.35,5.643192488262911,0.4,0.5,0.4,0.8967136150234741,0.21092490746238296,0.45242292040910914,0.04752371433967024
Mohamed Diawara,NYK,2026-04-12,69,12.797333333333333,12.922833333333333,13.669583333333335,9.190603864734298,3.6,4.5,5.3,3.5652173913043477,1.2,1.5,1.8,1.3623188405797102,1.8,1.6,1.25,0.7681159420289855,0.3275361211297678,0.07815603224615886,0.08588875220490276
Monte Morris,IND,2025-11-17,221,9.93,10.818333333333333,10.145916666666668,22.834683257918552,3.0,4.5,4.1,9.031674208144796,1.0,1.6,1.15,2.565610859728507,1.8,1.6,1.5,3.665158371040724,0.4868217815187987,0.16046139072138024,0.15199818675557036
Montrezl Harrell,PHI,2023-04-09,128,10.28,7.201666666666666,10.907666666666664,18.136197916666667,7.4,4.3,4.9,9.78125,3.6,2.4,2.9,4.609375,0.4,0.2,0.4,1.390625,0.4858715085183416,0.27187735454040124,0.009324009324009324
Moritz Wagner,ORL,2026-04-08,266,6.746666666666667,8.923666666666668,11.4725,16.82137844611529,3.8,4.0,5.0,10.018796992481203,2.4,2.3,3.35,4.139097744360902,0.8,0.6,0.75,1.263157894736842,0.4958259452803885,0.2890574881077479,0.08857580173375137
Moses Brown,DAL,2025-03-01,111,14.684000000000001,9.8,9.839,8.621846846846847,9.4,5.5,5.9,4.297297297297297,6.2,3.5,3.6,3.6396396396396398,0.4,0.2,0.25,0.12612612612612611,0.3535069147321606,0.25700437314116503,0.01735357917570499
Moses Moody,GSW,2026-03-23,315,30.122999999999998,31.046999999999997,28.17883333333333,18.314920634920636,16.6,17.4,15.25,7.984126984126984,3.2,3.5,3.95,2.4444444444444446,2.6,2.7,1.9,1.0317460317460319,0.5490165554766429,0.11109270564468351,0.08718552410270355
Moses Wright,DAL,2022-04-10,4,3.6833333333333336,3.6833333333333336,3.6833333333333336,3.6833333333333336,1.25,1.25,1.25,1.25,0.75,0.75,0.75,0.75,0.5,0.5,0.5,0.5,0.2911025145067698,0.13958736299161834,0.20236943907156674
Mouhamadou Gueye,CHI,2026-04-12,13,20.306666666666665,14.231666666666666,12.721794871794872,12.721794871794872,5.6,3.7,3.230769230769231,3.230769230769231,3.6,2.2,2.230769230769231,2.230769230769231,1.8,1.1,0.8461538461538461,0.8461538461538461,0.24531957078730607,0.13254068924288803,0.06802561500819759
Mouhamed Gueye,ATL,2026-04-10,116,12.882,14.129166666666666,13.280000000000001,15.382701149425284,2.6,3.1,3.7,4.853448275862069,3.0,3.1,3.3,3.7586206896551726,1.0,1.1,0.7,0.8620689655172413,0.1796851943518975,0.19366929036708108,0.06695891731489316
Moussa Cisse,DAL,2026-04-12,38,25.956666666666667,19.683333333333334,17.430999999999997,13.936315789473685,9.8,6.3,5.85,4.473684210526316,11.4,9.2,7.8,5.684210526315789,0.4,0.2,0.3,0.23684210526315788,0.3073373195226188,0.48888408523178406,0.00637154821095445
Moussa Diabaté,CHA,2026-04-12,177,26.48366666666667,26.355333333333334,27.375249999999994,19.205225988700565,5.2,6.9,6.4,6.022598870056497,7.8,8.4,8.75,6.480225988700565,3.0,2.3,2.45,1.1581920903954803,0.2736531006202121,0.3268277713280547,0.08542473819519115
Mychal Mulder,MIA,2022-04-10,17,21.94766666666667,15.970500000000001,14.091470588235294,14.091470588235294,6.2,3.4,4.0588235294117645,4.0588235294117645,2.0,1.6,1.411764705882353,1.411764705882353,0.8,0.4,0.29411764705882354,0.29411764705882354,0.2760806373453421,0.13390563042065687,0.01377906222323792
Myles Powell,PHI,2022-02-02,11,2.8560000000000003,4.383333333333333,4.7333333333333325,4.7333333333333325,0.0,1.3,1.1818181818181819,1.1818181818181819,0.2,0.6,0.5454545454545454,0.5454545454545454,0.2,0.3,0.2727272727272727,0.2727272727272727,0.39320126865317284,0.09987887232402788,0.03733140288043893
Myles Turner,MIL,2026-04-10,324,24.509333333333334,23.575499999999998,22.973833333333335,28.462391975308645,12.2,9.9,9.8,15.222222222222221,6.2,4.7,4.45,6.62037037037037,1.2,1.0,1.05,1.3796296296296295,0.40889964990371086,0.19428386891911104,0.03996364984512988
Myron Gardner,MIA,2026-04-12,45,3.3126666666666664,6.8663333333333325,8.991750000000001,9.122333333333332,1.2,2.6,3.1,3.6222222222222222,1.2,1.4,2.7,2.7111111111111112,0.8,0.8,1.0,0.9777777777777777,0.36561038982180294,0.3337038007051769,0.11482512761651795
N'Faly Dante,ATL,2025-11-08,8,3.91,8.254166666666666,8.254166666666666,8.254166666666666,1.0,3.375,3.375,3.375,2.2,3.5,3.5,3.5,0.0,0.25,0.25,0.25,0.4339738049206854,0.4113280175865141,0.015449345868121753
Nae'Qwan Tomlin,CLE,2026-04-12,69,22.503333333333334,15.553833333333335,12.66525,15.464323671497585,10.4,6.2,4.25,5.942028985507246,5.8,3.7,2.4,3.0,1.8,1.0,0.6,0.7971014492753623,0.2781293950171933,0.2043348083829503,0.05034604543290239
Naji Marshall,DAL,2026-04-07,341,27.618333333333332,30.365833333333335,29.134249999999998,23.13068426197458,13.8,17.4,15.75,10.319648093841643,3.8,4.3,4.1,3.9208211143695015,3.0,4.4,4.0,2.4281524926686218,0.5507457796702808,0.14129133020130896,0.13761344691030955
Nassir Little,PHX,2024-04-14,141,2.486666666666667,2.951333333333333,4.5165,17.89154846335698,1.2,1.8,1.45,6.531914893617022,0.4,0.3,0.75,3.2056737588652484,0.0,0.2,0.25,0.8865248226950354,0.5531829149275342,0.10697476470196839,0.030708570401099394
Nate Hinton,HOU,2024-04-14,17,6.4079999999999995,4.825166666666667,4.52813725490196,4.52813725490196,2.4,2.1,1.9411764705882353,1.9411764705882353,2.6,1.7,1.2941176470588236,1.2941176470588236,1.2,0.9,0.5882352941176471,0.5882352941176471,0.2792129871833176,0.6059355712723328,0.10361042342630873
Nate Williams,GSW,2026-04-12,61,26.740000000000002,17.628333333333337,15.014499999999998,10.520355191256831,12.6,8.1,6.9,4.80327868852459,3.4,2.4,1.8,1.3278688524590163,1.4,0.9,0.9,0.6557377049180327,0.3980956000143946,0.1539433661934351,0.055193980322645976
Nathan Knight,MIN,2023-04-09,75,4.5616666666666665,8.139166666666664,9.276500000000002,7.440866666666666,2.4,3.1,4.45,3.6933333333333334,1.2,1.4,1.6,1.88,0.0,0.4,0.35,0.4666666666666667,0.45552458112962135,0.18107499112263556,0.024532798955534302
Nathan Mensah,CHA,2024-02-09,25,8.106666666666666,9.321666666666667,12.370416666666666,12.265666666666668,0.8,0.6,1.25,1.32,1.4,1.6,2.3,2.6,0.0,0.4,0.4,0.36,0.03546247646704155,0.14830262134710748,0.03275336493870906
Naz Reid,MIN,2026-04-08,383,26.355,25.554666666666666,25.44216666666667,22.552193211488245,13.8,12.5,11.6,12.25065274151436,5.4,5.9,5.55,5.258485639686684,1.6,1.5,1.35,1.5796344647519582,0.4926032136238172,0.2241394809802694,0.06502546883329258
Neemias Queta,BOS,2026-04-10,186,25.073666666666668,27.163833333333333,26.64241666666667,17.584964157706093,13.2,12.1,11.4,6.973118279569892,8.4,8.7,8.85,5.56989247311828,2.6,2.5,2.1,1.064516129032258,0.44497261798888843,0.3474034148517542,0.09517974046647033
Nemanja Bjelica,GSW,2022-04-10,71,19.68333333333333,19.3695,17.821916666666663,16.089671361502347,9.4,7.6,5.8,6.098591549295775,6.0,5.7,4.45,4.140845070422535,3.8,3.4,3.15,2.23943661971831,0.37834912373790014,0.28272228749946515,0.16293593679348856
Nerlens Noel,BKN,2023-03-12,42,10.51,13.211666666666668,12.288166666666667,18.015476190476186,1.2,2.3,2.0,2.857142857142857,2.4,2.7,2.6,4.4523809523809526,0.6,0.7,0.6,0.7857142857142857,0.17556196140277278,0.19637183317774703,0.036032220499171944
Nic Claxton,BKN,2026-04-03,333,22.64333333333333,22.029999999999998,24.398249999999997,27.51504504504504,10.8,9.6,10.6,11.24924924924925,5.4,5.9,6.15,8.003003003003004,2.6,1.9,2.95,2.234234234234234,0.4326643082310926,0.26923906510107215,0.0858413723104809
Nick Richards,CHI,2026-03-25,287,18.851666666666667,22.796666666666663,22.358416666666663,18.468600464576074,7.6,9.2,9.35,7.452961672473868,6.6,7.7,7.6,6.097560975609756,0.2,0.6,0.4,0.5923344947735192,0.38827718220069773,0.36597046666359223,0.027007737085435062
Nick Smith Jr.,LAL,2026-04-12,141,11.290000000000001,8.798833333333333,11.805833333333334,17.534278959810873,7.8,5.3,5.75,7.6453900709219855,0.6,0.5,0.65,1.5815602836879432,0.6,0.7,0.85,1.6666666666666667,0.5142527484232398,0.06942345664087685,0.059146476338706414
Nickeil Alexander-Walker,ATL,2026-04-10,366,35.56966666666666,35.3395,33.92358333333333,24.445086520947175,26.4,24.3,23.65,11.221311475409836,3.0,3.4,3.05,2.699453551912568,2.0,3.8,3.4,2.669398907103825,0.6981393317849742,0.09549451796257327,0.11073578535147535
Nicolas Batum,LAC,2026-04-12,349,8.736666666666668,12.638833333333334,12.850249999999999,21.099484240687676,2.4,3.6,3.15,5.429799426934097,1.0,2.4,2.1,3.4469914040114613,0.6,0.6,0.9,1.4240687679083095,0.25335626346818696,0.17705014713662515,0.04732314681470819
Nigel Hayes-Davis,PHX,2026-01-30,27,3.6733333333333333,4.306666666666667,5.942833333333334,7.230123456790124,0.6,0.8,0.85,1.2592592592592593,1.0,1.1,1.1,1.2222222222222223,0.0,0.1,0.15,0.25925925925925924,0.2083316036365146,0.2912338027919107,0.017142857142857144
Nik Stauskas,BOS,2022-03-23,8,2.8,4.848541666666667,4.848541666666667,4.848541666666667,1.4,2.25,2.25,2.25,0.0,0.375,0.375,0.375,0.2,0.25,0.25,0.25,0.447277483819138,0.03287398450497758,0.04855033083356644
Nikola Jokić,DEN,2026-04-12,357,33.91333333333334,35.26466666666667,35.56016666666667,34.651965452847804,25.4,25.3,25.15,27.028011204481793,12.6,14.5,13.4,12.717086834733893,9.8,11.9,11.3,9.476190476190476,0.7315150605979102,0.42112369735692,0.32494748309372057
Nikola Jović,MIA,2026-04-04,154,10.816,10.589666666666668,13.443416666666668,19.898614718614724,2.8,3.3,5.25,8.25974025974026,1.2,1.5,2.45,3.6103896103896105,0.6,0.8,1.05,2.1623376623376624,0.3175983246964608,0.13686010685022634,0.11614266782494156
Nikola Topić,OKC,2026-04-12,10,21.500333333333334,16.008333333333333,16.008333333333333,16.008333333333333,7.2,5.2,5.2,5.2,2.2,1.9,1.9,1.9,6.8,4.4,4.4,4.4,0.29862270005969604,0.1401302354095761,0.25157164306314855
Nikola Vučević,BOS,2026-04-10,368,16.0,19.206333333333333,23.145249999999997,32.25480525362319,6.0,8.8,11.25,17.442934782608695,4.0,6.0,6.9,10.271739130434783,2.0,2.3,2.25,3.3260869565217392,0.4084223279511742,0.2830414172513899,0.10430758902905561
Nique Clifford,SAC,2026-04-12,75,37.78066666666666,34.492333333333335,34.36116666666667,25.092333333333332,19.4,14.8,13.9,8.6,5.8,5.4,5.35,3.76,4.8,4.5,4.15,2.3866666666666667,0.40904576011697164,0.1558730824623626,0.1331990555650974
Noa Essengue,CHI,2025-11-24,2,3.0166666666666666,3.0166666666666666,3.0166666666666666,3.0166666666666666,0.0,0.0,0.0,0.0,0.0,0.0,0.0,0.0,0.0,0.0,0.0,0.0,0.0,0.0,0.0
Noah Clowney,BKN,2026-04-03,135,18.501333333333328,19.956,23.66283333333333,23.645987654320987,7.8,8.9,11.05,10.088888888888889,3.8,3.8,3.95,3.962962962962963,0.8,1.2,1.2,1.2296296296296296,0.44125094551910626,0.20051875936140756,0.055552533596686694
Noah Penda,ORL,2026-04-10,59,4.756666666666666,8.468833333333333,11.6515,12.835169491525424,0.0,1.3,2.15,3.847457627118644,0.6,1.2,2.3,3.169491525423729,1.0,1.2,1.3,1.1864406779661016,0.07394709879110359,0.149966068728679,0.18939273369575577
Noah Vonleh,BOS,2023-01-03,23,3.6866666666666665,4.02,6.157416666666666,7.462391304347825,0.0,0.2,0.85,1.0869565217391304,0.8,1.2,1.9,2.0869565217391304,0.2,0.3,0.35,0.30434782608695654,0.0255863539445629,0.2760009865609034,0.08293919117906914
Nolan Traore,BKN,2026-04-10,56,21.196666666666665,22.800166666666666,22.196,22.20342261904762,13.0,11.9,10.55,8.910714285714286,2.8,2.5,2.1,1.7678571428571428,3.4,4.6,4.1,3.8035714285714284,0.5122503010984503,0.11939759323755939,0.19983598880626624
Norchad Omier,LAC,2026-04-10,6,4.163333333333333,3.9444444444444446,3.9444444444444446,3.9444444444444446,3.4,2.8333333333333335,2.8333333333333335,2.8333333333333335,1.2,1.1666666666666667,1.1666666666666667,1.1666666666666667,0.4,0.3333333333333333,0.3333333333333333,0.3333333333333333,0.6932312702818336,0.3339527082311659,0.061447811447811446
Norman Powell,MIA,2026-04-12,299,24.547666666666668,25.6775,27.042583333333333,29.06573021181717,16.0,16.1,18.1,18.377926421404684,2.4,2.8,3.1,3.0334448160535117,1.2,1.9,2.05,1.8561872909698998,0.6067637834010032,0.11713587728783803,0.07773949750564867
Norvel Pelle,UTA,2022-01-10,3,6.3388888888888895,6.3388888888888895,6.3388888888888895,6.3388888888888895,2.0,2.0,2.0,2.0,2.0,2.0,2.0,2.0,0.0,0.0,0.0,0.0,0.47845281923588096,0.35491721648221014,0.0
OG Anunoby,NYK,2026-04-10,306,31.737999999999992,33.772333333333336,33.399833333333326,35.11649782135076,18.6,15.8,18.05,16.76143790849673,7.0,5.0,5.2,4.944444444444445,2.0,1.9,1.95,2.196078431372549,0.45173288366182157,0.15636505369113923,0.06344091237926393
Obi Toppin,IND,2026-04-12,324,20.323333333333334,18.980666666666668,16.654249999999998,18.454948559670783,17.8,15.3,11.7,9.567901234567902,5.8,4.9,4.2,3.700617283950617,2.6,2.6,2.45,1.4012345679012346,0.8004222507759066,0.25472968797327866,0.1444632194308925
Ochai Agbaji,BKN,2026-04-05,263,15.936666666666667,17.948333333333338,16.1575,21.15091888466413,6.8,8.1,6.65,7.23574144486692,2.2,2.5,2.3,2.7376425855513307,0.6,0.7,0.85,1.1216730038022813,0.39843988596016156,0.12801123197697623,0.03915544537655654
Olivier Sarr,CLE,2026-04-12,50,8.6,6.959999999999999,8.988166666666668,13.441266666666666,2.8,2.8,3.5,4.74,2.4,2.1,3.1,3.42,1.0,0.5,0.4,0.6,0.3055398946333142,0.2942291684856303,0.03905080426819557
Olivier-Maxence Prosper,MEM,2026-04-06,145,20.478666666666665,23.41266666666667,24.231166666666663,13.13016091954023,19.4,16.5,14.65,5.875862068965517,4.2,4.4,4.55,2.703448275862069,1.2,1.0,1.2,0.7793103448275862,0.7326701929569692,0.18737059081069649,0.045610249979812334
Omer Yurtseven,GSW,2026-04-01,122,12.637333333333334,13.375499999999999,15.516833333333333,11.790874316939894,4.0,4.5,6.3,4.877049180327869,3.6,4.8,5.2,4.549180327868853,1.0,1.0,1.05,0.7213114754098361,0.3286363949908132,0.31826193477265974,0.08041798148898686
Onuralp Bitim,CHI,2024-04-12,23,8.483333333333334,6.740833333333335,11.735416666666667,11.651811594202899,2.0,1.5,3.5,3.4782608695652173,0.4,0.4,1.3,1.391304347826087,0.0,0.3,0.65,0.5652173913043478,0.24426489638331367,0.057243070384739636,0.09220685102486478
Onyeka Okongwu,ATL,2026-04-10,331,30.724333333333334,29.752166666666664,29.516083333333334,26.000755287009056,12.6,12.4,12.9,11.646525679758309,6.4,6.2,7.15,7.422960725075528,2.0,2.4,2.8,1.8338368580060422,0.4285737404218066,0.20466801610910051,0.08579779691898967
Orlando Robinson,ORL,2025-12-26,115,11.678,16.668999999999997,21.083666666666666,13.247463768115942,3.2,7.2,9.4,4.565217391304348,3.2,3.8,6.25,3.773913043478261,1.2,1.9,2.25,1.208695652173913,0.33354682670799374,0.19147078422294056,0.12127839155731264
Oscar Tshiebwe,UTA,2026-04-12,49,24.577333333333332,20.815333333333335,18.366000000000003,15.214489795918368,15.2,11.4,9.35,7.020408163265306,12.0,9.8,7.55,6.469387755102041,1.8,1.8,1.3,0.8775510204081632,0.5265713816004619,0.46430233546312916,0.0937877584317634
Oshae Brissett,PHI,2025-03-23,193,23.901666666666664,18.840833333333332,16.308333333333337,17.71825561312608,7.6,7.2,5.1,6.549222797927461,4.2,3.8,3.25,3.9274611398963732,0.8,0.8,0.8,0.8497409326424871,0.40350107379611566,0.226106923334387,0.05321016747600889
Oso Ighodaro,PHX,2026-04-12,143,18.651333333333334,23.9565,26.122166666666665,19.95744755244755,5.6,7.8,8.25,5.496503496503497,5.2,6.4,6.1,4.475524475524476,2.0,2.7,3.1,1.7902097902097902,0.31132724580900106,0.2792910326314926,0.11824055013019359
Otto Porter Jr.,TOR,2023-12-30,86,9.862666666666666,9.540833333333333,13.527833333333334,19.952480620155043,2.2,1.9,3.5,6.953488372093023,1.0,1.5,2.1,4.767441860465116,1.2,0.7,0.65,1.2790697674418605,0.21777743606709404,0.1577012006470741,0.07738911991398398
Ousmane Dieng,MIL,2026-04-12,166,33.49966666666667,32.23649999999999,30.217083333333335,14.686606425702813,13.4,14.2,12.35,5.4156626506024095,6.8,6.2,5.25,2.5120481927710845,6.6,5.8,4.55,1.5060240963855422,0.43105235589252383,0.19198516475643995,0.17192013463385647
P.J. Tucker,NYK,2025-04-13,180,17.300333333333334,15.841000000000003,15.552833333333336,24.694416666666665,1.8,2.2,2.05,4.811111111111111,2.6,2.2,2.5,4.305555555555555,0.0,0.4,0.45,1.25,0.09583625901864104,0.0997087562939217,0.024299119993498968
P.J. Washington,DAL,2026-04-05,324,32.714,31.482,31.083500000000004,30.67528806584362,13.8,14.9,14.15,13.518518518518519,7.0,7.8,6.8,5.993827160493828,0.6,0.9,1.55,2.1358024691358026,0.46881406506090684,0.2520143594340171,0.028399468349960287
PJ Dozier,MIN,2024-12-23,43,4.043333333333333,5.926666666666668,5.164250000000001,10.57562015503876,0.6,1.1,1.2,2.9302325581395348,0.4,0.9,0.85,1.9069767441860466,0.6,1.1,0.75,1.0232558139534884,0.18246621010772207,0.13285313800380574,0.11677407883645623
PJ Hall,CHA,2026-02-22,38,14.050666666666666,16.117333333333335,10.899750000000001,7.356885964912283,3.8,6.3,4.65,3.1315789473684212,5.4,6.0,3.9,2.5526315789473686,0.8,0.8,0.5,0.3684210526315789,0.3718241743761518,0.3760385963600989,0.054061539120821754
Pacôme Dadiet,NYK,2026-04-12,47,9.173333333333332,7.0985,5.700916666666666,5.254007092198581,3.8,3.5,2.2,1.6595744680851063,1.4,1.5,1.1,0.9574468085106383,0.4,0.4,0.5,0.3617021276595745,0.368250107062993,0.3021948216136216,0.060125532932777705
Paolo Banchero,ORL,2026-04-12,270,33.93666666666667,33.18166666666667,34.409000000000006,34.48755555555555,22.2,19.0,22.7,22.33703703703704,9.6,8.6,7.75,7.407407407407407,6.6,5.9,5.65,4.785185185185185,0.5588085547111197,0.2604856407720756,0.17708289097188398
Paris Bass,PHX,2022-01-06,2,3.6916666666666664,3.6916666666666664,3.6916666666666664,3.6916666666666664,3.0,3.0,3.0,3.0,2.0,2.0,2.0,2.0,0.0,0.0,0.0,0.0,0.884213856374565,0.700727617842455,0.0
Pascal Siakam,IND,2026-04-03,359,29.85333333333333,30.43333333333333,31.71491666666666,34.79744661095636,23.2,24.4,24.6,22.481894150417826,7.2,6.0,6.1,7.387186629526463,3.4,3.2,3.5,4.5013927576601676,0.8110454078784777,0.19628081540983627,0.10971386848801949
Pat Connaughton,CHA,2026-04-10,285,5.839,4.876166666666667,7.067333333333332,20.03224561403509,1.4,1.3,2.35,6.543859649122807,1.4,1.1,1.55,3.3859649122807016,0.2,0.1,0.2,1.431578947368421,0.2647434546647719,0.2941253789687045,0.005640688163956003
Pat Spencer,GSW,2026-04-12,111,24.817,24.199499999999997,22.761916666666664,13.551246246246246,8.4,9.2,9.2,5.207207207207207,2.2,3.3,2.75,1.8738738738738738,3.8,4.1,3.6,2.5675675675675675,0.3952477508277472,0.13427002755022563,0.1840744096340457
Patrick Baldwin Jr.,SAC,2026-03-24,102,13.371,10.5955,7.534416666666667,9.103660130718954,3.6,3.9,2.95,3.6862745098039214,3.6,2.5,1.8,2.0686274509803924,0.8,0.5,0.35,0.47058823529411764,0.46648693084136017,0.2687784858161789,0.029503443299472704
Patrick Beverley,MIL,2024-04-14,198,25.674666666666667,22.863999999999997,22.56983333333333,24.014023569023568,8.6,7.3,6.75,7.065656565656566,6.2,4.5,4.15,3.6666666666666665,4.2,3.2,2.65,3.404040404040404,0.2684920883808031,0.20291928203894397,0.1326450962018554
Patrick Williams,CHI,2026-04-12,277,31.590000000000003,25.44333333333333,23.42175,25.1601504211793,12.2,7.8,7.3,8.974729241877256,4.8,4.0,2.9,3.660649819494585,3.6,2.3,1.9,1.48014440433213,0.270089679680224,0.1623291704323458,0.08291175618023403
Patty Mills,LAC,2025-04-05,182,6.033333333333333,5.16,9.157499999999999,20.045833333333334,5.4,3.7,3.95,7.730769230769231,0.2,0.1,0.7,1.4120879120879122,0.2,0.3,0.65,1.6428571428571428,0.525884432238502,0.014018691588785045,0.1060474291871429
Paul George,PHI,2026-04-12,239,29.06366666666667,31.116000000000003,31.798166666666667,33.41702928870293,15.0,21.0,18.55,21.184100418410043,4.6,5.7,5.15,5.682008368200837,2.6,3.3,3.75,4.338912133891213,0.6774004010088207,0.18543242497881549,0.10610880010906361
Paul Millsap,PHI,2022-03-29,33,12.361,12.496666666666666,11.857166666666666,11.38489898989899,2.2,4.1,3.85,3.484848484848485,2.6,3.5,3.6,3.4545454545454546,0.4,0.6,0.95,0.8787878787878788,0.3442320033088254,0.2768976131843592,0.04930565594421186
Paul Reed,DET,2026-04-12,299,15.467333333333332,17.212,14.811166666666665,13.32896878483835,11.8,11.4,9.9,5.655518394648829,5.8,5.5,4.5,4.210702341137123,1.2,1.8,1.45,0.9230769230769231,0.6575020622869084,0.3340812454555736,0.10915330706941344
Paul Watson,OKC,2022-01-07,9,16.498333333333335,17.35648148148148,17.35648148148148,17.35648148148148,4.8,3.4444444444444446,3.4444444444444446,3.4444444444444446,3.0,3.0,3.0,3.0,1.0,0.8888888888888888,0.8888888888888888,0.8888888888888888,0.25465570014433603,0.2057718857122025,0.05376799063861014
Payton Pritchard,BOS,2026-04-10,360,30.29,31.281,31.768416666666667,23.044189814814814,17.8,19.7,17.15,11.077777777777778,2.8,3.4,3.45,3.0722222222222224,5.6,4.3,4.6,3.2527777777777778,0.6224757511341712,0.10660739824272938,0.13698750505286048
Payton Sandfort,OKC,2026-04-12,4,15.833333333333334,15.833333333333334,15.833333333333334,15.833333333333334,8.75,8.75,8.75,8.75,2.5,2.5,2.5,2.5,0.0,0.0,0.0,0.0,0.547305129373383,0.2373758701930605,0.0
Pelle Larsson,MIA,2026-04-10,125,29.330666666666666,30.127500000000005,30.06808333333334,21.048719999999996,15.0,14.1,13.9,8.408,3.4,4.1,3.65,2.688,3.8,3.5,3.35,2.408,0.47071767095447037,0.1334195420274955,0.12047881082529532
Pete Nance,MIL,2026-04-08,68,28.193,28.8365,22.713250000000002,13.27375,10.0,8.8,6.45,4.338235294117647,4.2,4.5,3.65,2.1911764705882355,2.2,2.2,1.55,0.8529411764705882,0.3040695207336194,0.16717820003307557,0.08694645645434765
Petr Cornelie,DEN,2022-01-03,13,2.65,2.379833333333333,2.920384615384616,2.920384615384616,2.0,1.4,1.0769230769230769,1.0769230769230769,0.6,0.9,1.0769230769230769,1.0769230769230769,0.0,0.1,0.23076923076923078,0.23076923076923078,0.46235167825596185,0.3800455625717785,0.030927835051546393
Peyton Watson,DEN,2026-04-01,225,19.170666666666666,27.378666666666664,31.65508333333333,21.89971111111111,11.6,15.4,18.75,8.653333333333334,4.8,4.3,5.25,3.52,3.0,2.8,2.9,1.3422222222222222,0.5702646158646332,0.18355216034240246,0.10605702184591119
Phillip Wheeler,PHI,2025-04-03,5,8.879333333333333,8.879333333333333,8.879333333333333,8.879333333333333,1.6,1.6,1.6,1.6,1.6,1.6,1.6,1.6,0.4,0.4,0.4,0.4,0.11438732330962456,0.30697811501234945,0.025862068965517238
Precious Achiuwa,SAC,2026-04-12,332,27.830666666666673,29.381500000000006,31.095750000000002,22.300376506024097,13.0,15.3,15.4,8.590361445783133,7.0,9.2,9.2,6.316265060240964,2.8,2.0,1.8,1.1596385542168675,0.5134865743942726,0.30847533008341704,0.0686082081945915
Quentin Grimes,PHI,2026-04-12,318,22.233,25.020333333333333,29.668416666666673,25.63172431865828,9.8,10.3,16.1,11.10377358490566,2.6,3.3,3.9,3.207547169811321,1.4,2.1,2.7,2.30188679245283,0.39024202608402536,0.13464685549900587,0.07739355586116273
Quenton Jackson,IND,2026-04-12,89,27.316666666666663,21.92383333333333,20.489333333333335,15.995280898876405,14.6,11.4,9.25,7.50561797752809,3.2,2.7,2.65,1.9101123595505618,5.8,4.5,3.9,2.359550561797753,0.47744527328627545,0.11873046588151889,0.2029627557300287
Quincy Olivari,LAL,2025-01-13,2,5.1499999999999995,5.1499999999999995,5.1499999999999995,5.1499999999999995,1.5,1.5,1.5,1.5,0.0,0.0,0.0,0.0,0.5,0.5,0.5,0.5,0.1829268292682927,0.0,0.23809523809523808
Quinndary Weatherspoon,GSW,2022-04-10,11,4.9,5.947,6.673484848484848,6.673484848484848,1.0,2.4,2.727272727272727,2.727272727272727,1.2,1.3,1.2727272727272727,1.2727272727272727,0.4,0.5,0.45454545454545453,0.45454545454545453,0.3402525703899661,0.1569370170942575,0.08749898053366198
Quinten Post,GSW,2026-03-29,109,17.294333333333334,17.89933333333333,16.316499999999998,16.92619266055046,8.6,8.5,7.1,7.825688073394495,3.2,4.4,4.15,3.8256880733944953,1.6,1.4,1.5,1.3761467889908257,0.4509477310541331,0.2828894344200922,0.0695923304158391
R.J. Hampton,MIA,2024-01-05,119,9.423666666666666,11.133833333333332,15.697750000000003,18.722002801120446,1.4,2.0,4.9,6.73109243697479,0.8,1.2,1.65,2.411764705882353,0.8,1.0,0.85,1.8487394957983194,0.09120164610721407,0.07268633171023269,0.09343363846226951
RJ Barrett,TOR,2026-04-12,316,31.87366666666667,31.596833333333336,31.170749999999998,32.675163502109704,20.8,20.2,21.45,20.0126582278481,5.0,5.1,5.1,5.560126582278481,3.0,3.4,2.95,3.4968354430379747,0.6523076720077391,0.16030911547368248,0.10674866537692143
RaiQuan Gray,SAS,2024-04-14,4,18.529166666666665,18.529166666666665,18.529166666666665,18.529166666666665,9.75,9.75,9.75,9.75,4.0,4.0,4.0,4.0,3.25,3.25,3.25,3.25,0.4836795022188376,0.24768869833774165,0.13400231540902155
Rajon Rondo,CLE,2022-04-10,39,15.813333333333333,18.23316666666667,19.585916666666666,17.895726495726503,4.6,5.5,6.0,4.769230769230769,1.8,2.4,2.7,2.769230769230769,5.0,5.1,5.0,4.358974358974359,0.2539744800884066,0.12762630160364027,0.2874484584948989
Rasheer Fleming,PHX,2026-04-12,55,16.898333333333333,19.410333333333334,18.71591666666667,12.243666666666666,5.0,6.8,6.8,4.327272727272727,1.8,3.1,3.3,2.2545454545454544,0.8,0.6,0.4,0.2909090909090909,0.32156428161671513,0.13196827857969023,0.021219798162452293
Raul Neto,CLE,2023-04-09,118,14.593333333333334,11.214666666666668,10.5725,15.90870056497175,6.0,3.9,3.4,5.788135593220339,1.2,1.1,1.05,1.5254237288135593,3.6,2.5,2.05,2.5084745762711864,0.33757701892484526,0.11558828433643861,0.22342436899381682
RayJ Dennis,ATL,2026-04-12,28,8.757333333333333,6.523666666666666,12.6875,9.879166666666665,2.0,2.5,4.85,3.7142857142857144,1.4,1.1,1.6,1.3571428571428572,1.6,1.0,2.1,1.6785714285714286,0.3360928906434504,0.18666014280442178,0.15919971063798913
Rayan Rupert,MEM,2026-04-12,155,35.172333333333334,32.89866666666667,26.92041666666667,13.969752688172045,17.6,13.8,10.1,4.141935483870967,8.4,6.8,5.4,2.2580645161290325,4.4,2.8,1.85,1.0,0.4013264397344167,0.1949199105071392,0.0766594149274132
Rayjon Tucker,MIL,2022-04-10,5,14.163666666666666,14.163666666666666,14.163666666666666,14.163666666666666,4.2,4.2,4.2,4.2,1.6,1.6,1.6,1.6,2.0,2.0,2.0,2.0,0.2631931151613788,0.10482261381340638,0.41154521675988925
Reece Beekman,BKN,2025-04-11,36,25.866666666666664,20.538,15.504833333333334,13.036203703703704,5.4,4.4,2.65,2.5833333333333335,2.6,2.0,1.35,1.0833333333333333,4.8,3.0,2.1,1.75,0.25337062745152295,0.09508694039424788,0.13957564649010185
Reed Sheppard,HOU,2026-04-12,134,21.976666666666667,25.25116666666667,27.71691666666667,20.905037313432832,12.0,14.0,13.65,9.992537313432836,2.4,3.0,3.4,2.3582089552238807,2.0,3.2,3.75,2.626865671641791,0.5395410114341266,0.1187119512457862,0.1210024982163717
Reggie Bullock Jr.,HOU,2024-04-14,190,10.136666666666667,8.690833333333334,9.958916666666665,24.651614035087718,2.2,1.4,1.85,6.526315789473684,1.4,1.0,1.95,3.142105263157895,0.4,0.3,0.25,1.0842105263157895,0.07526859019730504,0.11909545085974718,0.02873852904187013
Reggie Jackson,PHI,2025-02-05,256,14.778666666666666,13.988999999999999,12.998999999999999,24.19606770833333,5.8,5.1,4.5,11.42578125,1.8,1.4,1.65,2.390625,1.4,1.3,1.15,3.69140625,0.3611740420954187,0.09406755421827653,0.08724012129848176
Reggie Perry,POR,2022-04-10,10,20.196666666666665,18.726666666666667,18.726666666666667,18.726666666666667,10.6,9.2,9.2,9.2,4.6,4.7,4.7,4.7,2.0,1.2,1.2,1.2,0.46534847765212933,0.2517965715429096,0.05892212984990719
Richaun Holmes,WAS,2025-04-02,158,12.920333333333332,16.666833333333333,20.7635,15.885432489451478,5.8,8.1,9.15,6.5,4.8,6.6,6.95,4.784810126582278,0.6,1.5,1.7,0.7848101265822784,0.5112566395819822,0.3577445364676186,0.07736078424342754
Ricky Council IV,PHI,2025-04-13,105,20.137666666666668,23.65366666666667,25.385416666666664,14.65385714285714,6.2,9.3,10.7,6.714285714285714,4.2,5.4,5.0,2.4761904761904763,1.4,1.9,1.8,1.0761904761904761,0.347661701577303,0.20943934014354343,0.06753136654420011
Ricky Rubio,CLE,2023-04-09,67,16.308999999999997,17.65316666666667,17.689833333333333,22.92751243781095,3.2,4.3,5.0,9.194029850746269,1.8,1.5,1.9,3.1492537313432836,4.2,3.7,3.2,5.074626865671642,0.2338347523804079,0.0757037498968878,0.2080899653605277
Riley Minix,CLE,2026-04-12,10,9.196666666666667,6.4833333333333325,6.4833333333333325,6.4833333333333325,5.2,3.5,3.5,3.5,0.8,0.8,0.8,0.8,0.8,0.5,0.5,0.5,0.4834698293510059,0.16306740669834152,0.10068054376687015
Rob Dillingham,CHI,2026-04-12,114,26.356666666666666,22.987833333333334,22.632416666666664,13.034459064327487,15.8,11.3,11.2,5.508771929824562,5.0,3.4,3.05,1.587719298245614,2.6,2.1,2.5,2.1140350877192984,0.4579379628432772,0.14361772323987151,0.08862281018174625
Rob Edwards,OKC,2022-01-02,2,5.425000000000001,5.425000000000001,5.425000000000001,5.425000000000001,1.5,1.5,1.5,1.5,1.5,1.5,1.5,1.5,0.0,0.0,0.0,0.0,0.16635859519408502,0.16635859519408502,0.0
Robert Covington,PHI,2023-12-30,148,14.175333333333333,13.247166666666667,17.530916666666666,21.66578828828829,2.2,2.4,4.95,6.885135135135135,2.2,2.8,3.85,4.418918918918919,0.8,0.6,0.75,1.1689189189189189,0.16202669676386003,0.21488649268540333,0.03756771778367722
Robert Williams III,POR,2026-04-12,181,19.795333333333332,17.506,18.820833333333333,22.686058931860035,7.0,7.1,7.5,7.955801104972376,8.4,7.1,8.3,8.01657458563536,1.2,0.9,0.8,1.419889502762431,0.4100989226762105,0.41735690607285447,0.04722699571200619
Robert Woodard II,SAC,2022-02-08,12,5.593333333333333,3.6809999999999996,3.5161111111111114,3.5161111111111114,0.4,0.5,0.5833333333333334,0.5833333333333334,1.8,1.1,0.9166666666666666,0.9166666666666666,0.6,0.3,0.25,0.25,0.12878295137161877,0.3434910215839909,0.06312785388127853
Robin Lopez,MIL,2024-02-06,89,6.496666666666667,4.561333333333333,5.909833333333334,10.956535580524344,1.6,1.6,2.0,4.314606741573034,0.4,0.5,0.8,2.044943820224719,0.2,0.2,0.45,0.8651685393258427,0.46601954192192324,0.14267388017664917,0.034365086994136304
Rocco Zikarsky,MIN,2026-04-12,5,7.296666666666667,7.296666666666667,7.296666666666667,7.296666666666667,2.8,2.8,2.8,2.8,2.8,2.8,2.8,2.8,0.4,0.4,0.4,0.4,0.45911571272894525,0.3536718018240243,0.019769357495881382
Rodney Hood,LAC,2022-04-10,52,11.344333333333335,11.008833333333333,9.701666666666664,13.642980769230768,3.2,3.4,2.25,3.1346153846153846,0.8,0.9,0.75,1.4807692307692308,0.6,0.7,0.6,0.7307692307692307,0.3096246187978927,0.06040804114880982,0.048043304083131864
Rodney McGruder,DET,2023-03-21,83,33.756,27.60633333333333,20.755666666666663,15.397088353413656,15.2,11.1,7.75,5.493975903614458,6.4,4.3,2.75,2.2289156626506026,1.6,1.3,0.85,0.9156626506024096,0.3787556499020976,0.14464689554432425,0.047771108811364815
Romeo Langford,SAS,2023-04-09,91,15.430000000000001,18.538833333333336,20.386583333333334,17.749542124542124,4.6,5.7,7.3,5.65934065934066,1.8,2.1,2.7,2.4395604395604398,0.8,0.6,1.4,0.7802197802197802,0.29742189601067465,0.10654296287038115,0.031555712289225865
Ron Harper Jr.,BOS,2026-04-12,40,13.849333333333334,9.1575,11.391333333333332,9.641916666666667,8.2,4.6,4.8,3.675,2.2,1.4,1.5,1.55,1.4,0.8,0.75,0.725,0.2220636769456572,0.1395912275013516,0.053685859592061305
Ronald Holland II,DET,2026-04-12,159,20.411333333333335,19.400333333333332,18.608166666666666,17.715534591194967,10.0,7.8,7.8,7.3081761006289305,3.8,3.2,3.2,3.352201257861635,1.0,1.0,0.85,1.1132075471698113,0.3921230427845152,0.16255037101868788,0.04883421750749335
Royce O'Neale,PHX,2026-04-10,385,20.172666666666668,23.531,25.10441666666667,28.101147186147184,6.8,8.9,9.1,8.555844155844156,3.4,4.0,4.25,4.805194805194805,1.2,1.8,2.15,2.7636363636363637,0.3604858496180266,0.16436445683036027,0.07077223338183858
Ruben Nembhard Jr.,CLE,2022-04-10,14,2.1799999999999997,4.413333333333333,4.480952380952381,4.480952380952381,0.4,0.7,1.0714285714285714,1.0714285714285714,0.6,0.5,0.5,0.5,0.2,0.4,0.8571428571428571,0.8571428571428571,0.14373593220931538,0.16902773161311244,0.08163729236823188
Rudy Gay,UTA,2023-03-22,111,14.812666666666667,15.098000000000003,13.983333333333334,16.700945945945946,7.8,7.2,6.65,6.657657657657658,1.2,3.0,2.75,3.6486486486486487,1.0,1.5,1.35,1.018018018018018,0.47633348791995844,0.1937573317455386,0.0977324687516115
Rudy Gobert,MIN,2026-04-07,360,29.612666666666666,30.1575,31.149083333333333,32.30689814814815,8.4,11.8,10.2,13.116666666666667,11.0,12.2,11.7,12.280555555555555,1.6,1.1,1.65,1.4333333333333333,0.391593789825018,0.4064068936780421,0.03628553467381446
Rui Hachimura,LAL,2026-04-12,300,30.798333333333336,25.8025,25.83958333333333,26.768127777777778,16.6,12.5,11.0,12.2,5.2,3.8,3.25,4.193333333333333,1.4,0.7,0.75,1.09,0.4657894819246355,0.13754219315046182,0.022966790570302268
Russell Westbrook,SAC,2026-03-19,358,29.646666666666665,29.30833333333333,27.31825,28.707742085661078,13.4,16.3,14.65,14.85754189944134,6.8,4.9,3.8,5.76536312849162,9.8,8.1,6.0,6.396648044692737,0.5583885863931619,0.16363583362846215,0.2758790112071539
Ryan Arcidiacono,NYK,2024-01-30,50,2.292666666666667,2.4555,2.25775,5.875233333333334,0.0,0.0,0.0,0.84,0.4,0.3,0.4,0.62,0.2,0.1,0.2,0.62,0.0,0.1233007733007733,0.037037037037037035
Ryan Dunn,PHX,2026-04-12,144,16.327666666666666,19.342833333333335,18.8695,19.205983796296298,4.2,6.5,5.65,6.375,3.8,5.4,4.5,3.9166666666666665,1.6,1.8,1.35,1.1041666666666667,0.27858976599127633,0.23929423974421482,0.07654017474264303
Ryan Kalkbrenner,CHA,2026-04-12,69,19.928999999999995,18.936166666666665,18.4345,21.43669082125604,5.2,5.2,6.55,7.550724637681159,5.0,4.2,4.1,5.463768115942029,1.0,0.9,0.85,0.782608695652174,0.2677363422116267,0.2146139849934912,0.047206314610890435
Ryan Nembhard,DAL,2026-04-12,60,29.57,23.195666666666668,20.613166666666665,19.514666666666663,10.2,7.6,6.55,6.616666666666666,5.6,3.5,2.9,2.216666666666667,9.8,6.9,6.05,5.266666666666667,0.3023647605369768,0.14400478237860828,0.2760556757272036
Ryan Rollins,MIL,2026-04-08,155,31.453333333333337,31.12833333333333,31.911083333333334,21.515666666666668,23.8,21.2,17.6,10.948387096774194,3.6,4.0,4.4,3.0387096774193547,5.2,5.6,6.2,3.470967741935484,0.6765350606068041,0.12712682439344142,0.18088378012149917
Saben Lee,PHX,2024-04-14,86,5.374,7.870666666666667,8.683,13.514302325581399,1.0,2.4,3.05,5.0,0.4,1.1,1.4,1.8953488372093024,1.0,1.4,1.35,2.372093023255814,0.50988355775807,0.11106332251805044,0.14028440094587147
Saddiq Bey,NOP,2026-04-05,294,32.772333333333336,32.93933333333334,32.888,31.0887925170068,20.8,20.3,20.0,15.363945578231293,4.6,4.4,4.85,5.489795918367347,1.6,2.7,2.75,2.1258503401360542,0.6151105426956479,0.1311841848159811,0.08184214268074444
Sam Dekker,TOR,2021-10-27,1,0.9066666666666666,0.9066666666666666,0.9066666666666666,0.9066666666666666,0.0,0.0,0.0,0.0,0.0,0.0,0.0,0.0,0.0,0.0,0.0,0.0,0.0,0.0,0.0
Sam Hauser,BOS,2026-04-10,334,25.72,26.952000000000005,25.65816666666667,19.950214570858282,11.2,11.2,8.85,7.823353293413174,4.2,3.8,4.05,3.092814371257485,2.6,1.5,1.3,1.0209580838323353,0.4154653531117421,0.15036195680660175,0.06061961427261766
Sam Merrill,CLE,2026-04-08,195,27.65333333333333,29.123999999999995,28.46483333333334,20.3262735042735,9.8,13.1,11.95,8.753846153846155,2.2,3.4,2.95,2.1846153846153844,3.4,2.9,2.6,1.794871794871795,0.4466248350496852,0.11456329257609917,0.10146696728194342
Sandro Mamukelashvili,TOR,2026-04-12,271,21.484333333333332,22.62366666666667,21.36541666666667,14.573849938499386,10.4,13.2,12.0,6.955719557195572,5.2,5.7,5.3,3.6752767527675276,2.4,2.1,2.05,1.2250922509225093,0.5820461947480312,0.2529000218050767,0.09258601363349235
Santi Aldama,MEM,2026-02-04,278,28.040000000000003,27.56433333333333,30.064083333333333,23.443525179856113,14.2,13.0,15.45,10.413669064748202,6.2,6.7,6.95,5.442446043165468,1.8,2.8,2.7,2.050359712230216,0.4669407603745821,0.24237058435779132,0.09708657889804337
Sasha Vezenkov,SAC,2024-04-14,42,10.384,9.868666666666666,10.121749999999999,12.1684126984127,4.4,4.6,4.6,5.357142857142857,1.4,1.3,1.65,2.2857142857142856,0.6,0.5,0.35,0.4523809523809524,0.46216309840176895,0.1376806505893658,0.03824904170575276
Scoot Henderson,POR,2026-04-12,158,30.467333333333336,27.598666666666666,25.869833333333332,27.0398417721519,15.2,15.7,14.95,13.49367088607595,2.0,2.4,2.45,2.9873417721518987,3.0,3.5,3.25,4.955696202531645,0.583013437431038,0.0883679252995668,0.13497006620215377
Scottie Barnes,TOR,2026-04-12,356,30.628666666666664,30.431,31.318916666666667,34.28088014981273,16.2,15.6,15.65,17.426966292134832,6.8,5.4,6.0,7.485955056179775,6.4,8.7,7.45,5.174157303370786,0.5118533152771161,0.17545246974139977,0.28495899192374197
Scottie Lewis,CHA,2021-12-15,2,3.2750000000000004,3.2750000000000004,3.2750000000000004,3.2750000000000004,0.5,0.5,0.5,0.5,0.0,0.0,0.0,0.0,0.5,0.5,0.5,0.5,0.11406844106463877,0.0,0.23076923076923078
Scotty Hopson,OKC,2021-12-29,1,17.733333333333334,17.733333333333334,17.733333333333334,17.733333333333334,4.0,4.0,4.0,4.0,1.0,1.0,1.0,1.0,1.0,1.0,1.0,1.0,0.22556390977443608,0.05639097744360902,0.05639097744360902
Scotty Pippen Jr.,MEM,2026-03-07,116,21.866666666666667,21.186666666666664,23.465249999999997,21.147341954022988,11.6,11.4,12.35,10.155172413793103,2.8,2.2,2.75,3.0344827586206895,4.0,4.7,4.85,4.258620689655173,0.5416220443807355,0.10154080767878362,0.22161428541907893
Sean Pedulla,LAC,2026-04-10,7,4.056666666666667,4.428571428571429,4.428571428571429,4.428571428571429,1.0,1.8571428571428572,1.8571428571428572,1.8571428571428572,0.4,0.42857142857142855,0.42857142857142855,0.42857142857142855,0.4,0.7142857142857143,0.7142857142857143,0.7142857142857143,0.2842951434857562,0.11943112815596037,0.16705017577500797
Sekou Doumbouya,LAL,2021-11-12,2,8.191666666666666,8.191666666666666,8.191666666666666,8.191666666666666,7.0,7.0,7.0,7.0,3.0,3.0,3.0,3.0,0.0,0.0,0.0,0.0,0.8611180124223602,0.36844720496894406,0.0
Semi Ojeleye,LAC,2022-03-25,30,13.553333333333336,9.830000000000002,10.272083333333331,13.52788888888889,5.4,4.1,3.25,3.2666666666666666,2.8,1.6,1.7,2.466666666666667,0.8,0.4,0.3,0.3,0.3356527994302988,0.10675562506326146,0.027579879636655424
Serge Ibaka,MIL,2023-01-01,70,11.143333333333334,13.559166666666664,12.215416666666666,15.185142857142857,3.6,5.0,4.7,6.1571428571428575,1.6,3.2,3.2,4.2,0.2,0.4,0.5,0.7571428571428571,0.3433496613171652,0.2001818422598914,0.02216616369233623
Seth Curry,GSW,2026-04-12,247,14.892666666666667,13.3,16.874250000000004,20.871869095816464,8.8,7.1,8.3,9.157894736842104,1.0,1.2,1.6,1.9959514170040487,0.6,1.0,1.3,1.7935222672064777,0.5038013776694652,0.09817745370940435,0.07951560391701781
Seth Lundy,ATL,2024-01-24,9,4.333333333333333,5.775925925925925,5.775925925925925,5.775925925925925,1.8,1.5555555555555556,1.5555555555555556,1.5555555555555556,0.8,0.7777777777777778,0.7777777777777778,0.7777777777777778,0.0,0.0,0.0,0.0,0.45898610498595616,0.14729264796721286,0.0
Shaedon Sharpe,POR,2026-04-12,234,21.859333333333332,27.268,29.393583333333332,28.039544159544157,11.6,17.2,19.4,15.709401709401709,2.0,3.6,4.2,4.004273504273504,2.4,2.7,3.0,2.213675213675214,0.5961692030279707,0.13502442159325606,0.11013786019548906
Shai Gilgeous-Alexander,OKC,2026-04-08,343,30.451,31.63816666666667,32.71683333333333,34.306423712342074,28.0,29.0,28.95,30.206997084548107,3.6,3.3,3.95,4.9358600583090375,7.2,6.5,7.15,6.12536443148688,0.9068748561092059,0.10662623822207266,0.21408236897867874
Shake Milton,LAL,2025-04-13,236,11.469999999999999,12.591666666666667,11.851499999999998,17.645014124293784,4.0,4.3,4.0,6.8559322033898304,1.0,1.8,1.85,2.169491525423729,0.8,1.1,1.25,2.292372881355932,0.23547117166596618,0.18485799802701144,0.06000267897137551
Shaq Buchanan,MEM,2021-12-29,2,4.908333333333333,4.908333333333333,4.908333333333333,4.908333333333333,1.0,1.0,1.0,1.0,1.0,1.0,1.0,1.0,1.0,1.0,1.0,1.0,0.14563106796116507,0.14563106796116507,0.24230705940431135
Shaquille Harrison,MEM,2023-12-01,10,11.31,14.846666666666668,14.846666666666668,14.846666666666668,5.0,5.0,5.0,5.0,2.4,2.8,2.8,2.8,3.8,3.3,3.3,3.3,0.27944350746508884,0.20481630694849584,0.1429139714979339
Sharife Cooper,WAS,2026-04-12,54,18.686666666666667,19.1505,18.30691666666667,13.6775,11.8,11.0,8.9,6.296296296296297,1.2,1.6,2.05,1.6851851851851851,4.4,4.3,3.7,2.388888888888889,0.5703289220269895,0.07982403239730336,0.24143204602474463
Sidy Cissoko,POR,2026-04-12,109,6.091666666666667,10.816333333333334,12.458416666666666,15.508593272171254,1.2,1.4,2.55,4.220183486238532,0.4,1.5,1.5,1.9174311926605505,0.4,1.3,1.3,1.238532110091743,0.15745675054876157,0.11631093000008468,0.11126462727629187
Simone Fontecchio,MIA,2026-04-10,263,12.794333333333332,16.02583333333333,15.279083333333332,18.322648922686945,8.2,9.1,8.55,7.844106463878327,2.2,2.3,2.45,2.88212927756654,1.4,1.4,1.25,1.1749049429657794,0.5514253846458862,0.21122101408265953,0.08256378298091076
Sion James,CHA,2026-04-12,82,20.508333333333333,19.159,19.07958333333334,22.479024390243904,6.0,5.0,5.05,5.378048780487805,4.8,3.8,3.45,3.5,2.2,2.2,2.05,1.9878048780487805,0.24962798979000608,0.1914259572000831,0.12517036951763522
Skal Labissiere,WAS,2026-02-03,7,9.076666666666664,7.072857142857143,7.072857142857143,7.072857142857143,3.6,2.5714285714285716,2.5714285714285716,2.5714285714285716,2.2,1.7142857142857142,1.7142857142857142,1.7142857142857142,0.6,0.5714285714285714,0.5714285714285714,0.5714285714285714,0.4362053671965843,0.18022167075489662,0.06471839272695826
Skylar Mays,LAL,2024-04-14,72,2.4033333333333333,2.3470000000000004,6.13525,11.693402777777777,0.4,0.6,2.25,4.541666666666667,0.0,0.2,0.75,1.2083333333333333,0.4,0.2,0.8,2.111111111111111,0.10752608047690015,0.19013062409288822,0.07574689750268117
Solomon Hill,ATL,2021-12-05,13,9.710333333333333,9.714666666666664,10.724102564102564,10.724102564102564,0.4,0.2,0.6153846153846154,0.6153846153846154,1.8,1.6,1.7692307692307692,1.7692307692307692,0.6,0.8,0.9230769230769231,0.9230769230769231,0.015485869144405731,0.14208912245744731,0.08186838520043042
Spencer Dinwiddie,DAL,2025-04-13,301,32.190000000000005,31.660333333333334,32.89483333333333,29.881461794019934,10.6,11.4,13.7,13.13953488372093,3.6,4.0,3.6,3.1993355481727574,6.8,7.6,6.6,5.20265780730897,0.36223233937710725,0.12554316574668495,0.23811462064174052
Spencer Jones,DEN,2026-03-29,84,14.627333333333334,19.815166666666666,18.51458333333333,18.35017857142857,2.6,5.0,4.2,4.5,3.0,3.5,3.55,2.6904761904761907,0.2,0.7,0.65,0.6666666666666666,0.21278244847225883,0.1670969357813725,0.045055329900593154
Stanley Johnson,SAS,2023-02-11,78,21.339666666666666,20.121499999999997,16.888333333333335,20.04991452991453,6.4,5.8,5.85,6.333333333333333,4.2,4.2,3.55,3.2051282051282053,1.8,1.7,2.45,1.8846153846153846,0.26747196700863934,0.19796761323365436,0.08525027192142569
Stanley Umude,SAS,2026-02-21,49,6.480000000000001,4.618333333333333,3.8605000000000005,8.195544217687074,1.0,1.1,0.7,2.979591836734694,0.6,0.4,0.7,1.3877551020408163,0.6,0.3,0.2,0.32653061224489793,0.2649018760572104,0.08618233184195356,0.05088813096295229
Stephen Curry,GSW,2026-04-12,307,26.49,27.50333333333333,29.553416666666664,33.07802388707927,20.8,23.0,23.9,26.364820846905538,3.4,3.0,2.95,4.7882736156351795,3.2,4.0,5.25,5.729641693811075,0.8275662958838172,0.10889816474329042,0.14707828638495252
Stephon Castle,SAS,2026-04-12,149,33.297,30.065999999999995,30.367999999999995,28.186342281879195,16.8,16.4,16.8,15.590604026845638,7.4,6.6,6.1,4.422818791946309,9.4,9.4,8.6,5.597315436241611,0.5420125013946584,0.21986078218024305,0.3238044337533792
Sterling Brown,LAL,2023-01-12,53,7.779333333333334,8.751333333333331,8.269583333333333,12.316509433962263,1.4,1.5,1.2,3.018867924528302,2.4,2.1,1.8,2.9622641509433962,0.4,0.6,0.35,0.6792452830188679,0.1698313990848693,0.23466065983376896,0.059655809843372334
Steven Adams,HOU,2026-01-18,208,25.419000000000004,25.85516666666667,23.16358333333333,22.386057692307695,4.6,5.9,5.7,6.2548076923076925,8.6,8.7,8.1,8.884615384615385,1.4,1.6,1.45,2.2451923076923075,0.23304085049992368,0.33705820621394145,0.058171189580957974
Svi Mykhailiuk,UTA,2026-04-05,217,16.884,19.548666666666666,20.650583333333334,16.189423963133642,12.6,12.0,9.75,6.645161290322581,2.2,2.2,2.35,1.8894009216589862,1.6,1.7,1.7,1.391705069124424,0.6759803469332999,0.11471917485748195,0.09330370049280942
T.J. McConnell,IND,2026-03-29,308,16.49833333333333,18.805500000000002,17.22483333333333,18.98516774891775,10.2,9.3,8.9,9.256493506493506,1.8,2.6,2.1,2.7012987012987013,5.8,6.9,5.65,5.0519480519480515,0.5063813103787348,0.1442016353471443,0.35711807470275253
T.J. Warren,MIN,2024-04-09,53,7.139999999999999,10.859,13.804666666666668,15.309088050314461,3.6,3.4,4.95,6.69811320754717,1.6,2.1,2.85,2.69811320754717,0.4,0.9,1.0,0.9245283018867925,0.3403522804245802,0.18469461198186807,0.10103659427092415
Tacko Fall,CLE,2021-12-30,11,8.169666666666668,5.691666666666666,5.343939393939395,5.343939393939395,1.8,1.2,1.0909090909090908,1.0909090909090908,3.6,2.1,2.090909090909091,2.090909090909091,0.4,0.2,0.18181818181818182,0.18181818181818182,0.1739571647462273,0.19273521618649683,0.01788375558867362
Taelon Peter,IND,2026-04-12,38,19.663333333333334,19.386666666666667,18.892500000000002,12.95342105263158,6.6,7.4,7.2,4.5,2.4,2.3,2.1,1.5526315789473684,1.4,1.0,1.3,1.0526315789473684,0.4093844105702306,0.12500351220659878,0.052295671544290524
Taj Gibson,MEM,2026-04-12,168,10.030000000000001,9.687333333333333,9.969416666666664,12.716636904761904,4.2,3.4,3.05,3.4047619047619047,2.8,2.7,2.55,3.011904761904762,1.0,0.6,0.55,0.6190476190476191,0.34281437583965574,0.30021450798385907,0.06391538834757826
Talen Horton-Tucker,CHI,2025-04-13,234,21.110000000000003,17.94166666666667,13.431666666666667,19.47280626780627,10.6,11.0,7.25,9.35897435897436,1.6,1.7,1.65,2.6666666666666665,2.8,1.9,1.55,2.841880341880342,0.5046042453704951,0.08735688003511402,0.0759802293284293
Tari Eason,HOU,2026-04-12,221,25.019666666666666,25.260333333333335,24.430833333333332,23.604630467571646,9.8,11.8,8.95,10.352941176470589,5.6,6.0,6.2,6.276018099547511,1.4,1.2,1.2,1.3031674208144797,0.460466784233973,0.23712720799907436,0.044184749065867515
Taurean Prince,MIL,2026-04-12,307,31.03066666666667,29.485333333333337,24.2085,23.62862649294246,16.4,14.2,9.8,8.42671009771987,6.2,4.8,3.55,2.9446254071661238,3.2,3.2,1.95,1.5374592833876222,0.4841949999949938,0.15104360522409394,0.1040655105388482
Taylor Hendricks,MEM,2026-04-08,102,21.613333333333333,23.975,24.527333333333335,20.09228758169935,9.2,9.6,11.3,7.294117647058823,4.4,4.3,4.65,4.127450980392157,0.6,0.9,1.2,0.8725490196078431,0.4340211366448076,0.18353761043262437,0.03489085452187263
Taze Moore,POR,2024-11-25,6,11.216666666666667,10.030555555555555,10.030555555555555,10.030555555555555,4.4,4.0,4.0,4.0,3.2,2.6666666666666665,2.6666666666666665,2.6666666666666665,1.2,1.0,1.0,1.0,0.5812863891904734,0.18470457338220436,0.07048331141228723
Terance Mann,BKN,2026-04-03,367,23.121333333333332,22.52233333333333,21.79366666666667,24.537179836512262,6.0,5.7,6.35,8.760217983651225,3.2,3.6,2.85,3.689373297002725,1.8,1.9,2.1,2.242506811989101,0.2565660383953537,0.1583537650975157,0.08070583182153775
Terence Davis,SAC,2025-04-13,95,15.540000000000001,11.736,11.1615,14.580754385964914,6.6,6.0,4.9,7.810526315789474,1.2,1.2,1.45,2.463157894736842,1.2,0.7,0.5,1.1368421052631579,0.6436950775681182,0.09194077021299524,0.07790113869513124
Terquavion Smith,PHI,2024-04-14,16,3.3299999999999996,5.102833333333333,5.281041666666667,5.281041666666667,1.2,2.4,3.25,3.25,0.4,0.4,0.25,0.25,0.4,0.5,0.75,0.75,0.2839149585178633,0.0611133142105732,0.14902712057488557
Terrence Ross,PHX,2023-04-09,126,19.660666666666664,19.142,18.070666666666664,22.053068783068785,6.2,8.9,8.6,9.134920634920634,3.6,4.1,3.25,2.5,2.8,2.4,1.85,1.6746031746031746,0.39176013710664337,0.23618055479483174,0.12370651855905376
Terrence Shannon Jr.,MIN,2026-04-12,75,20.296666666666663,16.18,11.87175,11.68671111111111,16.8,10.6,6.75,5.053333333333334,1.4,1.6,1.05,1.28,2.2,1.7,1.2,0.9333333333333333,0.49445613496103247,0.1615056123960257,0.08219178941768494
Terry Rozier,MIA,2025-04-13,261,17.530333333333335,17.756833333333333,20.11658333333333,32.097209450830135,3.8,5.0,7.35,17.704980842911876,3.2,3.0,2.8,4.057471264367816,2.0,1.8,1.85,4.421455938697318,0.21355545641333656,0.1787322477053752,0.11922123333098822
Terry Taylor,SAC,2025-03-27,98,3.4333333333333336,3.2541666666666664,4.724166666666667,11.950969387755102,0.8,0.8,1.05,4.622448979591836,0.6,0.5,1.05,2.622448979591837,0.4,0.5,0.45,0.6428571428571429,0.15202976105910643,0.13006893458360724,0.20665954945239493
Thaddeus Young,PHX,2024-04-14,139,10.056666666666667,8.936,14.828,14.965251798561152,2.2,2.3,4.9,5.028776978417266,3.0,2.8,3.65,3.431654676258993,0.8,0.7,1.6,1.6978417266187051,0.27960419810782644,0.2703579833745773,0.0949731465862033
Thanasis Antetokounmpo,MIL,2026-04-12,153,9.323333333333334,7.6338333333333335,5.260250000000001,6.424444444444445,2.2,1.9,1.25,1.9673202614379084,1.2,1.5,1.2,1.2287581699346406,1.6,1.2,0.7,0.45098039215686275,0.24227979668604033,0.18451163063868273,0.09634627588589018
Theo Maledon,PHX,2024-03-02,112,3.5933333333333337,8.879999999999999,16.611083333333337,17.63458333333333,1.0,1.7,5.6,6.383928571428571,0.2,1.1,1.95,2.482142857142857,0.4,1.6,2.65,2.5982142857142856,0.10940345431101735,0.06336153855481587,0.1770585391058405
Theo Pinson,DAL,2023-04-09,59,16.415666666666663,13.048666666666666,11.559000000000001,7.983954802259887,6.2,3.7,3.4,2.4237288135593222,4.8,2.8,2.0,1.423728813559322,3.4,2.3,2.05,1.0677966101694916,0.11401692975815525,0.17756308139464513,0.12081125205381045
Thomas Bryant,CLE,2026-04-05,250,19.482333333333333,16.767833333333336,15.387833333333333,14.627193333333333,8.8,7.8,8.2,7.184,6.0,5.3,4.4,4.176,0.4,0.4,0.35,0.652,0.46812565573263293,0.3062249756319827,0.021970749808774236
Tidjane Salaün,CHA,2026-04-12,97,12.634666666666666,13.980666666666668,15.292083333333332,18.760137457044674,4.2,5.9,5.45,5.927835051546392,2.0,3.9,4.35,4.422680412371134,0.2,0.3,0.6,1.041237113402062,0.3382677473943453,0.23879008623414788,0.013920952490072133
Tim Frazier,CLE,2022-03-02,12,10.086666666666668,17.421666666666667,17.29986111111111,17.29986111111111,0.4,3.8,3.25,3.25,0.4,1.6,1.5833333333333333,1.5833333333333333,1.8,2.9,2.8333333333333335,2.8333333333333335,0.17866148296335935,0.07281699885489193,0.17781467988922622
Tim Hardaway Jr.,DEN,2026-04-10,349,21.354666666666667,23.295833333333334,24.422916666666662,28.07354345749761,8.4,10.7,12.0,13.406876790830946,2.4,2.3,2.5,3.008595988538682,1.2,1.3,1.4,1.6934097421203438,0.450368460304347,0.10379772368006897,0.05384407050906642
Timmy Allen,MEM,2024-04-14,5,25.090333333333334,25.090333333333334,25.090333333333334,25.090333333333334,2.6,2.6,2.6,2.6,3.4,3.4,3.4,3.4,1.0,1.0,1.0,1.0,0.10094792376050446,0.1421880715162138,0.040534517412540536
Timothe Luwawu-Cabarrot,ATL,2022-04-10,52,18.583000000000002,19.017999999999997,12.511916666666668,13.169455128205128,6.0,6.1,4.45,4.365384615384615,2.6,2.5,1.8,1.5769230769230769,1.2,1.3,0.75,0.7692307692307693,0.2564473636131226,0.1415699251380925,0.08747591923001541
Tobias Harris,DET,2026-04-12,353,20.506333333333334,25.672666666666668,26.355583333333335,32.2880358829084,12.6,14.1,13.4,15.252124645892351,3.8,4.7,4.9,6.028328611898017,1.4,3.2,2.8,2.7592067988668556,0.5425658698365928,0.1736964405546359,0.12507380648198593
Toby Okani,MEM,2026-04-12,6,37.74133333333333,36.181666666666665,36.181666666666665,36.181666666666665,10.6,10.0,10.0,10.0,2.8,3.5,3.5,3.5,1.2,1.0,1.0,1.0,0.2732737165424784,0.10018936233381077,0.027405507058650715
Tolu Smith,DET,2026-04-12,16,8.144333333333332,8.285666666666666,9.986979166666666,9.986979166666666,3.4,3.0,4.375,4.375,2.6,2.1,3.5625,3.5625,1.0,0.9,0.8125,0.8125,0.43416197437377,0.2664717548861794,0.12624477674264925
Tomas Satoransky,WAS,2022-04-10,55,21.259,23.27,19.27975,16.472515151515154,6.6,5.3,5.15,3.6,2.4,3.5,2.8,2.290909090909091,7.2,7.9,5.25,3.3454545454545452,0.22990221730486876,0.15414016614314474,0.3511892162694218
Tony Bradley,ATL,2026-04-12,122,8.143333333333334,12.045333333333334,10.128833333333334,9.392254098360656,2.6,3.8,2.95,3.319672131147541,2.4,3.5,3.0,2.9098360655737703,0.4,0.6,0.45,0.45901639344262296,0.29528385061173584,0.3032759286026046,0.03424862936175656
Tony Snell,NOP,2022-04-10,53,11.676666666666668,17.579500000000003,18.638916666666667,15.518647798742137,4.4,4.6,5.6,3.5283018867924527,0.6,1.2,2.25,1.9433962264150944,0.6,0.5,0.5,0.5283018867924528,0.3567982269879066,0.0745958764403,0.025138481534851924
Torrey Craig,BOS,2025-04-13,236,18.90333333333333,12.700666666666667,12.367,20.78902542372881,1.4,1.7,3.85,6.419491525423729,5.2,3.3,3.0,4.3474576271186445,1.6,0.9,0.7,1.1991525423728813,0.15510266293948255,0.23368643257987626,0.06207968425300807
Tosan Evbuomwan,NYK,2025-12-23,50,1.5426666666666669,12.655666666666665,18.074749999999995,20.784433333333332,0.0,5.2,7.1,7.36,0.4,2.6,3.3,3.64,0.0,1.6,1.85,1.42,0.2093277608724277,0.1861731218346783,0.06939689515428615
Toumani Camara,POR,2026-04-12,230,36.132,33.25666666666667,32.785666666666664,30.515688405797103,18.2,18.4,14.8,10.908695652173913,3.6,4.3,4.65,5.278260869565218,2.4,2.0,2.15,2.0130434782608697,0.5689580895730104,0.13170385453919295,0.05869963884180187
Trae Young,WAS,2026-03-16,294,20.73,24.455166666666663,27.802,34.88829365079365,15.2,18.0,19.8,25.741496598639454,3.0,2.0,2.05,3.1156462585034013,6.2,8.1,8.85,10.41156462585034,0.7395169977181231,0.09121303718130822,0.3357908580120202
Trayce Jackson-Davis,TOR,2026-04-12,183,5.1033333333333335,5.003333333333333,5.632166666666667,14.170901639344264,2.4,1.7,2.05,6.163934426229508,1.4,1.4,1.9,4.355191256830601,0.4,0.5,0.45,1.2295081967213115,0.29510186758592416,0.29677335048967085,0.09783887581684556
Trayvon Palmer,DET,2021-12-29,1,16.773333333333333,16.773333333333333,16.773333333333333,16.773333333333333,0.0,0.0,0.0,0.0,2.0,2.0,2.0,2.0,0.0,0.0,0.0,0.0,0.0,0.1192368839427663,0.0
Tre Johnson,WAS,2026-04-04,60,23.758999999999997,23.619,22.212,24.046944444444446,10.6,10.4,10.9,12.216666666666667,3.0,2.8,3.05,2.8333333333333335,2.4,2.0,1.8,2.033333333333333,0.4415615172144525,0.11899750506911791,0.08337783090045661
Tre Jones,CHI,2026-04-12,325,26.635,26.555833333333332,28.03066666666667,24.391964102564103,21.8,20.0,18.35,10.163076923076924,3.6,4.1,3.85,3.1046153846153848,4.8,5.1,5.0,5.233846153846154,0.7348246165625614,0.1526316794299459,0.19003499346742864
Tre Mann,CHA,2026-04-12,234,3.996666666666667,4.459999999999999,7.006666666666668,19.33724358974359,2.0,2.3,2.65,8.538461538461538,0.6,0.3,0.7,2.5854700854700856,0.4,0.4,0.65,2.141025641025641,0.5125206840748339,0.061493870197015396,0.07586101166563988
Tremont Waters,WAS,2022-01-01,3,16.759444444444444,16.759444444444444,16.759444444444444,16.759444444444444,3.3333333333333335,3.3333333333333335,3.3333333333333335,3.3333333333333335,1.3333333333333333,1.3333333333333333,1.3333333333333333,1.3333333333333333,2.3333333333333335,2.3333333333333335,2.3333333333333335,2.3333333333333335,0.15526777854664767,0.0768672525729558,0.10550687071138064
Trendon Watford,PHI,2026-04-12,270,10.386666666666667,15.228166666666667,15.878916666666665,17.347660493827163,5.4,7.8,7.15,7.5962962962962965,2.0,3.1,3.15,3.574074074074074,1.6,2.6,2.35,1.9962962962962962,0.5141336022164765,0.20132563851277516,0.17262784334359604
Trent Forrest,ATL,2024-04-14,121,10.798333333333332,12.632499999999999,10.890083333333333,12.035165289256197,2.8,2.4,2.15,2.727272727272727,1.6,1.7,1.25,1.5454545454545454,2.4,3.5,2.85,1.9504132231404958,0.20665026049481416,0.15676303544726028,0.2531896777430401
Trentyn Flowers,CHI,2025-12-07,8,2.7263333333333333,4.008125,4.008125,4.008125,0.8,1.875,1.875,1.875,0.2,0.625,0.625,0.625,0.2,0.125,0.125,0.125,0.2865074431425403,0.06357883775882094,0.10416666666666667
Trevelin Queen,ORL,2025-04-11,62,11.516666666666666,9.841666666666665,13.064333333333334,11.926532258064517,7.0,4.7,4.6,4.129032258064516,2.4,2.0,2.05,1.7258064516129032,1.0,0.8,1.0,1.064516129032258,0.3428344979921092,0.17789870556889958,0.05215268235198637
Trevon Scott,BKN,2026-04-12,8,34.907000000000004,24.200208333333332,24.200208333333332,24.200208333333332,8.4,6.75,6.75,6.75,5.8,4.125,4.125,4.125,1.8,1.25,1.25,1.25,0.3266166802321927,0.16518650796031736,0.049911519236563895
Trevor Ariza,LAL,2022-03-31,24,19.21333333333333,20.372333333333337,19.590666666666664,19.26263888888889,4.0,4.9,3.75,4.0,3.6,3.7,3.5,3.4166666666666665,0.8,1.0,1.15,1.125,0.23100015696113596,0.16789343237365673,0.04137940318781316
Trevor Hudgins,HOU,2023-02-24,5,5.666666666666666,5.666666666666666,5.666666666666666,5.666666666666666,1.8,1.8,1.8,1.8,0.0,0.0,0.0,0.0,0.6,0.6,0.6,0.6,0.3058370936439564,0.0,0.10285714285714287
Trevor Keels,MIA,2026-04-12,11,2.243333333333333,2.2030000000000003,2.08969696969697,2.08969696969697,1.6,1.1,1.0,1.0,0.0,0.3,0.36363636363636365,0.36363636363636365,0.0,0.0,0.0,0.0,0.3641774891774892,0.19807070567293358,0.0
Trey Alexander,NOP,2026-04-12,33,14.166666666666668,11.701000000000002,8.56425,6.905,6.6,4.9,3.5,2.393939393939394,1.4,1.2,1.0,0.696969696969697,0.8,0.9,0.75,0.6060606060606061,0.30517122545671355,0.0948491298799106,0.09238580416315458
Trey Burke,DAL,2022-04-10,42,9.963333333333335,9.498333333333331,8.6275,10.504642857142857,2.4,3.3,3.45,5.095238095238095,0.6,0.5,0.5,0.7857142857142857,1.4,1.1,0.75,1.3571428571428572,0.25412978036102385,0.04835279406097922,0.15532725490368524
Trey Jemison III,NYK,2026-04-12,76,6.6833333333333345,7.113333333333332,6.801166666666665,13.784166666666666,1.2,1.3,1.2,3.6710526315789473,0.8,1.5,1.8,3.3815789473684212,0.6,0.5,0.35,0.631578947368421,0.12898802993439845,0.41701793236090284,0.05119001813215122
Trey Lyles,SAC,2025-04-13,276,34.17966666666667,26.266333333333336,22.413833333333336,19.1711654589372,10.2,7.4,7.35,8.03623188405797,6.4,4.7,4.85,4.536231884057971,1.4,1.1,1.5,1.1159420289855073,0.27795955502571246,0.16396431669441935,0.03932895424587018
Trey Murphy III,NOP,2026-04-03,317,35.778333333333336,35.06916666666667,34.78608333333333,29.011777076761305,17.0,19.1,21.35,15.35646687697161,5.8,6.1,5.4,4.26813880126183,2.0,3.6,4.05,2.2460567823343847,0.5549759254798893,0.17411165649111138,0.10522917450773225
Tristan Enaruna,CLE,2026-04-12,9,12.336666666666666,9.45925925925926,9.45925925925926,9.45925925925926,5.8,4.111111111111111,4.111111111111111,4.111111111111111,1.4,1.5555555555555556,1.5555555555555556,1.5555555555555556,1.0,0.7777777777777778,0.7777777777777778,0.7777777777777778,0.45133561013951873,0.24510986417073033,0.10955377914806674
Tristan Thompson,CLE,2025-04-13,146,15.275666666666666,10.033666666666667,8.146833333333333,12.145924657534245,3.6,2.2,1.4,3.9315068493150687,7.8,4.7,3.7,4.082191780821918,0.4,0.4,0.5,0.7465753424657534,0.4679026515524269,0.4287978857414103,0.07692373204673365
Tristan Vukcevic,WAS,2026-04-01,94,16.493333333333332,17.54166666666667,16.81375,14.22235815602837,12.0,13.4,12.2,9.106382978723405,3.0,3.9,3.85,3.3297872340425534,0.8,0.9,1.35,1.1382978723404256,0.798938235423081,0.21127483795822846,0.05656573695825996
Tristan da Silva,ORL,2026-04-12,151,23.093333333333334,24.929999999999996,27.801583333333337,23.364690949227374,7.2,10.3,12.15,8.57615894039735,3.6,3.3,3.85,3.5033112582781456,2.6,2.2,2.25,1.5695364238410596,0.39710368514169125,0.1350692881455407,0.09678742361650738
Tristen Newton,HOU,2026-04-12,9,4.090999999999999,3.127222222222222,3.127222222222222,3.127222222222222,2.4,1.6666666666666667,1.6666666666666667,1.6666666666666667,1.4,0.7777777777777778,0.7777777777777778,0.7777777777777778,0.2,0.2222222222222222,0.2222222222222222,0.2222222222222222,0.32616487455197135,0.1868421052631579,0.07351712614870509
Troy Brown Jr.,DET,2024-04-14,201,25.839666666666666,24.3615,18.999416666666665,18.61214759535655,5.0,4.5,3.9,5.3283582089552235,3.4,3.8,3.3,3.2587064676616917,1.2,1.3,1.05,1.099502487562189,0.16289632692807227,0.1707124618921211,0.05331912129833148
Ty Jerome,MEM,2026-03-23,180,24.55,23.823999999999995,22.486666666666668,18.68097222222222,20.2,19.6,19.7,10.144444444444444,2.8,3.0,2.65,2.066666666666667,6.2,5.6,5.2,3.161111111111111,0.8227532471072795,0.1258257182203243,0.23501083294304795
TyTy Washington Jr.,LAC,2026-04-10,74,4.203333333333334,4.561166666666667,5.488833333333334,9.393400900900902,0.0,0.4,1.4,2.9054054054054053,0.6,0.4,0.35,0.9324324324324325,0.4,0.7,1.05,1.1486486486486487,0.04011982622061199,0.08801866296807088,0.1388054832317917
Tyler Burton,MEM,2026-04-01,12,25.182000000000002,25.02933333333333,25.56194444444444,25.56194444444444,11.2,12.2,10.75,10.75,3.2,4.4,4.166666666666667,4.166666666666667,1.2,1.1,1.0,1.0,0.4709787445632013,0.18121459734680795,0.040437173954281196
Tyler Cook,CHI,2022-04-10,20,3.0203333333333333,8.053166666666666,9.980833333333333,9.980833333333333,1.0,2.3,3.35,3.35,0.6,2.5,2.65,2.65,0.0,0.0,0.15,0.15,0.33102877760285665,0.2665162603635017,0.0
Tyler Dorsey,DAL,2022-12-25,3,2.75,2.75,2.75,2.75,3.0,3.0,3.0,3.0,0.6666666666666666,0.6666666666666666,0.6666666666666666,0.6666666666666666,0.0,0.0,0.0,0.0,0.7003891050583658,0.1556420233463035,0.0
Tyler Hall,NYK,2021-12-25,1,1.9333333333333331,1.9333333333333331,1.9333333333333331,1.9333333333333331,0.0,0.0,0.0,0.0,0.0,0.0,0.0,0.0,0.0,0.0,0.0,0.0,0.0,0.0,0.0
Tyler Herro,MIA,2026-04-12,285,32.55833333333334,32.5515,31.88883333333333,33.864005847953216,16.4,18.5,19.9,21.424561403508772,5.2,4.5,4.85,5.150877192982456,5.6,4.7,4.85,4.529824561403509,0.5517704358945045,0.1517160052412288,0.1527234904878909
Tyler Johnson,SAS,2022-01-10,6,16.07,15.229166666666666,15.229166666666666,15.229166666666666,2.8,2.8333333333333335,2.8333333333333335,2.8333333333333335,1.6,2.0,2.0,2.0,1.4,1.1666666666666667,1.1666666666666667,1.1666666666666667,0.19159918923473387,0.13978584207049802,0.07050663748607001
Tyler Kolek,NYK,2026-04-03,103,8.82,7.928500000000001,7.867833333333333,9.935080906148867,5.6,3.3,2.9,3.4466019417475726,1.2,0.9,0.95,1.2135922330097086,2.2,2.6,2.25,2.3300970873786406,0.3534778618715565,0.16482392994658604,0.3273179827186954
Tyler Smith,DAL,2026-04-12,35,18.919999999999998,15.489999999999998,10.611500000000001,8.204476190476191,7.2,5.3,3.95,3.5142857142857142,2.6,3.1,1.95,1.6571428571428573,0.6,0.5,0.25,0.2571428571428571,0.3081991739472148,0.19744493288749546,0.027746253644545166
Tyrell Terry,MEM,2021-12-31,2,1.5250000000000001,1.5250000000000001,1.5250000000000001,1.5250000000000001,1.0,1.0,1.0,1.0,0.0,0.0,0.0,0.0,0.0,0.0,0.0,0.0,0.3389830508474576,0.0,0.0
Tyrese Haliburton,IND,2025-04-10,275,32.778,31.175,32.49583333333333,33.63969090909091,18.6,19.8,20.55,18.505454545454544,3.8,3.1,3.4,3.8,10.2,10.0,11.1,9.592727272727272,0.6523057453710523,0.10039233035699388,0.3179351599808071
Tyrese Martin,PHI,2026-04-12,122,7.216666666666667,8.901666666666667,12.287499999999998,17.68418032786885,1.6,2.0,4.2,6.836065573770492,1.2,1.1,1.65,2.8442622950819674,0.4,0.9,0.75,1.6557377049180328,0.20321908873595596,0.12298244097482505,0.07416465915743012
Tyrese Maxey,PHI,2026-04-12,327,34.31666666666666,36.52183333333333,35.901666666666664,36.431946992864425,23.0,24.4,26.95,23.529051987767584,3.4,4.1,3.95,3.4801223241590216,4.0,5.9,5.8,5.333333333333333,0.6774988528590173,0.10837144535658741,0.15663309262622893
Tyrese Proctor,CLE,2026-04-12,50,17.1,13.095833333333331,11.0975,10.901733333333334,11.4,7.5,6.3,5.44,3.4,2.1,1.35,1.28,3.6,2.1,1.8,1.48,0.5119608659630507,0.13672791002410944,0.16585291120114745
Tyrone Wallace,NOP,2022-03-24,6,11.071,12.486944444444445,12.486944444444445,12.486944444444445,2.0,2.8333333333333335,2.8333333333333335,2.8333333333333335,1.2,1.3333333333333333,1.3333333333333333,1.3333333333333333,0.2,0.16666666666666666,0.16666666666666666,0.16666666666666666,0.18979856980856355,0.14389557947640805,0.00945179584120983
Tyson Etienne,BKN,2026-04-12,31,31.316666666666663,24.526666666666664,17.843333333333334,17.13220430107527,15.0,12.6,9.3,7.870967741935484,3.0,1.7,1.35,1.1612903225806452,3.4,3.0,2.0,1.6774193548387097,0.5279926773372126,0.0554669178606399,0.12688021203073982
Tyus Jones,DEN,2026-04-12,367,10.006333333333334,8.593333333333332,11.495416666666667,23.36136693914623,2.8,2.4,2.75,8.915531335149863,2.0,1.3,1.15,2.2534059945504086,1.6,1.3,2.15,4.9427792915531334,0.16508059016104193,0.14042675590288473,0.13903357587390003
Udoka Azubuike,PHX,2024-04-05,69,4.353666666666666,5.258500000000001,10.789083333333332,9.655628019323673,0.4,0.7,3.45,3.4782608695652173,1.4,1.2,3.05,3.217391304347826,0.0,0.1,0.25,0.2028985507246377,0.0833214800790141,0.17553916688787288,0.008152173913043478
Udonis Haslem,MIA,2023-04-09,20,12.380333333333335,9.650166666666665,7.766749999999999,7.766749999999999,4.8,3.1,2.95,2.95,1.8,1.8,1.8,1.8,0.0,0.1,0.2,0.2,0.22497569245828491,0.20684228909102353,0.004922067268252667
Ulrich Chomche,TOR,2025-02-11,7,4.705,4.596428571428571,4.596428571428571,4.596428571428571,0.6,0.7142857142857143,0.7142857142857143,0.7142857142857143,1.2,1.1428571428571428,1.1428571428571428,1.1428571428571428,0.4,0.2857142857142857,0.2857142857142857,0.2857142857142857,0.22618504766247585,0.34802292651849526,0.12902198152277797
Usman Garuba,GSW,2024-04-14,105,3.1100000000000003,5.1815,9.091666666666665,11.686888888888888,0.6,0.8,1.4,2.6285714285714286,1.4,2.0,2.5,3.780952380952381,0.0,0.1,0.4,0.780952380952381,0.14074514166040705,0.3270196292675494,0.04477611940298508
VJ Edgecombe,PHI,2026-04-12,75,37.39533333333333,34.688833333333335,34.02525000000001,34.977399999999996,15.6,15.7,17.75,15.986666666666666,7.2,5.3,5.85,5.64,5.6,5.5,4.85,4.2,0.45904151552609107,0.15119411125599735,0.16332081829023806
Vasilije Micic,PHX,2025-04-04,101,4.133333333333333,15.573333333333332,16.142916666666665,19.412260726072606,0.0,5.9,5.3,6.841584158415841,0.4,1.9,1.8,1.7524752475247525,0.2,2.2,2.45,3.8613861386138613,0.19820616595392432,0.10441952297206787,0.13069688973150898
Vernon Carey Jr.,WAS,2023-02-14,18,3.2433333333333336,2.7466666666666666,4.035092592592593,4.035092592592593,0.8,0.6,1.4444444444444444,1.4444444444444444,1.4,1.1,1.2777777777777777,1.2777777777777777,0.4,0.3,0.16666666666666666,0.16666666666666666,0.24272465910217472,0.39371989186291606,0.1161000308312703
Victor Oladipo,MIA,2023-04-09,50,21.457,23.7295,23.543250000000004,25.575133333333333,13.4,12.6,9.35,10.96,2.0,2.3,2.75,3.02,3.8,3.3,2.95,3.48,0.5123127087667572,0.10016287119685285,0.14002879357914014
Victor Wembanyama,SAS,2026-04-10,181,28.181333333333335,28.58233333333333,29.228499999999997,30.381970534069985,34.6,29.5,27.3,23.414364640883978,14.0,13.5,12.1,11.033149171270718,4.0,4.0,3.6,3.541436464088398,1.0415285637665757,0.46827084937212293,0.1383403640383238
Vince Williams Jr.,UTA,2026-02-23,134,14.85,17.355833333333337,19.076416666666667,21.33628109452736,5.6,7.5,7.55,7.686567164179104,3.8,3.2,3.4,4.164179104477612,3.0,2.8,3.25,2.985074626865672,0.4112398196674311,0.20340148260823346,0.15580140921834948
Vladislav Goldin,MIA,2026-04-12,9,2.486666666666667,2.6624074074074073,2.6624074074074073,2.6624074074074073,0.6,0.7777777777777778,0.7777777777777778,0.7777777777777778,1.0,1.0,1.0,1.0,0.2,0.3333333333333333,0.3333333333333333,0.3333333333333333,0.17951625094482238,0.407155016586364,0.17226743090763288
Vlatko Čančar,DEN,2025-04-04,88,13.715666666666667,11.272833333333335,10.839333333333332,13.649753787878787,2.0,2.0,2.25,4.3522727272727275,2.8,2.8,2.15,2.1704545454545454,1.4,0.9,0.8,1.2045454545454546,0.1053955600145275,0.1799036273187143,0.0761827738072808
Vít Krejčí,POR,2026-04-12,203,13.419666666666668,18.368500000000004,19.56133333333333,19.41564039408867,4.6,5.8,7.25,6.502463054187192,2.6,3.3,2.75,2.3793103448275863,1.4,1.7,1.65,1.8275862068965518,0.3297854758817098,0.17122727404485089,0.09202618104733393
Walker Kessler,UTA,2025-10-31,201,30.796000000000003,29.611499999999996,29.34766666666666,25.326434494195684,14.4,10.7,11.65,9.502487562189055,10.8,10.8,12.3,9.2636815920398,3.0,2.7,2.3,1.199004975124378,0.35063417896216487,0.3655843782225594,0.09016619095616846
Walter Clayton Jr.,MEM,2026-04-08,69,24.886666666666667,24.898333333333333,25.17383333333333,20.442536231884063,13.2,11.7,9.75,7.797101449275362,2.0,2.2,1.95,2.0144927536231885,6.0,5.1,5.65,4.043478260869565,0.4756996023306724,0.08932287326649113,0.2018589950258194
Wayne Ellington,LAL,2022-04-10,43,22.233,16.864166666666666,15.845499999999998,18.84248062015504,9.2,8.1,6.7,6.674418604651163,2.4,2.0,1.95,1.7906976744186047,1.0,0.7,0.55,0.6976744186046512,0.47098206823974653,0.15692243438402945,0.04022980100509452
Wayne Selden,NYK,2021-12-21,3,6.38,6.38,6.38,6.38,1.6666666666666667,1.6666666666666667,1.6666666666666667,1.6666666666666667,0.3333333333333333,0.3333333333333333,0.3333333333333333,0.3333333333333333,0.3333333333333333,0.3333333333333333,0.3333333333333333,0.3333333333333333,0.19193857965451055,0.03838771593090211,0.03838771593090211
Wendell Carter Jr.,ORL,2026-04-12,320,25.253333333333337,27.68333333333333,28.53258333333333,28.10635416666667,8.6,11.4,12.55,12.31875,5.8,6.8,6.8,8.109375,1.4,1.1,1.75,2.14375,0.4098075981033217,0.24650860865468624,0.0431825833385556
Wendell Moore Jr.,DET,2026-04-08,96,9.92666666666667,13.519333333333332,15.268666666666666,8.190225694444445,1.6,3.5,4.45,2.2916666666666665,1.2,1.7,2.7,1.3645833333333333,0.6,0.9,1.15,0.7291666666666666,0.23460081470462404,0.11739814131224965,0.07665126033889086
Wenyen Gabriel,MEM,2024-03-16,99,16.203333333333333,14.594333333333333,15.798166666666665,14.783434343434342,3.4,3.1,4.05,5.353535353535354,5.0,4.4,5.2,4.121212121212121,0.6,0.6,0.75,0.5353535353535354,0.19617424335714123,0.3116701089464095,0.040822873181310504
Wes Iwundu,ATL,2021-12-31,3,27.405555555555555,27.405555555555555,27.405555555555555,27.405555555555555,7.333333333333333,7.333333333333333,7.333333333333333,7.333333333333333,4.333333333333333,4.333333333333333,4.333333333333333,4.333333333333333,0.0,0.0,0.0,0.0,0.2877532750647137,0.15977353058118038,0.0
Wesley Matthews,ATL,2024-04-09,137,11.751000000000001,12.773833333333334,11.059416666666667,16.31726277372263,3.2,4.0,3.5,3.927007299270073,1.4,1.7,1.45,1.8832116788321167,1.0,0.8,0.6,0.6788321167883211,0.30493093978065516,0.10884708557759674,0.0666260881798298
Will Barton,TOR,2023-04-09,127,13.656666666666666,15.226666666666668,13.370416666666667,25.7434908136483,8.2,5.7,5.45,11.196850393700787,1.8,2.2,1.85,3.7559055118110236,1.2,1.1,1.1,3.0551181102362204,0.36415007348729256,0.1578819203924814,0.0886455045970448
Will Richard,GSW,2026-04-12,69,14.203333333333333,18.655,21.974833333333333,19.95369565217391,0.4,4.5,5.9,6.391304347826087,2.0,2.0,2.55,2.4927536231884058,1.0,0.9,1.3,1.3478260869565217,0.22356085042978738,0.15369143142979488,0.05419555862473585
Will Riley,WAS,2026-04-12,74,33.23833333333333,32.55916666666666,32.42375,22.060427927927925,15.4,18.2,16.6,10.324324324324325,5.4,4.1,4.0,2.864864864864865,4.4,3.3,2.9,1.972972972972973,0.5533165808221824,0.12320408455996934,0.10014046654557873
Willie Cauley-Stein,PHI,2022-03-02,20,8.503333333333334,7.837666666666668,9.140833333333333,9.140833333333333,2.0,2.0,1.7,1.7,1.6,1.5,2.0,2.0,0.4,0.5,0.5,0.5,0.21670223005892386,0.1804303884098206,0.0818237898898801
Willy Hernangomez,NOP,2023-03-27,88,4.656666666666666,10.223333333333334,12.931083333333333,14.73431818181818,3.2,5.8,7.35,8.125,2.0,4.5,5.35,5.886363636363637,0.4,0.6,0.9,1.0909090909090908,0.5968369926714845,0.46635254733517584,0.052757380965917845
Xavier Cooks,WAS,2023-04-09,10,21.459999999999997,12.578333333333333,12.578333333333333,12.578333333333333,6.8,3.8,3.8,3.8,6.4,3.8,3.8,3.8,1.0,0.6,0.6,0.6,0.2723664976426772,0.29724161854216113,0.09510341899841494
Xavier Moon,LAC,2024-04-14,28,16.443333333333335,10.111666666666668,8.575833333333334,9.86375,4.4,2.9,2.9,3.5,2.6,1.6,1.2,1.25,2.8,1.8,1.7,1.7857142857142858,0.31808050478835226,0.17590832437721676,0.23536888994106459
Xavier Sneed,CHA,2023-04-07,13,10.375333333333334,7.692666666666668,6.687948717948718,6.687948717948718,3.4,2.2,1.6923076923076923,1.6923076923076923,1.4,0.9,0.8461538461538461,0.8461538461538461,1.2,0.6,0.46153846153846156,0.46153846153846156,0.20750787212628824,0.1447170370400482,0.06919216671609955
Xavier Tillman,CHA,2026-04-10,231,5.68,5.878333333333333,4.19775,14.15582251082251,1.6,1.1,0.75,4.515151515151516,1.0,1.4,0.95,3.311688311688312,0.4,0.8,0.4,1.103896103896104,0.2716416135666562,0.15756490413833213,0.07317669643098958
Yang Hansen,POR,2026-04-12,43,4.8196666666666665,4.774166666666667,5.167666666666666,6.974263565891473,2.0,2.3,1.85,2.2093023255813953,1.6,1.2,1.25,1.5348837209302326,0.0,0.1,0.2,0.5116279069767442,0.42137381610104263,0.2288225926973242,0.01729106628242075
Yanic Konan Niederhäuser,LAC,2026-03-04,41,18.206666666666667,15.843666666666664,13.0485,10.333617886178864,8.2,6.9,5.75,4.2926829268292686,6.2,5.1,3.8,2.8536585365853657,0.0,0.4,0.3,0.2926829268292683,0.43500460439476224,0.324084319241713,0.02667520990873058
Yuki Kawamura,CHI,2026-04-12,40,13.496333333333334,11.068166666666666,11.928500000000001,7.542166666666667,5.2,3.9,3.7,2.45,1.8,1.4,1.9,1.125,2.2,1.9,2.6,1.65,0.3634113624090064,0.10158802219430244,0.17834690895130403
Yuri Collins,GSW,2025-02-25,2,8.15,8.15,8.15,8.15,1.0,1.0,1.0,1.0,1.5,1.5,1.5,1.5,2.0,2.0,2.0,2.0,0.16172506738544473,0.21114846112514818,0.22913271491183274
Yuta Watanabe,MEM,2024-03-01,130,16.442666666666668,10.36,10.513583333333333,14.135551282051283,2.6,2.2,2.25,4.630769230769231,1.8,1.2,1.05,2.207692307692308,1.0,0.5,0.35,0.6461538461538462,0.16925678314614961,0.10399317556686301,0.04466088566215967
Yves Missi,NOP,2026-04-05,139,25.95866666666667,23.26966666666667,20.6125,23.401630695443647,9.0,7.0,6.05,7.496402877697841,6.8,6.9,6.25,7.093525179856115,1.4,1.8,1.4,1.316546762589928,0.2790160889405463,0.2919329407255551,0.0765371864554118
Yves Pons,MEM,2022-04-10,12,9.736666666666666,6.695833333333333,5.914583333333333,5.914583333333333,2.0,1.3,1.0833333333333333,1.0833333333333333,1.4,1.1,1.0,1.0,0.2,0.1,0.08333333333333333,0.08333333333333333,0.13683758013900332,0.14483916867242824,0.003873466752743706
Zaccharie Risacher,ATL,2026-04-12,142,15.168333333333333,15.969500000000002,18.111750000000004,23.567887323943665,4.8,6.5,8.0,11.147887323943662,3.8,3.6,4.25,3.6971830985915495,1.0,0.5,0.7,1.1830985915492958,0.38691979680600025,0.21719425479208315,0.025420139587752567
Zach Collins,CHI,2025-12-27,234,19.29,18.373666666666665,17.625166666666665,19.782742165242166,11.6,9.7,8.3,9.525641025641026,6.4,5.6,5.85,5.423076923076923,1.8,1.5,1.8,2.3974358974358974,0.5194466159361374,0.2982045776374015,0.08017733516027004
Zach Edey,MEM,2025-12-07,77,28.48266666666667,25.915,26.176250000000003,22.072943722943723,15.6,13.7,11.6,9.87012987012987,13.8,11.5,11.65,8.7012987012987,1.4,1.2,1.2,1.0,0.5145367460143009,0.4180378183755849,0.046011918529816426
Zach LaVine,SAC,2026-02-06,282,25.60033333333333,27.158666666666665,29.10975,34.73274231678487,17.2,16.7,17.7,23.074468085106382,2.8,1.8,2.4,4.273049645390071,2.0,2.4,2.15,3.99645390070922,0.6006617271091131,0.06628140880201887,0.090797346591907
Zavier Simpson,MEM,2024-04-14,11,23.943333333333335,29.189999999999998,30.4969696969697,30.4969696969697,8.0,7.6,7.818181818181818,7.818181818181818,3.4,3.8,3.727272727272727,3.727272727272727,3.6,5.0,5.0,5.0,0.23606505285709128,0.12651648316668535,0.18885365875412927
Zeke Nnaji,DEN,2026-04-12,261,10.123333333333333,10.401166666666665,10.508416666666665,12.396481481481482,2.2,2.2,2.35,4.241379310344827,2.0,2.2,2.75,2.4367816091954024,1.0,0.7,0.6,0.4559386973180077,0.17971083626730905,0.1900855311303562,0.05427129561076525
Ziaire Williams,BKN,2026-04-03,269,23.638666666666666,22.576,23.11275,21.44079306071871,13.8,12.5,11.65,8.684014869888475,2.0,2.1,2.25,3.007434944237918,1.6,1.4,1.6,1.1858736059479553,0.543631007259001,0.0931279805047404,0.06250189577274609
Zion Williamson,NOP,2026-04-05,191,28.339999999999996,29.938333333333333,29.535666666666664,30.687757417102972,17.0,18.2,19.25,23.005235602094242,5.0,5.0,5.05,6.162303664921466,3.0,2.8,2.45,4.4136125654450264,0.6071368489835949,0.16771338840505606,0.09449172823390897
Zylan Cheatham,UTA,2022-01-12,1,5.183333333333334,5.183333333333334,5.183333333333334,5.183333333333334,0.0,0.0,0.0,0.0,0.0,0.0,0.0,0.0,0.0,0.0,0.0,0.0,0.0,0.0,0.0
Zyon Pullin,MIN,2026-04-12,8,8.516666666666666,5.648124999999999,5.648124999999999,5.648124999999999,4.6,2.875,2.875,2.875,0.6,0.375,0.375,0.375,1.8,1.125,1.125,1.125,0.17947639807909355,0.012116316639741519,0.15199318113422908
