PLAYER_NAME,OPPONENT,H2H_GAMES_BEFORE,PTS_H2H_5,REB_H2H_5,AST_H2H_5
A.J. Lawson,ATL,1,0.0,1.0,0.0
A.J. Lawson,BKN,3,8.333333333333334,1.3333333333333333,0.0
A.J. Lawson,BOS,5,2.6,1.6,0.0
A.J. Lawson,CHA,3,6.0,2.3333333333333335,2.3333333333333335
A.J. Lawson,CHI,4,7.0,3.25,0.5
A.J. Lawson,DAL,1,12.0,10.0,2.0
A.J. Lawson,DEN,2,8.0,2.0,0.0
A.J. Lawson,DET,4,6.5,3.0,0.75
A.J. Lawson,GSW,5,2.2,1.4,0.2
A.J. Lawson,HOU,3,2.6666666666666665,1.0,0.3333333333333333
A.J. Lawson,IND,3,2.3333333333333335,2.3333333333333335,0.0
A.J. Lawson,LAC,3,0.0,1.3333333333333333,0.6666666666666666
A.J. Lawson,LAL,3,2.3333333333333335,0.3333333333333333,0.0
A.J. Lawson,MEM,5,4.4,1.8,0.2
A.J. Lawson,MIA,4,1.25,1.0,0.25
A.J. Lawson,MIN,2,2.5,1.0,0.5
A.J. Lawson,NOP,4,1.5,1.0,0.25
A.J. Lawson,NYK,5,2.0,1.2,0.2
A.J. Lawson,OKC,4,7.25,1.75,1.0
A.J. Lawson,ORL,5,6.2,1.0,0.6
A.J. Lawson,PHI,5,10.0,2.4,1.0
A.J. Lawson,PHX,4,3.75,1.5,0.25
A.J. Lawson,POR,8,7.8,3.2,2.4
A.J. Lawson,SAC,4,2.5,0.75,0.5
A.J. Lawson,SAS,4,10.25,3.5,1.0
A.J. Lawson,TOR,1,2.0,1.0,0.0
A.J. Lawson,UTA,7,6.0,1.8,0.2
A.J. Lawson,WAS,5,9.8,3.6,0.8
AJ Green,ATL,11,8.8,2.0,0.6
AJ Green,BKN,9,16.8,4.2,2.4
AJ Green,BOS,9,7.2,2.4,1.2
AJ Green,CHA,13,8.2,1.6,2.0
AJ Green,CHI,12,9.4,2.8,2.2
AJ Green,CLE,12,11.0,2.6,1.8
AJ Green,DAL,7,11.8,2.8,1.4
AJ Green,DEN,4,11.0,2.75,3.0
AJ Green,DET,9,12.4,3.4,1.6
AJ Green,GSW,6,5.8,1.8,0.6
AJ Green,HOU,7,7.0,3.8,1.8
AJ Green,IND,13,9.8,1.8,2.4
AJ Green,LAC,5,9.0,1.8,2.0
AJ Green,LAL,5,7.0,2.0,1.2
AJ Green,MEM,8,9.8,2.0,1.0
AJ Green,MIA,12,7.6,2.8,3.6
AJ Green,MIN,6,11.6,2.0,1.8
AJ Green,NOP,6,5.8,2.2,2.0
AJ Green,NYK,10,9.6,3.0,0.4
AJ Green,OKC,4,10.5,2.0,2.0
AJ Green,ORL,11,5.4,3.0,1.4
AJ Green,PHI,9,9.6,3.0,1.2
AJ Green,PHX,6,3.6,2.4,1.2
AJ Green,POR,5,6.4,1.8,1.6
AJ Green,SAC,7,8.0,3.2,1.6
AJ Green,SAS,5,5.4,1.2,1.0
AJ Green,TOR,12,6.4,1.8,0.8
AJ Green,UTA,6,7.4,2.0,0.6
AJ Green,WAS,13,8.8,3.0,2.8
AJ Griffin,BKN,5,5.4,2.0,1.0
AJ Griffin,BOS,4,5.25,3.25,1.0
AJ Griffin,CHA,5,8.4,2.0,1.2
AJ Griffin,CHI,4,12.25,2.5,1.25
AJ Griffin,CLE,4,7.0,1.0,0.75
AJ Griffin,DAL,2,6.5,2.5,0.5
AJ Griffin,DEN,3,13.0,2.3333333333333335,2.0
AJ Griffin,DET,4,8.5,1.5,0.75
AJ Griffin,GSW,3,4.666666666666667,1.3333333333333333,0.0
AJ Griffin,HOU,1,11.0,1.0,1.0
AJ Griffin,IND,6,6.4,0.6,0.8
AJ Griffin,LAC,2,5.0,0.0,0.0
AJ Griffin,LAL,3,6.0,1.3333333333333333,0.6666666666666666
AJ Griffin,MEM,2,7.5,2.0,1.0
AJ Griffin,MIA,2,10.0,2.5,1.0
AJ Griffin,MIL,5,8.8,2.2,0.8
AJ Griffin,MIN,4,3.75,1.75,1.0
AJ Griffin,NOP,1,5.0,1.0,0.0
AJ Griffin,NYK,5,6.6,1.0,0.8
AJ Griffin,OKC,2,10.0,4.0,2.5
AJ Griffin,ORL,4,12.75,2.5,0.75
AJ Griffin,PHI,3,5.0,1.6666666666666667,0.3333333333333333
AJ Griffin,PHX,2,5.5,1.0,1.0
AJ Griffin,POR,2,6.5,0.5,0.5
AJ Griffin,SAC,2,8.5,2.0,2.0
AJ Griffin,SAS,2,8.5,5.0,0.0
AJ Griffin,TOR,3,10.666666666666666,3.6666666666666665,0.6666666666666666
AJ Griffin,UTA,2,4.0,1.5,0.0
AJ Griffin,WAS,5,4.8,1.2,0.6
AJ Johnson,ATL,3,1.6666666666666667,0.3333333333333333,1.0
AJ Johnson,BKN,5,5.0,0.4,1.0
AJ Johnson,BOS,3,4.333333333333333,0.6666666666666666,1.6666666666666667
AJ Johnson,CHA,3,0.6666666666666666,0.6666666666666666,0.0
AJ Johnson,CHI,3,9.333333333333334,1.6666666666666667,0.6666666666666666
AJ Johnson,CLE,3,2.6666666666666665,0.6666666666666666,2.3333333333333335
AJ Johnson,DEN,1,9.0,2.0,4.0
AJ Johnson,DET,1,5.0,1.0,0.0
AJ Johnson,IND,4,3.25,1.25,0.0
AJ Johnson,LAC,2,0.5,1.0,0.0
AJ Johnson,LAL,1,0.0,1.0,0.0
AJ Johnson,MEM,2,6.0,1.5,2.0
AJ Johnson,MIA,4,6.25,1.25,2.75
AJ Johnson,MIL,3,5.333333333333333,1.0,2.0
AJ Johnson,MIN,3,2.3333333333333335,1.0,1.3333333333333333
AJ Johnson,NOP,2,5.0,4.0,1.0
AJ Johnson,NYK,3,7.666666666666667,2.0,2.3333333333333335
AJ Johnson,OKC,3,6.333333333333333,2.6666666666666665,2.6666666666666665
AJ Johnson,ORL,5,5.8,1.8,1.0
AJ Johnson,PHI,4,5.5,3.25,2.75
AJ Johnson,PHX,4,1.0,1.0,0.75
AJ Johnson,POR,2,4.0,3.5,2.5
AJ Johnson,SAC,4,12.75,2.0,2.75
AJ Johnson,SAS,3,4.333333333333333,0.6666666666666666,1.3333333333333333
AJ Johnson,TOR,5,4.0,1.8,2.0
AJ Johnson,UTA,1,12.0,1.0,6.0
Aaron Gordon,ATL,7,13.4,6.8,3.8
Aaron Gordon,BKN,8,17.0,4.6,2.0
Aaron Gordon,BOS,7,13.0,7.6,3.0
Aaron Gordon,CHA,6,13.4,4.8,1.2
Aaron Gordon,CHI,8,15.2,8.0,3.4
Aaron Gordon,CLE,6,13.8,7.4,3.6
Aaron Gordon,DAL,10,15.0,5.4,2.8
Aaron Gordon,DET,6,13.4,6.0,3.0
Aaron Gordon,GSW,14,27.2,5.6,3.8
Aaron Gordon,HOU,14,7.0,4.6,3.0
Aaron Gordon,IND,8,17.4,4.8,3.2
Aaron Gordon,LAC,14,14.0,4.6,3.0
Aaron Gordon,LAL,14,22.4,6.4,3.0
Aaron Gordon,MEM,10,15.4,3.8,2.8
Aaron Gordon,MIA,7,16.6,6.8,2.8
Aaron Gordon,MIL,10,13.2,5.2,2.4
Aaron Gordon,MIN,16,21.2,7.0,2.6
Aaron Gordon,NOP,14,12.8,6.6,4.2
Aaron Gordon,NYK,7,10.8,4.6,4.2
Aaron Gordon,OKC,14,14.4,8.6,3.4
Aaron Gordon,ORL,8,17.6,7.6,2.8
Aaron Gordon,PHI,9,15.2,3.6,2.8
Aaron Gordon,PHX,14,15.2,4.8,2.2
Aaron Gordon,POR,18,16.2,4.4,4.2
Aaron Gordon,SAC,13,17.0,5.2,2.4
Aaron Gordon,SAS,11,14.4,5.2,4.2
Aaron Gordon,TOR,8,13.2,4.6,3.0
Aaron Gordon,UTA,14,9.6,4.4,4.0
Aaron Gordon,WAS,8,12.8,5.6,4.6
Aaron Henry,BOS,1,0.0,1.0,0.0
Aaron Henry,HOU,2,0.0,0.0,0.0
Aaron Henry,NOP,1,0.0,0.0,0.0
Aaron Henry,SAS,1,2.0,0.0,0.0
Aaron Henry,WAS,1,0.0,0.0,0.0
Aaron Holiday,ATL,8,9.0,1.2,1.8
Aaron Holiday,BKN,10,3.4,0.6,1.2
Aaron Holiday,BOS,12,5.6,2.2,2.0
Aaron Holiday,CHA,9,4.6,0.6,1.8
Aaron Holiday,CHI,11,5.8,1.6,1.0
Aaron Holiday,CLE,8,7.2,0.8,0.8
Aaron Holiday,DAL,11,8.0,1.4,1.2
Aaron Holiday,DEN,13,2.4,1.0,1.2
Aaron Holiday,DET,8,1.4,1.6,1.8
Aaron Holiday,GSW,10,10.0,3.2,2.8
Aaron Holiday,HOU,4,4.0,1.75,3.5
Aaron Holiday,IND,11,3.6,1.0,1.0
Aaron Holiday,LAC,12,9.8,1.0,1.8
Aaron Holiday,LAL,10,5.8,0.6,2.6
Aaron Holiday,MEM,14,4.2,1.0,0.6
Aaron Holiday,MIA,10,4.6,1.0,1.2
Aaron Holiday,MIL,12,3.8,1.2,0.8
Aaron Holiday,MIN,10,2.6,0.8,1.0
Aaron Holiday,NOP,13,8.8,2.2,1.4
Aaron Holiday,NYK,10,6.6,1.6,1.0
Aaron Holiday,OKC,13,3.4,0.4,0.8
Aaron Holiday,ORL,10,3.8,0.4,1.2
Aaron Holiday,PHI,11,4.4,1.4,1.2
Aaron Holiday,PHX,13,11.8,0.8,1.0
Aaron Holiday,POR,13,5.2,0.8,0.8
Aaron Holiday,SAC,14,6.0,1.6,1.8
Aaron Holiday,SAS,9,3.0,0.6,0.2
Aaron Holiday,TOR,11,5.4,2.0,2.2
Aaron Holiday,UTA,16,8.0,1.8,1.8
Aaron Holiday,WAS,7,4.8,0.6,2.6
Aaron Nesmith,ATL,15,17.6,1.8,2.0
Aaron Nesmith,BKN,11,11.0,5.0,1.0
Aaron Nesmith,BOS,11,13.4,6.4,3.6
Aaron Nesmith,CHA,9,18.8,4.2,1.8
Aaron Nesmith,CHI,12,13.8,4.6,2.2
Aaron Nesmith,CLE,14,14.0,5.6,1.6
Aaron Nesmith,DAL,6,9.4,2.2,1.8
Aaron Nesmith,DEN,6,17.0,4.6,0.2
Aaron Nesmith,DET,11,8.6,1.6,0.6
Aaron Nesmith,GSW,6,12.6,3.8,1.0
Aaron Nesmith,HOU,9,13.4,4.0,1.6
Aaron Nesmith,IND,2,0.0,0.5,0.5
Aaron Nesmith,LAC,8,12.6,5.0,2.0
Aaron Nesmith,LAL,10,10.4,3.2,1.6
Aaron Nesmith,MEM,8,14.8,5.0,1.6
Aaron Nesmith,MIA,10,13.2,5.8,1.8
Aaron Nesmith,MIL,17,20.0,3.6,1.2
Aaron Nesmith,MIN,7,13.8,5.4,0.8
Aaron Nesmith,NOP,6,8.6,2.6,1.4
Aaron Nesmith,NYK,14,8.2,2.6,1.0
Aaron Nesmith,OKC,8,12.2,4.8,1.4
Aaron Nesmith,ORL,13,15.8,5.0,2.4
Aaron Nesmith,PHI,13,12.2,6.2,1.4
Aaron Nesmith,PHX,6,9.8,3.6,1.2
Aaron Nesmith,POR,8,9.6,2.2,1.4
Aaron Nesmith,SAC,6,16.8,4.8,1.8
Aaron Nesmith,SAS,9,6.0,2.8,1.6
Aaron Nesmith,TOR,11,8.2,3.4,1.8
Aaron Nesmith,UTA,8,17.0,4.4,1.8
Aaron Nesmith,WAS,13,7.8,3.2,0.8
Aaron Wiggins,ATL,10,9.2,3.6,1.6
Aaron Wiggins,BKN,10,12.4,3.8,2.6
Aaron Wiggins,BOS,9,7.6,1.8,1.8
Aaron Wiggins,CHA,8,15.0,2.6,2.2
Aaron Wiggins,CHI,8,8.6,3.8,1.2
Aaron Wiggins,CLE,10,6.8,3.2,2.2
Aaron Wiggins,DAL,16,9.8,2.8,1.8
Aaron Wiggins,DEN,16,8.0,3.4,0.8
Aaron Wiggins,DET,5,12.6,2.8,2.0
Aaron Wiggins,GSW,14,8.8,2.6,1.4
Aaron Wiggins,HOU,19,9.6,3.6,0.8
Aaron Wiggins,IND,7,9.6,3.0,1.0
Aaron Wiggins,LAC,15,9.4,2.8,1.0
Aaron Wiggins,LAL,12,4.8,3.0,1.0
Aaron Wiggins,MEM,12,15.2,4.6,1.4
Aaron Wiggins,MIA,10,10.0,3.8,1.2
Aaron Wiggins,MIL,9,10.8,3.0,2.4
Aaron Wiggins,MIN,15,10.8,2.8,1.2
Aaron Wiggins,NOP,13,16.4,3.6,2.2
Aaron Wiggins,NYK,9,8.4,3.0,1.4
Aaron Wiggins,ORL,10,7.6,2.8,0.6
Aaron Wiggins,PHI,6,13.4,3.0,2.6
Aaron Wiggins,PHX,18,8.6,3.4,2.2
Aaron Wiggins,POR,17,13.6,1.8,2.2
Aaron Wiggins,SAC,10,15.8,5.6,2.4
Aaron Wiggins,SAS,18,6.6,2.2,2.2
Aaron Wiggins,TOR,8,10.4,2.2,2.2
Aaron Wiggins,UTA,16,14.6,4.0,2.6
Aaron Wiggins,WAS,9,11.0,3.8,1.6
Abdel Nader,ATL,1,2.0,2.0,0.0
Abdel Nader,DAL,2,0.0,1.0,0.0
Abdel Nader,DEN,1,0.0,3.0,1.0
Abdel Nader,HOU,2,1.5,3.0,0.0
Abdel Nader,LAL,1,4.0,1.0,1.0
Abdel Nader,MEM,1,10.0,4.0,1.0
Abdel Nader,MIN,1,0.0,2.0,1.0
Abdel Nader,NOP,1,0.0,0.0,0.0
Abdel Nader,POR,2,5.0,2.5,0.5
Abdel Nader,SAC,2,2.5,1.0,1.0
Ace Bailey,ATL,2,20.5,5.5,2.0
Ace Bailey,BKN,2,8.5,2.0,0.0
Ace Bailey,BOS,1,4.0,2.0,0.0
Ace Bailey,CHA,1,6.0,0.0,1.0
Ace Bailey,CHI,2,7.5,2.0,1.5
Ace Bailey,CLE,2,11.5,2.5,3.5
Ace Bailey,DAL,3,13.333333333333334,5.0,2.3333333333333335
Ace Bailey,DEN,4,13.75,3.75,0.75
Ace Bailey,DET,2,4.5,3.0,0.5
Ace Bailey,GSW,2,20.0,5.0,3.0
Ace Bailey,HOU,4,14.5,4.75,1.25
Ace Bailey,IND,2,19.5,4.0,1.0
Ace Bailey,LAC,2,11.0,2.5,1.0
Ace Bailey,LAL,4,14.25,3.25,1.25
Ace Bailey,MEM,4,17.0,6.0,1.25
Ace Bailey,MIA,2,14.0,5.0,2.0
Ace Bailey,MIL,2,21.0,7.5,3.5
Ace Bailey,MIN,4,14.75,5.0,2.0
Ace Bailey,NOP,2,18.0,6.0,1.5
Ace Bailey,NYK,2,17.0,4.5,1.5
Ace Bailey,OKC,4,11.0,2.0,2.25
Ace Bailey,ORL,2,12.0,3.5,3.0
Ace Bailey,PHI,2,18.5,4.5,3.5
Ace Bailey,PHX,3,8.333333333333334,5.0,2.0
Ace Bailey,POR,3,10.333333333333334,4.0,2.0
Ace Bailey,SAC,3,6.0,3.3333333333333335,2.3333333333333335
Ace Bailey,SAS,2,16.5,5.0,3.0
Ace Bailey,TOR,2,20.5,8.5,2.5
Ace Bailey,WAS,2,23.5,3.5,1.5
Adam Flagler,ATL,2,3.0,0.5,0.0
Adam Flagler,BKN,1,0.0,2.0,0.0
Adam Flagler,CHA,1,5.0,2.0,4.0
Adam Flagler,CHI,1,3.0,0.0,0.0
Adam Flagler,CLE,1,0.0,0.0,0.0
Adam Flagler,DAL,1,0.0,0.0,0.0
Adam Flagler,DEN,1,0.0,0.0,0.0
Adam Flagler,DET,2,0.0,0.0,0.0
Adam Flagler,IND,1,0.0,2.0,0.0
Adam Flagler,LAL,1,0.0,0.0,0.0
Adam Flagler,MEM,3,0.0,0.3333333333333333,0.0
Adam Flagler,MIL,2,1.0,0.5,0.0
Adam Flagler,MIN,1,2.0,0.0,0.0
Adam Flagler,NOP,3,3.3333333333333335,0.3333333333333333,0.0
Adam Flagler,PHI,1,5.0,4.0,4.0
Adam Flagler,PHX,3,3.0,0.6666666666666666,0.0
Adam Flagler,POR,2,0.0,0.5,0.0
Adam Flagler,SAC,3,0.0,0.3333333333333333,0.0
Adam Flagler,SAS,3,2.0,0.6666666666666666,1.0
Adam Flagler,TOR,2,0.0,0.5,0.0
Adam Flagler,UTA,3,6.666666666666667,2.0,1.3333333333333333
Adam Flagler,WAS,1,0.0,0.0,1.0
Adama Bal,CHI,1,3.0,2.0,3.0
Adama Bal,CLE,1,20.0,6.0,0.0
Adama Bal,DEN,1,12.0,6.0,5.0
Adama Bal,MIL,1,8.0,2.0,2.0
Adama Bal,NYK,1,11.0,2.0,2.0
Adama Bal,PHX,1,9.0,3.0,2.0
Adama Bal,TOR,1,2.0,2.0,1.0
Adama Bal,UTA,1,18.0,2.0,4.0
Adama Sanogo,ATL,1,0.0,1.0,0.0
Adama Sanogo,BKN,1,0.0,0.0,0.0
Adama Sanogo,CHA,1,2.0,4.0,0.0
Adama Sanogo,CLE,1,2.0,1.0,0.0
Adama Sanogo,DET,1,4.0,6.0,0.0
Adama Sanogo,IND,1,0.0,0.0,0.0
Adama Sanogo,NYK,2,0.0,0.5,0.0
Adama Sanogo,ORL,2,2.0,1.0,0.5
Adama Sanogo,PHI,1,8.0,6.0,0.0
Adama Sanogo,WAS,2,12.0,10.5,0.0
Ade Murkey,LAC,1,0.0,0.0,0.0
Adem Bona,ATL,5,9.4,5.0,1.0
Adem Bona,BKN,6,6.0,4.4,0.0
Adem Bona,BOS,7,3.0,3.2,0.6
Adem Bona,CHA,4,2.75,0.75,0.25
Adem Bona,CHI,6,5.4,5.6,0.0
Adem Bona,CLE,7,5.2,3.8,0.0
Adem Bona,DAL,3,4.666666666666667,4.333333333333333,0.3333333333333333
Adem Bona,DEN,4,4.75,3.25,1.0
Adem Bona,DET,6,4.0,3.8,0.4
Adem Bona,GSW,3,4.333333333333333,4.0,0.0
Adem Bona,HOU,2,1.5,2.5,0.5
Adem Bona,IND,5,7.8,6.0,1.0
Adem Bona,LAC,3,2.0,1.6666666666666667,0.3333333333333333
Adem Bona,LAL,3,3.0,2.6666666666666665,0.3333333333333333
Adem Bona,MEM,3,3.3333333333333335,3.3333333333333335,1.0
Adem Bona,MIA,6,9.8,6.4,0.4
Adem Bona,MIL,6,11.6,5.6,0.0
Adem Bona,MIN,4,3.75,4.25,1.25
Adem Bona,NOP,4,3.25,6.25,0.5
Adem Bona,NYK,8,4.4,4.4,0.4
Adem Bona,OKC,3,7.0,5.333333333333333,1.3333333333333333
Adem Bona,ORL,4,1.75,2.0,0.25
Adem Bona,PHX,3,6.333333333333333,6.666666666666667,0.0
Adem Bona,POR,4,4.25,2.25,0.25
Adem Bona,SAC,3,4.333333333333333,6.333333333333333,0.3333333333333333
Adem Bona,SAS,1,6.0,6.0,2.0
Adem Bona,TOR,6,7.2,5.2,0.2
Adem Bona,UTA,3,14.0,8.333333333333334,0.6666666666666666
Adem Bona,WAS,7,7.6,4.6,0.2
Admiral Schofield,ATL,5,6.0,3.4,0.2
Admiral Schofield,BKN,7,1.6,1.2,0.2
Admiral Schofield,BOS,6,3.8,1.4,0.4
Admiral Schofield,CHA,5,3.6,1.6,0.2
Admiral Schofield,CHI,5,2.0,1.4,1.2
Admiral Schofield,CLE,3,5.666666666666667,2.3333333333333335,0.6666666666666666
Admiral Schofield,DAL,3,0.0,0.6666666666666666,0.0
Admiral Schofield,DEN,2,5.0,0.5,0.5
Admiral Schofield,DET,7,2.4,1.6,0.2
Admiral Schofield,GSW,1,0.0,4.0,1.0
Admiral Schofield,HOU,2,3.5,1.5,1.0
Admiral Schofield,IND,7,2.4,1.0,0.4
Admiral Schofield,LAC,1,9.0,5.0,1.0
Admiral Schofield,LAL,2,2.5,0.0,0.0
Admiral Schofield,MEM,5,5.4,2.0,1.0
Admiral Schofield,MIA,4,6.0,3.0,1.5
Admiral Schofield,MIL,5,4.8,2.4,0.8
Admiral Schofield,MIN,1,6.0,1.0,3.0
Admiral Schofield,NOP,2,4.0,3.0,1.0
Admiral Schofield,NYK,2,1.5,1.0,0.5
Admiral Schofield,OKC,1,6.0,3.0,2.0
Admiral Schofield,PHI,3,2.6666666666666665,2.0,0.0
Admiral Schofield,PHX,2,2.5,1.0,0.0
Admiral Schofield,POR,2,1.5,0.5,0.5
Admiral Schofield,SAC,2,0.0,0.0,0.5
Admiral Schofield,TOR,7,3.2,0.6,1.2
Admiral Schofield,UTA,1,0.0,1.0,0.0
Admiral Schofield,WAS,5,4.2,2.6,1.2
Adou Thiero,BOS,1,0.0,3.0,0.0
Adou Thiero,CLE,1,0.0,0.0,0.0
Adou Thiero,DAL,1,2.0,0.0,0.0
Adou Thiero,DET,2,0.5,1.5,0.5
Adou Thiero,GSW,1,0.0,0.0,0.0
Adou Thiero,HOU,1,2.0,2.0,0.0
Adou Thiero,LAC,2,0.0,0.5,0.0
Adou Thiero,MIL,1,4.0,1.0,0.0
Adou Thiero,MIN,1,0.0,1.0,0.0
Adou Thiero,NOP,1,0.0,0.0,0.0
Adou Thiero,OKC,1,10.0,4.0,2.0
Adou Thiero,PHI,1,0.0,0.0,0.0
Adou Thiero,PHX,3,2.0,1.0,0.6666666666666666
Adou Thiero,SAC,2,2.5,2.0,1.0
Adou Thiero,SAS,2,1.5,0.0,0.0
Adou Thiero,TOR,1,4.0,1.0,1.0
Adou Thiero,UTA,3,3.3333333333333335,1.6666666666666667,0.6666666666666666
Ahmad Caver,BKN,1,2.0,0.0,0.0
Ajay Mitchell,ATL,3,8.0,3.6666666666666665,4.666666666666667
Ajay Mitchell,BKN,1,10.0,7.0,2.0
Ajay Mitchell,BOS,2,11.5,3.5,4.0
Ajay Mitchell,CHA,3,11.666666666666666,4.666666666666667,3.3333333333333335
Ajay Mitchell,CHI,2,9.5,2.0,4.0
Ajay Mitchell,CLE,1,5.0,2.0,9.0
Ajay Mitchell,DAL,4,7.75,2.25,1.75
Ajay Mitchell,DEN,3,9.0,1.0,1.6666666666666667
Ajay Mitchell,DET,1,14.0,2.0,3.0
Ajay Mitchell,GSW,5,10.4,2.4,2.4
Ajay Mitchell,HOU,5,9.4,2.4,2.6
Ajay Mitchell,IND,2,17.5,2.0,2.0
Ajay Mitchell,LAC,6,8.8,3.0,3.0
Ajay Mitchell,LAL,4,9.25,2.25,1.75
Ajay Mitchell,MEM,4,19.25,4.75,3.75
Ajay Mitchell,MIA,3,11.0,3.6666666666666665,1.3333333333333333
Ajay Mitchell,MIL,1,18.0,3.0,2.0
Ajay Mitchell,MIN,4,10.25,3.0,2.0
Ajay Mitchell,NOP,5,8.8,2.6,3.6
Ajay Mitchell,NYK,2,8.0,2.5,2.5
Ajay Mitchell,ORL,3,8.333333333333334,1.3333333333333333,2.0
Ajay Mitchell,PHI,1,13.0,1.0,3.0
Ajay Mitchell,PHX,4,7.25,2.0,2.75
Ajay Mitchell,POR,6,17.0,4.0,3.2
Ajay Mitchell,SAC,4,15.5,2.0,4.5
Ajay Mitchell,SAS,4,8.75,4.0,2.25
Ajay Mitchell,TOR,1,13.0,0.0,3.0
Ajay Mitchell,UTA,6,10.2,1.8,5.0
Ajay Mitchell,WAS,3,16.666666666666668,4.666666666666667,2.3333333333333335
Al Horford,ATL,12,8.6,6.8,3.4
Al Horford,BKN,11,9.4,6.6,3.2
Al Horford,BOS,1,5.0,8.0,4.0
Al Horford,CHA,10,9.4,5.2,1.8
Al Horford,CHI,14,9.6,6.0,2.2
Al Horford,CLE,11,10.6,6.8,1.2
Al Horford,DAL,10,7.2,6.2,2.0
Al Horford,DEN,10,13.0,4.6,1.8
Al Horford,DET,13,11.0,6.4,2.0
Al Horford,GSW,6,10.6,7.4,3.0
Al Horford,HOU,6,8.0,6.2,3.0
Al Horford,IND,15,8.4,4.8,1.6
Al Horford,LAC,9,5.8,4.2,1.2
Al Horford,LAL,10,6.6,5.4,1.8
Al Horford,MEM,9,13.6,6.4,3.0
Al Horford,MIA,12,9.4,7.8,2.6
Al Horford,MIL,11,7.6,6.6,3.2
Al Horford,MIN,9,7.8,4.6,3.0
Al Horford,NOP,9,8.2,5.4,2.4
Al Horford,NYK,14,6.2,4.2,2.6
Al Horford,OKC,10,11.4,6.6,2.6
Al Horford,ORL,11,6.8,5.6,2.0
Al Horford,PHI,15,9.0,3.2,1.8
Al Horford,PHX,8,13.8,6.4,3.4
Al Horford,POR,9,9.2,5.8,3.0
Al Horford,SAC,9,5.8,4.4,1.6
Al Horford,SAS,10,6.0,4.6,1.4
Al Horford,TOR,12,9.0,6.0,2.0
Al Horford,UTA,4,11.0,6.5,5.5
Al Horford,WAS,12,7.8,5.8,1.8
Alec Burks,ATL,12,7.4,1.8,1.0
Alec Burks,BKN,11,8.4,2.4,1.6
Alec Burks,BOS,11,8.4,2.8,0.2
Alec Burks,CHA,12,11.2,1.8,0.6
Alec Burks,CHI,12,10.0,2.6,1.2
Alec Burks,CLE,9,7.6,2.6,2.2
Alec Burks,DAL,6,11.8,7.0,3.2
Alec Burks,DEN,6,14.8,3.2,1.6
Alec Burks,DET,6,12.6,2.8,1.8
Alec Burks,GSW,8,10.2,2.6,0.8
Alec Burks,HOU,8,9.8,0.6,1.0
Alec Burks,IND,9,11.6,1.8,0.6
Alec Burks,LAC,6,8.2,2.6,2.6
Alec Burks,LAL,6,12.0,3.2,2.0
Alec Burks,MEM,6,7.2,2.8,2.6
Alec Burks,MIA,6,9.8,5.6,1.4
Alec Burks,MIL,9,13.8,3.2,2.2
Alec Burks,MIN,5,9.0,3.2,2.0
Alec Burks,NOP,7,8.2,2.6,1.6
Alec Burks,NYK,5,8.8,2.0,2.4
Alec Burks,OKC,6,9.6,5.0,2.8
Alec Burks,ORL,11,10.8,3.0,0.2
Alec Burks,PHI,15,9.0,2.4,1.2
Alec Burks,PHX,5,11.0,3.8,2.8
Alec Burks,POR,7,7.4,2.0,2.0
Alec Burks,SAC,9,11.0,2.6,1.0
Alec Burks,SAS,5,12.6,3.4,2.4
Alec Burks,TOR,12,7.2,1.6,0.6
Alec Burks,UTA,8,9.6,2.8,1.0
Alec Burks,WAS,9,13.8,3.0,1.6
Aleem Ford,ATL,1,4.0,4.0,1.0
Aleem Ford,BKN,1,8.0,2.0,0.0
Aleem Ford,MIA,2,1.0,2.0,0.5
Aleem Ford,NOP,1,0.0,5.0,0.0
Aleksej Pokusevski,ATL,5,8.6,5.2,3.6
Aleksej Pokusevski,BKN,2,7.5,4.0,0.5
Aleksej Pokusevski,BOS,5,9.2,6.2,2.2
Aleksej Pokusevski,CHA,3,7.0,2.0,2.0
Aleksej Pokusevski,CHI,3,7.333333333333333,4.0,0.6666666666666666
Aleksej Pokusevski,CLE,4,11.25,7.75,3.0
Aleksej Pokusevski,DAL,6,3.4,4.4,1.4
Aleksej Pokusevski,DEN,8,7.4,3.0,1.8
Aleksej Pokusevski,DET,4,1.25,2.0,0.5
Aleksej Pokusevski,GSW,3,7.333333333333333,5.333333333333333,0.3333333333333333
Aleksej Pokusevski,HOU,5,3.6,3.4,1.0
Aleksej Pokusevski,IND,2,7.5,1.0,1.5
Aleksej Pokusevski,LAC,4,10.0,5.0,1.5
Aleksej Pokusevski,LAL,4,1.75,2.25,0.25
Aleksej Pokusevski,MEM,7,9.6,4.4,2.6
Aleksej Pokusevski,MIA,3,7.0,6.333333333333333,2.3333333333333335
Aleksej Pokusevski,MIL,3,11.333333333333334,7.0,2.6666666666666665
Aleksej Pokusevski,MIN,8,9.0,5.0,1.6
Aleksej Pokusevski,NOP,4,8.25,3.75,2.25
Aleksej Pokusevski,NYK,3,6.666666666666667,4.666666666666667,1.3333333333333333
Aleksej Pokusevski,OKC,1,14.0,9.0,0.0
Aleksej Pokusevski,ORL,5,8.4,6.2,2.6
Aleksej Pokusevski,PHI,3,8.0,3.3333333333333335,1.3333333333333333
Aleksej Pokusevski,PHX,4,8.5,5.5,4.0
Aleksej Pokusevski,POR,5,8.2,4.6,4.2
Aleksej Pokusevski,SAC,3,7.333333333333333,7.666666666666667,3.3333333333333335
Aleksej Pokusevski,SAS,7,5.2,3.2,0.6
Aleksej Pokusevski,TOR,3,11.666666666666666,4.0,0.3333333333333333
Aleksej Pokusevski,UTA,4,4.0,4.0,2.0
Aleksej Pokusevski,WAS,2,7.5,3.5,1.5
Alex Antetokounmpo,BOS,1,1.0,1.0,0.0
Alex Antetokounmpo,DAL,1,3.0,0.0,0.0
Alex Antetokounmpo,DET,1,5.0,3.0,0.0
Alex Antetokounmpo,HOU,1,0.0,0.0,0.0
Alex Antetokounmpo,MEM,1,2.0,0.0,1.0
Alex Antetokounmpo,PHI,1,8.0,2.0,0.0
Alex Caruso,ATL,7,7.4,5.0,2.4
Alex Caruso,BKN,12,3.4,2.0,3.0
Alex Caruso,BOS,10,10.0,3.2,2.8
Alex Caruso,CHA,10,7.2,3.2,1.6
Alex Caruso,CHI,4,6.0,4.0,2.0
Alex Caruso,CLE,12,8.2,2.2,2.2
Alex Caruso,DAL,9,5.6,4.2,3.0
Alex Caruso,DEN,9,7.0,3.2,2.2
Alex Caruso,DET,11,4.0,2.4,4.0
Alex Caruso,GSW,9,4.0,2.2,2.2
Alex Caruso,HOU,12,4.6,3.0,1.6
Alex Caruso,IND,9,12.8,6.0,4.2
Alex Caruso,LAC,11,8.0,3.0,2.2
Alex Caruso,LAL,11,9.8,2.6,2.4
Alex Caruso,MEM,8,7.8,3.4,2.2
Alex Caruso,MIA,13,4.8,1.8,2.4
Alex Caruso,MIL,8,8.2,2.4,3.2
Alex Caruso,MIN,9,9.0,5.4,1.6
Alex Caruso,NOP,9,10.8,2.2,2.4
Alex Caruso,NYK,12,8.0,3.4,4.2
Alex Caruso,OKC,4,10.25,3.5,3.25
Alex Caruso,ORL,10,6.2,3.8,2.2
Alex Caruso,PHI,9,7.2,1.6,2.0
Alex Caruso,PHX,11,5.6,3.0,2.0
Alex Caruso,POR,10,9.0,1.8,1.6
Alex Caruso,SAC,8,6.0,3.2,5.2
Alex Caruso,SAS,11,9.6,3.2,2.0
Alex Caruso,TOR,12,11.4,3.6,3.2
Alex Caruso,UTA,9,8.4,2.6,3.6
Alex Caruso,WAS,10,6.8,3.2,4.2
Alex Ducas,ATL,1,0.0,0.0,0.0
Alex Ducas,BKN,1,9.0,1.0,0.0
Alex Ducas,CHA,1,3.0,0.0,0.0
Alex Ducas,CHI,1,0.0,0.0,0.0
Alex Ducas,CLE,1,0.0,1.0,0.0
Alex Ducas,DEN,1,0.0,0.0,0.0
Alex Ducas,MIL,1,2.0,7.0,0.0
Alex Ducas,MIN,1,0.0,0.0,0.0
Alex Ducas,NOP,2,4.0,3.5,1.0
Alex Ducas,NYK,1,0.0,0.0,0.0
Alex Ducas,PHI,2,1.5,2.5,0.5
Alex Ducas,PHX,1,0.0,2.0,0.0
Alex Ducas,SAC,1,6.0,0.0,0.0
Alex Ducas,SAS,2,0.0,0.0,0.0
Alex Ducas,TOR,1,0.0,1.0,0.0
Alex Ducas,UTA,2,1.0,1.0,0.5
Alex Ducas,WAS,1,3.0,0.0,1.0
Alex Fudge,DET,2,0.0,1.0,0.0
Alex Fudge,OKC,2,6.5,1.5,0.0
Alex Fudge,ORL,1,0.0,0.0,0.0
Alex Fudge,PHI,1,2.0,0.0,0.0
Alex Len,ATL,4,3.25,3.75,1.5
Alex Len,BKN,5,0.8,1.4,1.0
Alex Len,BOS,1,0.0,0.0,0.0
Alex Len,CHA,5,3.0,3.6,1.2
Alex Len,CHI,3,1.3333333333333333,2.0,0.0
Alex Len,CLE,4,2.75,4.0,1.5
Alex Len,DAL,4,2.75,5.75,1.0
Alex Len,DEN,11,1.6,2.2,0.2
Alex Len,DET,2,5.0,4.5,2.0
Alex Len,GSW,3,2.3333333333333335,3.0,1.3333333333333333
Alex Len,HOU,9,0.8,1.2,0.6
Alex Len,IND,4,3.5,3.0,1.5
Alex Len,LAC,5,2.6,3.6,0.4
Alex Len,LAL,10,2.0,0.6,0.6
Alex Len,MEM,7,2.0,3.0,0.8
Alex Len,MIA,4,1.25,1.75,0.75
Alex Len,MIL,6,4.6,4.0,1.0
Alex Len,MIN,7,2.6,1.6,0.4
Alex Len,NOP,8,1.2,1.4,1.2
Alex Len,NYK,3,0.6666666666666666,1.0,0.6666666666666666
Alex Len,OKC,5,1.0,2.4,1.4
Alex Len,ORL,4,5.25,2.0,0.5
Alex Len,PHI,6,1.8,2.0,0.8
Alex Len,PHX,6,1.6,1.2,1.0
Alex Len,POR,10,3.2,2.2,1.4
Alex Len,SAS,7,2.4,2.8,1.0
Alex Len,TOR,3,7.0,5.666666666666667,1.3333333333333333
Alex Len,UTA,9,2.8,3.8,1.6
Alex Len,WAS,4,3.0,3.75,1.25
Alex Morales,CHA,1,2.0,3.0,4.0
Alex Morales,CHI,1,0.0,0.0,0.0
Alex Morales,DET,1,0.0,0.0,0.0
Alex Morales,MIN,1,6.0,0.0,0.0
Alex Reese,ATL,3,5.0,2.3333333333333335,0.3333333333333333
Alex Reese,BOS,1,3.0,3.0,1.0
Alex Reese,DAL,1,6.0,2.0,1.0
Alex Reese,HOU,1,6.0,1.0,0.0
Alex Reese,IND,1,5.0,3.0,0.0
Alex Reese,MIA,1,3.0,2.0,0.0
Alex Reese,MIN,1,3.0,0.0,0.0
Alex Reese,NYK,1,10.0,4.0,1.0
Alex Reese,OKC,1,11.0,5.0,0.0
Alex Reese,TOR,2,2.0,4.5,0.0
Alex Reese,UTA,1,6.0,9.0,0.0
Alex Reese,WAS,1,4.0,2.0,0.0
Alex Sarr,ATL,4,16.25,8.0,1.25
Alex Sarr,BKN,3,13.333333333333334,4.0,2.0
Alex Sarr,BOS,6,14.2,6.4,1.2
Alex Sarr,CHA,6,15.8,5.0,2.0
Alex Sarr,CHI,5,13.0,8.4,3.2
Alex Sarr,CLE,4,14.0,6.5,2.25
Alex Sarr,DAL,4,11.5,6.25,2.75
Alex Sarr,DEN,3,21.666666666666668,7.333333333333333,3.3333333333333335
Alex Sarr,DET,6,11.2,7.2,2.0
Alex Sarr,GSW,3,9.666666666666666,9.666666666666666,2.3333333333333335
Alex Sarr,HOU,3,10.666666666666666,8.666666666666666,2.0
Alex Sarr,IND,5,18.4,9.6,3.0
Alex Sarr,LAC,4,14.75,5.5,1.25
Alex Sarr,LAL,2,13.0,6.0,3.5
Alex Sarr,MEM,3,15.333333333333334,8.333333333333334,2.6666666666666665
Alex Sarr,MIA,6,13.4,6.6,3.2
Alex Sarr,MIL,6,15.8,10.2,2.2
Alex Sarr,MIN,2,10.0,3.0,4.5
Alex Sarr,NOP,4,14.5,5.75,3.0
Alex Sarr,NYK,6,13.6,6.4,3.2
Alex Sarr,OKC,3,12.666666666666666,6.333333333333333,3.3333333333333335
Alex Sarr,ORL,6,15.6,7.0,2.4
Alex Sarr,PHI,4,20.5,7.25,3.25
Alex Sarr,PHX,4,12.0,8.0,2.5
Alex Sarr,POR,2,24.5,8.0,3.0
Alex Sarr,SAC,3,13.333333333333334,5.0,1.6666666666666667
Alex Sarr,SAS,2,15.0,3.0,2.5
Alex Sarr,TOR,4,14.25,8.25,2.25
Alex Sarr,UTA,2,21.5,7.0,3.0
Alfonzo McKinnie,BKN,1,5.0,5.0,0.0
Alfonzo McKinnie,BOS,1,4.0,3.0,1.0
Alfonzo McKinnie,CLE,1,2.0,0.0,0.0
Alfonzo McKinnie,DAL,1,2.0,0.0,0.0
Alfonzo McKinnie,DET,1,10.0,2.0,0.0
Alfonzo McKinnie,GSW,1,7.0,3.0,0.0
Alfonzo McKinnie,HOU,1,16.0,5.0,1.0
Alfonzo McKinnie,LAL,1,2.0,2.0,1.0
Alfonzo McKinnie,MEM,1,2.0,3.0,0.0
Alfonzo McKinnie,MIA,1,6.0,0.0,1.0
Alfonzo McKinnie,OKC,1,2.0,4.0,0.0
Alfonzo McKinnie,ORL,2,0.0,1.5,0.5
Alfonzo McKinnie,PHI,1,0.0,1.0,0.0
Alfonzo McKinnie,PHX,1,1.0,1.0,0.0
Alfonzo McKinnie,POR,1,0.0,1.0,0.0
Alfonzo McKinnie,WAS,1,0.0,0.0,0.0
Alijah Martin,ATL,1,0.0,0.0,0.0
Alijah Martin,BOS,3,2.3333333333333335,0.3333333333333333,1.0
Alijah Martin,CHI,1,0.0,0.0,0.0
Alijah Martin,DET,1,2.0,1.0,0.0
Alijah Martin,GSW,1,2.0,0.0,0.0
Alijah Martin,HOU,1,2.0,0.0,0.0
Alijah Martin,IND,2,1.5,1.0,0.0
Alijah Martin,LAC,1,5.0,0.0,1.0
Alijah Martin,LAL,1,0.0,0.0,1.0
Alijah Martin,MEM,1,0.0,1.0,1.0
Alijah Martin,MIA,1,0.0,0.0,0.0
Alijah Martin,NOP,2,2.0,0.5,0.0
Alijah Martin,NYK,3,1.0,0.0,0.6666666666666666
Alijah Martin,ORL,1,8.0,4.0,1.0
Alijah Martin,PHI,2,7.5,5.0,1.5
Alijah Martin,SAC,1,0.0,1.0,0.0
Alize Johnson,BKN,2,0.0,1.0,0.0
Alize Johnson,CHA,1,0.0,4.0,0.0
Alize Johnson,CHI,1,0.0,0.0,0.0
Alize Johnson,CLE,1,1.0,3.0,0.0
Alize Johnson,DAL,1,2.0,7.0,1.0
Alize Johnson,DET,2,0.0,2.0,0.0
Alize Johnson,GSW,1,9.0,7.0,0.0
Alize Johnson,HOU,2,0.0,1.0,0.5
Alize Johnson,IND,1,0.0,0.0,0.0
Alize Johnson,LAL,1,0.0,0.0,2.0
Alize Johnson,MEM,1,4.0,7.0,0.0
Alize Johnson,MIA,2,2.0,4.5,0.0
Alize Johnson,NOP,2,4.0,5.0,1.0
Alize Johnson,NYK,2,1.0,0.0,0.0
Alize Johnson,OKC,1,2.0,3.0,0.0
Alize Johnson,ORL,1,0.0,1.0,2.0
Alize Johnson,PHX,1,5.0,4.0,0.0
Alize Johnson,POR,1,0.0,1.0,0.0
Alize Johnson,SAC,1,0.0,1.0,0.0
Alize Johnson,TOR,1,6.0,2.0,1.0
Alize Johnson,UTA,1,5.0,4.0,1.0
Alondes Williams,ATL,1,5.0,3.0,0.0
Alondes Williams,CHA,1,8.0,7.0,3.0
Alondes Williams,DAL,1,0.0,0.0,0.0
Alondes Williams,GSW,1,3.0,0.0,0.0
Alondes Williams,IND,3,10.333333333333334,5.333333333333333,3.0
Alondes Williams,MIL,1,0.0,1.0,0.0
Alondes Williams,ORL,1,5.0,0.0,1.0
Alondes Williams,SAC,1,0.0,0.0,0.0
Alondes Williams,TOR,2,1.0,0.0,0.0
Alondes Williams,WAS,1,0.0,0.0,0.0
Alperen Sengun,ATL,8,14.8,10.0,5.2
Alperen Sengun,BKN,9,22.0,10.2,4.4
Alperen Sengun,BOS,9,15.6,9.4,6.8
Alperen Sengun,CHA,10,14.4,8.6,5.6
Alperen Sengun,CHI,9,25.0,10.8,8.2
Alperen Sengun,CLE,8,22.0,9.2,4.8
Alperen Sengun,DAL,16,17.2,9.8,4.0
Alperen Sengun,DEN,17,15.8,5.6,5.4
Alperen Sengun,DET,8,20.6,6.4,4.0
Alperen Sengun,GSW,16,17.2,9.2,5.6
Alperen Sengun,IND,9,29.0,12.6,5.0
Alperen Sengun,LAC,16,18.0,10.4,5.8
Alperen Sengun,LAL,15,20.0,8.2,6.2
Alperen Sengun,MEM,18,23.2,11.0,6.0
Alperen Sengun,MIA,9,16.0,11.2,3.2
Alperen Sengun,MIL,10,22.0,9.8,4.6
Alperen Sengun,MIN,15,23.4,9.8,4.6
Alperen Sengun,NOP,19,25.4,8.6,6.6
Alperen Sengun,NYK,8,18.0,7.6,6.4
Alperen Sengun,OKC,18,22.8,9.8,5.8
Alperen Sengun,ORL,9,19.2,10.4,5.4
Alperen Sengun,PHI,8,15.0,10.8,5.8
Alperen Sengun,PHX,16,16.6,9.0,5.2
Alperen Sengun,POR,14,22.4,8.8,5.0
Alperen Sengun,SAC,16,26.2,9.6,5.2
Alperen Sengun,SAS,18,17.6,9.6,6.0
Alperen Sengun,TOR,10,11.2,8.0,3.8
Alperen Sengun,UTA,13,21.6,7.8,8.4
Alperen Sengun,WAS,7,22.6,13.0,4.6
Amari Bailey,ATL,1,0.0,0.0,0.0
Amari Bailey,BOS,1,5.0,2.0,0.0
Amari Bailey,CLE,2,5.5,2.5,2.5
Amari Bailey,GSW,1,0.0,0.0,0.0
Amari Bailey,MIL,1,0.0,0.0,1.0
Amari Bailey,NYK,1,2.0,2.0,0.0
Amari Bailey,ORL,1,2.0,0.0,1.0
Amari Bailey,PHI,1,3.0,0.0,0.0
Amari Bailey,PHX,1,0.0,0.0,0.0
Amari Williams,ATL,3,3.0,5.666666666666667,1.3333333333333333
Amari Williams,BKN,1,3.0,0.0,1.0
Amari Williams,CHA,1,0.0,1.0,0.0
Amari Williams,CHI,1,2.0,2.0,0.0
Amari Williams,CLE,1,0.0,2.0,0.0
Amari Williams,DAL,1,0.0,0.0,0.0
Amari Williams,DET,1,1.0,3.0,0.0
Amari Williams,HOU,1,2.0,1.0,1.0
Amari Williams,IND,1,0.0,0.0,0.0
Amari Williams,LAL,2,0.0,0.5,0.0
Amari Williams,MIL,2,0.0,0.5,0.5
Amari Williams,NYK,3,0.0,1.0,0.0
Amari Williams,ORL,1,2.0,1.0,1.0
Amari Williams,POR,1,9.0,7.0,1.0
Amari Williams,SAS,1,0.0,0.0,1.0
Amari Williams,WAS,1,2.0,1.0,0.0
Amen Thompson,ATL,5,9.6,6.4,3.0
Amen Thompson,BKN,6,11.0,5.6,5.6
Amen Thompson,BOS,5,17.2,9.2,4.8
Amen Thompson,CHA,6,12.4,6.6,4.0
Amen Thompson,CHI,5,16.6,5.8,2.8
Amen Thompson,CLE,5,16.4,11.2,4.8
Amen Thompson,DAL,9,19.0,7.6,5.6
Amen Thompson,DEN,7,16.6,6.8,4.8
Amen Thompson,DET,6,10.4,5.0,3.6
Amen Thompson,GSW,10,12.8,8.4,5.2
Amen Thompson,IND,6,13.6,9.0,4.8
Amen Thompson,LAC,9,17.8,7.6,4.6
Amen Thompson,LAL,6,22.8,10.2,4.2
Amen Thompson,MEM,8,18.8,9.2,6.4
Amen Thompson,MIA,5,14.4,9.0,3.8
Amen Thompson,MIL,5,11.0,7.0,4.8
Amen Thompson,MIN,10,19.8,7.6,6.4
Amen Thompson,NOP,11,19.0,8.6,6.8
Amen Thompson,NYK,6,14.8,9.4,6.8
Amen Thompson,OKC,9,15.0,6.8,3.2
Amen Thompson,ORL,4,10.5,7.0,2.75
Amen Thompson,PHI,5,14.0,5.8,3.2
Amen Thompson,PHX,10,22.0,7.8,6.4
Amen Thompson,POR,10,22.4,7.4,4.4
Amen Thompson,SAC,7,19.0,11.0,5.8
Amen Thompson,SAS,12,20.6,8.0,4.8
Amen Thompson,TOR,6,13.4,7.2,4.8
Amen Thompson,UTA,11,15.6,7.0,4.8
Amen Thompson,WAS,6,19.6,9.2,3.8
Amir Coffey,ATL,6,10.4,2.0,2.0
Amir Coffey,BKN,8,5.0,1.4,0.6
Amir Coffey,BOS,10,6.0,0.8,0.6
Amir Coffey,CHA,8,5.0,1.2,1.0
Amir Coffey,CHI,10,8.8,2.8,1.2
Amir Coffey,CLE,8,4.0,1.0,0.6
Amir Coffey,DAL,14,4.4,1.4,0.4
Amir Coffey,DEN,13,6.4,2.0,1.2
Amir Coffey,DET,8,7.2,1.6,0.8
Amir Coffey,GSW,16,6.8,2.8,0.2
Amir Coffey,HOU,12,7.4,2.2,1.4
Amir Coffey,IND,10,6.0,1.2,0.4
Amir Coffey,LAL,15,4.6,1.6,1.4
Amir Coffey,MEM,11,6.0,2.6,0.8
Amir Coffey,MIA,5,8.6,1.8,0.6
Amir Coffey,MIL,7,9.4,3.6,1.2
Amir Coffey,MIN,13,10.2,2.0,1.0
Amir Coffey,NOP,13,7.8,2.8,1.0
Amir Coffey,NYK,7,3.4,0.8,0.0
Amir Coffey,OKC,16,12.2,2.4,1.4
Amir Coffey,ORL,5,9.2,2.8,1.8
Amir Coffey,PHI,9,5.6,1.2,1.0
Amir Coffey,PHX,13,9.6,2.6,0.6
Amir Coffey,POR,13,9.2,1.8,1.8
Amir Coffey,SAC,14,6.6,1.8,1.0
Amir Coffey,SAS,14,4.2,1.2,0.6
Amir Coffey,TOR,9,3.8,1.2,1.0
Amir Coffey,UTA,12,13.4,3.2,1.4
Amir Coffey,WAS,8,9.0,0.8,1.8
Andersson Garcia,MIL,1,7.0,11.0,6.0
Andersson Garcia,MIN,1,4.0,8.0,3.0
Andersson Garcia,NYK,1,6.0,9.0,0.0
Andersson Garcia,POR,1,6.0,3.0,2.0
Andersson Garcia,SAC,1,3.0,11.0,3.0
Andre Drummond,ATL,14,6.4,10.0,1.4
Andre Drummond,BKN,15,6.8,7.2,0.4
Andre Drummond,BOS,16,7.8,7.6,1.2
Andre Drummond,CHA,17,4.0,7.8,1.0
Andre Drummond,CHI,7,3.6,5.8,0.6
Andre Drummond,CLE,13,8.2,12.6,0.8
Andre Drummond,DAL,7,5.8,7.2,1.0
Andre Drummond,DEN,7,6.4,7.0,1.2
Andre Drummond,DET,15,7.8,6.6,1.6
Andre Drummond,GSW,8,5.6,7.8,0.8
Andre Drummond,HOU,9,7.0,7.4,1.6
Andre Drummond,IND,16,5.4,7.8,0.4
Andre Drummond,LAC,8,9.4,9.4,0.6
Andre Drummond,LAL,6,11.8,9.6,0.4
Andre Drummond,MEM,9,10.6,8.2,0.8
Andre Drummond,MIA,13,6.6,8.6,0.6
Andre Drummond,MIL,15,7.8,9.8,1.2
Andre Drummond,MIN,7,7.2,9.4,1.0
Andre Drummond,NOP,7,5.8,7.4,0.8
Andre Drummond,NYK,15,6.4,6.4,1.4
Andre Drummond,OKC,5,4.4,4.4,1.0
Andre Drummond,ORL,15,4.6,8.0,0.2
Andre Drummond,PHI,7,8.8,12.6,0.6
Andre Drummond,PHX,7,5.6,7.2,0.6
Andre Drummond,POR,10,13.2,12.0,2.0
Andre Drummond,SAC,10,5.8,6.8,1.2
Andre Drummond,SAS,10,5.6,5.4,0.8
Andre Drummond,TOR,12,5.8,8.0,0.4
Andre Drummond,UTA,9,6.8,5.2,0.8
Andre Drummond,WAS,13,9.0,9.0,1.8
Andre Iguodala,ATL,1,6.0,0.0,2.0
Andre Iguodala,BKN,1,5.0,4.0,2.0
Andre Iguodala,BOS,1,12.0,4.0,6.0
Andre Iguodala,CHA,2,1.5,1.0,4.0
Andre Iguodala,CHI,2,6.5,0.5,3.0
Andre Iguodala,CLE,1,4.0,4.0,5.0
Andre Iguodala,DEN,1,1.0,4.0,4.0
Andre Iguodala,IND,1,4.0,5.0,4.0
Andre Iguodala,LAC,1,4.0,6.0,3.0
Andre Iguodala,LAL,3,5.666666666666667,1.0,3.6666666666666665
Andre Iguodala,MEM,4,2.0,3.25,2.5
Andre Iguodala,MIL,2,2.0,3.5,1.5
Andre Iguodala,MIN,2,0.0,3.0,4.5
Andre Iguodala,NOP,2,3.5,3.5,8.5
Andre Iguodala,NYK,1,2.0,4.0,5.0
Andre Iguodala,OKC,4,2.0,4.5,2.5
Andre Iguodala,ORL,1,0.0,2.0,1.0
Andre Iguodala,PHI,1,2.0,3.0,0.0
Andre Iguodala,PHX,3,3.6666666666666665,2.0,2.3333333333333335
Andre Iguodala,SAC,1,10.0,1.0,6.0
Andre Iguodala,SAS,2,4.0,3.5,1.0
Andre Iguodala,UTA,2,6.0,5.0,6.0
Andre Jackson Jr.,ATL,7,1.6,3.4,1.4
Andre Jackson Jr.,BKN,9,1.8,1.8,1.0
Andre Jackson Jr.,BOS,10,1.8,0.8,0.8
Andre Jackson Jr.,CHA,7,4.2,2.0,1.8
Andre Jackson Jr.,CHI,8,1.2,2.6,1.2
Andre Jackson Jr.,CLE,8,2.0,2.4,1.0
Andre Jackson Jr.,DAL,3,2.6666666666666665,1.0,0.6666666666666666
Andre Jackson Jr.,DEN,2,1.5,1.0,1.0
Andre Jackson Jr.,DET,10,6.2,2.4,2.4
Andre Jackson Jr.,GSW,3,4.666666666666667,4.0,1.0
Andre Jackson Jr.,HOU,5,3.6,2.8,1.4
Andre Jackson Jr.,IND,10,1.2,1.6,0.2
Andre Jackson Jr.,LAC,3,6.666666666666667,4.0,2.3333333333333335
Andre Jackson Jr.,LAL,3,1.0,1.0,0.6666666666666666
Andre Jackson Jr.,MEM,5,2.0,2.2,0.4
Andre Jackson Jr.,MIA,6,1.8,3.2,1.0
Andre Jackson Jr.,MIN,3,3.6666666666666665,1.6666666666666667,1.6666666666666667
Andre Jackson Jr.,NOP,5,1.8,1.2,0.8
Andre Jackson Jr.,NYK,8,2.4,1.0,0.2
Andre Jackson Jr.,OKC,6,3.4,2.6,0.4
Andre Jackson Jr.,ORL,9,1.6,2.8,0.8
Andre Jackson Jr.,PHI,8,1.8,1.8,0.6
Andre Jackson Jr.,PHX,1,0.0,0.0,0.0
Andre Jackson Jr.,POR,5,5.2,2.8,2.4
Andre Jackson Jr.,SAC,3,1.3333333333333333,2.3333333333333335,1.0
Andre Jackson Jr.,SAS,6,5.0,1.6,0.2
Andre Jackson Jr.,TOR,7,2.4,2.8,1.6
Andre Jackson Jr.,UTA,5,4.4,2.8,1.8
Andre Jackson Jr.,WAS,7,1.4,3.2,1.0
Andrew Funk,DET,1,0.0,0.0,0.0
Andrew Funk,LAC,1,0.0,0.0,0.0
Andrew Funk,ORL,1,0.0,0.0,0.0
Andrew Funk,WAS,2,0.0,0.0,0.0
Andrew Nembhard,ATL,10,15.4,3.6,10.0
Andrew Nembhard,BKN,9,7.4,3.2,4.6
Andrew Nembhard,BOS,13,15.4,4.8,8.2
Andrew Nembhard,CHA,10,13.0,2.6,5.2
Andrew Nembhard,CHI,14,13.2,2.8,5.8
Andrew Nembhard,CLE,15,14.6,1.4,7.2
Andrew Nembhard,DAL,7,16.0,2.6,5.8
Andrew Nembhard,DEN,8,15.6,2.0,6.2
Andrew Nembhard,DET,11,10.8,1.6,5.2
Andrew Nembhard,GSW,7,12.0,3.2,5.0
Andrew Nembhard,HOU,7,8.6,2.4,5.4
Andrew Nembhard,LAC,6,8.6,2.6,4.0
Andrew Nembhard,LAL,8,11.8,2.6,7.0
Andrew Nembhard,MEM,6,11.8,2.6,4.2
Andrew Nembhard,MIA,12,14.8,4.2,10.4
Andrew Nembhard,MIL,12,13.0,2.4,4.4
Andrew Nembhard,MIN,4,8.0,4.25,3.5
Andrew Nembhard,NOP,7,12.2,2.4,5.4
Andrew Nembhard,NYK,12,14.6,2.6,5.0
Andrew Nembhard,OKC,8,14.6,5.0,6.2
Andrew Nembhard,ORL,9,14.0,3.4,8.8
Andrew Nembhard,PHI,14,15.6,2.2,5.0
Andrew Nembhard,PHX,8,18.8,1.4,5.8
Andrew Nembhard,POR,5,12.8,4.2,4.6
Andrew Nembhard,SAC,6,10.8,2.6,4.6
Andrew Nembhard,SAS,8,14.8,4.4,6.2
Andrew Nembhard,TOR,12,12.4,2.6,4.0
Andrew Nembhard,UTA,7,13.8,3.0,5.8
Andrew Nembhard,WAS,10,6.4,3.4,5.2
Andrew Wiggins,ATL,11,13.2,4.8,3.2
Andrew Wiggins,BKN,8,12.6,5.0,1.8
Andrew Wiggins,BOS,10,17.8,5.4,2.8
Andrew Wiggins,CHA,9,24.8,4.8,4.2
Andrew Wiggins,CHI,12,15.4,3.2,2.6
Andrew Wiggins,CLE,11,15.0,3.6,3.0
Andrew Wiggins,DAL,12,17.6,4.2,3.2
Andrew Wiggins,DEN,12,15.8,3.8,3.8
Andrew Wiggins,DET,7,13.0,5.0,1.8
Andrew Wiggins,GSW,3,15.0,5.333333333333333,2.3333333333333335
Andrew Wiggins,HOU,12,18.0,5.0,2.6
Andrew Wiggins,IND,8,15.6,5.4,2.6
Andrew Wiggins,LAC,13,17.6,3.8,2.4
Andrew Wiggins,LAL,13,17.8,7.4,1.6
Andrew Wiggins,MEM,12,17.8,3.4,2.0
Andrew Wiggins,MIA,7,15.2,5.6,2.6
Andrew Wiggins,MIL,7,11.4,4.4,3.0
Andrew Wiggins,MIN,14,13.2,3.0,1.8
Andrew Wiggins,NOP,8,14.6,3.2,2.4
Andrew Wiggins,NYK,8,8.8,5.8,2.6
Andrew Wiggins,OKC,15,18.8,4.6,3.2
Andrew Wiggins,ORL,11,18.2,3.6,1.8
Andrew Wiggins,PHI,7,18.2,6.4,2.2
Andrew Wiggins,PHX,15,12.0,6.8,3.2
Andrew Wiggins,POR,10,17.8,5.0,1.8
Andrew Wiggins,SAC,14,18.4,4.2,2.8
Andrew Wiggins,SAS,12,14.6,4.6,1.6
Andrew Wiggins,TOR,8,15.6,3.8,1.6
Andrew Wiggins,UTA,12,18.2,6.0,3.8
Andrew Wiggins,WAS,8,15.8,6.0,3.2
Anfernee Simons,ATL,5,25.2,2.8,4.8
Anfernee Simons,BKN,11,16.2,3.2,4.8
Anfernee Simons,BOS,6,17.2,2.8,3.8
Anfernee Simons,CHA,7,19.8,3.4,2.8
Anfernee Simons,CHI,7,23.2,3.4,6.0
Anfernee Simons,CLE,8,16.2,1.2,3.8
Anfernee Simons,DAL,14,17.4,2.6,5.2
Anfernee Simons,DEN,15,20.2,2.4,5.6
Anfernee Simons,DET,10,7.8,1.4,1.0
Anfernee Simons,GSW,9,24.8,2.0,3.6
Anfernee Simons,HOU,10,14.4,2.8,2.0
Anfernee Simons,IND,9,13.2,2.6,3.0
Anfernee Simons,LAC,14,9.4,1.6,4.6
Anfernee Simons,LAL,12,14.4,2.8,4.2
Anfernee Simons,MEM,12,13.4,4.2,4.4
Anfernee Simons,MIA,9,26.2,3.4,3.0
Anfernee Simons,MIL,9,22.2,2.4,4.6
Anfernee Simons,MIN,14,15.2,2.2,4.4
Anfernee Simons,NOP,10,23.4,3.2,4.6
Anfernee Simons,NYK,8,11.0,2.6,3.8
Anfernee Simons,OKC,11,16.6,3.4,4.8
Anfernee Simons,ORL,8,17.6,2.6,2.6
Anfernee Simons,PHI,10,21.6,4.0,3.0
Anfernee Simons,PHX,11,19.4,4.6,6.6
Anfernee Simons,POR,2,12.5,2.0,1.0
Anfernee Simons,SAC,10,20.2,2.4,5.0
Anfernee Simons,SAS,9,22.4,2.2,6.6
Anfernee Simons,TOR,11,16.8,2.2,2.4
Anfernee Simons,UTA,11,17.0,3.2,4.0
Anfernee Simons,WAS,8,24.2,2.2,3.8
Anthony Black,ATL,10,10.6,4.0,1.8
Anthony Black,BKN,10,7.0,2.2,3.0
Anthony Black,BOS,10,10.0,3.6,2.4
Anthony Black,CHA,10,17.2,3.0,2.2
Anthony Black,CHI,10,15.0,4.4,3.0
Anthony Black,CLE,9,11.2,3.6,4.0
Anthony Black,DAL,5,10.4,3.6,2.2
Anthony Black,DEN,6,16.4,2.0,3.6
Anthony Black,DET,9,11.2,2.0,2.8
Anthony Black,GSW,6,10.2,2.8,1.8
Anthony Black,HOU,6,7.2,2.0,2.2
Anthony Black,IND,9,16.2,3.4,6.8
Anthony Black,LAC,5,9.6,1.4,3.2
Anthony Black,LAL,4,10.0,4.25,4.25
Anthony Black,MEM,6,10.4,3.0,3.6
Anthony Black,MIA,12,14.0,4.4,4.8
Anthony Black,MIL,10,15.0,2.4,2.2
Anthony Black,MIN,5,3.8,2.2,1.8
Anthony Black,NOP,4,11.25,2.5,3.5
Anthony Black,NYK,11,12.6,4.8,4.0
Anthony Black,OKC,5,10.0,2.8,1.8
Anthony Black,PHI,9,16.6,3.0,3.0
Anthony Black,PHX,5,8.8,2.8,3.2
Anthony Black,POR,4,10.5,4.0,3.5
Anthony Black,SAC,4,13.0,2.5,3.0
Anthony Black,SAS,6,8.4,2.2,2.6
Anthony Black,TOR,7,16.2,3.4,2.8
Anthony Black,UTA,4,13.5,4.0,3.25
Anthony Black,WAS,10,11.2,4.6,4.4
Anthony Davis,ATL,5,27.8,12.8,4.8
Anthony Davis,BKN,7,19.6,10.6,3.4
Anthony Davis,BOS,6,26.8,11.8,3.4
Anthony Davis,CHA,4,31.5,14.5,4.75
Anthony Davis,CHI,6,22.4,10.0,4.6
Anthony Davis,CLE,7,21.0,11.0,3.0
Anthony Davis,DAL,7,24.4,11.6,3.8
Anthony Davis,DEN,10,25.2,10.4,3.2
Anthony Davis,DET,9,23.8,12.6,4.0
Anthony Davis,GSW,12,14.8,7.4,1.2
Anthony Davis,HOU,10,26.8,11.2,3.2
Anthony Davis,IND,5,24.0,12.4,2.8
Anthony Davis,LAC,11,22.2,10.6,1.6
Anthony Davis,LAL,2,12.5,8.0,5.5
Anthony Davis,MEM,9,29.4,12.2,3.8
Anthony Davis,MIA,6,17.0,11.6,4.6
Anthony Davis,MIL,6,29.0,14.2,3.4
Anthony Davis,MIN,11,20.4,13.4,3.6
Anthony Davis,NOP,11,27.2,11.6,3.0
Anthony Davis,NYK,6,23.2,14.8,3.0
Anthony Davis,OKC,11,18.8,11.6,5.0
Anthony Davis,ORL,5,24.6,11.8,2.6
Anthony Davis,PHI,8,19.0,10.6,1.8
Anthony Davis,PHX,13,24.8,11.4,2.6
Anthony Davis,POR,10,21.8,14.4,2.6
Anthony Davis,SAC,12,23.4,14.8,4.2
Anthony Davis,SAS,11,27.8,13.0,2.4
Anthony Davis,TOR,7,25.8,10.0,3.8
Anthony Davis,UTA,11,26.4,13.2,4.4
Anthony Davis,WAS,5,37.2,15.8,3.0
Anthony Edwards,ATL,9,22.6,5.2,4.0
Anthony Edwards,BKN,9,23.6,5.0,3.2
Anthony Edwards,BOS,8,29.8,6.0,5.6
Anthony Edwards,CHA,7,22.6,5.2,5.4
Anthony Edwards,CHI,10,29.4,7.2,4.2
Anthony Edwards,CLE,10,27.6,6.8,4.6
Anthony Edwards,DAL,16,22.2,4.6,4.2
Anthony Edwards,DEN,19,30.8,6.2,5.8
Anthony Edwards,DET,8,26.8,4.2,5.0
Anthony Edwards,GSW,16,29.6,7.8,4.0
Anthony Edwards,HOU,15,30.6,5.6,3.2
Anthony Edwards,IND,9,28.2,2.8,3.2
Anthony Edwards,LAC,18,28.4,4.4,4.8
Anthony Edwards,LAL,16,18.8,5.0,3.6
Anthony Edwards,MEM,18,37.8,4.8,2.8
Anthony Edwards,MIA,10,25.2,6.8,5.0
Anthony Edwards,MIL,9,26.2,6.0,5.6
Anthony Edwards,NOP,16,27.2,5.0,4.2
Anthony Edwards,NYK,8,28.2,5.2,4.6
Anthony Edwards,OKC,19,23.8,8.8,5.2
Anthony Edwards,ORL,9,22.2,3.0,4.4
Anthony Edwards,PHI,10,23.6,5.0,2.8
Anthony Edwards,PHX,16,35.6,6.0,4.6
Anthony Edwards,POR,16,27.8,3.8,2.8
Anthony Edwards,SAC,17,29.8,5.2,4.4
Anthony Edwards,SAS,18,29.8,4.0,3.8
Anthony Edwards,TOR,9,26.0,4.8,4.0
Anthony Edwards,UTA,16,38.8,5.4,3.4
Anthony Edwards,WAS,9,36.6,4.6,4.8
Anthony Gill,ATL,8,5.2,2.6,1.2
Anthony Gill,BKN,10,6.6,3.2,1.4
Anthony Gill,BOS,14,2.4,1.6,0.4
Anthony Gill,CHA,11,2.4,1.0,1.2
Anthony Gill,CHI,14,5.8,1.4,0.8
Anthony Gill,CLE,13,4.6,2.2,0.4
Anthony Gill,DAL,6,2.6,1.4,0.4
Anthony Gill,DEN,6,3.8,3.0,0.2
Anthony Gill,DET,15,2.6,1.8,1.6
Anthony Gill,GSW,7,6.4,2.6,1.0
Anthony Gill,HOU,6,4.0,2.0,1.0
Anthony Gill,IND,13,6.2,3.2,1.8
Anthony Gill,LAC,6,1.4,0.8,0.4
Anthony Gill,LAL,8,5.2,3.6,0.8
Anthony Gill,MEM,5,2.2,1.2,0.4
Anthony Gill,MIA,14,4.8,2.8,1.6
Anthony Gill,MIL,9,4.4,2.4,0.2
Anthony Gill,MIN,6,4.0,2.2,0.8
Anthony Gill,NOP,8,2.6,0.8,0.4
Anthony Gill,NYK,11,5.2,2.2,0.0
Anthony Gill,OKC,4,4.25,1.5,1.0
Anthony Gill,ORL,13,4.2,3.0,0.6
Anthony Gill,PHI,10,7.8,3.2,1.2
Anthony Gill,PHX,7,0.0,0.2,0.0
Anthony Gill,POR,7,5.0,2.4,0.6
Anthony Gill,SAC,8,4.0,2.4,0.4
Anthony Gill,SAS,5,2.2,1.0,0.4
Anthony Gill,TOR,8,3.8,1.8,0.8
Anthony Gill,UTA,7,6.2,2.2,1.6
Anthony Lamb,ATL,2,12.5,6.0,2.5
Anthony Lamb,BKN,1,6.0,4.0,4.0
Anthony Lamb,BOS,2,1.0,2.0,1.0
Anthony Lamb,CHA,1,6.0,3.0,1.0
Anthony Lamb,CHI,2,9.0,4.0,2.0
Anthony Lamb,CLE,2,11.0,3.0,0.5
Anthony Lamb,DAL,2,10.0,6.5,1.0
Anthony Lamb,DEN,1,8.0,8.0,0.0
Anthony Lamb,DET,2,9.5,2.0,1.5
Anthony Lamb,HOU,4,4.75,2.75,0.5
Anthony Lamb,IND,2,4.0,3.5,1.5
Anthony Lamb,LAC,3,6.666666666666667,3.6666666666666665,2.0
Anthony Lamb,LAL,2,3.0,5.5,3.0
Anthony Lamb,MEM,3,8.333333333333334,4.0,1.3333333333333333
Anthony Lamb,MIL,1,8.0,3.0,3.0
Anthony Lamb,MIN,4,3.0,2.5,1.0
Anthony Lamb,NOP,4,8.25,2.25,2.5
Anthony Lamb,NYK,3,2.0,1.0,1.0
Anthony Lamb,OKC,2,4.5,3.0,0.5
Anthony Lamb,ORL,1,26.0,8.0,4.0
Anthony Lamb,PHI,3,2.6666666666666665,1.6666666666666667,0.6666666666666666
Anthony Lamb,PHX,2,7.5,4.5,1.0
Anthony Lamb,POR,3,4.333333333333333,3.6666666666666665,2.6666666666666665
Anthony Lamb,SAC,3,3.6666666666666665,2.0,0.6666666666666666
Anthony Lamb,SAS,3,10.666666666666666,5.0,2.3333333333333335
Anthony Lamb,TOR,2,4.0,1.0,2.0
Anthony Lamb,UTA,3,6.666666666666667,3.3333333333333335,1.3333333333333333
Anthony Lamb,WAS,1,10.0,5.0,1.0
Anton Watson,BKN,1,0.0,0.0,0.0
Anton Watson,CHA,1,2.0,1.0,0.0
Anton Watson,CLE,1,0.0,1.0,0.0
Anton Watson,DAL,1,2.0,0.0,0.0
Anton Watson,LAC,1,0.0,0.0,0.0
Anton Watson,MIA,1,2.0,0.0,1.0
Anton Watson,SAC,1,0.0,0.0,1.0
Anton Watson,SAS,1,0.0,0.0,0.0
Anton Watson,WAS,1,2.0,1.0,0.0
Antonio Reeves,ATL,1,3.0,1.0,0.0
Antonio Reeves,BKN,4,7.25,1.25,1.0
Antonio Reeves,BOS,1,3.0,3.0,0.0
Antonio Reeves,CHA,2,8.0,1.5,1.5
Antonio Reeves,CHI,1,0.0,0.0,0.0
Antonio Reeves,CLE,2,18.5,2.5,1.5
Antonio Reeves,DAL,2,4.5,0.0,0.5
Antonio Reeves,DEN,3,2.0,0.0,0.6666666666666666
Antonio Reeves,DET,2,3.0,0.0,0.0
Antonio Reeves,GSW,2,3.0,2.0,1.0
Antonio Reeves,HOU,2,3.5,0.5,1.5
Antonio Reeves,LAC,1,11.0,0.0,1.0
Antonio Reeves,LAL,1,10.0,0.0,0.0
Antonio Reeves,MEM,1,11.0,2.0,3.0
Antonio Reeves,MIA,1,19.0,5.0,4.0
Antonio Reeves,MIL,3,13.0,2.0,1.6666666666666667
Antonio Reeves,MIN,1,11.0,0.0,0.0
Antonio Reeves,NYK,2,1.0,1.0,0.0
Antonio Reeves,OKC,4,9.75,2.5,0.25
Antonio Reeves,ORL,3,2.0,2.0,0.3333333333333333
Antonio Reeves,PHI,1,17.0,2.0,1.0
Antonio Reeves,PHX,1,11.0,2.0,1.0
Antonio Reeves,POR,3,3.0,0.3333333333333333,0.0
Antonio Reeves,SAC,4,2.75,2.5,1.25
Antonio Reeves,SAS,4,2.0,0.25,0.25
Antonio Reeves,TOR,2,3.0,1.0,0.5
Ariel Hukporti,ATL,2,4.0,8.5,2.0
Ariel Hukporti,BKN,4,2.75,3.75,0.75
Ariel Hukporti,BOS,3,0.0,2.6666666666666665,0.0
Ariel Hukporti,CHA,4,2.0,3.25,0.5
Ariel Hukporti,CHI,3,4.0,4.333333333333333,0.0
Ariel Hukporti,CLE,5,1.2,1.8,1.0
Ariel Hukporti,DAL,1,1.0,1.0,0.0
Ariel Hukporti,DEN,2,1.0,0.0,0.0
Ariel Hukporti,DET,4,4.25,2.25,1.0
Ariel Hukporti,GSW,1,1.0,3.0,0.0
Ariel Hukporti,HOU,2,0.0,2.0,0.0
Ariel Hukporti,IND,5,2.2,2.8,1.0
Ariel Hukporti,LAC,2,0.0,2.5,0.5
Ariel Hukporti,LAL,2,1.0,0.0,0.0
Ariel Hukporti,MEM,2,4.5,3.0,1.5
Ariel Hukporti,MIA,2,0.0,1.0,0.5
Ariel Hukporti,MIL,4,0.0,3.0,0.5
Ariel Hukporti,MIN,4,1.75,1.5,0.0
Ariel Hukporti,NOP,2,1.5,1.5,0.5
Ariel Hukporti,OKC,2,1.0,2.5,0.0
Ariel Hukporti,ORL,4,1.75,2.25,0.5
Ariel Hukporti,PHI,4,3.0,2.25,0.25
Ariel Hukporti,POR,1,2.0,2.0,0.0
Ariel Hukporti,SAC,1,2.0,0.0,0.0
Ariel Hukporti,SAS,2,4.0,4.0,0.5
Ariel Hukporti,TOR,6,2.0,2.6,0.2
Ariel Hukporti,UTA,1,4.0,4.0,0.0
Ariel Hukporti,WAS,4,3.5,3.75,0.5
Armel Traore,ATL,1,0.0,2.0,1.0
Armel Traore,DEN,1,0.0,1.0,0.0
Armel Traore,LAC,1,2.0,1.0,0.0
Armel Traore,MIA,1,4.0,5.0,0.0
Armel Traore,MIN,1,4.0,3.0,0.0
Armel Traore,NOP,1,0.0,1.0,0.0
Armel Traore,POR,1,2.0,0.0,0.0
Armel Traore,SAS,1,2.0,0.0,0.0
Armel Traore,UTA,1,0.0,2.0,0.0
Armoni Brooks,ATL,1,6.0,3.0,2.0
Armoni Brooks,BKN,1,14.0,5.0,4.0
Armoni Brooks,BOS,3,5.666666666666667,2.3333333333333335,0.6666666666666666
Armoni Brooks,CHA,2,13.0,2.0,2.0
Armoni Brooks,CHI,4,8.5,1.25,1.25
Armoni Brooks,CLE,3,3.0,1.3333333333333333,1.3333333333333333
Armoni Brooks,DAL,1,7.0,2.0,0.0
Armoni Brooks,DEN,4,3.75,1.75,2.0
Armoni Brooks,GSW,2,6.0,2.0,1.0
Armoni Brooks,HOU,2,1.0,2.5,1.5
Armoni Brooks,IND,2,6.0,3.0,3.0
Armoni Brooks,LAC,1,0.0,0.0,1.0
Armoni Brooks,LAL,4,3.75,0.75,0.75
Armoni Brooks,MEM,2,9.0,3.5,3.0
Armoni Brooks,MIA,4,5.75,2.25,0.25
Armoni Brooks,MIL,3,14.0,4.0,1.6666666666666667
Armoni Brooks,MIN,2,3.0,1.0,0.0
Armoni Brooks,NOP,4,1.75,1.75,0.25
Armoni Brooks,NYK,3,2.0,1.0,0.0
Armoni Brooks,OKC,4,7.5,1.5,1.0
Armoni Brooks,ORL,1,3.0,2.0,4.0
Armoni Brooks,PHI,1,6.0,2.0,0.0
Armoni Brooks,PHX,2,1.5,2.0,0.0
Armoni Brooks,POR,1,0.0,1.0,0.0
Armoni Brooks,SAC,2,1.0,2.5,1.0
Armoni Brooks,SAS,3,1.0,0.3333333333333333,0.0
Armoni Brooks,UTA,2,6.0,2.5,0.0
Arnoldas Kulboka,SAC,1,0.0,0.0,0.0
Arnoldas Kulboka,WAS,1,0.0,0.0,0.0
Asa Newell,BKN,1,5.0,1.0,2.0
Asa Newell,BOS,1,10.0,2.0,0.0
Asa Newell,CHA,4,2.0,1.0,0.5
Asa Newell,CHI,2,6.5,4.0,0.0
Asa Newell,CLE,1,2.0,2.0,1.0
Asa Newell,DEN,1,9.0,4.0,0.0
Asa Newell,DET,2,5.0,1.5,0.5
Asa Newell,GSW,1,0.0,1.0,0.0
Asa Newell,HOU,1,5.0,7.0,0.0
Asa Newell,IND,1,0.0,0.0,0.0
Asa Newell,LAC,1,11.0,1.0,0.0
Asa Newell,LAL,2,8.5,3.0,1.0
Asa Newell,MIA,3,9.0,5.333333333333333,0.6666666666666666
Asa Newell,MIL,1,6.0,0.0,0.0
Asa Newell,MIN,2,4.5,6.5,1.0
Asa Newell,NOP,2,1.0,0.5,0.5
Asa Newell,NYK,2,6.0,1.0,0.5
Asa Newell,OKC,2,10.5,5.0,1.5
Asa Newell,ORL,3,2.3333333333333335,0.3333333333333333,0.3333333333333333
Asa Newell,PHI,2,4.5,2.0,1.0
Asa Newell,PHX,1,8.0,1.0,0.0
Asa Newell,SAC,1,5.0,1.0,0.0
Asa Newell,SAS,1,9.0,0.0,1.0
Asa Newell,TOR,1,0.0,1.0,0.0
Asa Newell,UTA,2,4.5,1.5,0.0
Asa Newell,WAS,3,4.333333333333333,1.3333333333333333,1.6666666666666667
Ashton Hagans,ATL,1,10.0,2.0,3.0
Ashton Hagans,CHA,2,1.5,3.0,1.0
Ashton Hagans,DEN,2,2.0,1.5,3.0
Ashton Hagans,DET,1,4.0,2.0,3.0
Ashton Hagans,GSW,1,5.0,2.0,4.0
Ashton Hagans,HOU,2,7.0,4.0,2.5
Ashton Hagans,MEM,2,9.5,3.5,6.5
Ashton Hagans,MIA,1,2.0,3.0,1.0
Ashton Hagans,MIN,3,0.6666666666666666,1.3333333333333333,1.3333333333333333
Ashton Hagans,NOP,1,5.0,2.0,4.0
Ashton Hagans,NYK,1,8.0,5.0,3.0
Ashton Hagans,OKC,1,2.0,1.0,4.0
Ashton Hagans,ORL,1,2.0,0.0,2.0
Ausar Thompson,ATL,9,11.6,4.2,1.8
Ausar Thompson,BKN,6,10.4,5.4,2.8
Ausar Thompson,BOS,7,10.0,7.8,1.8
Ausar Thompson,CHA,7,10.4,6.0,2.8
Ausar Thompson,CHI,9,13.0,5.6,5.8
Ausar Thompson,CLE,11,13.2,7.0,3.0
Ausar Thompson,DAL,5,7.4,4.2,1.2
Ausar Thompson,DEN,6,10.4,5.0,3.0
Ausar Thompson,GSW,6,6.4,4.4,2.0
Ausar Thompson,HOU,5,10.2,6.2,1.8
Ausar Thompson,IND,9,9.0,5.0,2.6
Ausar Thompson,LAC,6,8.4,5.2,3.2
Ausar Thompson,LAL,5,10.4,4.0,1.2
Ausar Thompson,MEM,4,8.75,5.75,2.5
Ausar Thompson,MIA,6,12.8,6.2,1.8
Ausar Thompson,MIL,10,10.0,5.0,3.8
Ausar Thompson,MIN,5,8.8,7.6,2.6
Ausar Thompson,NOP,5,10.6,5.0,2.4
Ausar Thompson,NYK,7,7.2,5.2,1.6
Ausar Thompson,OKC,6,9.8,5.4,3.4
Ausar Thompson,ORL,10,10.6,7.4,3.6
Ausar Thompson,PHI,7,11.8,4.6,2.8
Ausar Thompson,PHX,6,7.0,4.6,2.0
Ausar Thompson,POR,5,12.0,6.8,2.0
Ausar Thompson,SAC,6,11.6,5.8,3.0
Ausar Thompson,SAS,5,6.6,4.6,2.0
Ausar Thompson,TOR,8,6.8,4.6,3.8
Ausar Thompson,UTA,6,10.8,4.8,2.8
Ausar Thompson,WAS,8,9.4,6.8,2.0
Austin Reaves,ATL,6,14.2,3.6,3.8
Austin Reaves,BKN,8,21.6,6.0,5.0
Austin Reaves,BOS,8,24.4,3.6,4.2
Austin Reaves,CHA,9,14.8,3.6,6.0
Austin Reaves,CHI,7,25.2,2.2,5.2
Austin Reaves,CLE,9,16.6,4.8,6.6
Austin Reaves,DAL,14,20.4,4.2,3.8
Austin Reaves,DEN,14,26.0,5.8,8.2
Austin Reaves,DET,8,14.8,4.6,4.2
Austin Reaves,GSW,18,22.8,4.0,5.4
Austin Reaves,HOU,15,15.2,4.4,4.6
Austin Reaves,IND,8,25.8,5.4,6.2
Austin Reaves,LAC,16,20.0,4.6,3.4
Austin Reaves,MEM,13,21.6,3.6,6.2
Austin Reaves,MIA,8,21.0,5.4,9.2
Austin Reaves,MIL,7,23.6,7.4,6.0
Austin Reaves,MIN,15,25.0,5.4,9.2
Austin Reaves,NOP,14,23.8,4.4,6.4
Austin Reaves,NYK,7,20.4,4.8,5.0
Austin Reaves,OKC,17,17.6,3.6,3.8
Austin Reaves,ORL,10,18.2,3.8,3.4
Austin Reaves,PHI,9,18.6,5.6,5.2
Austin Reaves,PHX,18,18.0,3.2,3.0
Austin Reaves,POR,13,22.0,3.8,5.8
Austin Reaves,SAC,14,26.0,5.4,8.0
Austin Reaves,SAS,13,17.8,5.0,5.8
Austin Reaves,TOR,9,21.8,2.8,7.0
Austin Reaves,UTA,15,20.4,5.8,5.0
Austin Reaves,WAS,9,16.0,4.2,6.0
Austin Rivers,ATL,2,5.5,2.0,0.5
Austin Rivers,BKN,2,12.5,0.5,0.5
Austin Rivers,BOS,3,4.666666666666667,1.6666666666666667,1.6666666666666667
Austin Rivers,CHA,4,5.5,3.0,1.0
Austin Rivers,CHI,3,7.666666666666667,2.3333333333333335,1.0
Austin Rivers,CLE,4,3.0,1.25,1.75
Austin Rivers,DAL,6,10.2,2.8,0.8
Austin Rivers,DEN,1,8.0,1.0,5.0
Austin Rivers,DET,4,8.0,1.0,2.0
Austin Rivers,GSW,7,7.6,2.2,2.2
Austin Rivers,HOU,6,4.6,2.6,1.0
Austin Rivers,IND,4,3.25,1.25,1.0
Austin Rivers,LAC,7,4.0,0.4,1.8
Austin Rivers,LAL,3,2.3333333333333335,1.6666666666666667,1.0
Austin Rivers,MEM,4,6.0,1.5,1.5
Austin Rivers,MIA,3,6.333333333333333,3.3333333333333335,2.3333333333333335
Austin Rivers,MIL,3,2.6666666666666665,0.6666666666666666,1.0
Austin Rivers,MIN,3,2.0,0.6666666666666666,1.0
Austin Rivers,NOP,5,4.4,1.6,1.0
Austin Rivers,NYK,2,4.5,1.0,0.5
Austin Rivers,OKC,7,7.0,1.0,0.6
Austin Rivers,ORL,2,0.0,1.0,1.5
Austin Rivers,PHI,3,3.0,1.3333333333333333,0.6666666666666666
Austin Rivers,PHX,4,5.25,0.5,1.0
Austin Rivers,POR,7,5.4,0.6,1.8
Austin Rivers,SAC,6,6.0,2.4,2.2
Austin Rivers,SAS,3,3.6666666666666665,1.0,0.6666666666666666
Austin Rivers,TOR,2,6.0,3.0,3.5
Austin Rivers,UTA,6,4.6,2.4,1.6
Austin Rivers,WAS,3,6.666666666666667,1.3333333333333333,1.3333333333333333
Avery Bradley,ATL,2,12.5,3.5,0.0
Avery Bradley,BKN,1,9.0,2.0,1.0
Avery Bradley,BOS,2,5.5,3.5,0.0
Avery Bradley,CHA,2,6.5,1.5,0.0
Avery Bradley,CHI,1,3.0,1.0,3.0
Avery Bradley,CLE,2,3.5,1.5,0.0
Avery Bradley,DAL,2,2.5,3.0,1.0
Avery Bradley,DEN,2,6.5,1.0,1.0
Avery Bradley,DET,2,0.0,2.0,1.0
Avery Bradley,GSW,3,4.666666666666667,2.3333333333333335,1.0
Avery Bradley,HOU,4,5.75,3.25,0.5
Avery Bradley,IND,2,2.5,2.0,0.5
Avery Bradley,LAC,1,6.0,0.0,0.0
Avery Bradley,MEM,4,6.0,1.0,0.25
Avery Bradley,MIA,2,16.0,2.0,1.5
Avery Bradley,MIL,2,2.5,1.0,0.0
Avery Bradley,MIN,3,7.666666666666667,3.0,1.0
Avery Bradley,NOP,1,10.0,1.0,1.0
Avery Bradley,NYK,2,7.5,5.0,0.5
Avery Bradley,OKC,3,14.666666666666666,2.0,0.3333333333333333
Avery Bradley,ORL,2,7.5,3.0,1.5
Avery Bradley,PHI,1,2.0,2.0,1.0
Avery Bradley,PHX,3,4.666666666666667,0.6666666666666666,0.0
Avery Bradley,POR,4,6.5,3.0,1.75
Avery Bradley,SAC,3,5.0,3.6666666666666665,2.3333333333333335
Avery Bradley,SAS,2,3.0,1.0,1.0
Avery Bradley,TOR,2,9.0,1.5,0.5
Avery Bradley,UTA,1,9.0,1.0,0.0
Avery Bradley,WAS,1,2.0,2.0,0.0
Ayo Dosunmu,ATL,18,14.0,1.8,2.0
Ayo Dosunmu,BKN,14,15.8,2.6,3.2
Ayo Dosunmu,BOS,17,12.2,4.2,4.2
Ayo Dosunmu,CHA,15,12.2,3.6,3.4
Ayo Dosunmu,CLE,16,13.6,3.0,3.2
Ayo Dosunmu,DAL,10,11.6,6.8,6.6
Ayo Dosunmu,DEN,8,12.8,2.2,2.8
Ayo Dosunmu,DET,19,18.4,3.4,3.4
Ayo Dosunmu,GSW,10,10.6,3.6,4.8
Ayo Dosunmu,HOU,8,14.8,2.4,3.6
Ayo Dosunmu,IND,16,18.0,3.6,3.6
Ayo Dosunmu,LAC,9,12.2,2.4,2.8
Ayo Dosunmu,LAL,7,15.4,2.4,1.0
Ayo Dosunmu,MEM,9,12.4,3.6,3.8
Ayo Dosunmu,MIA,15,21.2,4.8,5.6
Ayo Dosunmu,MIL,18,9.6,2.6,5.0
Ayo Dosunmu,MIN,10,11.0,3.2,4.4
Ayo Dosunmu,NOP,9,16.8,2.6,4.2
Ayo Dosunmu,NYK,11,14.8,4.4,5.4
Ayo Dosunmu,OKC,8,8.4,3.0,2.2
Ayo Dosunmu,ORL,17,14.8,2.6,4.0
Ayo Dosunmu,PHI,15,11.4,3.6,3.6
Ayo Dosunmu,PHX,7,10.6,2.6,1.6
Ayo Dosunmu,POR,11,12.4,3.4,3.8
Ayo Dosunmu,SAC,7,11.2,2.2,3.6
Ayo Dosunmu,SAS,9,16.6,3.8,4.6
Ayo Dosunmu,TOR,14,12.6,4.0,3.6
Ayo Dosunmu,UTA,10,17.8,3.8,6.2
Ayo Dosunmu,WAS,11,13.2,2.6,3.4
BJ Johnson,ATL,1,14.0,4.0,0.0
BJ Johnson,BKN,1,7.0,5.0,0.0
BJ Johnson,MIA,1,5.0,4.0,0.0
BJ Johnson,NOP,1,0.0,2.0,0.0
Bam Adebayo,ATL,17,18.0,10.2,3.2
Bam Adebayo,BKN,16,17.4,11.4,2.4
Bam Adebayo,BOS,18,20.8,7.2,3.6
Bam Adebayo,CHA,16,18.4,9.2,5.2
Bam Adebayo,CHI,15,19.4,9.0,2.8
Bam Adebayo,CLE,11,20.4,12.0,4.8
Bam Adebayo,DAL,8,15.8,7.2,2.4
Bam Adebayo,DEN,10,13.6,8.8,3.0
Bam Adebayo,DET,16,19.8,10.0,3.6
Bam Adebayo,GSW,9,18.8,9.0,3.4
Bam Adebayo,HOU,8,20.4,12.0,3.6
Bam Adebayo,IND,13,18.0,8.8,3.2
Bam Adebayo,LAC,9,18.6,11.8,4.2
Bam Adebayo,LAL,10,16.8,7.8,4.8
Bam Adebayo,MEM,8,19.2,7.8,4.0
Bam Adebayo,MIL,15,22.2,9.4,2.4
Bam Adebayo,MIN,9,15.8,9.2,4.8
Bam Adebayo,NOP,9,19.4,10.2,5.0
Bam Adebayo,NYK,15,17.2,7.8,3.0
Bam Adebayo,OKC,8,17.0,12.2,3.4
Bam Adebayo,ORL,18,19.8,10.8,3.0
Bam Adebayo,PHI,15,20.8,12.6,3.8
Bam Adebayo,PHX,9,19.2,10.2,4.8
Bam Adebayo,POR,8,18.2,10.4,3.8
Bam Adebayo,SAC,9,19.2,8.8,4.4
Bam Adebayo,SAS,10,21.0,8.2,4.6
Bam Adebayo,TOR,18,15.8,10.8,3.4
Bam Adebayo,UTA,10,18.2,9.6,3.0
Bam Adebayo,WAS,16,33.4,9.8,5.2
Baylor Scheierman,ATL,5,4.2,4.2,2.4
Baylor Scheierman,BKN,6,8.8,3.4,2.6
Baylor Scheierman,CHA,5,7.6,3.4,2.6
Baylor Scheierman,CHI,3,5.0,3.0,0.3333333333333333
Baylor Scheierman,CLE,3,7.0,5.0,0.3333333333333333
Baylor Scheierman,DAL,2,4.0,4.5,2.5
Baylor Scheierman,DEN,2,5.0,2.5,0.5
Baylor Scheierman,DET,5,3.4,1.2,0.6
Baylor Scheierman,GSW,3,5.0,5.333333333333333,1.6666666666666667
Baylor Scheierman,HOU,2,16.0,7.5,2.5
Baylor Scheierman,IND,4,3.25,2.75,0.5
Baylor Scheierman,LAC,4,0.75,1.0,0.75
Baylor Scheierman,LAL,3,2.6666666666666665,1.0,1.6666666666666667
Baylor Scheierman,MEM,3,2.6666666666666665,1.6666666666666667,1.0
Baylor Scheierman,MIA,7,3.2,3.2,1.2
Baylor Scheierman,MIL,5,2.4,2.4,0.8
Baylor Scheierman,MIN,2,4.0,2.0,2.0
Baylor Scheierman,NOP,2,6.0,4.0,1.0
Baylor Scheierman,NYK,5,6.0,3.8,1.6
Baylor Scheierman,OKC,2,11.0,6.0,3.0
Baylor Scheierman,ORL,4,11.75,4.0,2.5
Baylor Scheierman,PHI,4,6.75,1.75,1.25
Baylor Scheierman,PHX,4,6.0,4.25,2.0
Baylor Scheierman,POR,3,2.6666666666666665,3.3333333333333335,1.3333333333333333
Baylor Scheierman,SAC,3,9.333333333333334,4.0,0.6666666666666666
Baylor Scheierman,SAS,4,5.75,2.75,1.25
Baylor Scheierman,TOR,4,2.25,2.25,0.25
Baylor Scheierman,UTA,4,0.0,1.0,0.5
Baylor Scheierman,WAS,5,3.6,4.0,1.4
Ben McLemore,ATL,1,10.0,0.0,1.0
Ben McLemore,BKN,2,18.5,4.0,1.0
Ben McLemore,BOS,2,8.5,2.5,0.5
Ben McLemore,CHA,1,28.0,2.0,0.0
Ben McLemore,CHI,1,8.0,3.0,1.0
Ben McLemore,CLE,1,5.0,0.0,1.0
Ben McLemore,DAL,2,11.5,0.5,2.5
Ben McLemore,DEN,4,7.5,0.75,1.5
Ben McLemore,DET,2,19.0,3.5,1.5
Ben McLemore,GSW,2,6.0,2.5,1.5
Ben McLemore,HOU,3,12.666666666666666,1.6666666666666667,0.3333333333333333
Ben McLemore,IND,1,11.0,1.0,0.0
Ben McLemore,LAC,2,2.0,0.0,0.5
Ben McLemore,LAL,4,10.25,2.0,0.0
Ben McLemore,MEM,3,4.666666666666667,1.3333333333333333,0.3333333333333333
Ben McLemore,MIA,2,1.5,1.0,1.5
Ben McLemore,MIL,2,12.0,2.5,2.0
Ben McLemore,MIN,4,10.0,1.25,0.75
Ben McLemore,NOP,3,10.333333333333334,1.6666666666666667,0.6666666666666666
Ben McLemore,NYK,2,11.5,3.0,1.0
Ben McLemore,OKC,4,12.25,1.5,0.5
Ben McLemore,ORL,2,13.5,1.5,1.5
Ben McLemore,PHX,3,4.666666666666667,0.6666666666666666,0.6666666666666666
Ben McLemore,SAC,1,13.0,2.0,2.0
Ben McLemore,SAS,4,16.25,1.5,1.5
Ben McLemore,TOR,1,17.0,1.0,0.0
Ben McLemore,UTA,3,7.333333333333333,1.6666666666666667,0.6666666666666666
Ben McLemore,WAS,2,5.5,1.5,1.0
Ben Saraf,ATL,3,4.0,1.6666666666666667,3.0
Ben Saraf,BOS,1,7.0,0.0,1.0
Ben Saraf,CHA,3,7.333333333333333,4.0,3.0
Ben Saraf,CHI,2,4.5,0.0,2.5
Ben Saraf,CLE,2,3.0,0.5,2.5
Ben Saraf,DEN,1,0.0,2.0,3.0
Ben Saraf,DET,3,4.666666666666667,1.0,3.6666666666666665
Ben Saraf,GSW,1,14.0,4.0,7.0
Ben Saraf,HOU,1,6.0,1.0,5.0
Ben Saraf,IND,2,15.5,4.5,4.0
Ben Saraf,LAC,1,6.0,0.0,0.0
Ben Saraf,LAL,2,6.5,2.0,2.0
Ben Saraf,MEM,1,4.0,2.0,7.0
Ben Saraf,MIA,2,6.0,1.0,3.0
Ben Saraf,MIL,3,14.666666666666666,2.6666666666666665,4.0
Ben Saraf,MIN,1,5.0,1.0,0.0
Ben Saraf,NOP,1,7.0,1.0,4.0
Ben Saraf,NYK,1,5.0,3.0,3.0
Ben Saraf,ORL,1,4.0,1.0,4.0
Ben Saraf,PHI,1,12.0,4.0,5.0
Ben Saraf,PHX,1,3.0,1.0,2.0
Ben Saraf,POR,2,12.5,1.5,3.0
Ben Saraf,SAC,2,15.0,5.5,5.5
Ben Saraf,SAS,1,0.0,1.0,5.0
Ben Saraf,TOR,2,8.5,2.0,2.5
Ben Saraf,UTA,2,7.0,2.5,2.0
Ben Saraf,WAS,1,10.0,4.0,4.0
Ben Sheppard,ATL,10,5.4,4.0,1.0
Ben Sheppard,BKN,8,5.4,3.2,2.0
Ben Sheppard,BOS,8,6.0,2.8,1.4
Ben Sheppard,CHA,8,8.6,3.2,2.2
Ben Sheppard,CHI,8,8.6,2.2,2.2
Ben Sheppard,CLE,7,4.0,2.6,2.8
Ben Sheppard,DAL,6,7.4,5.0,1.4
Ben Sheppard,DEN,4,7.75,3.75,1.0
Ben Sheppard,DET,9,5.2,1.4,1.8
Ben Sheppard,GSW,6,2.8,2.8,0.6
Ben Sheppard,HOU,3,2.3333333333333335,1.0,1.6666666666666667
Ben Sheppard,LAC,5,5.4,2.8,0.2
Ben Sheppard,LAL,6,7.0,1.8,2.0
Ben Sheppard,MEM,4,7.75,2.0,1.25
Ben Sheppard,MIA,9,3.8,3.0,1.4
Ben Sheppard,MIL,7,3.2,2.4,1.0
Ben Sheppard,MIN,5,5.0,4.4,1.8
Ben Sheppard,NOP,3,11.666666666666666,2.3333333333333335,1.3333333333333333
Ben Sheppard,NYK,8,7.4,3.2,1.0
Ben Sheppard,OKC,6,8.8,3.2,2.0
Ben Sheppard,ORL,8,7.2,2.0,0.6
Ben Sheppard,PHI,6,7.0,2.6,1.2
Ben Sheppard,PHX,6,6.0,2.8,1.0
Ben Sheppard,POR,5,5.0,1.4,0.6
Ben Sheppard,SAC,5,7.4,2.6,1.4
Ben Sheppard,SAS,5,5.2,2.4,0.6
Ben Sheppard,TOR,8,6.0,3.8,2.0
Ben Sheppard,UTA,5,4.8,2.6,1.8
Ben Sheppard,WAS,7,8.4,3.0,2.6
Ben Simmons,ATL,4,6.0,4.5,5.25
Ben Simmons,BKN,1,0.0,3.0,3.0
Ben Simmons,BOS,3,4.333333333333333,7.0,9.666666666666666
Ben Simmons,CHA,5,6.6,5.2,4.8
Ben Simmons,CHI,5,7.4,8.4,6.2
Ben Simmons,CLE,6,4.8,4.6,5.2
Ben Simmons,DAL,5,6.0,6.0,5.0
Ben Simmons,DEN,1,10.0,4.0,7.0
Ben Simmons,DET,3,2.6666666666666665,5.0,7.0
Ben Simmons,GSW,3,5.666666666666667,3.0,6.666666666666667
Ben Simmons,HOU,1,2.0,5.0,4.0
Ben Simmons,IND,4,11.0,6.0,6.25
Ben Simmons,LAC,1,2.0,5.0,3.0
Ben Simmons,LAL,2,4.0,4.0,5.0
Ben Simmons,MEM,6,7.2,5.0,4.2
Ben Simmons,MIA,4,3.5,6.0,6.25
Ben Simmons,MIL,7,3.6,6.6,4.8
Ben Simmons,MIN,1,4.0,8.0,1.0
Ben Simmons,NOP,4,4.0,4.25,7.0
Ben Simmons,NYK,5,2.8,6.2,4.2
Ben Simmons,OKC,1,8.0,7.0,0.0
Ben Simmons,ORL,5,3.4,5.2,5.2
Ben Simmons,PHI,5,5.8,5.6,5.6
Ben Simmons,PHX,3,7.666666666666667,5.666666666666667,6.666666666666667
Ben Simmons,POR,3,7.333333333333333,11.333333333333334,8.666666666666666
Ben Simmons,SAC,3,5.0,3.0,3.3333333333333335
Ben Simmons,SAS,4,6.75,6.5,6.75
Ben Simmons,TOR,6,8.0,3.6,5.6
Ben Simmons,UTA,5,11.4,7.2,8.2
Ben Simmons,WAS,2,7.0,6.5,5.5
Bennedict Mathurin,ATL,10,18.4,3.6,2.6
Bennedict Mathurin,BKN,8,16.4,6.8,2.2
Bennedict Mathurin,BOS,12,18.2,7.0,2.2
Bennedict Mathurin,CHA,10,14.2,5.6,1.2
Bennedict Mathurin,CHI,13,18.6,5.4,2.4
Bennedict Mathurin,CLE,11,15.2,4.2,1.8
Bennedict Mathurin,DAL,7,16.2,6.2,2.4
Bennedict Mathurin,DEN,8,15.2,5.0,3.0
Bennedict Mathurin,DET,9,17.8,3.8,2.0
Bennedict Mathurin,GSW,7,16.2,6.2,2.6
Bennedict Mathurin,HOU,8,14.4,4.4,3.2
Bennedict Mathurin,IND,2,20.0,7.5,2.5
Bennedict Mathurin,LAC,5,18.2,4.0,1.6
Bennedict Mathurin,LAL,5,18.6,5.8,1.2
Bennedict Mathurin,MEM,8,21.2,6.6,2.0
Bennedict Mathurin,MIA,10,16.4,5.8,1.6
Bennedict Mathurin,MIL,14,17.8,5.2,1.0
Bennedict Mathurin,MIN,7,15.0,3.6,2.2
Bennedict Mathurin,NOP,9,10.4,6.0,1.8
Bennedict Mathurin,NYK,11,24.0,5.6,2.0
Bennedict Mathurin,OKC,5,18.4,5.6,1.2
Bennedict Mathurin,ORL,12,21.4,9.0,2.2
Bennedict Mathurin,PHI,11,7.6,4.4,2.0
Bennedict Mathurin,PHX,6,13.2,4.6,1.2
Bennedict Mathurin,POR,8,8.4,4.0,1.2
Bennedict Mathurin,SAC,8,17.8,6.2,3.2
Bennedict Mathurin,SAS,10,11.4,4.4,2.0
Bennedict Mathurin,TOR,10,18.6,3.8,2.8
Bennedict Mathurin,UTA,6,16.6,3.6,2.0
Bennedict Mathurin,WAS,13,18.0,3.4,2.6
Bez Mbeng,CLE,1,5.0,3.0,5.0
Bez Mbeng,DEN,2,3.5,1.5,1.5
Bez Mbeng,HOU,1,0.0,2.0,2.0
Bez Mbeng,LAL,1,14.0,4.0,9.0
Bez Mbeng,MEM,1,27.0,11.0,11.0
Bez Mbeng,MIL,1,5.0,5.0,6.0
Bez Mbeng,MIN,1,0.0,2.0,1.0
Bez Mbeng,NOP,1,26.0,3.0,3.0
Bez Mbeng,PHI,1,13.0,6.0,7.0
Bez Mbeng,PHX,1,5.0,3.0,1.0
Bez Mbeng,POR,1,4.0,4.0,4.0
Bez Mbeng,SAC,1,2.0,3.0,3.0
Bez Mbeng,TOR,1,3.0,3.0,1.0
Bez Mbeng,WAS,1,11.0,5.0,6.0
Bilal Coulibaly,ATL,11,10.6,6.0,2.6
Bilal Coulibaly,BKN,7,10.4,6.4,4.6
Bilal Coulibaly,BOS,7,9.2,4.8,3.8
Bilal Coulibaly,CHA,10,18.8,5.0,2.8
Bilal Coulibaly,CHI,6,8.2,2.2,3.2
Bilal Coulibaly,CLE,9,17.0,5.0,3.2
Bilal Coulibaly,DAL,4,8.5,5.75,3.0
Bilal Coulibaly,DEN,3,6.333333333333333,3.3333333333333335,2.6666666666666665
Bilal Coulibaly,DET,5,8.2,4.8,1.6
Bilal Coulibaly,GSW,5,12.4,5.4,3.4
Bilal Coulibaly,HOU,4,14.0,3.25,1.25
Bilal Coulibaly,IND,8,11.2,4.4,4.2
Bilal Coulibaly,LAC,4,10.0,3.75,1.0
Bilal Coulibaly,LAL,3,10.0,3.6666666666666665,2.0
Bilal Coulibaly,MEM,5,10.4,4.4,2.6
Bilal Coulibaly,MIA,9,11.4,4.2,3.0
Bilal Coulibaly,MIL,7,10.4,7.4,2.8
Bilal Coulibaly,MIN,5,10.4,2.6,2.8
Bilal Coulibaly,NOP,4,8.75,4.25,1.75
Bilal Coulibaly,NYK,8,11.0,4.6,3.6
Bilal Coulibaly,OKC,5,12.6,5.4,2.8
Bilal Coulibaly,ORL,10,14.0,4.6,4.2
Bilal Coulibaly,PHI,8,10.0,3.4,1.4
Bilal Coulibaly,PHX,6,10.0,3.8,2.0
Bilal Coulibaly,POR,4,6.75,3.5,3.25
Bilal Coulibaly,SAC,3,12.333333333333334,3.0,1.6666666666666667
Bilal Coulibaly,SAS,5,9.2,4.0,2.2
Bilal Coulibaly,TOR,8,13.2,5.6,2.4
Bilal Coulibaly,UTA,5,9.6,3.0,1.6
Bismack Biyombo,ATL,3,4.0,5.0,1.6666666666666667
Bismack Biyombo,BKN,4,3.5,5.5,1.0
Bismack Biyombo,BOS,4,1.0,1.0,0.0
Bismack Biyombo,CHA,3,5.666666666666667,5.666666666666667,3.0
Bismack Biyombo,CHI,3,2.0,1.0,0.0
Bismack Biyombo,CLE,4,4.5,4.75,0.75
Bismack Biyombo,DAL,12,2.6,3.8,0.2
Bismack Biyombo,DEN,8,3.4,4.8,0.4
Bismack Biyombo,DET,6,1.8,5.2,1.8
Bismack Biyombo,GSW,4,3.5,4.75,0.5
Bismack Biyombo,HOU,10,3.4,3.8,0.6
Bismack Biyombo,IND,5,8.2,7.2,1.6
Bismack Biyombo,LAC,8,5.0,5.4,1.4
Bismack Biyombo,LAL,12,2.0,3.6,0.4
Bismack Biyombo,MEM,7,4.0,3.4,0.4
Bismack Biyombo,MIA,5,2.2,2.6,0.0
Bismack Biyombo,MIL,4,2.25,2.0,0.0
Bismack Biyombo,MIN,10,5.8,4.0,1.0
Bismack Biyombo,NOP,10,7.6,6.6,0.6
Bismack Biyombo,NYK,4,2.25,4.0,1.0
Bismack Biyombo,OKC,6,2.8,3.2,0.4
Bismack Biyombo,ORL,3,6.666666666666667,3.0,0.6666666666666666
Bismack Biyombo,PHI,4,7.0,6.25,1.0
Bismack Biyombo,PHX,9,3.2,2.6,1.0
Bismack Biyombo,POR,7,4.6,4.0,0.8
Bismack Biyombo,SAC,9,2.4,3.4,0.6
Bismack Biyombo,SAS,9,6.8,5.0,1.2
Bismack Biyombo,TOR,6,3.2,4.0,1.0
Bismack Biyombo,UTA,6,8.8,6.4,1.2
Bismack Biyombo,WAS,5,1.6,3.0,0.2
Blake Griffin,ATL,5,3.6,3.6,1.6
Blake Griffin,BKN,1,0.0,3.0,1.0
Blake Griffin,BOS,2,3.0,3.5,1.0
Blake Griffin,CHA,2,7.0,4.5,0.5
Blake Griffin,CHI,3,4.333333333333333,5.333333333333333,2.3333333333333335
Blake Griffin,CLE,5,4.0,3.2,2.0
Blake Griffin,DAL,1,0.0,1.0,0.0
Blake Griffin,DEN,2,12.5,4.5,3.0
Blake Griffin,DET,6,6.0,4.0,1.2
Blake Griffin,GSW,3,8.333333333333334,4.333333333333333,0.6666666666666666
Blake Griffin,HOU,2,3.5,3.5,1.0
Blake Griffin,IND,2,1.5,2.0,0.5
Blake Griffin,LAC,3,5.666666666666667,6.0,2.3333333333333335
Blake Griffin,LAL,2,3.0,3.5,2.0
Blake Griffin,MEM,1,10.0,3.0,1.0
Blake Griffin,MIA,4,5.75,2.75,0.75
Blake Griffin,MIL,4,6.75,2.75,1.75
Blake Griffin,MIN,2,4.5,3.0,0.5
Blake Griffin,NOP,2,7.0,5.0,4.5
Blake Griffin,NYK,4,3.75,0.5,0.75
Blake Griffin,OKC,3,3.3333333333333335,3.0,2.0
Blake Griffin,ORL,7,4.8,2.8,2.2
Blake Griffin,PHI,6,7.2,4.8,1.2
Blake Griffin,PHX,2,13.0,7.5,1.5
Blake Griffin,POR,3,0.6666666666666666,5.666666666666667,2.3333333333333335
Blake Griffin,SAC,2,4.5,2.0,1.5
Blake Griffin,SAS,3,4.666666666666667,2.6666666666666665,1.6666666666666667
Blake Griffin,TOR,8,5.4,4.2,2.4
Blake Griffin,UTA,4,7.5,6.25,3.5
Blake Griffin,WAS,3,6.0,7.333333333333333,1.3333333333333333
Blake Hinson,GSW,1,12.0,2.0,1.0
Blake Hinson,LAL,1,10.0,6.0,2.0
Blake Hinson,MEM,2,21.5,3.0,1.0
Blake Hinson,MIL,2,11.0,2.5,2.0
Blake Hinson,NOP,3,6.666666666666667,2.0,1.3333333333333333
Blake Hinson,PHI,1,11.0,1.0,0.0
Blake Hinson,POR,1,11.0,1.0,1.0
Blake Hinson,SAC,1,7.0,2.0,1.0
Blake Hinson,WAS,2,15.5,2.0,0.5
Blake Wesley,ATL,4,5.25,1.25,2.0
Blake Wesley,BKN,5,4.2,0.6,1.8
Blake Wesley,BOS,5,1.4,1.2,1.6
Blake Wesley,CHA,5,5.2,1.6,2.0
Blake Wesley,CHI,6,4.2,1.2,2.0
Blake Wesley,CLE,6,2.6,1.4,1.2
Blake Wesley,DAL,9,5.0,1.2,1.8
Blake Wesley,DEN,7,5.6,1.2,2.0
Blake Wesley,DET,5,7.4,2.8,1.4
Blake Wesley,GSW,9,4.2,1.6,2.8
Blake Wesley,HOU,9,5.0,0.8,2.4
Blake Wesley,IND,6,2.2,0.2,1.6
Blake Wesley,LAC,7,3.4,1.4,2.8
Blake Wesley,LAL,7,2.2,1.0,2.0
Blake Wesley,MEM,9,4.8,0.4,2.0
Blake Wesley,MIA,2,3.5,1.0,4.0
Blake Wesley,MIL,5,3.0,1.8,2.2
Blake Wesley,MIN,9,3.4,2.0,3.6
Blake Wesley,NOP,6,1.0,1.0,3.0
Blake Wesley,NYK,3,4.666666666666667,3.0,2.3333333333333335
Blake Wesley,OKC,6,4.8,1.8,1.4
Blake Wesley,ORL,4,6.5,2.25,4.5
Blake Wesley,PHI,5,7.0,1.4,2.0
Blake Wesley,PHX,7,7.2,1.4,2.8
Blake Wesley,POR,7,3.8,1.6,5.2
Blake Wesley,SAC,10,2.6,0.4,1.0
Blake Wesley,SAS,1,2.0,2.0,0.0
Blake Wesley,TOR,4,8.25,1.0,3.5
Blake Wesley,UTA,13,4.4,1.4,1.4
Blake Wesley,WAS,6,6.0,1.8,3.2
Boban Marjanovic,BOS,1,2.0,3.0,0.0
Boban Marjanovic,CHA,3,3.6666666666666665,2.0,0.0
Boban Marjanovic,CHI,1,0.0,1.0,0.0
Boban Marjanovic,CLE,3,4.666666666666667,2.3333333333333335,0.3333333333333333
Boban Marjanovic,DAL,1,6.0,3.0,1.0
Boban Marjanovic,DEN,4,3.5,0.5,0.0
Boban Marjanovic,DET,2,1.0,1.0,0.5
Boban Marjanovic,GSW,1,4.0,1.0,1.0
Boban Marjanovic,HOU,2,5.5,2.0,0.5
Boban Marjanovic,LAC,5,3.8,2.0,0.2
Boban Marjanovic,LAL,3,2.6666666666666665,2.6666666666666665,0.0
Boban Marjanovic,MEM,3,2.0,4.333333333333333,0.6666666666666666
Boban Marjanovic,MIA,1,0.0,1.0,0.0
Boban Marjanovic,MIL,1,3.0,0.0,1.0
Boban Marjanovic,MIN,4,4.5,1.75,0.0
Boban Marjanovic,NOP,6,3.8,1.4,0.0
Boban Marjanovic,NYK,2,3.0,3.0,0.5
Boban Marjanovic,OKC,2,2.0,1.5,0.0
Boban Marjanovic,PHI,2,4.5,0.5,0.0
Boban Marjanovic,POR,5,4.0,2.4,0.0
Boban Marjanovic,SAC,3,1.0,1.6666666666666667,1.0
Boban Marjanovic,SAS,7,3.8,1.6,0.4
Boban Marjanovic,TOR,1,6.0,4.0,0.0
Boban Marjanovic,UTA,3,0.3333333333333333,1.3333333333333333,0.0
Boban Marjanovic,WAS,2,7.5,3.0,0.5
Bobby Portis,ATL,13,14.0,8.8,2.6
Bobby Portis,BKN,14,15.6,8.0,1.8
Bobby Portis,BOS,13,13.4,11.2,1.0
Bobby Portis,CHA,13,18.0,9.8,3.4
Bobby Portis,CHI,15,12.2,9.8,3.6
Bobby Portis,CLE,13,12.0,8.6,0.6
Bobby Portis,DAL,5,13.0,8.6,1.0
Bobby Portis,DEN,5,11.0,7.8,1.2
Bobby Portis,DET,14,14.6,6.6,1.0
Bobby Portis,GSW,7,15.4,9.0,0.8
Bobby Portis,HOU,6,11.6,7.8,0.8
Bobby Portis,IND,13,13.4,7.0,1.4
Bobby Portis,LAC,4,22.0,10.75,1.75
Bobby Portis,LAL,5,17.4,8.6,1.0
Bobby Portis,MEM,6,14.2,7.8,1.0
Bobby Portis,MIA,11,13.0,5.6,1.6
Bobby Portis,MIN,8,14.8,8.8,2.0
Bobby Portis,NOP,5,11.4,6.4,0.8
Bobby Portis,NYK,14,14.2,6.8,0.8
Bobby Portis,OKC,6,12.4,11.6,2.2
Bobby Portis,ORL,14,18.8,8.8,1.8
Bobby Portis,PHI,13,13.0,6.4,2.6
Bobby Portis,PHX,6,13.2,7.0,0.8
Bobby Portis,POR,6,12.4,7.0,1.2
Bobby Portis,SAC,7,10.2,6.8,0.8
Bobby Portis,SAS,5,13.6,9.4,1.2
Bobby Portis,TOR,13,17.8,7.6,0.8
Bobby Portis,UTA,7,16.2,7.6,0.6
Bobby Portis,WAS,12,14.8,8.4,3.0
Bobby Portis Jr.,ATL,3,15.333333333333334,4.333333333333333,1.6666666666666667
Bobby Portis Jr.,BKN,2,11.5,4.5,0.5
Bobby Portis Jr.,BOS,3,15.666666666666666,7.666666666666667,1.3333333333333333
Bobby Portis Jr.,CHA,4,17.75,5.0,1.0
Bobby Portis Jr.,CHI,3,14.0,7.0,1.0
Bobby Portis Jr.,CLE,4,12.5,7.0,1.5
Bobby Portis Jr.,DAL,1,13.0,7.0,0.0
Bobby Portis Jr.,DEN,2,12.5,5.5,0.0
Bobby Portis Jr.,DET,3,12.666666666666666,7.666666666666667,3.6666666666666665
Bobby Portis Jr.,GSW,2,9.0,5.5,1.0
Bobby Portis Jr.,HOU,1,11.0,1.0,4.0
Bobby Portis Jr.,IND,4,18.0,6.75,1.75
Bobby Portis Jr.,LAC,1,11.0,6.0,1.0
Bobby Portis Jr.,LAL,2,9.5,9.0,1.5
Bobby Portis Jr.,MEM,1,15.0,12.0,3.0
Bobby Portis Jr.,MIA,3,16.333333333333332,3.6666666666666665,1.3333333333333333
Bobby Portis Jr.,MIN,2,15.0,9.0,1.0
Bobby Portis Jr.,NOP,1,17.0,11.0,1.0
Bobby Portis Jr.,NYK,3,8.666666666666666,2.3333333333333335,0.6666666666666666
Bobby Portis Jr.,OKC,2,15.0,9.0,6.0
Bobby Portis Jr.,ORL,3,10.666666666666666,4.0,1.0
Bobby Portis Jr.,PHI,3,19.333333333333332,8.0,2.6666666666666665
Bobby Portis Jr.,POR,1,22.0,6.0,2.0
Bobby Portis Jr.,SAC,2,12.5,8.5,1.0
Bobby Portis Jr.,SAS,1,13.0,6.0,3.0
Bobby Portis Jr.,TOR,4,10.75,9.0,0.75
Bobby Portis Jr.,UTA,2,11.5,5.0,0.5
Bobby Portis Jr.,WAS,4,11.5,5.5,2.0
Bobi Klintman,BKN,3,1.3333333333333333,2.6666666666666665,0.3333333333333333
Bobi Klintman,BOS,1,0.0,0.0,0.0
Bobi Klintman,CHI,1,6.0,6.0,1.0
Bobi Klintman,CLE,1,2.0,3.0,0.0
Bobi Klintman,DAL,1,0.0,0.0,0.0
Bobi Klintman,DEN,1,0.0,1.0,0.0
Bobi Klintman,IND,1,0.0,0.0,1.0
Bobi Klintman,MIA,1,3.0,0.0,2.0
Bobi Klintman,MIL,1,15.0,3.0,6.0
Bobi Klintman,MIN,1,0.0,0.0,0.0
Bobi Klintman,NOP,1,2.0,1.0,0.0
Bobi Klintman,PHI,2,1.0,0.0,0.0
Bobi Klintman,PHX,1,0.0,1.0,0.0
Bobi Klintman,SAC,1,0.0,0.0,0.0
Bobi Klintman,SAS,1,0.0,1.0,0.0
Bobi Klintman,TOR,1,0.0,0.0,0.0
Bobi Klintman,WAS,1,3.0,2.0,2.0
Bogdan Bogdanović,ATL,1,12.0,3.0,3.0
Bogdan Bogdanović,BKN,12,12.0,4.2,3.2
Bogdan Bogdanović,BOS,10,15.2,4.8,3.2
Bogdan Bogdanović,CHA,9,11.4,3.4,4.6
Bogdan Bogdanović,CHI,13,16.2,1.4,4.2
Bogdan Bogdanović,CLE,13,13.0,3.6,2.4
Bogdan Bogdanović,DAL,10,15.0,4.2,3.0
Bogdan Bogdanović,DEN,6,16.4,2.4,3.0
Bogdan Bogdanović,DET,10,13.0,3.0,3.2
Bogdan Bogdanović,GSW,9,8.6,3.2,1.0
Bogdan Bogdanović,HOU,6,11.8,4.2,3.0
Bogdan Bogdanović,IND,11,16.2,3.2,1.6
Bogdan Bogdanović,LAC,6,10.2,3.0,4.8
Bogdan Bogdanović,LAL,11,9.0,2.8,2.4
Bogdan Bogdanović,MEM,9,10.6,2.8,3.0
Bogdan Bogdanović,MIA,11,19.2,3.8,2.6
Bogdan Bogdanović,MIL,10,15.6,3.2,3.2
Bogdan Bogdanović,MIN,6,10.6,2.6,2.8
Bogdan Bogdanović,NOP,10,9.6,1.8,1.4
Bogdan Bogdanović,NYK,13,5.0,3.4,2.2
Bogdan Bogdanović,OKC,9,13.4,2.8,3.0
Bogdan Bogdanović,ORL,11,11.6,3.0,1.6
Bogdan Bogdanović,PHI,8,14.0,4.6,3.4
Bogdan Bogdanović,PHX,10,13.4,2.4,3.4
Bogdan Bogdanović,POR,7,6.2,3.4,3.2
Bogdan Bogdanović,SAC,8,7.0,1.8,2.6
Bogdan Bogdanović,SAS,8,12.2,2.4,2.6
Bogdan Bogdanović,TOR,10,17.0,4.0,3.0
Bogdan Bogdanović,UTA,5,10.6,3.2,3.2
Bogdan Bogdanović,WAS,11,13.6,2.4,1.6
Bojan Bogdanovic,ATL,7,24.4,2.8,1.2
Bojan Bogdanovic,BKN,7,13.0,3.6,1.6
Bojan Bogdanovic,BOS,8,17.6,4.6,1.8
Bojan Bogdanovic,CHA,4,25.5,2.75,2.5
Bojan Bogdanovic,CHI,7,16.8,3.0,1.8
Bojan Bogdanovic,CLE,7,16.0,2.4,1.6
Bojan Bogdanovic,DAL,5,24.6,3.4,2.4
Bojan Bogdanovic,DEN,7,15.0,4.4,2.8
Bojan Bogdanovic,DET,4,15.25,4.0,1.5
Bojan Bogdanovic,GSW,9,14.0,3.4,2.8
Bojan Bogdanovic,HOU,7,17.4,3.6,1.4
Bojan Bogdanovic,IND,5,14.6,3.0,1.8
Bojan Bogdanovic,LAC,4,23.75,2.0,2.5
Bojan Bogdanovic,LAL,5,17.8,3.4,3.6
Bojan Bogdanovic,MEM,6,17.0,3.0,2.2
Bojan Bogdanovic,MIA,4,22.25,5.0,3.0
Bojan Bogdanovic,MIL,8,21.2,1.6,1.2
Bojan Bogdanovic,MIN,7,24.4,6.6,3.2
Bojan Bogdanovic,NOP,7,14.6,3.6,1.4
Bojan Bogdanovic,NYK,4,19.0,3.25,1.75
Bojan Bogdanovic,OKC,7,19.2,2.8,1.0
Bojan Bogdanovic,ORL,8,9.4,2.8,2.4
Bojan Bogdanovic,PHI,9,16.4,1.8,1.0
Bojan Bogdanovic,PHX,5,16.2,3.8,1.8
Bojan Bogdanovic,POR,5,16.2,2.6,2.0
Bojan Bogdanovic,SAC,9,18.0,3.0,1.4
Bojan Bogdanovic,SAS,6,19.0,3.0,1.6
Bojan Bogdanovic,TOR,6,19.8,5.4,2.8
Bojan Bogdanovic,UTA,4,20.5,4.0,3.0
Bojan Bogdanovic,WAS,4,22.25,3.0,1.5
Bol Bol,ATL,5,8.6,4.4,1.2
Bol Bol,BKN,4,7.0,3.25,0.5
Bol Bol,BOS,8,7.2,2.4,0.2
Bol Bol,CHA,5,7.2,5.4,1.4
Bol Bol,CHI,5,6.2,4.2,0.6
Bol Bol,CLE,7,7.8,5.0,1.0
Bol Bol,DAL,6,9.0,5.4,0.2
Bol Bol,DEN,6,10.2,4.8,0.8
Bol Bol,DET,5,6.4,4.0,0.4
Bol Bol,GSW,4,2.75,2.75,0.75
Bol Bol,HOU,10,8.2,3.2,0.4
Bol Bol,IND,5,9.8,6.2,0.6
Bol Bol,LAC,6,3.6,1.8,0.8
Bol Bol,LAL,4,7.75,4.25,0.75
Bol Bol,MEM,3,16.0,7.333333333333333,1.0
Bol Bol,MIA,7,3.6,4.4,1.6
Bol Bol,MIL,6,2.8,3.4,1.0
Bol Bol,MIN,6,11.0,6.2,0.8
Bol Bol,NOP,7,9.6,3.4,0.6
Bol Bol,NYK,4,6.25,2.75,0.25
Bol Bol,OKC,5,4.6,3.4,0.8
Bol Bol,ORL,2,1.5,1.0,0.0
Bol Bol,PHI,6,7.2,4.6,1.0
Bol Bol,PHX,3,6.333333333333333,7.0,0.6666666666666666
Bol Bol,POR,5,4.4,4.2,1.2
Bol Bol,SAC,7,1.4,0.6,0.0
Bol Bol,SAS,5,7.6,3.6,0.6
Bol Bol,TOR,7,7.0,4.8,1.0
Bol Bol,UTA,6,4.4,2.6,0.6
Bol Bol,WAS,4,8.0,5.25,0.0
Bones Hyland,ATL,7,6.2,1.2,1.8
Bones Hyland,BKN,6,3.4,1.6,1.6
Bones Hyland,BOS,8,7.4,1.4,1.8
Bones Hyland,CHA,5,8.0,2.2,2.6
Bones Hyland,CHI,6,11.0,2.2,4.4
Bones Hyland,CLE,5,10.2,2.0,4.2
Bones Hyland,DAL,12,5.4,2.8,1.6
Bones Hyland,DEN,6,10.2,2.0,2.2
Bones Hyland,DET,4,4.5,1.5,0.75
Bones Hyland,GSW,12,7.2,1.8,2.2
Bones Hyland,HOU,8,8.8,1.0,3.4
Bones Hyland,IND,8,5.8,1.0,2.4
Bones Hyland,LAC,9,9.2,2.0,2.8
Bones Hyland,LAL,12,8.8,0.4,2.4
Bones Hyland,MEM,11,7.0,2.2,2.6
Bones Hyland,MIA,5,10.2,1.0,3.2
Bones Hyland,MIL,6,12.8,1.4,3.2
Bones Hyland,MIN,8,10.6,2.6,2.2
Bones Hyland,NOP,12,6.6,1.2,2.0
Bones Hyland,NYK,5,11.4,3.4,3.0
Bones Hyland,OKC,13,6.0,1.6,1.6
Bones Hyland,ORL,5,10.6,1.8,2.4
Bones Hyland,PHI,7,8.4,2.2,1.4
Bones Hyland,PHX,10,18.2,4.2,4.2
Bones Hyland,POR,17,5.4,0.8,1.4
Bones Hyland,SAC,12,6.0,1.4,1.4
Bones Hyland,SAS,11,5.4,0.8,0.8
Bones Hyland,TOR,5,10.2,2.8,3.0
Bones Hyland,UTA,14,8.0,0.8,2.2
Bones Hyland,WAS,8,4.6,1.4,3.2
Brad Wanamaker,ATL,1,7.0,2.0,4.0
Brad Wanamaker,BKN,1,0.0,3.0,2.0
Brad Wanamaker,CHA,1,12.0,3.0,0.0
Brad Wanamaker,CHI,2,2.0,1.0,0.0
Brad Wanamaker,CLE,1,7.0,4.0,7.0
Brad Wanamaker,DAL,1,2.0,1.0,1.0
Brad Wanamaker,DET,1,6.0,1.0,3.0
Brad Wanamaker,GSW,1,2.0,1.0,0.0
Brad Wanamaker,HOU,1,0.0,1.0,1.0
Brad Wanamaker,MIA,2,2.0,1.0,4.0
Brad Wanamaker,MIL,2,4.0,2.5,3.5
Brad Wanamaker,NOP,1,2.0,0.0,0.0
Brad Wanamaker,NYK,1,6.0,3.0,1.0
Brad Wanamaker,POR,1,5.0,1.0,6.0
Brad Wanamaker,SAC,1,1.0,2.0,2.0
Brad Wanamaker,SAS,1,5.0,4.0,4.0
Brad Wanamaker,TOR,2,4.0,2.0,2.0
Brad Wanamaker,WAS,2,2.0,0.0,2.5
Bradley Beal,ATL,9,17.8,5.0,5.8
Bradley Beal,BKN,7,17.6,3.2,3.6
Bradley Beal,BOS,8,18.0,2.8,5.6
Bradley Beal,CHA,10,12.6,3.2,7.0
Bradley Beal,CHI,7,18.6,4.4,5.8
Bradley Beal,CLE,8,17.0,5.2,5.0
Bradley Beal,DAL,6,17.4,3.4,4.8
Bradley Beal,DEN,6,17.4,2.6,5.6
Bradley Beal,DET,5,26.4,5.8,5.6
Bradley Beal,GSW,6,17.4,3.6,3.2
Bradley Beal,HOU,4,19.0,2.5,3.5
Bradley Beal,IND,8,18.6,3.4,3.0
Bradley Beal,LAC,8,15.6,3.8,2.8
Bradley Beal,LAL,8,18.8,2.8,3.8
Bradley Beal,MEM,5,13.0,3.4,7.4
Bradley Beal,MIA,9,15.6,4.2,5.0
Bradley Beal,MIL,5,24.8,5.8,4.8
Bradley Beal,MIN,7,24.0,4.4,4.2
Bradley Beal,NOP,7,18.4,4.8,4.4
Bradley Beal,NYK,4,14.0,2.0,3.75
Bradley Beal,OKC,7,22.2,3.8,4.6
Bradley Beal,ORL,6,17.0,3.8,5.0
Bradley Beal,PHI,8,15.4,3.2,4.8
Bradley Beal,PHX,5,15.2,2.2,3.4
Bradley Beal,POR,7,19.4,4.0,3.2
Bradley Beal,SAC,8,16.2,4.8,2.6
Bradley Beal,SAS,7,14.4,5.6,6.8
Bradley Beal,TOR,8,22.2,4.0,6.4
Bradley Beal,UTA,7,20.2,2.6,3.8
Bradley Beal,WAS,2,31.5,2.5,5.0
Branden Carlson,ATL,2,3.0,0.0,0.0
Branden Carlson,BKN,1,8.0,5.0,2.0
Branden Carlson,CHA,3,4.333333333333333,2.3333333333333335,0.0
Branden Carlson,CHI,2,1.0,1.5,0.5
Branden Carlson,CLE,1,11.0,4.0,0.0
Branden Carlson,DAL,4,3.75,2.0,1.0
Branden Carlson,DEN,1,23.0,12.0,5.0
Branden Carlson,DET,2,2.0,2.0,1.0
Branden Carlson,GSW,2,9.0,5.5,1.0
Branden Carlson,HOU,1,3.0,1.0,0.0
Branden Carlson,IND,3,2.0,1.0,0.0
Branden Carlson,LAC,3,2.0,1.6666666666666667,0.3333333333333333
Branden Carlson,LAL,5,2.4,2.2,0.8
Branden Carlson,MEM,5,3.8,1.0,0.4
Branden Carlson,MIA,1,0.0,0.0,0.0
Branden Carlson,MIL,1,9.0,6.0,1.0
Branden Carlson,NOP,5,9.8,3.8,1.0
Branden Carlson,NYK,1,3.0,0.0,0.0
Branden Carlson,PHI,4,5.75,2.25,0.5
Branden Carlson,PHX,4,9.25,3.25,0.25
Branden Carlson,POR,4,5.5,3.0,1.0
Branden Carlson,SAC,4,1.5,1.5,0.0
Branden Carlson,SAS,3,1.6666666666666667,2.3333333333333335,0.3333333333333333
Branden Carlson,TOR,2,1.0,1.5,1.0
Branden Carlson,UTA,8,8.6,3.0,0.6
Branden Carlson,WAS,2,4.0,2.5,0.5
Brandin Podziemski,ATL,6,9.0,4.4,2.6
Brandin Podziemski,BKN,6,10.2,4.0,3.2
Brandin Podziemski,BOS,3,8.666666666666666,6.0,4.0
Brandin Podziemski,CHA,6,13.6,6.0,3.4
Brandin Podziemski,CHI,6,13.4,4.6,5.4
Brandin Podziemski,CLE,5,10.2,3.6,2.8
Brandin Podziemski,DAL,11,13.4,7.4,5.4
Brandin Podziemski,DEN,10,17.0,6.6,4.2
Brandin Podziemski,DET,4,9.25,4.75,4.0
Brandin Podziemski,HOU,10,19.0,5.2,2.8
Brandin Podziemski,IND,5,11.4,6.6,3.0
Brandin Podziemski,LAC,12,13.8,5.4,2.6
Brandin Podziemski,LAL,12,15.0,5.8,3.8
Brandin Podziemski,MEM,9,17.4,5.0,4.8
Brandin Podziemski,MIA,5,14.8,5.0,3.4
Brandin Podziemski,MIL,6,9.0,6.8,2.8
Brandin Podziemski,MIN,10,12.6,6.2,3.4
Brandin Podziemski,NOP,10,14.2,6.8,3.4
Brandin Podziemski,NYK,5,13.0,4.0,3.6
Brandin Podziemski,OKC,10,13.4,4.4,3.6
Brandin Podziemski,ORL,6,8.6,5.6,3.0
Brandin Podziemski,PHI,5,7.2,5.0,2.4
Brandin Podziemski,PHX,11,12.8,3.0,3.2
Brandin Podziemski,POR,10,13.0,4.6,2.6
Brandin Podziemski,SAC,6,19.8,4.0,4.0
Brandin Podziemski,SAS,11,10.6,4.6,3.8
Brandin Podziemski,TOR,4,11.0,4.25,2.25
Brandin Podziemski,UTA,11,13.2,6.6,5.2
Brandin Podziemski,WAS,5,10.2,5.8,4.0
Brandon Boston,ATL,5,7.4,2.6,1.0
Brandon Boston,BKN,2,8.0,6.0,7.0
Brandon Boston,BOS,6,5.2,2.2,0.6
Brandon Boston,CHA,2,9.5,2.5,1.0
Brandon Boston,CHI,2,6.0,0.5,0.0
Brandon Boston,CLE,5,12.6,1.2,3.2
Brandon Boston,DAL,3,10.333333333333334,2.0,1.3333333333333333
Brandon Boston,DEN,7,10.6,2.8,2.4
Brandon Boston,DET,2,1.0,0.0,0.0
Brandon Boston,GSW,7,3.8,1.8,2.0
Brandon Boston,HOU,8,9.0,4.0,1.4
Brandon Boston,IND,6,10.4,1.2,1.4
Brandon Boston,LAC,1,3.0,1.0,0.0
Brandon Boston,LAL,4,5.25,2.25,1.5
Brandon Boston,MEM,6,6.4,1.6,1.4
Brandon Boston,MIA,4,6.25,2.0,0.5
Brandon Boston,MIL,3,9.0,2.3333333333333335,0.3333333333333333
Brandon Boston,MIN,6,4.2,1.6,0.4
Brandon Boston,NOP,6,4.0,1.4,0.6
Brandon Boston,NYK,5,8.0,2.0,1.4
Brandon Boston,OKC,8,6.0,2.6,1.2
Brandon Boston,ORL,3,12.666666666666666,4.666666666666667,1.6666666666666667
Brandon Boston,PHI,3,5.0,2.3333333333333335,0.3333333333333333
Brandon Boston,PHX,8,11.0,2.0,1.4
Brandon Boston,POR,8,8.8,2.8,1.2
Brandon Boston,SAC,8,9.4,2.6,0.8
Brandon Boston,SAS,5,9.2,3.4,1.0
Brandon Boston,TOR,2,3.0,2.0,1.5
Brandon Boston,UTA,5,7.0,2.8,1.0
Brandon Boston,WAS,7,7.8,2.4,1.0
Brandon Clarke,ATL,5,7.6,5.4,1.8
Brandon Clarke,BKN,7,8.8,3.2,1.2
Brandon Clarke,BOS,4,12.75,5.0,1.5
Brandon Clarke,CHA,4,10.0,3.75,2.25
Brandon Clarke,CHI,5,9.6,7.0,0.8
Brandon Clarke,CLE,6,9.8,5.2,0.6
Brandon Clarke,DAL,5,9.6,4.0,1.4
Brandon Clarke,DEN,7,7.4,5.2,0.6
Brandon Clarke,DET,6,14.6,8.4,1.8
Brandon Clarke,GSW,7,9.6,7.2,1.0
Brandon Clarke,HOU,9,7.2,4.6,0.6
Brandon Clarke,IND,5,9.8,2.0,1.4
Brandon Clarke,LAC,6,10.8,6.2,2.0
Brandon Clarke,LAL,8,8.6,5.6,0.8
Brandon Clarke,MIA,3,8.333333333333334,2.0,0.0
Brandon Clarke,MIL,5,10.6,4.6,1.4
Brandon Clarke,MIN,11,10.4,4.6,1.8
Brandon Clarke,NOP,11,7.0,6.8,0.4
Brandon Clarke,NYK,6,9.6,5.8,0.6
Brandon Clarke,OKC,7,9.6,7.8,1.0
Brandon Clarke,ORL,5,10.4,7.2,1.8
Brandon Clarke,PHI,6,5.6,4.4,1.0
Brandon Clarke,PHX,9,10.6,6.4,2.0
Brandon Clarke,POR,7,6.8,5.2,0.6
Brandon Clarke,SAC,8,8.4,4.6,1.0
Brandon Clarke,SAS,8,9.4,3.4,1.4
Brandon Clarke,TOR,6,8.0,6.0,1.0
Brandon Clarke,UTA,9,6.4,5.4,1.6
Brandon Clarke,WAS,7,8.0,4.8,0.6
Brandon Goodwin,ATL,2,12.0,3.0,3.5
Brandon Goodwin,BKN,2,3.5,0.5,1.0
Brandon Goodwin,CHA,2,6.0,3.0,6.0
Brandon Goodwin,CHI,2,3.0,0.0,1.0
Brandon Goodwin,DAL,1,4.0,0.0,0.0
Brandon Goodwin,DEN,1,0.0,1.0,1.0
Brandon Goodwin,DET,2,9.0,3.0,2.5
Brandon Goodwin,HOU,1,7.0,7.0,8.0
Brandon Goodwin,IND,2,3.5,3.0,3.5
Brandon Goodwin,LAC,1,0.0,1.0,1.0
Brandon Goodwin,LAL,1,3.0,2.0,1.0
Brandon Goodwin,MEM,1,2.0,4.0,3.0
Brandon Goodwin,MIA,1,2.0,0.0,1.0
Brandon Goodwin,MIL,2,0.0,0.0,0.5
Brandon Goodwin,MIN,1,17.0,4.0,12.0
Brandon Goodwin,NOP,1,21.0,1.0,1.0
Brandon Goodwin,NYK,1,2.0,0.0,0.0
Brandon Goodwin,OKC,2,1.0,3.5,2.5
Brandon Goodwin,ORL,1,3.0,0.0,1.0
Brandon Goodwin,PHI,3,3.3333333333333335,1.6666666666666667,1.3333333333333333
Brandon Goodwin,SAS,2,3.5,0.5,2.5
Brandon Goodwin,TOR,2,3.0,1.5,2.5
Brandon Goodwin,UTA,1,3.0,1.0,1.0
Brandon Goodwin,WAS,1,8.0,5.0,6.0
Brandon Ingram,ATL,10,23.2,8.0,2.6
Brandon Ingram,BKN,9,21.4,6.0,4.4
Brandon Ingram,BOS,6,24.4,4.0,5.4
Brandon Ingram,CHA,8,18.0,6.2,4.2
Brandon Ingram,CHI,9,27.4,5.8,4.8
Brandon Ingram,CLE,7,21.6,6.0,4.2
Brandon Ingram,DAL,11,17.4,6.2,5.0
Brandon Ingram,DEN,11,21.6,5.8,4.8
Brandon Ingram,DET,5,24.2,1.6,1.8
Brandon Ingram,GSW,11,22.0,4.0,5.2
Brandon Ingram,HOU,11,22.4,5.0,4.2
Brandon Ingram,IND,9,22.8,6.2,3.2
Brandon Ingram,LAC,12,15.4,5.2,4.6
Brandon Ingram,LAL,13,21.2,5.8,5.8
Brandon Ingram,MEM,11,23.4,5.2,5.6
Brandon Ingram,MIA,6,23.2,5.4,3.6
Brandon Ingram,MIL,6,23.8,6.0,3.4
Brandon Ingram,MIN,12,21.6,5.0,4.4
Brandon Ingram,NOP,2,17.5,6.0,3.5
Brandon Ingram,NYK,10,23.8,3.8,4.4
Brandon Ingram,OKC,8,12.6,4.4,5.6
Brandon Ingram,ORL,6,20.4,5.4,3.8
Brandon Ingram,PHI,6,18.4,5.8,5.6
Brandon Ingram,PHX,6,23.2,6.0,5.0
Brandon Ingram,POR,12,20.6,6.8,4.6
Brandon Ingram,SAC,10,24.4,4.6,4.8
Brandon Ingram,SAS,9,18.6,5.2,5.2
Brandon Ingram,TOR,5,24.2,6.4,6.0
Brandon Ingram,UTA,10,22.8,4.6,5.4
Brandon Ingram,WAS,8,27.0,4.8,4.8
Brandon Knight,CLE,1,2.0,0.0,0.0
Brandon Knight,MIL,1,2.0,2.0,0.0
Brandon Knight,POR,1,18.0,3.0,5.0
Brandon Knight,UTA,1,10.0,2.0,3.0
Brandon Knight,WAS,1,0.0,1.0,0.0
Brandon Miller,ATL,8,26.4,6.2,4.0
Brandon Miller,BKN,5,24.8,4.0,3.8
Brandon Miller,BOS,7,15.2,3.4,2.8
Brandon Miller,CHI,9,22.2,5.4,3.0
Brandon Miller,CLE,9,22.2,4.4,3.4
Brandon Miller,DAL,4,17.0,4.5,2.75
Brandon Miller,DEN,4,14.75,3.75,2.25
Brandon Miller,DET,8,23.4,5.2,2.2
Brandon Miller,GSW,4,21.0,3.5,3.75
Brandon Miller,HOU,5,9.8,2.8,2.6
Brandon Miller,IND,9,23.2,5.8,4.2
Brandon Miller,LAC,3,18.666666666666668,4.333333333333333,4.0
Brandon Miller,LAL,3,25.333333333333332,2.3333333333333335,3.3333333333333335
Brandon Miller,MEM,4,19.0,3.75,3.0
Brandon Miller,MIA,5,18.6,4.6,3.0
Brandon Miller,MIL,8,23.2,7.4,3.2
Brandon Miller,MIN,4,14.5,4.0,2.25
Brandon Miller,NOP,2,16.0,6.0,3.5
Brandon Miller,NYK,9,20.8,5.4,2.8
Brandon Miller,OKC,3,23.0,4.333333333333333,3.0
Brandon Miller,ORL,9,17.6,4.0,4.6
Brandon Miller,PHI,9,21.8,4.6,1.6
Brandon Miller,PHX,6,14.8,4.8,3.2
Brandon Miller,POR,4,21.75,5.75,2.0
Brandon Miller,SAC,3,16.0,2.3333333333333335,4.333333333333333
Brandon Miller,SAS,4,14.25,6.25,2.0
Brandon Miller,TOR,6,15.8,4.4,1.8
Brandon Miller,UTA,4,16.5,3.25,3.75
Brandon Miller,WAS,8,20.4,5.6,4.6
Brandon Williams,ATL,3,11.0,1.6666666666666667,3.6666666666666665
Brandon Williams,BKN,4,16.75,3.75,6.0
Brandon Williams,BOS,2,5.5,3.5,2.0
Brandon Williams,CHA,3,11.666666666666666,1.6666666666666667,2.6666666666666665
Brandon Williams,CHI,2,7.0,1.5,2.0
Brandon Williams,CLE,4,10.75,2.25,2.75
Brandon Williams,DAL,2,8.0,1.0,2.5
Brandon Williams,DEN,6,9.0,2.0,2.6
Brandon Williams,DET,5,12.0,3.0,2.0
Brandon Williams,GSW,5,14.8,2.4,1.6
Brandon Williams,HOU,8,15.0,2.8,2.0
Brandon Williams,IND,3,15.0,2.6666666666666665,3.6666666666666665
Brandon Williams,LAC,2,10.5,1.5,6.0
Brandon Williams,LAL,6,13.0,2.6,3.8
Brandon Williams,MEM,8,11.4,4.8,3.2
Brandon Williams,MIA,4,8.0,1.25,2.75
Brandon Williams,MIL,3,17.0,4.333333333333333,4.333333333333333
Brandon Williams,MIN,8,12.4,3.4,3.8
Brandon Williams,NOP,8,3.8,1.8,3.6
Brandon Williams,NYK,5,10.4,1.2,2.0
Brandon Williams,OKC,6,9.4,3.2,3.6
Brandon Williams,ORL,3,13.0,2.0,4.0
Brandon Williams,PHI,4,8.75,2.75,3.5
Brandon Williams,PHX,5,10.2,3.0,3.4
Brandon Williams,POR,5,10.8,1.8,3.4
Brandon Williams,SAC,3,14.666666666666666,2.0,2.6666666666666665
Brandon Williams,SAS,8,7.8,1.4,2.4
Brandon Williams,TOR,2,16.5,0.5,2.0
Brandon Williams,UTA,8,9.2,2.0,2.0
Brandon Williams,WAS,5,4.8,1.6,3.4
Braxton Key,BKN,1,5.0,6.0,0.0
Braxton Key,CHA,1,0.0,1.0,0.0
Braxton Key,DAL,1,14.0,5.0,1.0
Braxton Key,DEN,1,0.0,0.0,0.0
Braxton Key,DET,1,2.0,1.0,0.0
Braxton Key,GSW,1,0.0,1.0,0.0
Braxton Key,HOU,2,1.5,1.0,0.5
Braxton Key,IND,1,12.0,9.0,2.0
Braxton Key,LAL,1,0.0,0.0,0.0
Braxton Key,MEM,3,2.3333333333333335,2.0,0.6666666666666666
Braxton Key,MIL,3,2.3333333333333335,2.3333333333333335,0.6666666666666666
Braxton Key,MIN,2,0.0,0.0,1.5
Braxton Key,NOP,2,0.0,0.0,0.0
Braxton Key,NYK,2,6.5,1.0,0.0
Braxton Key,OKC,3,5.0,3.0,0.3333333333333333
Braxton Key,ORL,1,3.0,2.0,1.0
Braxton Key,PHI,2,9.0,4.5,2.0
Braxton Key,PHX,2,0.5,0.5,0.0
Braxton Key,POR,3,0.6666666666666666,0.6666666666666666,0.0
Braxton Key,SAS,2,0.0,1.0,1.0
Braxton Key,UTA,1,2.0,1.0,1.0
Braxton Key,WAS,1,4.0,5.0,0.0
Brice Sensabaugh,ATL,5,12.4,3.2,1.6
Brice Sensabaugh,BKN,4,12.5,3.25,2.0
Brice Sensabaugh,BOS,4,9.0,4.25,3.0
Brice Sensabaugh,CHA,5,15.6,1.8,1.8
Brice Sensabaugh,CHI,5,17.8,6.0,1.0
Brice Sensabaugh,CLE,5,11.8,3.4,2.4
Brice Sensabaugh,DAL,8,16.6,4.8,2.0
Brice Sensabaugh,DEN,11,15.0,4.8,2.8
Brice Sensabaugh,DET,4,6.25,2.25,1.0
Brice Sensabaugh,GSW,10,14.2,1.0,1.8
Brice Sensabaugh,HOU,10,13.4,3.0,2.4
Brice Sensabaugh,IND,4,11.75,4.75,2.25
Brice Sensabaugh,LAC,8,13.8,2.2,2.0
Brice Sensabaugh,LAL,8,8.0,2.0,0.8
Brice Sensabaugh,MEM,7,8.8,2.4,2.8
Brice Sensabaugh,MIA,4,19.25,3.75,1.25
Brice Sensabaugh,MIL,3,13.333333333333334,2.0,1.0
Brice Sensabaugh,MIN,9,16.8,4.0,2.4
Brice Sensabaugh,NOP,6,16.0,3.4,2.4
Brice Sensabaugh,NYK,3,13.666666666666666,3.6666666666666665,2.3333333333333335
Brice Sensabaugh,OKC,7,16.2,3.2,2.6
Brice Sensabaugh,ORL,5,10.8,2.8,1.0
Brice Sensabaugh,PHI,3,13.666666666666666,4.0,2.6666666666666665
Brice Sensabaugh,PHX,6,9.0,1.6,0.6
Brice Sensabaugh,POR,8,18.8,4.2,2.0
Brice Sensabaugh,SAC,9,17.6,3.2,0.2
Brice Sensabaugh,SAS,8,10.4,3.2,1.0
Brice Sensabaugh,TOR,5,11.4,2.4,0.6
Brice Sensabaugh,WAS,4,13.25,1.75,2.5
Brodric Thomas,ATL,1,0.0,0.0,0.0
Brodric Thomas,BKN,1,4.0,0.0,1.0
Brodric Thomas,CHI,1,3.0,1.0,0.0
Brodric Thomas,GSW,1,0.0,0.0,0.0
Brodric Thomas,IND,1,0.0,1.0,2.0
Brodric Thomas,LAC,1,4.0,3.0,3.0
Brodric Thomas,MEM,1,3.0,2.0,3.0
Brodric Thomas,MIL,1,0.0,0.0,0.0
Brodric Thomas,OKC,1,0.0,1.0,0.0
Brodric Thomas,PHI,2,2.5,0.5,0.0
Brodric Thomas,UTA,1,2.0,1.0,2.0
Bronny James,ATL,3,3.0,0.6666666666666666,1.3333333333333333
Bronny James,BKN,2,3.5,0.0,0.5
Bronny James,BOS,2,2.5,0.0,0.5
Bronny James,CHA,1,0.0,0.0,0.0
Bronny James,CHI,1,2.0,0.0,1.0
Bronny James,CLE,3,3.3333333333333335,0.6666666666666666,1.0
Bronny James,DAL,4,1.25,0.0,0.5
Bronny James,DEN,2,2.5,1.0,0.0
Bronny James,DET,1,0.0,0.0,2.0
Bronny James,GSW,1,10.0,1.0,3.0
Bronny James,HOU,2,3.0,0.5,0.5
Bronny James,IND,2,2.0,0.5,0.5
Bronny James,LAC,3,1.0,0.0,0.6666666666666666
Bronny James,MEM,1,2.0,0.0,0.0
Bronny James,MIA,1,2.0,0.0,2.0
Bronny James,MIL,2,8.5,2.0,3.0
Bronny James,MIN,4,0.0,0.25,0.25
Bronny James,NOP,1,2.0,1.0,0.0
Bronny James,NYK,1,2.0,0.0,0.0
Bronny James,OKC,4,4.25,1.0,1.25
Bronny James,PHI,2,0.0,1.5,0.5
Bronny James,PHX,3,1.0,1.0,0.6666666666666666
Bronny James,POR,5,1.8,1.4,3.2
Bronny James,SAC,3,3.0,0.0,0.6666666666666666
Bronny James,SAS,5,3.4,0.8,1.2
Bronny James,TOR,3,0.0,0.0,0.0
Bronny James,UTA,3,7.666666666666667,0.3333333333333333,2.3333333333333335
Bronny James,WAS,4,3.75,1.0,1.0
Brook Lopez,ATL,13,11.8,3.8,1.8
Brook Lopez,BKN,15,7.2,4.2,1.6
Brook Lopez,BOS,13,7.0,3.0,1.2
Brook Lopez,CHA,12,10.4,3.8,1.0
Brook Lopez,CHI,16,15.0,4.4,1.8
Brook Lopez,CLE,14,7.0,4.8,0.4
Brook Lopez,DAL,9,6.8,6.2,1.8
Brook Lopez,DEN,9,13.2,4.2,1.8
Brook Lopez,DET,14,11.2,6.2,0.8
Brook Lopez,GSW,10,6.4,4.2,1.4
Brook Lopez,HOU,10,7.8,3.4,2.0
Brook Lopez,IND,14,16.4,5.2,2.2
Brook Lopez,LAC,6,14.0,7.6,1.6
Brook Lopez,LAL,9,14.2,5.6,1.6
Brook Lopez,MEM,7,14.0,5.4,1.2
Brook Lopez,MIA,12,12.6,3.0,1.0
Brook Lopez,MIL,2,13.5,5.0,2.0
Brook Lopez,MIN,11,5.8,2.6,1.0
Brook Lopez,NOP,10,7.8,3.8,2.0
Brook Lopez,NYK,13,8.2,2.6,2.6
Brook Lopez,OKC,8,12.0,4.0,1.2
Brook Lopez,ORL,12,8.4,2.8,0.6
Brook Lopez,PHI,14,12.6,4.0,1.0
Brook Lopez,PHX,9,10.0,3.4,2.0
Brook Lopez,POR,10,17.2,4.8,1.4
Brook Lopez,SAC,11,10.6,4.0,1.8
Brook Lopez,SAS,9,12.6,5.0,2.0
Brook Lopez,TOR,11,11.0,4.8,2.4
Brook Lopez,UTA,9,8.6,4.2,0.8
Brook Lopez,WAS,13,13.4,3.2,1.4
Brooks Barnhizer,ATL,1,0.0,1.0,0.0
Brooks Barnhizer,BKN,2,0.0,2.5,0.0
Brooks Barnhizer,CHA,1,0.0,5.0,1.0
Brooks Barnhizer,CHI,1,0.0,0.0,0.0
Brooks Barnhizer,DAL,2,3.5,1.0,1.0
Brooks Barnhizer,DEN,2,7.0,4.5,1.0
Brooks Barnhizer,DET,1,0.0,2.0,0.0
Brooks Barnhizer,GSW,2,3.0,2.0,1.0
Brooks Barnhizer,HOU,1,0.0,0.0,0.0
Brooks Barnhizer,IND,2,1.0,1.5,0.0
Brooks Barnhizer,LAL,3,1.3333333333333333,2.0,0.3333333333333333
Brooks Barnhizer,MEM,3,0.0,3.0,0.6666666666666666
Brooks Barnhizer,MIL,2,0.0,4.0,1.0
Brooks Barnhizer,MIN,1,2.0,1.0,0.0
Brooks Barnhizer,NOP,3,1.3333333333333333,2.0,0.6666666666666666
Brooks Barnhizer,PHI,1,0.0,0.0,0.0
Brooks Barnhizer,PHX,1,5.0,2.0,1.0
Brooks Barnhizer,POR,2,2.5,1.5,0.5
Brooks Barnhizer,SAC,3,0.6666666666666666,1.3333333333333333,0.0
Brooks Barnhizer,SAS,3,4.666666666666667,1.0,2.0
Brooks Barnhizer,TOR,1,0.0,1.0,0.0
Brooks Barnhizer,UTA,1,3.0,1.0,0.0
Brooks Barnhizer,WAS,1,0.0,3.0,0.0
Bruce Brown,ATL,14,10.8,3.8,1.8
Bruce Brown,BKN,7,7.4,2.6,2.4
Bruce Brown,BOS,12,5.6,3.2,1.6
Bruce Brown,CHA,11,6.0,4.0,3.0
Bruce Brown,CHI,11,8.8,3.8,1.8
Bruce Brown,CLE,10,5.6,4.0,1.6
Bruce Brown,DAL,12,7.8,4.4,1.4
Bruce Brown,DEN,4,10.25,7.0,2.75
Bruce Brown,DET,14,10.8,3.2,1.4
Bruce Brown,GSW,12,11.0,3.8,1.4
Bruce Brown,HOU,13,6.2,5.0,2.4
Bruce Brown,IND,9,10.0,3.6,1.8
Bruce Brown,LAC,14,11.0,4.2,3.0
Bruce Brown,LAL,12,5.8,5.0,1.4
Bruce Brown,MEM,13,7.6,3.0,2.0
Bruce Brown,MIA,12,14.0,3.2,2.0
Bruce Brown,MIL,15,11.6,4.4,3.2
Bruce Brown,MIN,13,7.2,4.0,1.2
Bruce Brown,NOP,11,8.4,4.6,2.6
Bruce Brown,NYK,12,6.6,2.2,1.0
Bruce Brown,OKC,12,8.0,4.0,2.6
Bruce Brown,ORL,13,6.0,2.2,2.8
Bruce Brown,PHI,9,14.4,4.4,3.2
Bruce Brown,PHX,10,13.0,4.8,4.6
Bruce Brown,POR,10,8.2,3.2,1.8
Bruce Brown,SAC,11,8.4,5.0,3.2
Bruce Brown,SAS,13,9.4,3.4,2.6
Bruce Brown,TOR,8,11.0,4.4,1.4
Bruce Brown,UTA,11,9.0,4.4,1.8
Bruce Brown,WAS,14,8.0,4.2,2.4
Bruno Fernando,ATL,4,4.0,3.75,1.75
Bruno Fernando,BKN,5,3.6,2.0,0.4
Bruno Fernando,BOS,7,6.4,2.8,1.6
Bruno Fernando,CHA,4,9.0,6.25,0.5
Bruno Fernando,CHI,5,3.4,2.6,1.0
Bruno Fernando,CLE,9,5.2,5.4,1.0
Bruno Fernando,DAL,6,3.8,2.2,0.4
Bruno Fernando,DEN,4,3.5,2.5,0.75
Bruno Fernando,DET,6,3.8,2.0,2.0
Bruno Fernando,GSW,1,2.0,0.0,0.0
Bruno Fernando,HOU,1,0.0,1.0,0.0
Bruno Fernando,IND,4,5.0,1.5,0.25
Bruno Fernando,LAC,4,6.75,4.5,1.25
Bruno Fernando,LAL,2,4.5,3.0,1.0
Bruno Fernando,MEM,3,3.6666666666666665,4.666666666666667,0.6666666666666666
Bruno Fernando,MIA,6,4.6,1.6,0.2
Bruno Fernando,MIL,4,5.5,5.75,1.25
Bruno Fernando,MIN,5,4.8,2.4,1.0
Bruno Fernando,NOP,5,2.8,3.0,0.6
Bruno Fernando,NYK,4,2.25,3.5,0.0
Bruno Fernando,OKC,4,4.25,3.75,1.0
Bruno Fernando,ORL,6,1.8,1.0,1.2
Bruno Fernando,PHI,6,5.2,4.6,0.0
Bruno Fernando,PHX,3,6.0,4.666666666666667,1.0
Bruno Fernando,POR,5,4.2,4.2,0.6
Bruno Fernando,SAC,6,5.2,5.2,1.0
Bruno Fernando,SAS,1,7.0,4.0,1.0
Bruno Fernando,TOR,3,4.333333333333333,3.3333333333333335,0.3333333333333333
Bruno Fernando,UTA,3,3.3333333333333335,3.0,1.0
Bruno Fernando,WAS,5,2.8,2.0,0.4
Bryce McGowens,ATL,8,7.6,1.0,0.8
Bryce McGowens,BKN,5,8.6,1.6,1.6
Bryce McGowens,BOS,8,4.0,1.8,0.8
Bryce McGowens,CHI,7,4.8,2.2,1.2
Bryce McGowens,CLE,6,10.8,2.8,2.2
Bryce McGowens,DAL,4,3.75,2.25,1.0
Bryce McGowens,DEN,5,2.8,1.2,1.2
Bryce McGowens,DET,3,3.0,1.6666666666666667,0.3333333333333333
Bryce McGowens,GSW,5,4.4,2.4,0.2
Bryce McGowens,HOU,5,7.6,2.0,1.0
Bryce McGowens,IND,4,3.0,0.5,0.5
Bryce McGowens,LAC,4,5.5,1.5,1.0
Bryce McGowens,LAL,5,10.2,2.8,1.8
Bryce McGowens,MEM,4,5.25,0.75,0.75
Bryce McGowens,MIA,7,5.2,1.6,0.8
Bryce McGowens,MIL,7,7.2,1.6,0.6
Bryce McGowens,MIN,5,7.2,1.2,2.4
Bryce McGowens,NOP,2,7.5,1.5,3.0
Bryce McGowens,NYK,7,1.8,1.4,0.2
Bryce McGowens,OKC,5,6.4,1.6,1.4
Bryce McGowens,ORL,7,1.4,0.6,0.8
Bryce McGowens,PHI,8,3.0,0.6,0.2
Bryce McGowens,PHX,8,2.4,0.4,0.4
Bryce McGowens,POR,4,11.75,4.5,0.75
Bryce McGowens,SAC,4,7.5,2.75,2.0
Bryce McGowens,SAS,4,7.75,0.5,1.25
Bryce McGowens,TOR,7,10.4,3.2,1.4
Bryce McGowens,UTA,4,7.5,3.5,1.5
Bryce McGowens,WAS,8,4.8,1.4,0.8
Bryn Forbes,ATL,1,23.0,3.0,1.0
Bryn Forbes,BKN,3,11.333333333333334,2.0,3.0
Bryn Forbes,BOS,5,3.0,1.4,0.2
Bryn Forbes,CHA,2,12.5,1.0,0.5
Bryn Forbes,CHI,1,10.0,2.0,0.0
Bryn Forbes,CLE,2,8.5,1.0,1.5
Bryn Forbes,DAL,5,6.0,1.8,0.8
Bryn Forbes,DEN,4,6.0,0.75,0.75
Bryn Forbes,DET,5,11.4,2.0,1.4
Bryn Forbes,GSW,5,9.4,0.4,0.8
Bryn Forbes,HOU,2,14.0,1.0,0.5
Bryn Forbes,IND,2,6.5,0.0,1.0
Bryn Forbes,LAC,4,3.25,1.0,1.5
Bryn Forbes,LAL,4,6.75,0.5,0.5
Bryn Forbes,MEM,4,9.0,1.0,1.25
Bryn Forbes,MIA,2,0.0,0.5,0.0
Bryn Forbes,MIL,3,11.0,1.0,0.3333333333333333
Bryn Forbes,MIN,2,5.5,1.5,1.0
Bryn Forbes,NOP,4,7.25,1.5,0.75
Bryn Forbes,NYK,4,6.5,1.0,1.0
Bryn Forbes,OKC,6,4.6,0.2,1.2
Bryn Forbes,ORL,4,4.0,0.0,0.75
Bryn Forbes,PHI,2,6.0,2.5,2.0
Bryn Forbes,PHX,2,7.5,1.5,0.5
Bryn Forbes,POR,3,12.333333333333334,0.3333333333333333,0.6666666666666666
Bryn Forbes,SAC,5,11.4,1.0,0.8
Bryn Forbes,SAS,3,4.0,1.3333333333333333,1.3333333333333333
Bryn Forbes,TOR,3,6.333333333333333,2.0,0.6666666666666666
Bryn Forbes,UTA,5,7.0,0.6,0.8
Bryn Forbes,WAS,3,8.333333333333334,1.6666666666666667,0.6666666666666666
Bub Carrington,ATL,8,10.4,4.2,6.8
Bub Carrington,BKN,7,9.2,3.4,3.2
Bub Carrington,BOS,7,7.4,4.8,4.8
Bub Carrington,CHA,8,8.4,3.8,4.2
Bub Carrington,CHI,7,10.8,2.6,5.8
Bub Carrington,CLE,8,14.8,3.8,7.0
Bub Carrington,DAL,4,9.5,2.25,1.75
Bub Carrington,DEN,4,11.25,3.5,4.5
Bub Carrington,DET,7,15.8,4.2,3.6
Bub Carrington,GSW,4,13.25,3.0,4.0
Bub Carrington,HOU,4,10.0,3.0,4.25
Bub Carrington,IND,8,9.8,4.6,4.4
Bub Carrington,LAC,4,9.0,4.75,5.75
Bub Carrington,LAL,4,6.25,2.25,5.25
Bub Carrington,MEM,4,10.75,6.5,5.25
Bub Carrington,MIA,8,16.2,3.4,5.8
Bub Carrington,MIL,7,11.4,3.8,4.0
Bub Carrington,MIN,4,4.5,1.5,2.75
Bub Carrington,NOP,4,11.0,4.5,4.5
Bub Carrington,NYK,7,7.6,2.8,4.6
Bub Carrington,OKC,4,10.25,4.0,3.5
Bub Carrington,ORL,8,13.6,5.2,5.2
Bub Carrington,PHI,7,12.6,3.2,5.6
Bub Carrington,PHX,4,9.0,3.5,4.0
Bub Carrington,POR,4,8.25,3.75,4.25
Bub Carrington,SAC,4,10.5,3.0,6.25
Bub Carrington,SAS,4,14.75,4.75,4.25
Bub Carrington,TOR,7,10.8,4.8,4.6
Bub Carrington,UTA,4,9.25,3.25,4.5
Buddy Boeheim,ATL,1,0.0,0.0,0.0
Buddy Boeheim,BKN,2,1.5,0.0,0.0
Buddy Boeheim,BOS,1,0.0,0.0,0.0
Buddy Boeheim,CHI,2,1.5,0.5,0.5
Buddy Boeheim,CLE,1,3.0,1.0,0.0
Buddy Boeheim,DEN,1,0.0,0.0,0.0
Buddy Boeheim,DET,1,0.0,0.0,0.0
Buddy Boeheim,IND,3,3.0,0.3333333333333333,0.3333333333333333
Buddy Boeheim,MEM,1,0.0,0.0,0.0
Buddy Boeheim,MIA,1,0.0,1.0,0.0
Buddy Boeheim,MIL,1,3.0,0.0,0.0
Buddy Boeheim,MIN,1,0.0,1.0,0.0
Buddy Boeheim,NOP,1,13.0,3.0,3.0
Buddy Boeheim,NYK,2,3.0,1.5,0.0
Buddy Boeheim,ORL,1,2.0,1.0,0.0
Buddy Boeheim,PHI,1,0.0,0.0,0.0
Buddy Boeheim,PHX,1,3.0,0.0,0.0
Buddy Boeheim,SAS,1,3.0,2.0,0.0
Buddy Boeheim,WAS,1,8.0,2.0,2.0
Buddy Hield,ATL,14,10.8,2.4,2.0
Buddy Hield,BKN,12,6.8,2.8,1.4
Buddy Hield,BOS,14,11.0,4.0,2.8
Buddy Hield,CHA,13,15.8,3.0,2.4
Buddy Hield,CHI,9,11.2,5.0,2.4
Buddy Hield,CLE,16,8.2,4.2,1.4
Buddy Hield,DAL,11,4.2,1.2,0.8
Buddy Hield,DEN,11,6.4,1.4,0.6
Buddy Hield,DET,14,14.2,4.4,1.8
Buddy Hield,GSW,6,11.6,4.8,1.8
Buddy Hield,HOU,14,7.8,2.0,0.6
Buddy Hield,IND,5,11.6,3.4,2.8
Buddy Hield,LAC,13,6.2,4.2,0.6
Buddy Hield,LAL,12,9.2,2.6,1.0
Buddy Hield,MEM,17,7.8,2.6,1.2
Buddy Hield,MIA,15,17.2,4.8,2.6
Buddy Hield,MIL,15,11.8,3.2,1.4
Buddy Hield,MIN,13,6.6,1.4,1.0
Buddy Hield,NOP,11,12.6,3.4,1.6
Buddy Hield,NYK,12,11.4,4.2,2.6
Buddy Hield,OKC,13,10.0,2.2,2.6
Buddy Hield,ORL,14,3.6,1.6,0.4
Buddy Hield,PHI,15,8.6,3.4,2.2
Buddy Hield,PHX,13,7.0,1.8,1.2
Buddy Hield,POR,15,6.2,1.4,0.8
Buddy Hield,SAC,12,14.0,2.8,2.2
Buddy Hield,SAS,12,9.2,3.0,2.0
Buddy Hield,TOR,12,11.4,2.8,2.6
Buddy Hield,UTA,12,16.0,3.6,4.0
Buddy Hield,WAS,13,12.0,3.6,3.4
CJ Elleby,ATL,1,6.0,13.0,5.0
CJ Elleby,BKN,2,9.5,5.0,2.0
CJ Elleby,BOS,2,4.5,1.5,0.0
CJ Elleby,CHA,1,0.0,0.0,0.0
CJ Elleby,CLE,1,4.0,2.0,0.0
CJ Elleby,DAL,3,6.0,5.333333333333333,4.0
CJ Elleby,DEN,4,4.5,3.25,2.25
CJ Elleby,DET,2,8.0,4.5,1.0
CJ Elleby,GSW,2,4.0,3.0,1.0
CJ Elleby,HOU,2,11.0,6.0,2.5
CJ Elleby,IND,1,2.0,5.0,0.0
CJ Elleby,LAC,3,2.6666666666666665,1.3333333333333333,0.3333333333333333
CJ Elleby,LAL,4,4.75,4.25,1.25
CJ Elleby,MEM,2,0.5,3.0,0.0
CJ Elleby,MIA,2,3.5,2.0,0.5
CJ Elleby,MIL,2,6.0,3.5,2.5
CJ Elleby,MIN,2,7.0,6.0,1.5
CJ Elleby,NOP,2,13.0,4.5,1.5
CJ Elleby,NYK,2,6.5,4.5,0.5
CJ Elleby,OKC,3,7.333333333333333,8.0,3.0
CJ Elleby,ORL,1,11.0,9.0,4.0
CJ Elleby,PHX,2,6.0,3.5,1.0
CJ Elleby,SAC,1,5.0,5.0,0.0
CJ Elleby,SAS,4,3.75,2.25,2.0
CJ Elleby,TOR,1,9.0,3.0,1.0
CJ Elleby,UTA,4,7.0,2.0,0.75
CJ Elleby,WAS,2,7.5,2.5,1.0
CJ Huntley,LAL,1,0.0,1.0,0.0
CJ Huntley,MEM,1,0.0,0.0,1.0
CJ Huntley,OKC,1,10.0,4.0,1.0
CJ Huntley,TOR,1,2.0,0.0,0.0
CJ McCollum,ATL,8,27.2,3.2,3.6
CJ McCollum,BKN,9,17.8,4.4,3.8
CJ McCollum,BOS,14,16.2,3.6,3.6
CJ McCollum,CHA,11,15.2,4.2,4.6
CJ McCollum,CHI,8,15.8,3.2,5.2
CJ McCollum,CLE,9,20.2,3.4,3.6
CJ McCollum,DAL,13,16.8,4.6,4.6
CJ McCollum,DEN,11,21.6,3.6,5.4
CJ McCollum,DET,9,27.0,3.6,5.6
CJ McCollum,GSW,12,16.4,3.4,5.4
CJ McCollum,HOU,16,16.0,3.2,2.2
CJ McCollum,IND,11,17.0,4.4,3.0
CJ McCollum,LAC,12,20.8,4.8,4.4
CJ McCollum,LAL,15,20.2,3.4,5.4
CJ McCollum,MEM,18,19.2,2.8,6.0
CJ McCollum,MIA,9,20.0,3.4,3.2
CJ McCollum,MIL,10,22.2,3.2,4.4
CJ McCollum,MIN,12,21.0,3.4,2.8
CJ McCollum,NYK,7,12.0,3.0,4.4
CJ McCollum,OKC,9,18.8,6.0,4.4
CJ McCollum,ORL,11,13.4,3.2,3.2
CJ McCollum,PHI,11,20.4,2.2,5.2
CJ McCollum,PHX,15,22.6,3.6,3.4
CJ McCollum,POR,14,21.8,2.6,3.4
CJ McCollum,SAC,15,29.2,4.6,3.2
CJ McCollum,SAS,17,15.4,4.2,5.6
CJ McCollum,TOR,10,18.6,4.0,3.4
CJ McCollum,UTA,11,27.4,4.2,4.2
CJ McCollum,WAS,8,26.8,3.4,3.2
CJ Miles,CLE,1,0.0,0.0,0.0
Cade Cunningham,ATL,13,25.2,5.6,10.0
Cade Cunningham,BKN,12,20.2,4.0,10.2
Cade Cunningham,BOS,14,27.2,4.4,9.6
Cade Cunningham,CHA,12,21.2,7.2,8.2
Cade Cunningham,CHI,11,22.4,6.0,10.4
Cade Cunningham,CLE,16,22.4,6.8,8.2
Cade Cunningham,DAL,6,31.6,7.6,9.4
Cade Cunningham,DEN,8,16.4,2.6,7.4
Cade Cunningham,GSW,8,28.6,4.6,6.4
Cade Cunningham,HOU,7,19.4,5.2,8.6
Cade Cunningham,IND,15,19.8,6.2,8.6
Cade Cunningham,LAC,7,26.8,6.0,9.4
Cade Cunningham,LAL,7,18.2,6.4,8.8
Cade Cunningham,MEM,6,25.4,6.0,9.0
Cade Cunningham,MIA,13,26.2,7.2,11.6
Cade Cunningham,MIL,15,23.6,6.4,10.2
Cade Cunningham,MIN,2,36.0,3.5,5.5
Cade Cunningham,NOP,4,17.0,3.0,6.0
Cade Cunningham,NYK,12,30.8,4.0,9.0
Cade Cunningham,OKC,6,16.0,4.8,6.8
Cade Cunningham,ORL,13,30.4,7.6,10.4
Cade Cunningham,PHI,8,16.2,4.6,8.0
Cade Cunningham,PHX,8,19.4,3.6,10.0
Cade Cunningham,POR,8,25.2,4.4,7.4
Cade Cunningham,SAC,6,26.6,4.0,8.0
Cade Cunningham,SAS,3,22.333333333333332,3.6666666666666665,10.0
Cade Cunningham,TOR,10,23.4,5.8,10.2
Cade Cunningham,UTA,8,30.6,3.6,11.2
Cade Cunningham,WAS,14,29.4,6.6,7.8
Caleb Houstan,ATL,6,12.0,2.4,1.8
Caleb Houstan,BKN,10,4.6,1.4,0.6
Caleb Houstan,BOS,6,4.2,1.8,0.6
Caleb Houstan,CHA,10,4.2,0.6,0.0
Caleb Houstan,CHI,4,3.25,1.5,0.0
Caleb Houstan,CLE,8,2.0,1.0,0.2
Caleb Houstan,DAL,5,2.6,1.0,0.2
Caleb Houstan,DEN,4,5.5,0.75,0.5
Caleb Houstan,DET,8,1.8,1.4,0.4
Caleb Houstan,GSW,3,2.6666666666666665,0.6666666666666666,0.0
Caleb Houstan,HOU,6,2.0,0.4,0.0
Caleb Houstan,IND,7,3.2,2.0,1.0
Caleb Houstan,LAC,7,3.8,1.0,0.2
Caleb Houstan,LAL,5,3.8,1.6,0.6
Caleb Houstan,MEM,5,4.8,0.6,0.2
Caleb Houstan,MIA,8,1.8,0.6,1.0
Caleb Houstan,MIL,12,3.2,1.0,0.8
Caleb Houstan,MIN,4,10.75,3.25,1.0
Caleb Houstan,NOP,4,2.25,1.0,0.25
Caleb Houstan,NYK,10,1.6,0.2,0.4
Caleb Houstan,OKC,6,5.0,2.0,0.8
Caleb Houstan,ORL,2,4.5,1.5,0.0
Caleb Houstan,PHI,7,2.4,2.0,0.4
Caleb Houstan,PHX,4,3.5,1.0,0.0
Caleb Houstan,POR,5,1.0,1.0,0.0
Caleb Houstan,SAC,6,9.6,2.0,0.8
Caleb Houstan,SAS,4,4.5,0.25,0.75
Caleb Houstan,TOR,8,2.4,2.2,0.6
Caleb Houstan,UTA,2,6.0,2.0,0.5
Caleb Houstan,WAS,10,1.8,1.6,0.4
Caleb Love,ATL,1,12.0,3.0,4.0
Caleb Love,BOS,2,14.5,2.5,4.0
Caleb Love,CHI,1,5.0,3.0,2.0
Caleb Love,CLE,2,20.5,3.5,2.0
Caleb Love,DAL,2,13.0,2.5,2.0
Caleb Love,DET,2,2.5,2.5,2.0
Caleb Love,GSW,3,17.0,3.3333333333333335,5.333333333333333
Caleb Love,HOU,3,11.0,3.6666666666666665,1.6666666666666667
Caleb Love,LAC,2,8.0,0.0,1.0
Caleb Love,LAL,3,9.0,2.6666666666666665,3.0
Caleb Love,MEM,2,10.5,1.0,5.5
Caleb Love,MIA,1,20.0,4.0,4.0
Caleb Love,MIL,2,6.5,2.5,2.5
Caleb Love,NOP,2,15.5,1.5,3.0
Caleb Love,NYK,2,16.5,3.5,4.0
Caleb Love,OKC,3,10.0,2.3333333333333335,2.3333333333333335
Caleb Love,ORL,1,17.0,3.0,1.0
Caleb Love,PHX,2,8.5,3.5,1.5
Caleb Love,SAC,4,3.25,0.75,0.5
Caleb Love,SAS,3,5.666666666666667,2.0,1.0
Caleb Love,TOR,2,8.0,2.0,2.0
Caleb Love,UTA,3,10.0,1.3333333333333333,3.3333333333333335
Caleb Love,WAS,1,6.0,2.0,1.0
Caleb Martin,ATL,12,10.0,4.6,1.8
Caleb Martin,BKN,13,7.6,3.4,2.2
Caleb Martin,BOS,11,12.6,4.4,1.6
Caleb Martin,CHA,13,5.4,4.8,1.8
Caleb Martin,CHI,11,8.8,4.8,2.0
Caleb Martin,CLE,13,9.2,2.8,1.6
Caleb Martin,DAL,5,8.4,3.4,2.2
Caleb Martin,DEN,8,9.2,4.2,1.8
Caleb Martin,DET,10,10.4,5.6,1.8
Caleb Martin,GSW,8,3.8,2.4,2.0
Caleb Martin,HOU,10,2.8,1.2,1.4
Caleb Martin,IND,11,13.6,4.4,1.6
Caleb Martin,LAC,11,2.4,4.0,2.0
Caleb Martin,LAL,8,9.4,2.8,1.8
Caleb Martin,MEM,12,2.4,2.6,0.8
Caleb Martin,MIA,3,4.0,2.3333333333333335,0.3333333333333333
Caleb Martin,MIL,10,9.4,3.6,1.8
Caleb Martin,MIN,7,4.8,4.8,2.2
Caleb Martin,NOP,9,1.8,1.8,1.6
Caleb Martin,NYK,12,7.0,2.2,2.0
Caleb Martin,OKC,7,6.2,2.2,1.2
Caleb Martin,ORL,13,4.4,3.6,1.2
Caleb Martin,PHI,11,5.8,2.0,1.8
Caleb Martin,PHX,9,3.6,4.0,2.6
Caleb Martin,POR,9,4.0,1.6,1.8
Caleb Martin,SAC,9,7.8,3.0,1.8
Caleb Martin,SAS,9,5.8,3.2,1.6
Caleb Martin,TOR,15,7.0,4.0,1.8
Caleb Martin,UTA,8,8.4,5.4,3.0
Caleb Martin,WAS,11,9.4,4.8,2.4
Cam Christie,ATL,3,3.0,3.0,1.3333333333333333
Cam Christie,BKN,2,1.5,0.5,1.0
Cam Christie,BOS,2,1.0,1.0,0.5
Cam Christie,CHA,3,2.6666666666666665,3.0,0.6666666666666666
Cam Christie,CHI,2,3.5,3.0,0.5
Cam Christie,CLE,2,2.5,0.5,0.5
Cam Christie,DAL,3,1.6666666666666667,1.6666666666666667,0.3333333333333333
Cam Christie,DEN,2,2.5,0.5,0.5
Cam Christie,GSW,2,2.0,0.0,0.0
Cam Christie,HOU,3,0.0,0.6666666666666666,0.0
Cam Christie,IND,1,1.0,1.0,2.0
Cam Christie,LAL,2,1.0,0.5,0.0
Cam Christie,MEM,4,2.75,1.0,0.5
Cam Christie,MIA,1,0.0,3.0,0.0
Cam Christie,MIL,1,8.0,1.0,1.0
Cam Christie,MIN,4,2.25,1.5,0.5
Cam Christie,NOP,4,1.5,0.5,0.75
Cam Christie,NYK,1,0.0,0.0,0.0
Cam Christie,OKC,2,3.5,1.0,0.0
Cam Christie,ORL,1,6.0,1.0,0.0
Cam Christie,PHI,2,2.0,0.0,0.0
Cam Christie,PHX,4,7.75,2.5,1.0
Cam Christie,POR,3,0.0,0.0,0.0
Cam Christie,SAC,3,2.3333333333333335,1.0,0.6666666666666666
Cam Christie,SAS,3,1.0,1.0,0.0
Cam Christie,TOR,2,9.0,4.5,1.0
Cam Christie,UTA,3,1.6666666666666667,1.0,0.6666666666666666
Cam Christie,WAS,3,2.6666666666666665,1.6666666666666667,1.3333333333333333
Cam Reddish,ATL,4,8.5,1.0,1.0
Cam Reddish,BKN,5,2.2,0.2,1.2
Cam Reddish,BOS,6,5.8,2.4,0.8
Cam Reddish,CHA,2,11.0,4.5,0.0
Cam Reddish,CHI,4,16.0,3.25,1.5
Cam Reddish,CLE,5,5.6,2.2,0.2
Cam Reddish,DAL,3,8.0,2.0,1.3333333333333333
Cam Reddish,DEN,8,5.2,1.8,0.0
Cam Reddish,DET,8,5.2,3.8,2.2
Cam Reddish,GSW,6,7.4,1.0,1.6
Cam Reddish,HOU,6,6.4,2.2,1.6
Cam Reddish,IND,2,3.5,2.0,0.0
Cam Reddish,LAC,8,5.8,2.6,1.2
Cam Reddish,LAL,2,2.5,2.5,1.5
Cam Reddish,MEM,9,7.0,2.4,0.6
Cam Reddish,MIA,5,4.2,1.2,1.2
Cam Reddish,MIL,6,2.6,1.2,0.4
Cam Reddish,MIN,6,4.8,2.0,1.4
Cam Reddish,NOP,5,9.8,2.8,1.8
Cam Reddish,NYK,4,4.75,2.25,1.0
Cam Reddish,OKC,8,3.8,1.6,1.8
Cam Reddish,ORL,8,6.6,4.0,1.4
Cam Reddish,PHI,9,6.6,2.0,1.2
Cam Reddish,PHX,7,5.0,1.6,0.4
Cam Reddish,POR,6,8.8,3.2,1.8
Cam Reddish,SAC,9,4.6,1.6,0.4
Cam Reddish,SAS,5,5.0,1.8,1.0
Cam Reddish,TOR,2,12.0,1.5,0.5
Cam Reddish,UTA,8,6.8,1.2,0.2
Cam Reddish,WAS,4,13.25,2.0,0.75
Cam Spencer,ATL,2,5.5,1.0,2.0
Cam Spencer,BKN,2,9.0,3.0,10.5
Cam Spencer,BOS,3,5.333333333333333,1.6666666666666667,2.6666666666666665
Cam Spencer,CHA,3,2.0,0.6666666666666666,4.0
Cam Spencer,CHI,2,7.0,1.0,3.5
Cam Spencer,CLE,3,5.0,0.6666666666666666,4.666666666666667
Cam Spencer,DAL,5,16.0,2.0,3.6
Cam Spencer,DEN,3,9.333333333333334,1.6666666666666667,4.333333333333333
Cam Spencer,DET,3,11.666666666666666,1.3333333333333333,2.6666666666666665
Cam Spencer,GSW,5,6.0,1.8,2.0
Cam Spencer,HOU,3,11.666666666666666,3.3333333333333335,8.333333333333334
Cam Spencer,IND,2,9.0,4.5,3.5
Cam Spencer,LAC,5,13.2,2.6,4.2
Cam Spencer,LAL,3,7.333333333333333,1.3333333333333333,5.666666666666667
Cam Spencer,MIA,3,2.6666666666666665,2.0,3.6666666666666665
Cam Spencer,MIL,1,19.0,5.0,5.0
Cam Spencer,MIN,4,7.75,2.25,3.5
Cam Spencer,NOP,4,13.75,2.0,5.75
Cam Spencer,NYK,2,10.5,1.5,6.0
Cam Spencer,OKC,6,6.4,2.0,4.0
Cam Spencer,ORL,2,8.5,3.5,7.0
Cam Spencer,PHI,3,6.333333333333333,1.0,3.3333333333333335
Cam Spencer,PHX,5,10.8,3.0,4.0
Cam Spencer,POR,4,10.5,2.5,4.5
Cam Spencer,SAC,5,11.4,2.2,3.8
Cam Spencer,SAS,5,11.6,2.6,4.8
Cam Spencer,TOR,2,2.0,2.0,2.0
Cam Spencer,UTA,4,11.25,2.5,7.0
Cam Spencer,WAS,3,13.666666666666666,3.6666666666666665,7.666666666666667
Cam Thomas,ATL,9,14.4,2.0,2.0
Cam Thomas,BOS,14,12.4,2.2,2.2
Cam Thomas,CHA,11,24.2,1.6,2.0
Cam Thomas,CHI,13,16.4,2.2,6.2
Cam Thomas,CLE,11,23.6,2.6,5.0
Cam Thomas,DAL,5,14.2,4.2,2.4
Cam Thomas,DEN,7,17.2,2.2,1.6
Cam Thomas,DET,8,19.6,2.8,2.8
Cam Thomas,GSW,8,23.6,3.2,3.0
Cam Thomas,HOU,6,16.8,1.8,2.2
Cam Thomas,IND,6,20.8,3.2,1.2
Cam Thomas,LAC,5,19.6,2.2,2.6
Cam Thomas,LAL,6,21.4,2.4,3.0
Cam Thomas,MEM,7,11.0,2.0,3.2
Cam Thomas,MIA,9,12.8,2.0,2.0
Cam Thomas,MIL,12,26.0,4.4,2.2
Cam Thomas,MIN,8,19.6,3.4,2.4
Cam Thomas,NOP,7,17.0,3.2,2.0
Cam Thomas,NYK,16,22.4,2.2,3.0
Cam Thomas,OKC,6,14.4,1.4,0.6
Cam Thomas,ORL,13,18.0,3.4,3.6
Cam Thomas,PHI,10,30.2,2.4,3.2
Cam Thomas,PHX,9,15.0,1.6,3.2
Cam Thomas,POR,7,7.0,1.2,1.0
Cam Thomas,SAC,7,17.4,2.0,2.4
Cam Thomas,SAS,8,27.2,2.0,3.2
Cam Thomas,TOR,9,11.8,2.0,1.2
Cam Thomas,UTA,9,19.0,3.0,2.2
Cam Thomas,WAS,11,23.8,2.0,4.2
Cam Whitmore,ATL,2,1.0,3.0,0.5
Cam Whitmore,BKN,5,10.4,3.6,0.8
Cam Whitmore,BOS,5,8.8,3.4,0.6
Cam Whitmore,CHA,4,13.75,5.75,1.0
Cam Whitmore,CHI,2,18.0,6.0,1.5
Cam Whitmore,CLE,3,6.0,1.0,0.6666666666666666
Cam Whitmore,DAL,9,12.4,2.6,0.8
Cam Whitmore,DEN,3,11.333333333333334,4.333333333333333,0.6666666666666666
Cam Whitmore,DET,4,10.5,3.25,0.75
Cam Whitmore,GSW,4,6.75,1.75,0.5
Cam Whitmore,HOU,1,11.0,3.0,1.0
Cam Whitmore,IND,4,6.0,1.25,0.5
Cam Whitmore,LAC,3,17.333333333333332,4.333333333333333,2.6666666666666665
Cam Whitmore,LAL,4,16.75,5.25,0.5
Cam Whitmore,MEM,4,10.25,2.0,0.75
Cam Whitmore,MIA,3,10.0,4.333333333333333,0.3333333333333333
Cam Whitmore,MIL,3,14.333333333333334,4.333333333333333,0.6666666666666666
Cam Whitmore,MIN,6,12.2,3.0,0.8
Cam Whitmore,NOP,5,13.8,1.8,0.6
Cam Whitmore,NYK,3,6.666666666666667,2.6666666666666665,0.3333333333333333
Cam Whitmore,OKC,5,11.0,4.0,1.0
Cam Whitmore,ORL,4,2.5,1.0,0.0
Cam Whitmore,PHI,3,9.0,3.6666666666666665,0.3333333333333333
Cam Whitmore,PHX,7,7.0,3.4,1.2
Cam Whitmore,POR,4,12.0,6.75,1.75
Cam Whitmore,SAC,4,6.5,2.25,1.0
Cam Whitmore,SAS,5,7.4,2.6,0.4
Cam Whitmore,TOR,5,15.0,4.2,0.8
Cam Whitmore,UTA,4,11.75,3.25,2.5
Cam Whitmore,WAS,1,17.0,1.0,0.0
Cameron Johnson,ATL,12,22.0,3.6,2.8
Cameron Johnson,BKN,4,14.25,3.75,1.0
Cameron Johnson,BOS,10,14.4,5.8,4.0
Cameron Johnson,CHA,8,16.4,6.0,2.8
Cameron Johnson,CHI,7,14.6,4.8,3.2
Cameron Johnson,CLE,11,18.0,3.6,2.8
Cameron Johnson,DAL,9,13.8,2.8,3.2
Cameron Johnson,DEN,7,15.0,4.2,2.2
Cameron Johnson,DET,7,19.2,2.8,1.6
Cameron Johnson,GSW,12,9.2,2.8,3.0
Cameron Johnson,HOU,11,12.0,4.0,3.0
Cameron Johnson,IND,7,14.4,5.0,3.2
Cameron Johnson,LAC,9,10.2,3.2,3.4
Cameron Johnson,LAL,7,12.6,4.6,2.8
Cameron Johnson,MEM,13,14.6,5.2,2.0
Cameron Johnson,MIA,9,14.2,4.6,2.2
Cameron Johnson,MIL,7,22.2,5.4,2.4
Cameron Johnson,MIN,9,6.8,4.2,2.2
Cameron Johnson,NOP,9,12.6,2.6,1.8
Cameron Johnson,NYK,11,15.6,3.6,3.4
Cameron Johnson,OKC,11,11.2,3.8,2.6
Cameron Johnson,ORL,12,16.0,4.6,2.8
Cameron Johnson,PHI,9,20.0,2.8,2.0
Cameron Johnson,PHX,6,14.6,4.2,2.8
Cameron Johnson,POR,14,14.8,4.4,3.8
Cameron Johnson,SAC,10,13.4,3.8,2.6
Cameron Johnson,SAS,10,17.8,5.2,1.8
Cameron Johnson,TOR,7,16.4,4.2,2.8
Cameron Johnson,UTA,11,17.2,4.8,3.6
Cameron Johnson,WAS,8,15.0,5.6,2.6
Cameron McGriff,DAL,1,3.0,2.0,1.0
Cameron McGriff,LAL,1,7.0,5.0,1.0
Cameron McGriff,UTA,1,4.0,8.0,1.0
Cameron Oliver,CHI,1,13.0,4.0,1.0
Cameron Oliver,CLE,1,10.0,2.0,2.0
Cameron Payne,ATL,10,5.8,1.6,4.4
Cameron Payne,BKN,10,9.6,1.8,3.4
Cameron Payne,BOS,11,7.8,1.0,1.6
Cameron Payne,CHA,9,5.2,1.2,3.0
Cameron Payne,CHI,10,8.4,1.2,3.6
Cameron Payne,CLE,13,5.0,1.8,2.2
Cameron Payne,DAL,10,5.0,1.8,3.2
Cameron Payne,DEN,9,5.6,1.6,2.4
Cameron Payne,DET,11,7.6,1.6,2.0
Cameron Payne,GSW,9,10.2,2.0,4.0
Cameron Payne,HOU,8,7.0,0.4,3.4
Cameron Payne,IND,10,6.0,1.0,3.0
Cameron Payne,LAC,8,10.6,2.2,1.6
Cameron Payne,LAL,10,6.0,1.2,2.4
Cameron Payne,MEM,8,13.0,2.8,4.4
Cameron Payne,MIA,12,4.8,1.4,3.0
Cameron Payne,MIL,6,9.8,1.8,1.2
Cameron Payne,MIN,8,12.8,2.4,4.0
Cameron Payne,NOP,10,7.8,1.4,3.2
Cameron Payne,NYK,11,6.4,0.6,1.6
Cameron Payne,OKC,11,7.2,2.8,2.8
Cameron Payne,ORL,10,3.6,0.6,1.8
Cameron Payne,PHI,7,5.8,1.4,2.8
Cameron Payne,PHX,4,9.25,1.75,3.75
Cameron Payne,POR,8,5.0,1.4,1.6
Cameron Payne,SAC,9,7.0,1.2,2.6
Cameron Payne,SAS,10,6.2,0.8,2.8
Cameron Payne,TOR,9,11.4,0.8,2.4
Cameron Payne,UTA,8,7.6,3.2,4.8
Cameron Payne,WAS,9,7.8,2.0,3.2
Caris LeVert,ATL,12,9.8,2.6,4.0
Caris LeVert,BKN,13,10.4,2.2,4.0
Caris LeVert,BOS,13,7.6,3.2,2.0
Caris LeVert,CHA,15,6.0,3.0,2.4
Caris LeVert,CHI,18,11.8,1.4,4.0
Caris LeVert,CLE,2,1.5,2.0,1.0
Caris LeVert,DAL,12,10.4,2.4,3.4
Caris LeVert,DEN,7,11.8,3.6,5.2
Caris LeVert,DET,11,7.4,1.6,1.6
Caris LeVert,GSW,9,11.6,3.4,3.8
Caris LeVert,HOU,6,12.0,2.6,3.6
Caris LeVert,IND,16,13.8,2.0,3.2
Caris LeVert,LAC,10,11.0,2.6,2.2
Caris LeVert,LAL,10,10.8,2.4,4.4
Caris LeVert,MEM,6,13.4,1.6,2.8
Caris LeVert,MIA,13,12.8,3.2,2.4
Caris LeVert,MIL,17,7.2,2.0,2.2
Caris LeVert,MIN,8,9.6,3.6,4.2
Caris LeVert,NOP,7,9.6,3.4,6.0
Caris LeVert,NYK,14,11.0,4.2,4.4
Caris LeVert,OKC,10,11.8,2.4,2.2
Caris LeVert,ORL,14,9.0,2.8,1.0
Caris LeVert,PHI,16,14.6,2.2,4.6
Caris LeVert,PHX,6,12.8,3.8,4.8
Caris LeVert,POR,7,7.2,3.6,2.4
Caris LeVert,SAC,6,17.2,5.6,4.8
Caris LeVert,SAS,8,8.4,2.4,3.6
Caris LeVert,TOR,15,13.4,2.0,2.6
Caris LeVert,UTA,8,15.8,3.4,3.4
Caris LeVert,WAS,15,10.8,3.6,3.6
Carlik Jones,CHA,1,0.0,0.0,0.0
Carlik Jones,DAL,2,4.0,0.5,0.5
Carlik Jones,DET,2,6.5,0.5,1.5
Carlik Jones,HOU,1,0.0,0.0,0.0
Carlik Jones,LAL,1,0.0,0.0,0.0
Carlik Jones,MIL,3,0.3333333333333333,1.6666666666666667,1.6666666666666667
Carlik Jones,POR,1,2.0,0.0,1.0
Carlik Jones,SAC,1,0.0,1.0,1.0
Carmelo Anthony,ATL,2,14.0,5.5,1.5
Carmelo Anthony,BKN,2,15.0,7.0,2.5
Carmelo Anthony,BOS,2,11.0,6.0,0.0
Carmelo Anthony,CHA,2,24.0,4.0,3.0
Carmelo Anthony,CHI,2,15.0,4.5,1.0
Carmelo Anthony,CLE,2,14.5,5.0,1.0
Carmelo Anthony,DAL,3,11.0,3.6666666666666665,0.6666666666666666
Carmelo Anthony,DEN,1,17.0,2.0,2.0
Carmelo Anthony,DET,2,9.0,3.0,1.0
Carmelo Anthony,GSW,2,11.5,6.0,1.0
Carmelo Anthony,HOU,4,18.75,5.0,0.75
Carmelo Anthony,IND,2,14.0,4.0,1.5
Carmelo Anthony,LAC,4,12.75,3.5,0.5
Carmelo Anthony,MEM,4,11.75,4.25,0.75
Carmelo Anthony,MIA,2,11.5,4.5,0.5
Carmelo Anthony,MIL,1,10.0,6.0,1.0
Carmelo Anthony,MIN,4,10.25,2.75,2.0
Carmelo Anthony,NOP,2,8.0,3.5,1.0
Carmelo Anthony,NYK,1,12.0,3.0,0.0
Carmelo Anthony,OKC,3,13.666666666666666,4.333333333333333,2.0
Carmelo Anthony,ORL,2,18.0,3.0,0.5
Carmelo Anthony,PHI,2,14.5,5.0,0.5
Carmelo Anthony,PHX,4,12.75,4.0,1.25
Carmelo Anthony,POR,3,17.333333333333332,4.0,1.0
Carmelo Anthony,SAC,3,12.666666666666666,2.6666666666666665,0.3333333333333333
Carmelo Anthony,SAS,4,11.25,4.75,0.25
Carmelo Anthony,TOR,1,14.0,3.0,1.0
Carmelo Anthony,UTA,1,12.0,4.0,0.0
Carmelo Anthony,WAS,2,10.0,3.5,0.0
Carsen Edwards,DAL,1,0.0,0.0,0.0
Carsen Edwards,IND,1,13.0,3.0,9.0
Carsen Edwards,MIL,1,5.0,2.0,1.0
Carsen Edwards,PHI,1,5.0,1.0,4.0
Carter Bryant,ATL,2,0.5,1.5,0.5
Carter Bryant,BKN,2,1.0,1.5,1.0
Carter Bryant,BOS,1,8.0,0.0,0.0
Carter Bryant,CHA,1,8.0,4.0,1.0
Carter Bryant,CHI,2,1.0,0.5,0.0
Carter Bryant,CLE,2,1.0,2.5,0.0
Carter Bryant,DAL,4,6.25,3.25,1.0
Carter Bryant,DEN,4,6.5,3.0,1.5
Carter Bryant,DET,2,2.5,4.0,0.5
Carter Bryant,GSW,2,4.0,4.0,1.0
Carter Bryant,HOU,3,3.6666666666666665,1.0,0.0
Carter Bryant,IND,2,3.5,5.5,1.0
Carter Bryant,LAC,3,5.666666666666667,3.0,0.6666666666666666
Carter Bryant,LAL,2,9.0,3.0,1.5
Carter Bryant,MEM,4,4.0,0.75,0.0
Carter Bryant,MIA,1,6.0,8.0,3.0
Carter Bryant,MIL,2,3.0,3.0,1.0
Carter Bryant,MIN,2,0.0,2.0,1.0
Carter Bryant,NOP,4,2.5,1.25,0.0
Carter Bryant,NYK,2,0.0,0.5,0.0
Carter Bryant,OKC,4,3.25,1.75,0.75
Carter Bryant,ORL,2,4.5,3.5,0.0
Carter Bryant,PHI,2,8.0,5.5,2.0
Carter Bryant,PHX,4,5.25,3.0,0.5
Carter Bryant,POR,3,6.333333333333333,2.6666666666666665,1.3333333333333333
Carter Bryant,SAC,3,3.3333333333333335,2.0,0.6666666666666666
Carter Bryant,TOR,2,3.0,0.5,0.0
Carter Bryant,UTA,3,7.0,3.0,0.3333333333333333
Carter Bryant,WAS,1,5.0,4.0,0.0
Cason Wallace,ATL,6,9.6,3.6,2.6
Cason Wallace,BKN,6,8.8,3.6,2.8
Cason Wallace,BOS,6,10.0,3.0,2.6
Cason Wallace,CHA,5,9.0,2.6,2.8
Cason Wallace,CHI,6,12.4,3.6,3.4
Cason Wallace,CLE,6,11.8,3.4,3.8
Cason Wallace,DAL,11,7.2,5.6,4.0
Cason Wallace,DEN,11,11.6,3.0,2.6
Cason Wallace,DET,6,13.8,3.2,2.2
Cason Wallace,GSW,11,4.0,2.6,1.6
Cason Wallace,HOU,12,12.2,4.2,3.4
Cason Wallace,IND,5,7.8,2.6,1.2
Cason Wallace,LAC,10,7.4,2.4,1.8
Cason Wallace,LAL,11,8.4,2.6,2.6
Cason Wallace,MEM,8,6.6,3.0,1.6
Cason Wallace,MIA,5,5.0,2.8,2.2
Cason Wallace,MIL,5,6.4,2.2,1.6
Cason Wallace,MIN,11,8.0,3.6,2.0
Cason Wallace,NOP,7,7.4,2.8,1.6
Cason Wallace,NYK,6,5.2,2.6,1.6
Cason Wallace,ORL,6,6.2,2.0,1.6
Cason Wallace,PHI,5,7.6,2.8,2.6
Cason Wallace,PHX,8,7.0,3.2,2.2
Cason Wallace,POR,11,5.0,3.4,3.4
Cason Wallace,SAC,9,8.2,1.2,1.2
Cason Wallace,SAS,12,7.0,2.6,1.6
Cason Wallace,TOR,5,11.8,3.0,2.6
Cason Wallace,UTA,11,9.2,3.4,2.0
Cason Wallace,WAS,6,10.4,3.6,3.2
Cassius Stanley,CHI,1,4.0,2.0,0.0
Cassius Stanley,DEN,1,2.0,2.0,0.0
Cassius Stanley,NYK,1,4.0,4.0,0.0
Cassius Stanley,ORL,1,2.0,0.0,0.0
Cassius Stanley,PHX,1,8.0,3.0,1.0
Cassius Stanley,SAS,2,14.0,3.0,1.0
Cassius Stanley,TOR,1,0.0,2.0,0.0
Cassius Stanley,UTA,1,4.0,0.0,1.0
Cassius Winston,BKN,1,5.0,0.0,2.0
Cassius Winston,CHA,1,0.0,0.0,1.0
Cassius Winston,IND,1,3.0,0.0,0.0
Cassius Winston,NYK,1,4.0,1.0,1.0
Cassius Winston,SAS,1,0.0,0.0,1.0
Cassius Winston,TOR,1,2.0,0.0,0.0
Cassius Winston,UTA,1,0.0,0.0,2.0
Cat Barber,CHI,2,0.0,1.5,1.0
Cat Barber,NYK,1,0.0,0.0,1.0
Cedi Osman,ATL,8,8.4,2.4,0.6
Cedi Osman,BKN,8,9.8,2.8,1.0
Cedi Osman,BOS,9,2.6,2.0,0.6
Cedi Osman,CHA,10,9.4,3.0,1.4
Cedi Osman,CHI,11,8.2,1.8,2.2
Cedi Osman,CLE,2,8.0,3.5,0.5
Cedi Osman,DAL,5,5.4,0.6,1.6
Cedi Osman,DEN,5,7.4,2.2,2.0
Cedi Osman,DET,9,9.4,4.2,3.0
Cedi Osman,GSW,5,9.2,1.8,1.4
Cedi Osman,HOU,7,9.0,2.4,0.6
Cedi Osman,IND,8,6.6,2.4,1.8
Cedi Osman,LAC,7,13.0,1.8,0.8
Cedi Osman,LAL,6,7.4,2.4,2.8
Cedi Osman,MEM,6,6.8,2.8,1.6
Cedi Osman,MIA,7,7.6,3.8,0.6
Cedi Osman,MIL,10,10.0,2.2,2.4
Cedi Osman,MIN,8,5.2,2.6,2.8
Cedi Osman,NOP,6,6.6,1.4,1.4
Cedi Osman,NYK,9,6.0,1.6,2.0
Cedi Osman,OKC,7,6.2,1.2,0.8
Cedi Osman,ORL,8,7.4,2.4,1.8
Cedi Osman,PHI,6,9.8,3.0,0.8
Cedi Osman,PHX,8,7.4,2.0,0.6
Cedi Osman,POR,7,4.0,2.8,1.6
Cedi Osman,SAC,7,6.8,2.6,1.4
Cedi Osman,SAS,4,8.0,1.5,0.75
Cedi Osman,TOR,8,10.2,2.6,1.6
Cedi Osman,UTA,7,7.0,2.4,2.2
Cedi Osman,WAS,7,9.4,2.2,3.2
Cedric Coward,ATL,1,17.0,7.0,0.0
Cedric Coward,BKN,1,21.0,8.0,1.0
Cedric Coward,BOS,1,12.0,6.0,3.0
Cedric Coward,CHA,1,17.0,2.0,5.0
Cedric Coward,CHI,2,20.5,4.5,4.5
Cedric Coward,CLE,2,11.0,6.5,2.5
Cedric Coward,DAL,2,15.0,5.5,2.5
Cedric Coward,DEN,3,15.666666666666666,5.333333333333333,1.6666666666666667
Cedric Coward,DET,2,12.0,4.5,2.0
Cedric Coward,GSW,2,5.5,3.5,2.5
Cedric Coward,HOU,3,8.333333333333334,6.666666666666667,2.6666666666666665
Cedric Coward,IND,1,27.0,6.0,4.0
Cedric Coward,LAC,4,14.25,6.75,2.0
Cedric Coward,LAL,3,11.333333333333334,8.333333333333334,3.0
Cedric Coward,MIA,1,16.0,2.0,2.0
Cedric Coward,MIL,1,15.0,5.0,2.0
Cedric Coward,MIN,4,12.5,4.25,2.0
Cedric Coward,NOP,4,13.0,5.0,3.5
Cedric Coward,NYK,2,13.0,1.5,2.5
Cedric Coward,OKC,3,14.0,9.0,4.666666666666667
Cedric Coward,ORL,2,15.0,3.5,2.5
Cedric Coward,PHI,2,20.5,16.0,3.5
Cedric Coward,PHX,2,10.5,3.5,2.0
Cedric Coward,POR,2,11.0,7.0,2.0
Cedric Coward,SAC,3,11.333333333333334,6.0,4.0
Cedric Coward,SAS,3,13.333333333333334,5.0,1.6666666666666667
Cedric Coward,TOR,2,13.5,3.5,3.0
Cedric Coward,UTA,1,17.0,12.0,6.0
Cedric Coward,WAS,2,12.5,6.0,3.0
Chance Comanche,GSW,1,7.0,3.0,0.0
Chandler Hutchison,BOS,1,0.0,1.0,0.0
Chandler Hutchison,DAL,1,0.0,1.0,0.0
Chandler Hutchison,DEN,1,0.0,1.0,1.0
Chandler Hutchison,LAC,1,2.0,0.0,0.0
Chandler Hutchison,OKC,1,0.0,0.0,1.0
Chandler Hutchison,POR,1,2.0,2.0,0.0
Chaney Johnson,ATL,2,7.0,4.5,3.5
Chaney Johnson,CHA,1,11.0,4.0,0.0
Chaney Johnson,DET,1,5.0,1.0,1.0
Chaney Johnson,GSW,1,11.0,1.0,3.0
Chaney Johnson,LAL,1,2.0,2.0,2.0
Chaney Johnson,MEM,1,4.0,1.0,0.0
Chaney Johnson,MIL,1,5.0,2.0,1.0
Chaney Johnson,NYK,1,4.0,4.0,6.0
Chaney Johnson,OKC,1,12.0,7.0,3.0
Chaney Johnson,PHI,1,6.0,10.0,1.0
Chaney Johnson,POR,2,14.5,7.0,2.0
Chaney Johnson,SAC,2,5.5,3.0,2.5
Chaney Johnson,TOR,1,16.0,13.0,2.0
Chaney Johnson,WAS,1,9.0,5.0,1.0
Charles Bassey,ATL,5,3.0,3.0,0.2
Charles Bassey,BOS,3,1.6666666666666667,3.3333333333333335,0.6666666666666666
Charles Bassey,CHA,3,2.3333333333333335,4.0,1.0
Charles Bassey,CHI,2,3.5,4.0,1.5
Charles Bassey,CLE,3,4.0,6.333333333333333,0.3333333333333333
Charles Bassey,DAL,4,4.5,4.75,1.75
Charles Bassey,DEN,5,5.6,5.2,0.8
Charles Bassey,DET,2,4.5,6.0,1.5
Charles Bassey,GSW,5,1.6,2.0,1.0
Charles Bassey,HOU,10,5.8,4.8,0.8
Charles Bassey,IND,4,4.0,2.5,1.0
Charles Bassey,LAC,6,5.2,4.6,1.6
Charles Bassey,LAL,6,4.0,5.2,0.4
Charles Bassey,MEM,7,6.2,4.6,0.6
Charles Bassey,MIA,5,4.4,6.2,0.8
Charles Bassey,MIL,4,3.75,4.5,1.0
Charles Bassey,MIN,5,3.2,3.2,0.6
Charles Bassey,NOP,7,7.8,7.8,0.8
Charles Bassey,NYK,3,3.3333333333333335,1.3333333333333333,0.3333333333333333
Charles Bassey,OKC,4,7.0,5.75,0.5
Charles Bassey,ORL,3,1.3333333333333333,1.0,1.0
Charles Bassey,PHI,1,0.0,3.0,0.0
Charles Bassey,PHX,3,3.3333333333333335,3.6666666666666665,1.0
Charles Bassey,POR,6,7.2,5.2,0.6
Charles Bassey,SAC,8,5.8,5.0,0.4
Charles Bassey,SAS,1,0.0,2.0,0.0
Charles Bassey,TOR,2,5.5,3.0,0.0
Charles Bassey,UTA,7,5.2,4.8,0.6
Charles Bassey,WAS,2,2.0,1.0,1.0
Charlie Brown Jr.,BOS,2,2.0,0.5,0.5
Charlie Brown Jr.,CHA,2,0.0,0.0,0.0
Charlie Brown Jr.,CHI,1,0.0,0.0,0.0
Charlie Brown Jr.,DAL,2,1.5,1.0,0.0
Charlie Brown Jr.,DET,1,0.0,0.0,0.0
Charlie Brown Jr.,HOU,1,1.0,4.0,0.0
Charlie Brown Jr.,IND,1,3.0,0.0,0.0
Charlie Brown Jr.,LAC,2,1.0,3.5,0.0
Charlie Brown Jr.,LAL,1,0.0,0.0,0.0
Charlie Brown Jr.,MEM,1,0.0,0.0,0.0
Charlie Brown Jr.,MIA,1,2.0,2.0,2.0
Charlie Brown Jr.,MIL,2,0.0,0.0,0.0
Charlie Brown Jr.,NOP,2,0.0,0.5,0.0
Charlie Brown Jr.,OKC,1,0.0,0.0,0.0
Charlie Brown Jr.,ORL,3,1.0,0.0,0.0
Charlie Brown Jr.,POR,1,0.0,0.0,0.0
Charlie Brown Jr.,SAC,2,0.0,0.0,0.0
Charlie Brown Jr.,SAS,2,5.0,3.5,1.0
Charlie Brown Jr.,UTA,1,2.0,1.0,1.0
Charlie Brown Jr.,WAS,1,6.0,9.0,0.0
Chaundee Brown Jr.,CHI,3,7.333333333333333,4.333333333333333,1.0
Chaundee Brown Jr.,CLE,1,9.0,2.0,1.0
Chaundee Brown Jr.,MIN,1,0.0,1.0,0.0
Chaz Lanier,ATL,1,9.0,2.0,0.0
Chaz Lanier,BKN,2,1.5,0.5,0.5
Chaz Lanier,BOS,1,0.0,0.0,1.0
Chaz Lanier,CHA,1,0.0,0.0,0.0
Chaz Lanier,CHI,2,7.0,1.0,1.0
Chaz Lanier,CLE,1,6.0,1.0,0.0
Chaz Lanier,DAL,1,0.0,0.0,0.0
Chaz Lanier,GSW,1,0.0,0.0,0.0
Chaz Lanier,HOU,1,3.0,0.0,1.0
Chaz Lanier,IND,2,2.5,1.0,0.5
Chaz Lanier,LAL,1,2.0,0.0,0.0
Chaz Lanier,MIA,1,0.0,0.0,0.0
Chaz Lanier,MIL,3,1.0,0.6666666666666666,0.3333333333333333
Chaz Lanier,MIN,1,2.0,0.0,0.0
Chaz Lanier,NOP,1,6.0,1.0,1.0
Chaz Lanier,NYK,2,3.5,1.0,1.0
Chaz Lanier,OKC,1,0.0,0.0,0.0
Chaz Lanier,ORL,2,2.0,0.5,0.5
Chaz Lanier,PHI,3,2.0,1.3333333333333333,1.3333333333333333
Chaz Lanier,PHX,1,0.0,0.0,0.0
Chaz Lanier,SAC,1,2.0,2.0,0.0
Chaz Lanier,SAS,1,0.0,0.0,0.0
Chaz Lanier,TOR,1,0.0,0.0,0.0
Chaz Lanier,WAS,2,4.0,1.5,1.0
Cheick Diallo,MIA,1,2.0,0.0,0.0
Cheick Diallo,NYK,1,0.0,3.0,0.0
Cheick Diallo,SAS,1,9.0,9.0,0.0
Chet Holmgren,ATL,6,19.8,7.2,2.2
Chet Holmgren,BKN,5,16.6,8.4,2.6
Chet Holmgren,BOS,5,14.4,7.8,2.2
Chet Holmgren,CHA,5,18.0,7.0,2.0
Chet Holmgren,CHI,5,13.4,10.0,2.0
Chet Holmgren,CLE,4,19.0,10.75,2.5
Chet Holmgren,DAL,7,15.2,9.0,1.0
Chet Holmgren,DEN,10,13.2,9.4,1.2
Chet Holmgren,DET,4,14.5,9.0,2.25
Chet Holmgren,GSW,8,16.0,9.0,2.0
Chet Holmgren,HOU,10,18.8,9.0,1.4
Chet Holmgren,IND,4,17.5,11.5,2.0
Chet Holmgren,LAC,7,18.0,10.0,3.4
Chet Holmgren,LAL,10,12.0,6.2,1.0
Chet Holmgren,MEM,5,14.4,7.8,2.0
Chet Holmgren,MIA,4,15.0,8.25,2.25
Chet Holmgren,MIL,5,14.0,8.2,2.4
Chet Holmgren,MIN,10,16.2,6.4,1.4
Chet Holmgren,NOP,6,18.8,10.2,1.4
Chet Holmgren,NYK,4,17.75,6.75,1.25
Chet Holmgren,ORL,5,15.6,9.6,1.4
Chet Holmgren,PHI,5,24.0,7.6,1.8
Chet Holmgren,PHX,8,20.0,7.8,2.0
Chet Holmgren,POR,8,12.6,8.6,2.8
Chet Holmgren,SAC,7,15.6,7.4,1.6
Chet Holmgren,SAS,9,12.2,7.4,1.0
Chet Holmgren,TOR,5,12.4,7.8,2.0
Chet Holmgren,UTA,9,20.0,7.6,1.2
Chet Holmgren,WAS,3,24.666666666666668,8.0,1.6666666666666667
Chima Moneke,MEM,1,0.0,2.0,1.0
Chima Moneke,SAS,1,2.0,0.0,0.0
Chimezie Metu,ATL,2,7.0,5.5,2.0
Chimezie Metu,BKN,7,6.4,3.0,0.8
Chimezie Metu,BOS,4,4.75,2.5,0.5
Chimezie Metu,CHA,2,6.0,3.5,0.5
Chimezie Metu,CHI,5,10.6,3.4,1.0
Chimezie Metu,CLE,4,8.25,2.25,0.5
Chimezie Metu,DAL,8,10.4,8.0,1.2
Chimezie Metu,DEN,3,6.0,3.0,0.3333333333333333
Chimezie Metu,DET,5,5.0,4.2,0.6
Chimezie Metu,GSW,9,8.6,4.0,0.6
Chimezie Metu,HOU,9,4.4,2.2,1.0
Chimezie Metu,IND,6,5.6,3.4,0.6
Chimezie Metu,LAC,10,6.2,5.4,0.8
Chimezie Metu,LAL,6,9.6,6.0,1.2
Chimezie Metu,MEM,10,6.4,3.6,0.4
Chimezie Metu,MIA,3,7.333333333333333,5.0,1.3333333333333333
Chimezie Metu,MIL,4,5.25,2.75,0.5
Chimezie Metu,MIN,8,6.0,3.0,0.8
Chimezie Metu,NOP,7,7.0,3.2,1.4
Chimezie Metu,NYK,6,3.4,2.0,1.0
Chimezie Metu,OKC,7,4.6,3.4,0.6
Chimezie Metu,ORL,5,5.0,4.4,1.0
Chimezie Metu,PHI,5,4.2,3.6,0.4
Chimezie Metu,PHX,7,5.2,2.4,0.6
Chimezie Metu,POR,8,4.8,1.8,0.6
Chimezie Metu,SAC,3,8.666666666666666,4.333333333333333,0.6666666666666666
Chimezie Metu,SAS,7,6.2,3.4,0.6
Chimezie Metu,TOR,5,4.6,4.4,0.4
Chimezie Metu,UTA,5,5.0,3.4,1.2
Chimezie Metu,WAS,7,3.0,3.0,0.8
Chris Boucher,ATL,12,12.2,3.2,0.0
Chris Boucher,BKN,11,5.2,1.8,0.2
Chris Boucher,BOS,15,7.8,4.0,0.2
Chris Boucher,CHA,10,11.4,3.4,0.2
Chris Boucher,CHI,12,7.2,5.6,0.4
Chris Boucher,CLE,11,11.2,4.4,0.2
Chris Boucher,DAL,5,12.8,7.6,0.4
Chris Boucher,DEN,7,4.2,4.8,0.2
Chris Boucher,DET,13,6.0,4.0,0.6
Chris Boucher,GSW,7,11.0,8.2,0.6
Chris Boucher,HOU,7,7.2,4.0,1.2
Chris Boucher,IND,12,5.2,3.6,0.4
Chris Boucher,LAC,8,9.8,4.4,0.0
Chris Boucher,LAL,7,9.4,4.6,1.0
Chris Boucher,MEM,8,8.6,7.0,0.8
Chris Boucher,MIA,12,3.4,4.8,1.0
Chris Boucher,MIL,11,8.6,6.0,0.4
Chris Boucher,MIN,5,8.4,7.2,0.2
Chris Boucher,NOP,8,6.8,4.0,0.4
Chris Boucher,NYK,14,7.2,2.4,0.4
Chris Boucher,OKC,6,11.2,6.4,0.2
Chris Boucher,ORL,10,6.2,2.8,0.4
Chris Boucher,PHI,13,4.2,4.6,0.6
Chris Boucher,PHX,7,9.2,6.4,1.0
Chris Boucher,POR,5,8.8,6.0,0.8
Chris Boucher,SAC,8,14.8,4.8,0.4
Chris Boucher,SAS,4,10.5,7.25,0.75
Chris Boucher,UTA,7,8.8,3.0,0.2
Chris Boucher,WAS,10,6.2,4.8,0.4
Chris Chiozza,BOS,2,1.0,1.0,1.5
Chris Chiozza,CHI,1,3.0,1.0,2.0
Chris Chiozza,CLE,1,0.0,0.0,1.0
Chris Chiozza,DAL,2,0.0,0.0,1.0
Chris Chiozza,DEN,2,2.0,1.0,4.5
Chris Chiozza,DET,2,3.0,0.5,1.5
Chris Chiozza,HOU,2,0.0,0.5,1.0
Chris Chiozza,LAC,2,0.0,1.5,1.5
Chris Chiozza,MEM,2,3.0,1.5,2.0
Chris Chiozza,MIA,1,0.0,0.0,1.0
Chris Chiozza,MIL,2,1.5,1.0,2.0
Chris Chiozza,MIN,2,0.0,0.0,0.0
Chris Chiozza,NOP,1,0.0,1.0,2.0
Chris Chiozza,OKC,2,3.0,1.5,1.0
Chris Chiozza,ORL,1,0.0,0.0,1.0
Chris Chiozza,PHX,2,2.5,1.5,2.0
Chris Chiozza,POR,1,3.0,0.0,2.0
Chris Chiozza,SAC,1,3.0,0.0,1.0
Chris Chiozza,SAS,3,4.0,2.6666666666666665,3.6666666666666665
Chris Chiozza,TOR,2,7.0,3.0,4.0
Chris Duarte,ATL,7,3.0,1.0,1.4
Chris Duarte,BKN,6,8.4,2.2,0.8
Chris Duarte,BOS,4,8.0,2.75,0.5
Chris Duarte,CHA,7,6.8,3.0,2.2
Chris Duarte,CHI,8,12.0,4.2,0.8
Chris Duarte,CLE,7,4.0,1.0,0.2
Chris Duarte,DAL,7,4.6,2.4,1.2
Chris Duarte,DEN,4,11.25,2.0,0.75
Chris Duarte,DET,5,8.4,3.6,1.4
Chris Duarte,GSW,6,7.6,1.8,1.6
Chris Duarte,HOU,5,9.8,2.0,2.0
Chris Duarte,IND,1,5.0,3.0,3.0
Chris Duarte,LAC,7,3.8,2.2,0.4
Chris Duarte,LAL,6,5.0,2.0,0.8
Chris Duarte,MEM,6,10.4,3.2,1.2
Chris Duarte,MIA,7,5.0,1.4,2.4
Chris Duarte,MIL,8,6.2,2.2,2.2
Chris Duarte,MIN,6,1.0,2.4,0.0
Chris Duarte,NOP,8,2.0,0.6,0.8
Chris Duarte,NYK,6,6.8,1.8,1.2
Chris Duarte,OKC,4,4.75,3.25,1.5
Chris Duarte,ORL,7,6.4,1.2,1.4
Chris Duarte,PHI,6,4.4,1.6,0.6
Chris Duarte,PHX,6,5.2,2.6,1.0
Chris Duarte,POR,5,4.4,2.2,1.0
Chris Duarte,SAC,1,15.0,5.0,2.0
Chris Duarte,SAS,7,6.8,3.4,1.0
Chris Duarte,TOR,6,10.0,4.2,2.4
Chris Duarte,UTA,5,6.4,2.2,0.2
Chris Duarte,WAS,9,2.4,1.4,0.8
Chris Livingston,ATL,1,1.0,0.0,0.0
Chris Livingston,BKN,1,2.0,1.0,1.0
Chris Livingston,BOS,2,1.0,1.0,0.5
Chris Livingston,CHA,2,0.0,0.5,0.5
Chris Livingston,CLE,2,1.0,0.5,0.0
Chris Livingston,DAL,1,1.0,3.0,1.0
Chris Livingston,DEN,1,0.0,1.0,0.0
Chris Livingston,DET,3,2.6666666666666665,3.0,1.0
Chris Livingston,GSW,1,0.0,0.0,0.0
Chris Livingston,HOU,1,0.0,0.0,0.0
Chris Livingston,IND,3,0.6666666666666666,1.0,0.3333333333333333
Chris Livingston,LAL,2,2.0,1.0,0.0
Chris Livingston,MIA,1,0.0,3.0,0.0
Chris Livingston,NOP,2,1.0,2.0,0.5
Chris Livingston,NYK,3,0.0,0.6666666666666666,0.0
Chris Livingston,OKC,4,4.5,2.75,0.0
Chris Livingston,ORL,3,0.3333333333333333,1.3333333333333333,0.0
Chris Livingston,PHI,2,0.0,1.0,0.0
Chris Livingston,POR,1,0.0,0.0,0.0
Chris Livingston,SAC,1,0.0,1.0,0.0
Chris Livingston,SAS,2,2.0,1.5,0.0
Chris Livingston,TOR,4,3.0,1.0,0.5
Chris Livingston,UTA,2,3.0,1.0,0.0
Chris Mañon,IND,1,0.0,2.0,0.0
Chris Mañon,OKC,1,2.0,2.0,1.0
Chris Mañon,PHX,2,0.5,0.5,0.0
Chris Mañon,POR,1,0.0,1.0,0.0
Chris Mañon,SAC,1,0.0,1.0,0.0
Chris Mañon,SAS,2,1.0,0.5,0.5
Chris Mañon,UTA,1,2.0,2.0,1.0
Chris Paul,ATL,6,11.8,4.4,8.0
Chris Paul,BKN,6,9.4,2.4,9.8
Chris Paul,BOS,8,8.6,4.6,8.0
Chris Paul,CHA,8,5.0,3.0,7.6
Chris Paul,CHI,5,15.0,4.6,8.8
Chris Paul,CLE,8,6.0,2.6,5.8
Chris Paul,DAL,15,5.8,3.6,6.4
Chris Paul,DEN,12,9.6,4.0,7.2
Chris Paul,DET,7,6.6,3.2,5.8
Chris Paul,GSW,10,7.6,3.0,5.6
Chris Paul,HOU,12,8.2,1.2,4.6
Chris Paul,IND,6,12.6,4.0,8.8
Chris Paul,LAC,11,9.8,4.0,5.4
Chris Paul,LAL,12,8.4,2.6,7.2
Chris Paul,MEM,12,6.0,3.2,5.4
Chris Paul,MIA,8,6.6,2.8,6.0
Chris Paul,MIL,6,13.0,4.2,8.0
Chris Paul,MIN,11,7.0,3.6,9.8
Chris Paul,NOP,13,5.8,2.8,7.4
Chris Paul,NYK,6,12.2,4.8,5.6
Chris Paul,OKC,14,9.2,3.6,8.0
Chris Paul,ORL,7,7.0,2.8,4.8
Chris Paul,PHI,7,9.6,3.4,4.0
Chris Paul,PHX,8,3.4,3.6,5.8
Chris Paul,POR,15,6.2,2.6,6.0
Chris Paul,SAC,12,9.6,4.0,8.0
Chris Paul,SAS,10,13.0,4.8,6.4
Chris Paul,TOR,6,13.8,4.2,7.6
Chris Paul,UTA,11,10.6,3.2,7.4
Chris Paul,WAS,8,10.0,4.2,8.4
Chris Silva,ATL,1,0.0,0.0,0.0
Chris Silva,BOS,2,1.0,5.0,1.5
Chris Silva,GSW,1,8.0,4.0,1.0
Chris Silva,HOU,1,2.0,7.0,0.0
Chris Silva,PHX,1,3.0,7.0,1.0
Chris Silva,POR,2,2.0,1.5,0.0
Chris Silva,SAC,1,7.0,5.0,1.0
Chris Silva,SAS,1,0.0,0.0,1.0
Chris Silva,UTA,1,2.0,0.0,0.0
Chris Youngblood,ATL,1,4.0,1.0,0.0
Chris Youngblood,BKN,1,6.0,0.0,1.0
Chris Youngblood,CHA,1,0.0,1.0,0.0
Chris Youngblood,CLE,1,6.0,1.0,0.0
Chris Youngblood,DAL,2,1.5,2.0,0.0
Chris Youngblood,GSW,2,4.5,0.5,1.0
Chris Youngblood,HOU,2,0.0,0.5,0.0
Chris Youngblood,IND,1,3.0,0.0,0.0
Chris Youngblood,LAC,2,1.0,1.0,0.0
Chris Youngblood,LAL,1,0.0,1.0,0.0
Chris Youngblood,MEM,2,0.0,0.0,0.0
Chris Youngblood,MIL,1,0.0,0.0,0.0
Chris Youngblood,MIN,1,5.0,0.0,2.0
Chris Youngblood,NOP,2,4.5,1.0,0.0
Chris Youngblood,ORL,1,2.0,1.0,0.0
Chris Youngblood,PHI,1,0.0,0.0,0.0
Chris Youngblood,PHX,1,3.0,1.0,1.0
Chris Youngblood,POR,2,0.0,1.5,1.0
Chris Youngblood,SAC,3,1.0,0.0,0.3333333333333333
Chris Youngblood,SAS,3,2.6666666666666665,1.0,0.6666666666666666
Chris Youngblood,UTA,2,4.0,2.5,0.5
Chris Youngblood,WAS,1,0.0,1.0,0.0
Christian Braun,ATL,6,8.6,4.0,2.0
Christian Braun,BKN,7,7.6,3.2,1.2
Christian Braun,BOS,8,10.8,5.6,2.0
Christian Braun,CHA,6,13.0,6.2,1.4
Christian Braun,CHI,7,15.8,4.2,3.0
Christian Braun,CLE,7,13.8,3.8,0.8
Christian Braun,DAL,12,11.2,4.4,1.2
Christian Braun,DET,7,12.2,3.8,2.0
Christian Braun,GSW,13,12.8,5.2,2.4
Christian Braun,HOU,12,13.0,4.0,2.6
Christian Braun,IND,6,11.8,5.4,1.4
Christian Braun,LAC,13,9.4,3.6,2.2
Christian Braun,LAL,13,13.8,3.6,3.8
Christian Braun,MEM,13,17.0,5.0,3.8
Christian Braun,MIA,7,10.6,4.0,2.2
Christian Braun,MIL,6,7.8,6.2,2.0
Christian Braun,MIN,14,11.2,6.0,2.0
Christian Braun,NOP,12,15.2,6.2,3.8
Christian Braun,NYK,8,8.6,4.0,3.0
Christian Braun,OKC,14,16.8,6.6,2.2
Christian Braun,ORL,6,11.0,6.0,1.4
Christian Braun,PHI,6,14.0,3.2,1.8
Christian Braun,PHX,13,16.2,4.6,3.6
Christian Braun,POR,15,10.8,5.6,2.6
Christian Braun,SAC,12,18.8,2.6,2.8
Christian Braun,SAS,11,12.4,6.0,3.4
Christian Braun,TOR,6,10.6,3.4,1.6
Christian Braun,UTA,15,14.4,4.0,2.4
Christian Braun,WAS,6,7.4,4.8,1.8
Christian Koloko,ATL,3,5.333333333333333,6.0,0.3333333333333333
Christian Koloko,BKN,6,4.0,5.0,0.6
Christian Koloko,BOS,5,1.8,1.4,1.0
Christian Koloko,CHA,4,3.75,3.75,0.5
Christian Koloko,CHI,2,8.0,5.0,1.5
Christian Koloko,CLE,3,1.6666666666666667,2.6666666666666665,0.0
Christian Koloko,DAL,2,1.0,1.5,0.0
Christian Koloko,DEN,4,3.0,3.75,0.5
Christian Koloko,DET,2,6.5,2.5,1.5
Christian Koloko,GSW,4,2.25,2.75,0.0
Christian Koloko,HOU,3,3.6666666666666665,5.0,1.3333333333333333
Christian Koloko,IND,5,3.2,3.6,0.4
Christian Koloko,LAC,2,2.0,2.0,0.0
Christian Koloko,LAL,3,3.3333333333333335,2.6666666666666665,0.0
Christian Koloko,MEM,6,2.8,1.0,0.2
Christian Koloko,MIA,6,3.2,3.4,0.6
Christian Koloko,MIL,5,3.0,1.6,1.0
Christian Koloko,MIN,4,0.5,2.0,0.0
Christian Koloko,NOP,2,6.0,4.0,0.5
Christian Koloko,NYK,3,1.3333333333333333,1.3333333333333333,0.0
Christian Koloko,OKC,6,0.8,2.2,0.6
Christian Koloko,ORL,4,2.5,1.75,0.5
Christian Koloko,PHI,6,2.2,1.8,1.6
Christian Koloko,PHX,6,1.4,1.8,0.4
Christian Koloko,POR,6,3.2,4.8,0.8
Christian Koloko,SAC,5,1.6,1.2,0.6
Christian Koloko,SAS,6,3.2,2.0,0.4
Christian Koloko,UTA,5,2.0,2.8,0.0
Christian Koloko,WAS,4,3.0,3.5,0.5
Christian Wood,ATL,4,15.25,8.25,3.0
Christian Wood,BKN,4,8.5,7.75,1.75
Christian Wood,BOS,5,13.2,9.2,1.6
Christian Wood,CHA,6,11.8,6.0,2.0
Christian Wood,CHI,5,12.4,6.0,1.8
Christian Wood,CLE,4,20.0,7.75,1.75
Christian Wood,DAL,5,10.2,7.4,1.4
Christian Wood,DEN,9,9.2,5.0,1.4
Christian Wood,DET,5,17.8,7.6,1.4
Christian Wood,GSW,6,14.8,8.2,2.4
Christian Wood,HOU,8,4.8,3.4,1.2
Christian Wood,IND,4,18.0,7.0,3.0
Christian Wood,LAC,9,8.6,7.4,0.8
Christian Wood,LAL,7,20.4,9.2,5.2
Christian Wood,MEM,9,14.4,7.6,2.4
Christian Wood,MIA,4,12.75,5.75,2.5
Christian Wood,MIL,4,19.0,10.0,1.25
Christian Wood,MIN,7,11.6,5.6,0.8
Christian Wood,NOP,10,11.8,5.2,1.0
Christian Wood,NYK,3,12.333333333333334,7.0,1.6666666666666667
Christian Wood,OKC,9,12.8,7.8,1.0
Christian Wood,ORL,5,12.2,9.0,2.0
Christian Wood,PHI,4,9.75,4.75,0.75
Christian Wood,PHX,8,14.4,7.8,1.6
Christian Wood,POR,10,15.2,9.0,0.8
Christian Wood,SAC,7,11.6,3.4,1.0
Christian Wood,SAS,8,19.0,8.2,2.0
Christian Wood,TOR,4,13.5,6.5,2.0
Christian Wood,UTA,10,9.2,7.0,1.6
Christian Wood,WAS,2,30.5,10.5,1.5
Chucky Hepburn,NYK,2,0.0,0.5,1.0
Chuma Okeke,ATL,10,3.4,4.8,1.0
Chuma Okeke,BKN,10,1.0,1.2,0.8
Chuma Okeke,BOS,5,4.4,2.4,0.6
Chuma Okeke,CHA,7,8.0,3.6,1.4
Chuma Okeke,CHI,6,4.4,3.6,1.8
Chuma Okeke,CLE,6,4.6,4.0,1.8
Chuma Okeke,DAL,6,7.4,4.8,2.0
Chuma Okeke,DEN,3,5.333333333333333,5.0,2.3333333333333335
Chuma Okeke,DET,8,1.4,2.0,0.2
Chuma Okeke,GSW,3,11.333333333333334,5.333333333333333,2.6666666666666665
Chuma Okeke,HOU,6,6.4,3.4,1.4
Chuma Okeke,IND,7,3.0,2.4,1.2
Chuma Okeke,LAC,3,2.6666666666666665,2.3333333333333335,1.0
Chuma Okeke,LAL,3,4.333333333333333,3.3333333333333335,0.6666666666666666
Chuma Okeke,MEM,3,2.6666666666666665,3.6666666666666665,2.6666666666666665
Chuma Okeke,MIA,8,7.4,2.4,1.6
Chuma Okeke,MIL,6,3.6,1.2,0.6
Chuma Okeke,MIN,4,4.75,5.75,1.25
Chuma Okeke,NOP,4,6.75,4.0,1.5
Chuma Okeke,NYK,7,3.8,1.4,0.6
Chuma Okeke,OKC,6,9.4,5.8,1.0
Chuma Okeke,PHI,6,9.6,2.4,0.6
Chuma Okeke,PHX,5,6.4,4.0,1.2
Chuma Okeke,POR,2,11.5,4.5,1.5
Chuma Okeke,SAC,4,5.25,4.75,1.5
Chuma Okeke,SAS,3,5.0,2.3333333333333335,1.6666666666666667
Chuma Okeke,TOR,5,4.4,3.0,0.6
Chuma Okeke,UTA,2,5.0,4.5,0.5
Chuma Okeke,WAS,5,6.0,4.0,1.6
Clint Capela,ATL,2,6.5,6.0,2.0
Clint Capela,BKN,12,8.2,7.2,1.0
Clint Capela,BOS,14,6.2,7.6,0.8
Clint Capela,CHA,14,6.2,7.2,0.4
Clint Capela,CHI,15,8.8,5.6,1.2
Clint Capela,CLE,14,5.2,8.8,1.4
Clint Capela,DAL,11,7.6,6.6,1.0
Clint Capela,DEN,11,4.6,5.2,0.4
Clint Capela,DET,15,7.6,8.4,0.6
Clint Capela,GSW,9,7.6,8.4,1.2
Clint Capela,HOU,4,11.75,11.5,0.75
Clint Capela,IND,12,6.2,6.6,1.2
Clint Capela,LAC,8,3.0,3.6,0.4
Clint Capela,LAL,9,5.4,4.4,1.2
Clint Capela,MEM,11,8.4,7.0,0.8
Clint Capela,MIA,13,7.0,7.0,1.4
Clint Capela,MIL,13,5.6,8.4,0.4
Clint Capela,MIN,10,4.4,6.2,1.2
Clint Capela,NOP,11,7.0,8.6,1.4
Clint Capela,NYK,15,9.0,6.2,0.6
Clint Capela,OKC,10,4.4,5.8,0.6
Clint Capela,ORL,12,5.4,6.4,0.8
Clint Capela,PHI,11,7.8,9.0,1.4
Clint Capela,PHX,12,2.6,4.8,0.2
Clint Capela,POR,11,2.8,5.0,1.2
Clint Capela,SAC,10,7.4,8.0,0.8
Clint Capela,SAS,11,4.6,4.2,0.6
Clint Capela,TOR,14,5.8,7.2,1.0
Clint Capela,UTA,11,6.0,3.8,0.4
Clint Capela,WAS,17,8.8,6.4,0.8
Coby White,ATL,17,20.8,2.6,6.6
Coby White,BKN,12,21.8,4.2,4.0
Coby White,BOS,16,14.2,2.8,4.0
Coby White,CHA,16,24.6,4.8,5.6
Coby White,CHI,1,10.0,3.0,4.0
Coby White,CLE,16,22.4,4.6,5.6
Coby White,DAL,8,15.4,3.8,3.0
Coby White,DEN,5,16.8,3.0,4.2
Coby White,DET,15,14.0,3.2,2.6
Coby White,GSW,7,19.8,3.2,4.0
Coby White,HOU,8,14.8,3.4,4.4
Coby White,IND,19,16.6,3.2,4.8
Coby White,LAC,6,16.0,2.6,3.6
Coby White,LAL,9,25.4,5.0,5.0
Coby White,MEM,9,16.0,5.0,6.0
Coby White,MIA,17,17.0,4.2,4.2
Coby White,MIL,18,16.6,3.6,2.6
Coby White,MIN,10,16.6,0.8,3.8
Coby White,NOP,7,18.4,5.6,4.8
Coby White,NYK,14,20.4,1.8,3.4
Coby White,OKC,8,14.6,3.0,3.8
Coby White,ORL,15,22.4,2.8,3.4
Coby White,PHI,13,11.8,4.8,4.6
Coby White,PHX,10,19.2,5.0,5.8
Coby White,POR,9,20.0,3.4,4.8
Coby White,SAC,9,26.8,3.8,3.6
Coby White,SAS,9,20.4,3.6,4.2
Coby White,TOR,12,21.8,2.6,5.2
Coby White,UTA,9,22.4,4.8,6.2
Coby White,WAS,14,17.8,5.2,4.8
Cody Martin,ATL,7,5.6,5.4,2.8
Cody Martin,BKN,5,6.8,3.6,2.0
Cody Martin,BOS,9,7.6,3.6,0.8
Cody Martin,CHI,6,7.8,2.2,1.8
Cody Martin,CLE,8,5.8,5.8,2.8
Cody Martin,DAL,3,6.333333333333333,5.666666666666667,5.333333333333333
Cody Martin,DEN,4,2.5,1.5,1.75
Cody Martin,DET,6,8.8,3.8,2.0
Cody Martin,GSW,5,5.8,4.8,2.2
Cody Martin,HOU,6,5.0,4.0,1.6
Cody Martin,IND,8,10.8,5.0,2.2
Cody Martin,LAC,3,7.666666666666667,3.0,1.6666666666666667
Cody Martin,LAL,4,4.5,5.25,1.0
Cody Martin,MEM,4,5.25,4.75,1.5
Cody Martin,MIA,6,6.4,3.6,2.2
Cody Martin,MIL,11,5.0,4.0,3.0
Cody Martin,MIN,3,5.333333333333333,3.3333333333333335,2.6666666666666665
Cody Martin,NOP,3,8.666666666666666,4.666666666666667,4.0
Cody Martin,NYK,8,7.0,4.2,3.8
Cody Martin,OKC,3,7.333333333333333,1.6666666666666667,3.0
Cody Martin,ORL,6,6.2,5.0,2.2
Cody Martin,PHI,10,10.4,4.4,3.0
Cody Martin,PHX,4,7.0,3.5,2.0
Cody Martin,POR,4,7.25,4.0,4.25
Cody Martin,SAC,4,10.75,3.25,2.25
Cody Martin,SAS,5,7.6,3.6,2.0
Cody Martin,TOR,7,12.4,3.8,4.2
Cody Martin,UTA,5,5.2,4.0,2.0
Cody Martin,WAS,6,6.2,2.8,1.8
Cody Williams,ATL,3,3.6666666666666665,2.3333333333333335,1.6666666666666667
Cody Williams,BKN,3,3.6666666666666665,1.3333333333333333,1.0
Cody Williams,BOS,3,3.6666666666666665,1.6666666666666667,0.3333333333333333
Cody Williams,CHA,3,6.666666666666667,2.0,0.3333333333333333
Cody Williams,CHI,4,5.5,4.25,2.0
Cody Williams,CLE,3,12.333333333333334,3.3333333333333335,2.0
Cody Williams,DAL,6,9.2,3.4,2.0
Cody Williams,DEN,7,7.6,1.0,4.0
Cody Williams,DET,1,6.0,1.0,3.0
Cody Williams,GSW,3,6.666666666666667,3.0,3.0
Cody Williams,HOU,4,10.5,4.75,1.5
Cody Williams,IND,2,8.0,3.5,2.5
Cody Williams,LAC,6,6.6,0.8,0.2
Cody Williams,LAL,5,5.0,0.8,1.6
Cody Williams,MEM,6,7.2,4.2,1.6
Cody Williams,MIA,3,4.0,0.6666666666666666,0.3333333333333333
Cody Williams,MIL,3,14.0,5.333333333333333,2.6666666666666665
Cody Williams,MIN,5,6.2,2.0,1.0
Cody Williams,NOP,6,7.2,2.4,2.2
Cody Williams,NYK,2,5.0,2.0,2.5
Cody Williams,OKC,5,4.0,2.8,1.4
Cody Williams,ORL,2,0.0,2.0,1.0
Cody Williams,PHI,4,9.25,3.75,1.75
Cody Williams,PHX,4,5.25,1.25,1.5
Cody Williams,POR,6,9.6,4.0,2.8
Cody Williams,SAC,5,11.0,2.8,2.4
Cody Williams,SAS,6,5.0,3.8,1.0
Cody Williams,TOR,3,8.666666666666666,2.6666666666666665,0.0
Cody Williams,WAS,4,12.75,2.75,2.75
Cody Zeller,ATL,2,7.5,3.0,0.5
Cody Zeller,BKN,2,4.0,4.5,0.5
Cody Zeller,BOS,1,10.0,9.0,1.0
Cody Zeller,CHA,3,3.3333333333333335,3.3333333333333335,0.6666666666666666
Cody Zeller,CHI,2,4.0,2.5,0.0
Cody Zeller,CLE,4,4.0,5.75,0.5
Cody Zeller,DAL,3,7.666666666666667,5.333333333333333,0.6666666666666666
Cody Zeller,DEN,4,1.75,1.25,0.75
Cody Zeller,DET,1,4.0,6.0,1.0
Cody Zeller,GSW,2,3.0,2.5,0.5
Cody Zeller,HOU,3,4.0,1.0,0.3333333333333333
Cody Zeller,IND,2,1.0,5.0,0.5
Cody Zeller,LAC,6,4.4,5.6,1.2
Cody Zeller,LAL,3,2.6666666666666665,1.6666666666666667,0.6666666666666666
Cody Zeller,MEM,3,4.666666666666667,4.333333333333333,0.6666666666666666
Cody Zeller,MIA,1,1.0,2.0,0.0
Cody Zeller,MIL,2,5.5,3.5,1.5
Cody Zeller,MIN,3,2.0,4.333333333333333,2.3333333333333335
Cody Zeller,NYK,3,1.6666666666666667,2.6666666666666665,0.3333333333333333
Cody Zeller,OKC,2,0.0,1.5,0.0
Cody Zeller,ORL,2,4.0,3.0,1.0
Cody Zeller,PHI,5,2.2,2.0,0.2
Cody Zeller,PHX,3,2.3333333333333335,4.0,0.6666666666666666
Cody Zeller,POR,1,0.0,2.0,0.0
Cody Zeller,SAC,8,3.6,3.0,1.0
Cody Zeller,SAS,4,1.5,3.25,1.5
Cody Zeller,TOR,4,4.75,4.5,0.5
Cody Zeller,UTA,4,3.75,4.25,2.5
Cody Zeller,WAS,2,9.5,2.5,1.5
Colby Jones,ATL,2,0.0,1.5,0.5
Colby Jones,BKN,4,6.75,2.0,2.25
Colby Jones,BOS,2,5.5,3.0,1.0
Colby Jones,CHA,1,0.0,1.0,0.0
Colby Jones,CHI,1,3.0,7.0,5.0
Colby Jones,CLE,3,0.6666666666666666,1.6666666666666667,0.6666666666666666
Colby Jones,DAL,3,0.6666666666666666,0.6666666666666666,0.6666666666666666
Colby Jones,DEN,2,1.0,3.5,0.5
Colby Jones,DET,2,1.0,0.5,0.5
Colby Jones,GSW,2,2.0,1.5,0.5
Colby Jones,HOU,3,5.0,2.6666666666666665,0.3333333333333333
Colby Jones,IND,3,5.333333333333333,2.6666666666666665,1.6666666666666667
Colby Jones,LAC,3,3.0,1.0,0.0
Colby Jones,LAL,3,0.0,0.0,0.0
Colby Jones,MIA,1,20.0,10.0,4.0
Colby Jones,MIL,2,2.0,0.5,0.5
Colby Jones,MIN,1,0.0,1.0,0.0
Colby Jones,NOP,4,3.0,0.5,1.0
Colby Jones,NYK,2,3.0,2.0,1.0
Colby Jones,OKC,2,1.0,0.5,0.5
Colby Jones,ORL,3,3.3333333333333335,3.6666666666666665,1.0
Colby Jones,PHI,4,5.25,3.5,2.25
Colby Jones,PHX,1,5.0,0.0,0.0
Colby Jones,POR,4,3.0,1.75,1.0
Colby Jones,SAS,3,1.6666666666666667,0.6666666666666666,0.3333333333333333
Colby Jones,TOR,3,0.6666666666666666,1.6666666666666667,1.0
Colby Jones,UTA,5,5.8,2.0,0.8
Colby Jones,WAS,1,2.0,1.0,0.0
Cole Anthony,ATL,15,8.4,2.2,3.0
Cole Anthony,BKN,15,4.0,1.8,1.4
Cole Anthony,BOS,14,12.4,4.4,3.2
Cole Anthony,CHA,13,9.8,4.4,3.0
Cole Anthony,CHI,11,10.0,2.4,2.8
Cole Anthony,CLE,12,5.4,2.0,4.0
Cole Anthony,DAL,6,11.8,3.2,5.2
Cole Anthony,DEN,9,13.2,3.4,3.4
Cole Anthony,DET,16,5.2,2.4,1.2
Cole Anthony,GSW,8,17.4,5.2,3.0
Cole Anthony,HOU,7,11.6,4.2,3.8
Cole Anthony,IND,13,4.6,2.6,2.0
Cole Anthony,LAC,7,10.4,3.4,1.6
Cole Anthony,LAL,8,9.0,3.6,2.6
Cole Anthony,MEM,9,8.2,4.0,3.2
Cole Anthony,MIA,13,7.4,4.0,5.4
Cole Anthony,MIL,11,13.6,4.0,5.2
Cole Anthony,MIN,7,8.4,3.4,3.2
Cole Anthony,NOP,7,9.4,3.8,3.0
Cole Anthony,NYK,17,8.8,2.8,4.0
Cole Anthony,OKC,8,7.8,3.2,1.8
Cole Anthony,PHI,14,9.6,1.8,3.4
Cole Anthony,PHX,7,9.8,2.6,1.6
Cole Anthony,POR,8,12.8,2.6,2.6
Cole Anthony,SAC,6,11.0,5.0,5.2
Cole Anthony,SAS,9,10.4,2.6,2.2
Cole Anthony,TOR,13,11.4,3.6,5.0
Cole Anthony,UTA,8,13.6,5.2,3.0
Cole Anthony,WAS,17,5.4,1.2,1.4
Cole Swider,ATL,1,3.0,0.0,0.0
Cole Swider,BKN,3,10.0,3.6666666666666665,0.3333333333333333
Cole Swider,BOS,1,0.0,0.0,0.0
Cole Swider,CHA,2,6.5,1.5,1.0
Cole Swider,CHI,1,9.0,2.0,0.0
Cole Swider,CLE,1,3.0,1.0,0.0
Cole Swider,DAL,2,0.0,0.0,0.5
Cole Swider,DEN,1,6.0,5.0,3.0
Cole Swider,DET,1,10.0,5.0,0.0
Cole Swider,GSW,3,0.6666666666666666,0.6666666666666666,0.3333333333333333
Cole Swider,LAC,2,1.5,0.5,0.0
Cole Swider,LAL,1,0.0,0.0,0.0
Cole Swider,MEM,1,0.0,1.0,1.0
Cole Swider,MIL,2,1.0,0.5,0.5
Cole Swider,MIN,1,5.0,1.0,0.0
Cole Swider,NOP,1,14.0,2.0,0.0
Cole Swider,NYK,1,0.0,0.0,2.0
Cole Swider,ORL,1,0.0,1.0,0.0
Cole Swider,PHI,1,8.0,4.0,0.0
Cole Swider,PHX,1,0.0,0.0,0.0
Cole Swider,POR,1,0.0,0.0,0.0
Cole Swider,SAC,1,0.0,1.0,0.0
Cole Swider,TOR,3,0.6666666666666666,0.0,0.0
Cole Swider,UTA,1,0.0,0.0,0.0
Cole Swider,WAS,1,0.0,0.0,0.0
Colin Castleton,ATL,1,16.0,8.0,0.0
Colin Castleton,BKN,2,0.0,0.5,0.0
Colin Castleton,CHA,1,2.0,4.0,1.0
Colin Castleton,CHI,1,3.0,2.0,0.0
Colin Castleton,CLE,1,0.0,1.0,0.0
Colin Castleton,DEN,1,0.0,0.0,0.0
Colin Castleton,DET,2,0.0,0.5,0.0
Colin Castleton,GSW,2,4.5,2.0,1.0
Colin Castleton,HOU,1,2.0,2.0,2.0
Colin Castleton,IND,1,0.0,0.0,0.0
Colin Castleton,LAL,1,0.0,0.0,0.0
Colin Castleton,MEM,1,0.0,0.0,0.0
Colin Castleton,MIA,1,4.0,6.0,3.0
Colin Castleton,MIL,2,1.0,1.5,1.5
Colin Castleton,MIN,3,3.3333333333333335,2.3333333333333335,0.6666666666666666
Colin Castleton,NOP,1,0.0,0.0,0.0
Colin Castleton,OKC,2,2.5,2.0,0.0
Colin Castleton,ORL,1,2.0,1.0,0.0
Colin Castleton,PHI,2,3.5,7.0,1.0
Colin Castleton,PHX,2,5.5,3.5,0.0
Colin Castleton,POR,3,5.333333333333333,6.0,0.6666666666666666
Colin Castleton,SAS,3,6.666666666666667,2.3333333333333335,0.6666666666666666
Colin Castleton,TOR,1,0.0,0.0,0.0
Colin Castleton,UTA,3,5.666666666666667,4.666666666666667,2.3333333333333335
Colin Castleton,WAS,7,5.2,7.4,1.2
Collin Gillespie,ATL,2,15.5,7.0,5.5
Collin Gillespie,BKN,2,12.0,3.0,2.5
Collin Gillespie,BOS,4,7.75,2.25,1.0
Collin Gillespie,CHA,2,15.0,4.0,3.5
Collin Gillespie,CHI,4,5.75,2.75,4.25
Collin Gillespie,CLE,5,9.6,2.2,3.0
Collin Gillespie,DAL,6,5.6,4.2,3.0
Collin Gillespie,DEN,5,7.4,1.2,1.0
Collin Gillespie,DET,3,11.333333333333334,2.3333333333333335,2.6666666666666665
Collin Gillespie,GSW,7,11.4,4.4,4.2
Collin Gillespie,HOU,10,8.6,3.2,2.6
Collin Gillespie,IND,2,7.0,5.5,3.0
Collin Gillespie,LAC,5,9.8,4.4,4.2
Collin Gillespie,LAL,7,16.0,3.8,5.0
Collin Gillespie,MEM,5,7.8,5.4,6.0
Collin Gillespie,MIA,2,12.0,4.5,0.5
Collin Gillespie,MIL,5,12.0,4.2,4.6
Collin Gillespie,MIN,7,14.6,4.6,5.0
Collin Gillespie,NOP,8,12.0,3.8,6.2
Collin Gillespie,NYK,3,5.666666666666667,3.0,4.0
Collin Gillespie,OKC,7,11.4,4.2,3.4
Collin Gillespie,ORL,2,15.0,3.5,4.5
Collin Gillespie,PHI,2,9.0,4.0,3.0
Collin Gillespie,PHX,1,8.0,1.0,3.0
Collin Gillespie,POR,7,15.6,3.0,4.2
Collin Gillespie,SAC,8,14.4,3.0,6.0
Collin Gillespie,SAS,6,15.0,3.2,5.2
Collin Gillespie,TOR,4,4.75,2.25,1.75
Collin Gillespie,UTA,4,8.75,2.5,6.75
Collin Gillespie,WAS,2,13.5,5.0,5.5
Collin Murray-Boyles,ATL,3,8.666666666666666,4.666666666666667,3.3333333333333335
Collin Murray-Boyles,BKN,4,5.25,3.0,1.5
Collin Murray-Boyles,BOS,4,7.0,3.75,2.75
Collin Murray-Boyles,CHA,4,4.0,5.5,1.75
Collin Murray-Boyles,CHI,2,14.0,5.5,2.5
Collin Murray-Boyles,CLE,2,5.0,3.0,0.5
Collin Murray-Boyles,DAL,1,0.0,2.0,0.0
Collin Murray-Boyles,DEN,1,6.0,9.0,2.0
Collin Murray-Boyles,DET,1,14.0,10.0,0.0
Collin Murray-Boyles,HOU,1,13.0,1.0,2.0
Collin Murray-Boyles,IND,4,5.5,3.25,1.0
Collin Murray-Boyles,LAC,2,10.5,4.5,1.5
Collin Murray-Boyles,LAL,2,11.5,4.5,4.0
Collin Murray-Boyles,MEM,2,17.0,6.5,3.0
Collin Murray-Boyles,MIA,4,9.5,7.5,1.0
Collin Murray-Boyles,MIL,3,4.666666666666667,3.0,0.0
Collin Murray-Boyles,MIN,1,13.0,4.0,3.0
Collin Murray-Boyles,NOP,1,9.0,2.0,0.0
Collin Murray-Boyles,NYK,3,7.0,6.0,3.0
Collin Murray-Boyles,OKC,1,4.0,4.0,2.0
Collin Murray-Boyles,ORL,2,8.0,9.0,3.0
Collin Murray-Boyles,PHI,3,13.666666666666666,9.666666666666666,3.3333333333333335
Collin Murray-Boyles,POR,1,10.0,4.0,1.0
Collin Murray-Boyles,SAC,1,20.0,4.0,2.0
Collin Murray-Boyles,SAS,2,11.5,4.0,1.0
Collin Murray-Boyles,UTA,2,6.5,4.5,1.0
Collin Sexton,ATL,8,23.2,2.8,4.4
Collin Sexton,BKN,8,18.0,3.4,3.2
Collin Sexton,BOS,5,18.8,3.2,5.0
Collin Sexton,CHA,6,15.8,3.4,4.8
Collin Sexton,CHI,6,19.2,3.0,4.0
Collin Sexton,CLE,6,14.6,2.4,3.2
Collin Sexton,DAL,12,15.8,3.6,2.0
Collin Sexton,DEN,12,19.8,1.8,3.8
Collin Sexton,DET,6,18.4,3.0,4.8
Collin Sexton,GSW,10,18.0,2.8,4.6
Collin Sexton,HOU,8,22.6,2.6,4.8
Collin Sexton,IND,9,13.8,1.4,3.4
Collin Sexton,LAC,11,13.8,2.6,2.8
Collin Sexton,LAL,11,14.2,0.8,3.4
Collin Sexton,MEM,13,17.8,3.8,4.4
Collin Sexton,MIA,6,19.6,2.8,5.8
Collin Sexton,MIL,9,16.8,2.0,5.6
Collin Sexton,MIN,11,17.4,2.2,3.2
Collin Sexton,NOP,8,18.8,2.4,4.0
Collin Sexton,NYK,11,14.2,1.8,2.0
Collin Sexton,OKC,10,16.6,2.6,3.6
Collin Sexton,ORL,9,17.0,1.8,4.4
Collin Sexton,PHI,7,17.8,2.4,5.6
Collin Sexton,PHX,12,17.8,4.8,3.0
Collin Sexton,POR,12,17.4,1.0,6.0
Collin Sexton,SAC,8,17.4,1.8,2.0
Collin Sexton,SAS,10,20.4,2.0,2.6
Collin Sexton,TOR,12,16.4,1.8,2.8
Collin Sexton,UTA,2,12.5,4.5,8.0
Collin Sexton,WAS,10,16.6,3.2,3.2
Cooper Flagg,ATL,2,15.5,9.0,5.0
Cooper Flagg,BKN,2,24.5,5.0,6.5
Cooper Flagg,BOS,2,26.0,8.5,6.0
Cooper Flagg,CHA,1,49.0,10.0,3.0
Cooper Flagg,CHI,2,10.5,2.5,1.5
Cooper Flagg,CLE,2,26.0,5.0,7.5
Cooper Flagg,DEN,4,22.25,6.5,4.75
Cooper Flagg,DET,2,19.5,9.0,4.0
Cooper Flagg,GSW,3,26.666666666666668,7.0,5.333333333333333
Cooper Flagg,HOU,4,18.75,7.25,4.0
Cooper Flagg,IND,1,15.0,10.0,4.0
Cooper Flagg,LAC,4,23.5,8.0,3.0
Cooper Flagg,LAL,3,24.666666666666668,7.333333333333333,8.666666666666666
Cooper Flagg,MEM,3,12.333333333333334,6.333333333333333,3.3333333333333335
Cooper Flagg,MIA,2,17.0,6.5,2.5
Cooper Flagg,MIL,2,22.5,9.5,3.5
Cooper Flagg,MIN,2,13.5,2.5,1.5
Cooper Flagg,NOP,4,21.5,7.25,5.25
Cooper Flagg,NYK,1,18.0,7.0,3.0
Cooper Flagg,OKC,2,9.0,2.0,1.0
Cooper Flagg,ORL,2,34.5,5.5,4.5
Cooper Flagg,PHI,2,18.0,5.5,5.0
Cooper Flagg,PHX,3,18.0,7.333333333333333,4.666666666666667
Cooper Flagg,POR,3,20.0,5.666666666666667,5.0
Cooper Flagg,SAC,2,21.5,7.0,5.5
Cooper Flagg,SAS,4,22.25,6.5,3.25
Cooper Flagg,TOR,2,19.5,6.0,5.0
Cooper Flagg,UTA,2,34.0,8.5,7.0
Cooper Flagg,WAS,2,15.0,6.0,6.0
Corey Kispert,ATL,17,17.0,4.0,2.2
Corey Kispert,BKN,18,7.4,2.0,1.6
Corey Kispert,BOS,16,9.2,2.8,1.0
Corey Kispert,CHA,20,6.4,2.4,2.2
Corey Kispert,CHI,13,12.6,3.8,3.4
Corey Kispert,CLE,15,7.6,1.8,1.4
Corey Kispert,DAL,11,7.6,2.0,1.2
Corey Kispert,DEN,7,9.4,2.2,1.8
Corey Kispert,DET,14,9.0,3.6,2.0
Corey Kispert,GSW,10,8.8,3.4,2.6
Corey Kispert,HOU,11,12.4,2.2,1.6
Corey Kispert,IND,13,13.8,2.2,1.4
Corey Kispert,LAC,8,8.4,2.8,1.0
Corey Kispert,LAL,9,16.4,3.2,2.4
Corey Kispert,MEM,9,15.4,1.8,1.2
Corey Kispert,MIA,16,10.4,3.0,2.0
Corey Kispert,MIL,17,9.8,1.8,2.4
Corey Kispert,MIN,11,7.0,3.0,1.4
Corey Kispert,NOP,8,11.4,2.0,1.8
Corey Kispert,NYK,14,14.0,3.0,1.8
Corey Kispert,OKC,8,12.8,2.4,1.4
Corey Kispert,ORL,16,4.8,1.2,1.0
Corey Kispert,PHI,13,10.6,3.8,1.4
Corey Kispert,PHX,9,9.6,1.8,2.4
Corey Kispert,POR,9,10.4,2.0,1.6
Corey Kispert,SAC,7,10.6,3.0,1.8
Corey Kispert,SAS,8,16.6,3.0,2.2
Corey Kispert,TOR,14,12.6,1.8,1.4
Corey Kispert,UTA,7,10.2,2.2,1.4
Corey Kispert,WAS,2,22.5,4.5,1.5
Cormac Ryan,BKN,2,21.0,5.0,2.5
Cormac Ryan,BOS,1,11.0,1.0,2.0
Cormac Ryan,DET,1,16.0,0.0,0.0
Cormac Ryan,HOU,1,25.0,2.0,4.0
Cormac Ryan,LAC,1,13.0,0.0,0.0
Cormac Ryan,MEM,1,21.0,4.0,3.0
Cormac Ryan,PHI,1,22.0,10.0,4.0
Cormac Ryan,POR,1,2.0,0.0,0.0
Cormac Ryan,SAS,1,0.0,1.0,0.0
Cormac Ryan,UTA,1,5.0,0.0,1.0
Cory Joseph,ATL,9,6.2,1.8,2.0
Cory Joseph,BKN,7,5.8,2.2,2.4
Cory Joseph,BOS,10,4.4,0.4,1.8
Cory Joseph,CHA,8,5.8,1.6,1.4
Cory Joseph,CHI,9,2.0,2.0,3.6
Cory Joseph,CLE,12,3.6,1.2,2.0
Cory Joseph,DAL,4,2.25,2.0,1.25
Cory Joseph,DEN,5,9.2,1.8,2.6
Cory Joseph,DET,3,1.0,0.3333333333333333,1.0
Cory Joseph,GSW,3,3.3333333333333335,1.0,3.6666666666666665
Cory Joseph,HOU,3,11.666666666666666,2.3333333333333335,4.0
Cory Joseph,IND,7,12.8,2.0,4.8
Cory Joseph,LAC,6,4.2,3.0,2.4
Cory Joseph,LAL,5,4.4,2.8,4.8
Cory Joseph,MEM,5,3.2,1.2,3.8
Cory Joseph,MIA,11,3.2,0.8,0.4
Cory Joseph,MIL,7,2.8,2.0,3.4
Cory Joseph,MIN,6,8.2,2.2,3.6
Cory Joseph,NOP,7,3.4,2.2,1.8
Cory Joseph,NYK,7,2.6,1.2,1.6
Cory Joseph,OKC,5,4.2,1.2,2.2
Cory Joseph,ORL,8,7.0,1.8,3.0
Cory Joseph,PHI,9,4.6,0.8,2.6
Cory Joseph,PHX,4,6.75,1.0,3.5
Cory Joseph,POR,5,5.2,2.8,2.4
Cory Joseph,SAC,8,3.8,3.6,2.8
Cory Joseph,SAS,3,5.0,1.3333333333333333,2.0
Cory Joseph,TOR,10,5.4,0.6,2.2
Cory Joseph,UTA,5,7.0,1.2,3.6
Cory Joseph,WAS,12,3.8,1.4,0.8
Craig Porter Jr.,ATL,9,2.4,2.4,1.4
Craig Porter Jr.,BKN,7,5.6,1.8,2.0
Craig Porter Jr.,BOS,5,5.2,2.4,2.2
Craig Porter Jr.,CHA,8,3.2,1.0,0.8
Craig Porter Jr.,CHI,5,4.6,2.0,2.8
Craig Porter Jr.,DAL,3,5.333333333333333,5.333333333333333,2.6666666666666665
Craig Porter Jr.,DEN,3,10.333333333333334,3.3333333333333335,3.0
Craig Porter Jr.,DET,11,5.4,6.0,4.2
Craig Porter Jr.,GSW,4,1.25,1.25,0.25
Craig Porter Jr.,HOU,5,3.6,2.0,2.6
Craig Porter Jr.,IND,10,7.8,4.8,3.8
Craig Porter Jr.,LAC,2,3.5,1.0,1.0
Craig Porter Jr.,LAL,4,4.5,0.75,1.25
Craig Porter Jr.,MEM,5,3.0,2.2,1.4
Craig Porter Jr.,MIA,7,8.0,2.6,3.0
Craig Porter Jr.,MIL,10,4.8,1.4,2.2
Craig Porter Jr.,MIN,4,1.5,2.25,2.75
Craig Porter Jr.,NOP,5,6.0,2.6,5.2
Craig Porter Jr.,NYK,8,5.4,2.4,1.0
Craig Porter Jr.,OKC,2,8.5,3.0,3.0
Craig Porter Jr.,ORL,5,4.8,2.2,3.2
Craig Porter Jr.,PHI,8,1.0,2.2,4.4
Craig Porter Jr.,PHX,3,6.0,5.333333333333333,1.0
Craig Porter Jr.,POR,4,1.75,1.75,4.0
Craig Porter Jr.,SAC,5,2.0,2.2,2.0
Craig Porter Jr.,SAS,5,3.0,3.0,1.4
Craig Porter Jr.,TOR,6,5.6,1.8,2.4
Craig Porter Jr.,UTA,4,3.75,3.0,3.25
Craig Porter Jr.,WAS,9,3.0,5.0,3.8
Craig Sword,CLE,1,0.0,0.0,0.0
Craig Sword,HOU,1,0.0,0.0,0.0
Craig Sword,MIA,1,6.0,0.0,1.0
Cui Cui,CHI,1,2.0,2.0,0.0
Cui Cui,MEM,1,0.0,0.0,0.0
Cui Cui,MIL,1,1.0,0.0,0.0
Cui Cui,NYK,1,0.0,0.0,0.0
Cui Cui,ORL,1,0.0,0.0,0.0
Curtis Jones,DAL,1,0.0,0.0,0.0
Curtis Jones,GSW,1,0.0,0.0,1.0
Curtis Jones,IND,1,2.0,1.0,0.0
Curtis Jones,MEM,1,0.0,0.0,0.0
Curtis Jones,MIA,1,2.0,1.0,1.0
Curtis Jones,MIL,1,5.0,1.0,2.0
Curtis Jones,OKC,1,7.0,1.0,3.0
Curtis Jones,PHI,1,0.0,1.0,0.0
Curtis Jones,PHX,1,0.0,1.0,0.0
Curtis Jones,SAS,1,13.0,5.0,3.0
D'Angelo Russell,ATL,4,18.75,2.5,5.75
D'Angelo Russell,BKN,4,20.5,3.75,8.5
D'Angelo Russell,BOS,6,14.8,4.8,9.0
D'Angelo Russell,CHA,8,17.8,4.6,6.6
D'Angelo Russell,CHI,7,12.0,2.0,3.6
D'Angelo Russell,CLE,7,12.0,2.6,3.6
D'Angelo Russell,DAL,11,16.0,3.2,7.4
D'Angelo Russell,DEN,11,10.4,2.2,4.2
D'Angelo Russell,DET,9,14.4,2.6,3.8
D'Angelo Russell,GSW,13,18.0,2.6,7.6
D'Angelo Russell,HOU,17,13.0,2.2,5.4
D'Angelo Russell,IND,7,17.0,1.8,6.4
D'Angelo Russell,LAC,9,18.2,3.0,5.8
D'Angelo Russell,LAL,6,12.2,3.4,6.8
D'Angelo Russell,MEM,14,8.0,2.4,4.4
D'Angelo Russell,MIA,10,12.2,1.6,3.0
D'Angelo Russell,MIL,8,21.2,4.8,8.6
D'Angelo Russell,MIN,10,8.4,2.0,3.2
D'Angelo Russell,NOP,13,15.8,1.4,3.6
D'Angelo Russell,NYK,7,20.8,3.2,6.6
D'Angelo Russell,OKC,15,14.6,4.8,5.2
D'Angelo Russell,ORL,8,18.6,3.6,6.0
D'Angelo Russell,PHI,9,11.8,2.8,3.0
D'Angelo Russell,PHX,16,12.0,1.8,5.6
D'Angelo Russell,POR,13,20.2,2.8,8.8
D'Angelo Russell,SAC,15,14.2,3.2,3.4
D'Angelo Russell,SAS,11,14.0,1.8,4.8
D'Angelo Russell,TOR,11,17.0,3.4,4.6
D'Angelo Russell,UTA,9,19.0,4.6,8.8
D'Angelo Russell,WAS,8,10.4,2.6,2.6
D'Moi Hodge,DET,1,3.0,0.0,0.0
D'Moi Hodge,HOU,1,3.0,0.0,1.0
D'Moi Hodge,OKC,1,0.0,0.0,0.0
D'Moi Hodge,ORL,1,0.0,0.0,0.0
D'Moi Hodge,PHI,1,3.0,0.0,1.0
D'Moi Hodge,SAC,1,0.0,0.0,0.0
D'Moi Hodge,SAS,1,5.0,0.0,3.0
D.J. Augustin,ATL,1,22.0,2.0,1.0
D.J. Augustin,BKN,1,8.0,4.0,4.0
D.J. Augustin,BOS,2,3.5,0.5,1.5
D.J. Augustin,CHA,1,3.0,0.0,3.0
D.J. Augustin,CHI,2,3.5,2.5,1.0
D.J. Augustin,CLE,2,12.0,0.5,2.0
D.J. Augustin,DAL,2,5.5,1.5,1.0
D.J. Augustin,DEN,3,3.3333333333333335,1.0,2.0
D.J. Augustin,DET,1,8.0,1.0,2.0
D.J. Augustin,GSW,3,5.666666666666667,1.3333333333333333,2.3333333333333335
D.J. Augustin,HOU,1,16.0,1.0,1.0
D.J. Augustin,IND,1,10.0,1.0,1.0
D.J. Augustin,LAC,1,3.0,1.0,6.0
D.J. Augustin,LAL,2,3.5,0.5,1.0
D.J. Augustin,MEM,2,2.0,0.0,3.5
D.J. Augustin,MIL,2,6.0,1.5,4.5
D.J. Augustin,MIN,2,4.5,0.5,1.5
D.J. Augustin,NOP,3,6.0,1.3333333333333333,1.6666666666666667
D.J. Augustin,NYK,2,6.5,0.5,2.5
D.J. Augustin,OKC,3,3.3333333333333335,0.6666666666666666,3.0
D.J. Augustin,ORL,1,8.0,2.0,3.0
D.J. Augustin,PHI,3,3.0,2.6666666666666665,2.6666666666666665
D.J. Augustin,PHX,3,2.0,2.0,2.0
D.J. Augustin,POR,2,0.0,0.5,0.5
D.J. Augustin,SAC,1,11.0,2.0,0.0
D.J. Augustin,SAS,2,7.5,2.5,2.0
D.J. Augustin,TOR,2,4.5,0.5,0.5
D.J. Augustin,UTA,2,7.5,1.5,1.0
D.J. Augustin,WAS,2,1.0,0.5,0.0
D.J. Carton,BKN,1,3.0,1.0,0.0
D.J. Carton,CHA,1,2.0,1.0,1.0
D.J. Carton,DEN,1,0.0,0.0,0.0
D.J. Carton,GSW,1,5.0,0.0,2.0
D.J. Carton,LAL,1,0.0,0.0,0.0
D.J. Carton,MIN,1,3.0,2.0,0.0
D.J. Carton,NOP,1,1.0,2.0,0.0
D.J. Carton,PHI,1,0.0,2.0,3.0
D.J. Wilson,BKN,1,6.0,2.0,1.0
D.J. Wilson,CLE,1,15.0,8.0,4.0
D.J. Wilson,LAC,1,0.0,0.0,0.0
D.J. Wilson,PHI,1,9.0,6.0,0.0
D.J. Wilson,SAC,1,10.0,2.0,2.0
D.J. Wilson,UTA,1,0.0,0.0,0.0
DaQuan Jeffries,ATL,3,18.0,2.6666666666666665,1.0
DaQuan Jeffries,BKN,6,5.6,0.8,0.6
DaQuan Jeffries,BOS,3,6.0,1.6666666666666667,0.3333333333333333
DaQuan Jeffries,CHA,2,1.0,0.0,0.5
DaQuan Jeffries,CHI,2,5.0,2.5,1.0
DaQuan Jeffries,CLE,3,7.666666666666667,2.6666666666666665,0.6666666666666666
DaQuan Jeffries,DAL,1,6.0,8.0,0.0
DaQuan Jeffries,DEN,1,5.0,0.0,1.0
DaQuan Jeffries,DET,3,1.6666666666666667,1.3333333333333333,0.6666666666666666
DaQuan Jeffries,GSW,1,0.0,5.0,0.0
DaQuan Jeffries,HOU,1,4.0,1.0,0.0
DaQuan Jeffries,IND,2,8.0,3.0,1.0
DaQuan Jeffries,LAC,4,1.25,2.0,1.5
DaQuan Jeffries,LAL,2,5.0,2.5,1.5
DaQuan Jeffries,MEM,2,2.0,3.0,1.0
DaQuan Jeffries,MIA,2,7.5,3.0,0.5
DaQuan Jeffries,MIL,1,9.0,6.0,2.0
DaQuan Jeffries,MIN,2,3.0,1.5,1.0
DaQuan Jeffries,NOP,4,4.0,2.75,1.25
DaQuan Jeffries,NYK,2,11.0,2.5,0.5
DaQuan Jeffries,OKC,3,5.333333333333333,1.0,0.6666666666666666
DaQuan Jeffries,ORL,3,3.0,1.0,0.6666666666666666
DaQuan Jeffries,PHI,2,6.0,2.5,0.5
DaQuan Jeffries,PHX,1,0.0,0.0,0.0
DaQuan Jeffries,POR,1,6.0,4.0,0.0
DaQuan Jeffries,SAC,2,4.0,2.0,0.5
DaQuan Jeffries,SAS,3,5.666666666666667,2.3333333333333335,2.0
DaQuan Jeffries,TOR,3,7.333333333333333,3.6666666666666665,2.0
DaQuan Jeffries,UTA,1,10.0,4.0,1.0
DaQuan Jeffries,WAS,4,1.0,0.5,0.5
DaRon Holmes II,ATL,1,6.0,1.0,0.0
DaRon Holmes II,BKN,1,6.0,1.0,1.0
DaRon Holmes II,BOS,2,5.5,1.5,0.5
DaRon Holmes II,CHA,1,7.0,3.0,2.0
DaRon Holmes II,CHI,1,0.0,0.0,0.0
DaRon Holmes II,CLE,1,3.0,4.0,6.0
DaRon Holmes II,DAL,1,3.0,2.0,0.0
DaRon Holmes II,GSW,1,5.0,0.0,0.0
DaRon Holmes II,LAC,1,2.0,0.0,0.0
DaRon Holmes II,MEM,1,3.0,4.0,0.0
DaRon Holmes II,MIA,1,4.0,3.0,0.0
DaRon Holmes II,MIL,1,3.0,4.0,0.0
DaRon Holmes II,MIN,2,0.0,0.0,0.0
DaRon Holmes II,NYK,1,11.0,1.0,0.0
DaRon Holmes II,OKC,2,2.0,0.0,0.0
DaRon Holmes II,PHI,1,2.0,1.0,4.0
DaRon Holmes II,PHX,1,3.0,0.0,0.0
DaRon Holmes II,POR,2,4.5,2.0,0.5
DaRon Holmes II,SAS,1,0.0,1.0,0.0
DaRon Holmes II,TOR,1,11.0,3.0,1.0
DaRon Holmes II,UTA,1,0.0,0.0,0.0
Daeqwon Plowden,ATL,2,8.0,2.5,0.0
Daeqwon Plowden,BKN,2,2.0,1.0,1.5
Daeqwon Plowden,BOS,1,2.0,2.0,1.0
Daeqwon Plowden,CHA,2,17.5,3.0,0.5
Daeqwon Plowden,CHI,2,17.5,3.5,1.0
Daeqwon Plowden,CLE,1,16.0,6.0,4.0
Daeqwon Plowden,DAL,1,19.0,4.0,0.0
Daeqwon Plowden,GSW,2,15.5,5.0,2.0
Daeqwon Plowden,HOU,1,9.0,2.0,0.0
Daeqwon Plowden,IND,1,10.0,6.0,0.0
Daeqwon Plowden,LAC,3,12.666666666666666,2.3333333333333335,1.6666666666666667
Daeqwon Plowden,LAL,1,2.0,2.0,2.0
Daeqwon Plowden,MEM,1,19.0,5.0,1.0
Daeqwon Plowden,NOP,3,9.333333333333334,2.3333333333333335,1.3333333333333333
Daeqwon Plowden,NYK,1,0.0,2.0,0.0
Daeqwon Plowden,ORL,3,13.333333333333334,2.6666666666666665,0.6666666666666666
Daeqwon Plowden,PHI,1,20.0,2.0,1.0
Daeqwon Plowden,PHX,1,2.0,4.0,1.0
Daeqwon Plowden,POR,2,4.0,0.5,1.0
Daeqwon Plowden,SAS,2,9.0,1.5,1.0
Daeqwon Plowden,TOR,2,8.0,1.5,1.0
Daeqwon Plowden,UTA,2,9.5,5.0,3.0
Daeqwon Plowden,WAS,1,0.0,4.0,0.0
Daishen Nix,ATL,2,1.0,1.5,1.0
Daishen Nix,BKN,2,2.5,0.5,0.0
Daishen Nix,CHA,1,11.0,3.0,3.0
Daishen Nix,CLE,2,2.5,2.5,2.5
Daishen Nix,DAL,6,2.8,0.6,1.2
Daishen Nix,DEN,7,6.6,1.0,2.4
Daishen Nix,DET,2,5.5,0.0,2.5
Daishen Nix,GSW,5,3.6,1.6,2.4
Daishen Nix,IND,3,3.6666666666666665,3.6666666666666665,1.3333333333333333
Daishen Nix,LAC,7,2.0,1.0,1.2
Daishen Nix,LAL,3,0.0,1.0,1.3333333333333333
Daishen Nix,MEM,5,3.4,1.6,1.2
Daishen Nix,MIA,3,4.0,1.0,1.6666666666666667
Daishen Nix,MIL,3,3.3333333333333335,0.6666666666666666,2.0
Daishen Nix,MIN,3,2.3333333333333335,1.6666666666666667,4.333333333333333
Daishen Nix,NOP,5,1.6,1.2,1.8
Daishen Nix,NYK,2,0.0,1.5,1.5
Daishen Nix,OKC,4,2.5,2.5,2.25
Daishen Nix,ORL,2,1.5,0.5,1.0
Daishen Nix,PHI,3,0.6666666666666666,0.3333333333333333,1.6666666666666667
Daishen Nix,PHX,4,3.0,3.0,2.0
Daishen Nix,POR,7,7.2,0.4,1.6
Daishen Nix,SAC,4,1.75,1.0,1.0
Daishen Nix,SAS,4,6.75,3.0,4.5
Daishen Nix,TOR,4,3.5,2.0,2.5
Daishen Nix,UTA,4,3.0,0.5,1.25
Daishen Nix,WAS,2,1.0,0.5,0.5
Dakota Mathias,BKN,1,0.0,0.0,0.0
Dakota Mathias,CHI,1,0.0,0.0,0.0
Dakota Mathias,DAL,1,0.0,0.0,1.0
Dakota Mathias,DET,1,6.0,2.0,0.0
Dakota Mathias,LAC,1,0.0,0.0,0.0
Dakota Mathias,SAS,1,0.0,0.0,0.0
Dalano Banton,ATL,10,17.0,5.2,4.2
Dalano Banton,BKN,8,8.2,1.8,0.4
Dalano Banton,BOS,8,10.2,1.8,3.0
Dalano Banton,CHA,9,4.4,2.0,1.2
Dalano Banton,CHI,9,9.4,2.4,1.2
Dalano Banton,CLE,9,2.8,2.4,1.0
Dalano Banton,DAL,5,3.4,1.6,2.2
Dalano Banton,DEN,8,13.8,1.6,3.6
Dalano Banton,DET,6,7.4,1.8,1.4
Dalano Banton,GSW,5,3.4,1.8,2.4
Dalano Banton,HOU,10,9.4,4.4,2.8
Dalano Banton,IND,11,1.6,1.8,0.4
Dalano Banton,LAC,7,13.6,2.4,3.0
Dalano Banton,LAL,8,8.0,1.6,2.6
Dalano Banton,MEM,8,10.6,3.0,1.4
Dalano Banton,MIA,10,4.6,2.6,1.4
Dalano Banton,MIL,3,5.666666666666667,3.3333333333333335,4.0
Dalano Banton,MIN,9,11.4,3.0,3.2
Dalano Banton,NOP,8,12.8,2.2,2.6
Dalano Banton,NYK,6,3.2,0.6,1.4
Dalano Banton,OKC,7,8.6,2.0,3.0
Dalano Banton,ORL,11,10.2,2.2,3.0
Dalano Banton,PHI,6,2.8,2.8,0.6
Dalano Banton,PHX,4,5.0,1.25,1.75
Dalano Banton,POR,2,2.5,2.0,1.5
Dalano Banton,SAC,8,8.8,1.6,2.2
Dalano Banton,SAS,8,6.0,2.2,2.2
Dalano Banton,TOR,5,10.0,2.0,1.2
Dalano Banton,UTA,7,7.0,1.6,2.2
Dalano Banton,WAS,7,6.0,3.0,4.8
Dalen Terry,ATL,9,4.2,1.0,1.8
Dalen Terry,BKN,9,2.6,1.6,0.6
Dalen Terry,BOS,8,4.4,1.2,1.0
Dalen Terry,CHA,11,4.0,1.2,1.4
Dalen Terry,CHI,1,7.0,0.0,2.0
Dalen Terry,CLE,11,5.6,1.6,1.8
Dalen Terry,DAL,6,6.0,2.4,1.4
Dalen Terry,DEN,8,8.4,2.0,2.4
Dalen Terry,DET,12,3.0,1.4,0.8
Dalen Terry,GSW,5,3.4,0.8,1.0
Dalen Terry,HOU,6,5.8,2.4,2.2
Dalen Terry,IND,12,2.2,0.8,0.8
Dalen Terry,LAC,6,3.8,2.6,1.6
Dalen Terry,LAL,6,3.6,2.2,1.8
Dalen Terry,MEM,5,2.8,1.4,1.6
Dalen Terry,MIA,8,6.2,3.6,3.4
Dalen Terry,MIL,13,4.0,2.4,1.0
Dalen Terry,MIN,4,2.25,1.5,0.75
Dalen Terry,NOP,6,2.2,1.8,1.0
Dalen Terry,NYK,8,3.0,2.0,0.8
Dalen Terry,OKC,5,2.6,1.4,0.8
Dalen Terry,ORL,8,1.4,1.6,0.6
Dalen Terry,PHI,10,5.0,1.8,1.4
Dalen Terry,PHX,5,0.8,0.4,0.4
Dalen Terry,POR,7,4.0,2.6,2.0
Dalen Terry,SAC,4,3.5,1.5,1.5
Dalen Terry,SAS,7,4.0,1.4,0.4
Dalen Terry,TOR,6,2.8,1.6,1.0
Dalen Terry,UTA,5,5.8,2.8,1.4
Dalen Terry,WAS,7,5.0,1.4,3.0
Dalton Knecht,ATL,4,10.75,2.75,1.0
Dalton Knecht,BKN,3,8.333333333333334,1.6666666666666667,1.0
Dalton Knecht,BOS,4,6.75,2.75,0.5
Dalton Knecht,CHA,4,2.0,3.0,0.0
Dalton Knecht,CHI,2,3.0,2.0,1.0
Dalton Knecht,CLE,4,6.75,1.75,0.5
Dalton Knecht,DAL,4,5.0,0.25,0.0
Dalton Knecht,DEN,4,14.25,2.75,0.75
Dalton Knecht,DET,3,7.333333333333333,1.3333333333333333,0.3333333333333333
Dalton Knecht,GSW,4,6.5,2.0,0.75
Dalton Knecht,HOU,4,1.75,0.5,0.0
Dalton Knecht,IND,2,3.0,1.0,0.5
Dalton Knecht,LAC,6,8.6,2.6,0.4
Dalton Knecht,MEM,7,3.0,1.6,0.6
Dalton Knecht,MIA,3,2.3333333333333335,1.3333333333333333,0.6666666666666666
Dalton Knecht,MIL,4,10.0,4.0,1.75
Dalton Knecht,MIN,7,4.2,2.4,0.4
Dalton Knecht,NOP,6,8.0,1.4,1.0
Dalton Knecht,NYK,3,4.333333333333333,1.3333333333333333,0.3333333333333333
Dalton Knecht,OKC,5,9.4,3.0,1.0
Dalton Knecht,ORL,2,10.0,2.0,0.5
Dalton Knecht,PHI,3,9.333333333333334,3.3333333333333335,0.0
Dalton Knecht,PHX,7,6.2,2.8,0.2
Dalton Knecht,POR,7,10.8,3.2,0.8
Dalton Knecht,SAC,8,6.0,1.6,0.4
Dalton Knecht,SAS,8,6.0,2.4,1.0
Dalton Knecht,TOR,4,3.25,1.25,0.75
Dalton Knecht,UTA,6,6.6,1.8,1.0
Dalton Knecht,WAS,4,4.25,1.0,0.25
Damian Jones,ATL,4,2.75,1.5,0.5
Damian Jones,BKN,5,4.8,2.4,0.8
Damian Jones,BOS,4,3.0,1.75,0.5
Damian Jones,CHA,4,2.25,1.0,0.25
Damian Jones,CHI,1,6.0,2.0,1.0
Damian Jones,CLE,2,3.5,6.0,1.5
Damian Jones,DAL,4,6.5,5.25,0.75
Damian Jones,DEN,11,1.8,1.4,0.2
Damian Jones,DET,3,2.3333333333333335,1.3333333333333333,0.6666666666666666
Damian Jones,GSW,5,6.8,2.8,1.4
Damian Jones,HOU,4,11.5,9.0,2.25
Damian Jones,IND,2,6.0,4.5,0.5
Damian Jones,LAC,5,3.2,1.4,0.8
Damian Jones,LAL,6,7.0,3.4,1.0
Damian Jones,MEM,6,7.0,3.2,0.4
Damian Jones,MIA,6,5.2,2.4,0.4
Damian Jones,MIL,5,3.8,3.6,1.6
Damian Jones,MIN,4,5.25,4.25,1.5
Damian Jones,NOP,4,10.5,3.0,0.25
Damian Jones,NYK,3,6.0,3.3333333333333335,0.3333333333333333
Damian Jones,OKC,8,3.2,3.2,0.4
Damian Jones,ORL,3,9.666666666666666,2.6666666666666665,0.3333333333333333
Damian Jones,PHI,1,9.0,1.0,3.0
Damian Jones,PHX,7,6.8,5.0,0.8
Damian Jones,POR,5,2.6,1.8,0.4
Damian Jones,SAC,4,1.5,2.0,0.5
Damian Jones,SAS,7,3.4,2.4,0.6
Damian Jones,TOR,4,4.0,5.25,0.5
Damian Jones,UTA,5,4.0,2.0,0.8
Damian Jones,WAS,4,3.5,1.5,0.0
Damian Lillard,ATL,8,24.2,6.0,7.0
Damian Lillard,BKN,7,20.2,3.8,7.6
Damian Lillard,BOS,9,24.4,4.6,5.6
Damian Lillard,CHA,10,25.2,5.4,6.6
Damian Lillard,CHI,9,21.4,4.4,9.2
Damian Lillard,CLE,9,29.8,3.2,5.4
Damian Lillard,DAL,9,31.8,3.6,7.4
Damian Lillard,DEN,8,26.6,4.0,6.0
Damian Lillard,DET,7,31.2,4.2,6.4
Damian Lillard,GSW,8,25.2,3.6,6.2
Damian Lillard,HOU,7,33.6,3.6,7.6
Damian Lillard,IND,11,19.2,4.8,8.4
Damian Lillard,LAC,8,28.2,7.0,8.2
Damian Lillard,LAL,8,28.2,5.6,9.0
Damian Lillard,MEM,7,23.4,4.6,7.4
Damian Lillard,MIA,8,28.4,4.4,9.0
Damian Lillard,MIL,1,28.0,4.0,5.0
Damian Lillard,MIN,5,29.2,5.8,6.6
Damian Lillard,NOP,4,31.5,5.25,5.75
Damian Lillard,NYK,8,23.0,4.6,6.4
Damian Lillard,OKC,5,22.4,2.8,6.0
Damian Lillard,ORL,9,25.8,4.4,5.2
Damian Lillard,PHI,10,27.8,6.2,7.2
Damian Lillard,PHX,5,30.0,4.4,8.8
Damian Lillard,POR,4,23.0,4.0,5.75
Damian Lillard,SAC,6,23.0,4.8,7.8
Damian Lillard,SAS,7,30.0,3.2,8.2
Damian Lillard,TOR,8,27.8,3.8,7.2
Damian Lillard,UTA,8,34.2,4.6,8.2
Damian Lillard,WAS,5,29.2,5.8,7.8
Damion Baugh,ATL,1,11.0,9.0,5.0
Damion Baugh,BKN,1,14.0,2.0,4.0
Damion Baugh,BOS,2,5.5,5.5,4.5
Damion Baugh,CLE,1,6.0,1.0,4.0
Damion Baugh,DAL,1,2.0,2.0,2.0
Damion Baugh,DEN,1,14.0,0.0,6.0
Damion Baugh,GSW,2,7.5,3.5,5.5
Damion Baugh,IND,1,2.0,2.0,3.0
Damion Baugh,MIN,1,4.0,1.0,2.0
Damion Baugh,ORL,1,16.0,5.0,3.0
Damion Baugh,SAC,1,4.0,2.0,4.0
Damion Baugh,TOR,1,5.0,3.0,1.0
Damion Baugh,WAS,1,5.0,5.0,2.0
Damion Lee,ATL,4,9.25,3.5,1.0
Damion Lee,BKN,5,5.8,3.0,1.4
Damion Lee,BOS,6,3.6,2.8,0.8
Damion Lee,CHA,4,8.0,3.25,0.25
Damion Lee,CHI,3,11.0,3.6666666666666665,0.6666666666666666
Damion Lee,CLE,4,7.25,3.25,1.25
Damion Lee,DAL,9,4.0,2.2,1.4
Damion Lee,DEN,6,8.0,2.4,0.8
Damion Lee,DET,4,3.5,2.75,1.25
Damion Lee,GSW,6,9.2,4.6,1.0
Damion Lee,HOU,8,5.8,2.0,0.6
Damion Lee,IND,5,6.8,2.2,0.6
Damion Lee,LAC,6,5.8,2.6,1.0
Damion Lee,LAL,6,7.8,4.0,1.4
Damion Lee,MEM,8,6.4,1.8,2.8
Damion Lee,MIA,4,11.0,4.5,1.5
Damion Lee,MIL,3,3.0,3.0,0.6666666666666666
Damion Lee,MIN,7,9.8,2.6,1.2
Damion Lee,NOP,7,8.2,2.4,0.6
Damion Lee,NYK,5,8.8,2.0,1.0
Damion Lee,OKC,8,5.2,2.6,0.8
Damion Lee,ORL,4,4.5,2.25,0.5
Damion Lee,PHI,3,5.0,2.3333333333333335,0.6666666666666666
Damion Lee,PHX,1,4.0,3.0,0.0
Damion Lee,POR,6,8.8,3.2,1.2
Damion Lee,SAC,9,6.0,1.0,0.8
Damion Lee,SAS,7,3.8,3.2,1.0
Damion Lee,TOR,5,7.0,1.6,0.6
Damion Lee,UTA,6,3.8,2.2,0.6
Damion Lee,WAS,3,4.333333333333333,3.3333333333333335,2.0
Damyean Dotson,DET,1,0.0,1.0,0.0
Damyean Dotson,WAS,1,4.0,1.0,1.0
Daniel Gafford,ATL,15,13.0,7.2,1.0
Daniel Gafford,BKN,12,7.6,4.6,1.0
Daniel Gafford,BOS,9,8.2,9.4,1.6
Daniel Gafford,CHA,15,17.4,9.6,2.0
Daniel Gafford,CHI,9,13.6,7.0,0.6
Daniel Gafford,CLE,12,9.2,6.4,0.8
Daniel Gafford,DAL,5,10.0,8.6,1.8
Daniel Gafford,DEN,12,8.8,5.2,0.4
Daniel Gafford,DET,13,11.0,5.8,1.8
Daniel Gafford,GSW,12,12.2,8.4,2.6
Daniel Gafford,HOU,11,9.6,7.2,0.8
Daniel Gafford,IND,14,10.4,6.6,1.2
Daniel Gafford,LAC,10,7.2,7.2,1.2
Daniel Gafford,LAL,9,5.2,5.0,1.0
Daniel Gafford,MEM,11,12.2,7.0,1.2
Daniel Gafford,MIA,13,9.4,7.2,1.0
Daniel Gafford,MIL,11,10.2,6.6,2.2
Daniel Gafford,MIN,11,11.4,6.2,1.0
Daniel Gafford,NOP,11,15.0,8.8,1.6
Daniel Gafford,NYK,10,6.0,7.4,1.0
Daniel Gafford,OKC,12,9.6,6.4,1.4
Daniel Gafford,ORL,14,13.6,9.6,1.6
Daniel Gafford,PHI,13,8.0,5.0,0.8
Daniel Gafford,PHX,12,11.4,6.6,1.0
Daniel Gafford,POR,11,15.4,6.8,1.2
Daniel Gafford,SAC,10,7.8,7.2,0.6
Daniel Gafford,SAS,10,13.8,7.0,2.0
Daniel Gafford,TOR,13,13.6,7.8,1.2
Daniel Gafford,UTA,12,7.0,6.4,1.0
Daniel Gafford,WAS,4,14.5,9.25,1.5
Daniel Oturu,CLE,1,7.0,2.0,0.0
Daniel Oturu,NYK,1,2.0,1.0,0.0
Daniel Oturu,PHI,1,0.0,2.0,0.0
Daniel Theis,ATL,4,4.75,4.5,0.75
Daniel Theis,BKN,4,4.75,2.5,0.5
Daniel Theis,BOS,6,10.8,4.8,1.4
Daniel Theis,CHA,4,4.5,2.75,1.0
Daniel Theis,CHI,5,7.4,4.0,2.4
Daniel Theis,CLE,4,3.0,3.0,1.75
Daniel Theis,DAL,5,7.0,5.0,1.0
Daniel Theis,DEN,6,6.0,4.0,1.0
Daniel Theis,DET,4,3.75,3.25,1.0
Daniel Theis,GSW,8,4.8,4.0,1.4
Daniel Theis,HOU,4,6.5,5.0,1.0
Daniel Theis,IND,6,5.0,5.4,0.8
Daniel Theis,LAC,1,6.0,2.0,1.0
Daniel Theis,LAL,5,3.4,2.8,0.8
Daniel Theis,MEM,9,5.4,5.0,2.6
Daniel Theis,MIA,4,7.5,2.25,0.25
Daniel Theis,MIL,4,8.25,4.25,1.0
Daniel Theis,MIN,7,4.0,5.8,0.8
Daniel Theis,NOP,5,3.8,2.8,0.6
Daniel Theis,NYK,4,8.25,4.0,0.5
Daniel Theis,OKC,6,6.6,6.2,0.8
Daniel Theis,ORL,1,2.0,1.0,2.0
Daniel Theis,PHI,5,7.2,5.8,1.0
Daniel Theis,PHX,5,5.6,2.4,1.0
Daniel Theis,POR,8,4.6,4.8,1.4
Daniel Theis,SAC,8,6.2,3.8,0.6
Daniel Theis,SAS,3,11.666666666666666,6.666666666666667,2.3333333333333335
Daniel Theis,TOR,5,5.4,5.2,1.4
Daniel Theis,UTA,7,11.6,6.6,2.6
Daniel Theis,WAS,5,6.2,4.6,0.6
Danilo Gallinari,ATL,1,8.0,5.0,0.0
Danilo Gallinari,BKN,5,10.2,3.8,1.2
Danilo Gallinari,BOS,6,7.6,2.6,0.8
Danilo Gallinari,CHA,9,7.6,2.6,1.6
Danilo Gallinari,CHI,3,12.333333333333334,5.0,0.0
Danilo Gallinari,CLE,3,16.333333333333332,3.3333333333333335,2.0
Danilo Gallinari,DAL,2,10.5,5.5,0.5
Danilo Gallinari,DEN,2,5.0,4.5,1.0
Danilo Gallinari,DET,2,15.0,3.0,1.0
Danilo Gallinari,GSW,3,9.666666666666666,3.0,1.3333333333333333
Danilo Gallinari,HOU,2,19.0,3.0,1.0
Danilo Gallinari,IND,5,10.6,4.8,2.4
Danilo Gallinari,LAC,5,7.8,2.4,1.8
Danilo Gallinari,LAL,3,5.666666666666667,3.3333333333333335,1.0
Danilo Gallinari,MEM,4,6.75,1.75,2.5
Danilo Gallinari,MIA,4,9.5,3.75,1.0
Danilo Gallinari,MIL,7,8.4,3.2,2.2
Danilo Gallinari,MIN,3,11.666666666666666,4.0,1.0
Danilo Gallinari,NOP,3,15.0,4.333333333333333,1.3333333333333333
Danilo Gallinari,NYK,4,9.75,5.5,1.5
Danilo Gallinari,OKC,3,8.333333333333334,3.3333333333333335,1.0
Danilo Gallinari,ORL,7,7.0,3.2,0.8
Danilo Gallinari,PHI,7,2.0,1.8,1.2
Danilo Gallinari,PHX,3,9.333333333333334,3.0,1.0
Danilo Gallinari,POR,2,5.5,6.5,2.0
Danilo Gallinari,SAC,4,8.0,4.0,0.5
Danilo Gallinari,SAS,2,13.0,5.5,2.0
Danilo Gallinari,TOR,4,2.5,2.5,1.5
Danilo Gallinari,UTA,2,4.5,1.0,0.5
Danilo Gallinari,WAS,5,11.4,4.2,0.4
Daniss Jenkins,ATL,4,11.75,4.0,6.0
Daniss Jenkins,BKN,5,9.2,1.8,3.2
Daniss Jenkins,BOS,4,0.0,0.25,0.5
Daniss Jenkins,CHA,3,3.3333333333333335,1.6666666666666667,1.3333333333333333
Daniss Jenkins,CHI,3,7.666666666666667,3.3333333333333335,9.666666666666666
Daniss Jenkins,CLE,5,9.4,0.6,2.4
Daniss Jenkins,DAL,1,11.0,4.0,1.0
Daniss Jenkins,DEN,2,3.0,1.0,1.5
Daniss Jenkins,GSW,2,17.0,4.5,6.0
Daniss Jenkins,HOU,2,7.5,1.0,2.0
Daniss Jenkins,IND,4,9.0,2.5,4.75
Daniss Jenkins,LAC,2,5.0,2.0,1.0
Daniss Jenkins,LAL,2,15.0,2.5,4.5
Daniss Jenkins,MEM,1,4.0,4.0,7.0
Daniss Jenkins,MIA,2,6.5,2.5,3.0
Daniss Jenkins,MIL,5,5.4,1.8,2.8
Daniss Jenkins,MIN,3,14.666666666666666,4.333333333333333,4.0
Daniss Jenkins,NOP,2,18.0,1.5,6.5
Daniss Jenkins,NYK,4,9.5,1.5,2.25
Daniss Jenkins,OKC,2,9.5,3.5,3.0
Daniss Jenkins,ORL,4,5.0,0.75,2.0
Daniss Jenkins,PHI,4,10.25,2.25,6.25
Daniss Jenkins,PHX,2,5.5,1.5,4.0
Daniss Jenkins,POR,2,4.5,1.0,3.0
Daniss Jenkins,SAC,1,11.0,1.0,6.0
Daniss Jenkins,SAS,2,3.5,1.5,0.5
Daniss Jenkins,TOR,2,14.5,4.0,3.0
Daniss Jenkins,UTA,1,6.0,0.0,2.0
Daniss Jenkins,WAS,3,16.0,4.0,5.0
Danny Green,ATL,3,6.333333333333333,2.3333333333333335,1.0
Danny Green,BKN,2,7.0,1.5,0.0
Danny Green,BOS,3,5.666666666666667,1.3333333333333333,1.3333333333333333
Danny Green,CHA,6,6.4,2.6,1.0
Danny Green,CHI,3,3.6666666666666665,1.0,0.6666666666666666
Danny Green,CLE,4,3.75,2.0,0.5
Danny Green,DAL,2,3.5,3.5,0.0
Danny Green,DEN,1,0.0,4.0,2.0
Danny Green,DET,4,1.5,1.75,0.75
Danny Green,GSW,2,7.5,2.0,1.5
Danny Green,HOU,2,5.5,2.5,0.5
Danny Green,IND,3,10.666666666666666,3.3333333333333335,1.6666666666666667
Danny Green,LAC,1,8.0,1.0,1.0
Danny Green,LAL,2,4.5,1.5,0.0
Danny Green,MEM,2,4.0,4.0,0.5
Danny Green,MIA,3,7.0,4.0,1.0
Danny Green,MIL,4,5.0,2.25,1.0
Danny Green,MIN,2,8.5,3.0,1.5
Danny Green,NOP,1,0.0,0.0,0.0
Danny Green,NYK,4,7.0,1.5,1.5
Danny Green,OKC,2,7.0,5.5,1.0
Danny Green,ORL,3,8.666666666666666,2.0,1.3333333333333333
Danny Green,PHI,1,3.0,1.0,0.0
Danny Green,PHX,2,4.5,4.5,0.5
Danny Green,POR,2,7.0,3.5,1.0
Danny Green,SAC,1,11.0,1.0,0.0
Danny Green,SAS,1,6.0,2.0,1.0
Danny Green,TOR,6,6.2,1.6,1.2
Danny Green,UTA,1,0.0,2.0,1.0
Danny Green,WAS,2,4.0,1.0,1.0
Danny Wolf,ATL,2,6.5,6.0,3.0
Danny Wolf,BOS,3,6.666666666666667,2.6666666666666665,1.0
Danny Wolf,CHA,1,10.0,7.0,1.0
Danny Wolf,CHI,4,12.0,4.25,2.75
Danny Wolf,CLE,2,17.0,7.5,6.0
Danny Wolf,DAL,3,8.0,4.666666666666667,1.3333333333333333
Danny Wolf,DEN,2,4.5,3.5,2.0
Danny Wolf,DET,3,9.0,7.0,3.3333333333333335
Danny Wolf,GSW,1,0.0,1.0,2.0
Danny Wolf,HOU,1,9.0,4.0,5.0
Danny Wolf,IND,1,14.0,8.0,0.0
Danny Wolf,LAC,2,12.5,6.5,2.5
Danny Wolf,LAL,1,7.0,4.0,3.0
Danny Wolf,MEM,2,12.5,9.5,1.0
Danny Wolf,MIA,3,6.666666666666667,4.333333333333333,3.0
Danny Wolf,MIL,2,15.0,4.0,3.0
Danny Wolf,MIN,2,5.5,2.0,1.5
Danny Wolf,NOP,2,6.0,4.5,1.5
Danny Wolf,NYK,2,5.5,4.0,1.0
Danny Wolf,OKC,2,7.0,3.5,2.0
Danny Wolf,ORL,2,9.5,5.5,2.0
Danny Wolf,PHI,3,7.666666666666667,5.666666666666667,1.6666666666666667
Danny Wolf,PHX,2,6.0,4.5,0.5
Danny Wolf,POR,1,8.0,5.0,4.0
Danny Wolf,SAC,1,9.0,4.0,0.0
Danny Wolf,SAS,1,14.0,5.0,2.0
Danny Wolf,TOR,2,1.0,2.0,1.0
Danny Wolf,UTA,2,15.5,7.0,2.5
Danny Wolf,WAS,2,13.5,6.5,4.5
Dante Exum,ATL,2,4.5,2.5,2.5
Dante Exum,BKN,1,2.0,0.0,0.0
Dante Exum,BOS,2,9.5,1.0,3.0
Dante Exum,CHA,3,5.666666666666667,2.6666666666666665,2.0
Dante Exum,CHI,2,2.0,3.0,1.0
Dante Exum,CLE,2,13.5,3.0,4.5
Dante Exum,DEN,3,6.333333333333333,1.3333333333333333,1.0
Dante Exum,DET,3,1.6666666666666667,2.0,2.6666666666666665
Dante Exum,GSW,5,9.4,1.4,5.4
Dante Exum,HOU,5,9.0,2.6,2.0
Dante Exum,IND,1,4.0,2.0,2.0
Dante Exum,LAC,3,8.666666666666666,5.333333333333333,3.0
Dante Exum,LAL,3,12.666666666666666,2.3333333333333335,1.3333333333333333
Dante Exum,MEM,4,6.25,3.0,3.0
Dante Exum,MIA,3,14.333333333333334,3.3333333333333335,3.6666666666666665
Dante Exum,MIL,2,5.0,1.0,0.5
Dante Exum,MIN,2,12.5,3.0,5.0
Dante Exum,NOP,3,6.333333333333333,1.3333333333333333,2.3333333333333335
Dante Exum,OKC,1,7.0,0.0,2.0
Dante Exum,PHI,2,7.5,0.5,2.0
Dante Exum,PHX,3,8.333333333333334,2.6666666666666665,3.0
Dante Exum,POR,2,20.5,4.0,5.0
Dante Exum,SAC,5,6.4,1.8,4.0
Dante Exum,SAS,5,13.2,2.8,2.0
Dante Exum,TOR,3,5.0,3.0,2.6666666666666665
Dante Exum,UTA,4,3.0,2.5,3.75
Dante Exum,WAS,1,5.0,7.0,3.0
Danuel House Jr.,ATL,5,10.4,1.4,0.8
Danuel House Jr.,BKN,4,5.0,3.0,2.0
Danuel House Jr.,BOS,5,0.6,0.6,0.2
Danuel House Jr.,CHA,5,5.8,1.8,0.6
Danuel House Jr.,CHI,6,4.0,0.8,1.0
Danuel House Jr.,CLE,3,4.666666666666667,1.3333333333333333,0.3333333333333333
Danuel House Jr.,DAL,6,2.4,1.8,0.2
Danuel House Jr.,DEN,2,7.0,2.0,0.5
Danuel House Jr.,DET,7,4.4,2.0,1.0
Danuel House Jr.,GSW,3,5.333333333333333,1.6666666666666667,0.0
Danuel House Jr.,HOU,7,3.0,2.6,1.2
Danuel House Jr.,IND,7,5.4,1.2,1.0
Danuel House Jr.,LAC,2,1.0,1.0,0.0
Danuel House Jr.,LAL,2,2.5,2.0,0.5
Danuel House Jr.,MEM,4,9.25,3.0,0.5
Danuel House Jr.,MIA,3,3.6666666666666665,1.6666666666666667,0.6666666666666666
Danuel House Jr.,MIL,4,6.5,1.75,0.75
Danuel House Jr.,MIN,4,4.75,3.25,1.0
Danuel House Jr.,NOP,2,8.5,1.5,2.0
Danuel House Jr.,NYK,4,0.5,1.25,0.5
Danuel House Jr.,OKC,8,5.8,2.2,1.2
Danuel House Jr.,ORL,5,5.0,1.2,1.2
Danuel House Jr.,PHX,5,7.8,4.2,1.4
Danuel House Jr.,POR,6,3.8,2.4,1.2
Danuel House Jr.,SAC,3,5.666666666666667,1.6666666666666667,0.3333333333333333
Danuel House Jr.,SAS,4,5.0,2.75,0.75
Danuel House Jr.,TOR,7,4.4,1.6,0.6
Danuel House Jr.,UTA,2,3.0,1.5,2.0
Danuel House Jr.,WAS,7,5.6,2.0,0.8
Dario Saric,ATL,2,10.5,4.0,3.0
Dario Saric,BKN,6,4.4,1.8,0.4
Dario Saric,BOS,5,6.6,5.6,1.4
Dario Saric,CHA,3,7.0,4.0,2.0
Dario Saric,CHI,1,12.0,7.0,6.0
Dario Saric,CLE,4,4.5,4.5,1.0
Dario Saric,DAL,6,1.6,3.6,1.2
Dario Saric,DEN,5,9.2,5.4,2.8
Dario Saric,DET,4,9.5,2.75,1.25
Dario Saric,GSW,3,12.666666666666666,6.0,2.6666666666666665
Dario Saric,HOU,5,9.0,5.2,2.8
Dario Saric,IND,2,6.0,4.5,3.0
Dario Saric,LAC,7,3.6,3.6,1.4
Dario Saric,LAL,6,4.4,2.2,1.4
Dario Saric,MEM,8,9.0,6.2,2.2
Dario Saric,MIA,1,10.0,6.0,1.0
Dario Saric,MIL,2,6.0,3.5,4.0
Dario Saric,MIN,6,8.4,4.2,1.6
Dario Saric,NOP,6,5.6,6.0,3.0
Dario Saric,NYK,2,0.0,1.5,2.0
Dario Saric,OKC,5,10.2,6.0,2.2
Dario Saric,ORL,2,1.0,3.0,1.0
Dario Saric,PHI,3,3.6666666666666665,2.0,3.0
Dario Saric,PHX,9,7.8,4.2,1.6
Dario Saric,POR,9,1.6,1.8,0.4
Dario Saric,SAC,6,13.0,4.8,2.6
Dario Saric,SAS,6,7.6,5.6,1.8
Dario Saric,TOR,6,5.6,2.0,1.8
Dario Saric,UTA,9,7.6,4.6,1.4
Dario Saric,WAS,3,6.0,1.0,0.6666666666666666
Dariq Whitehead,ATL,1,0.0,2.0,0.0
Dariq Whitehead,CHI,1,18.0,2.0,1.0
Dariq Whitehead,CLE,1,20.0,3.0,1.0
Dariq Whitehead,DAL,1,8.0,2.0,2.0
Dariq Whitehead,DEN,1,7.0,7.0,3.0
Dariq Whitehead,HOU,1,26.0,4.0,1.0
Dariq Whitehead,IND,1,3.0,0.0,0.0
Dariq Whitehead,LAC,2,4.0,0.5,0.0
Dariq Whitehead,MIA,2,0.5,0.0,0.0
Dariq Whitehead,MIL,3,6.0,2.6666666666666665,1.6666666666666667
Dariq Whitehead,MIN,2,11.5,2.5,1.0
Dariq Whitehead,NOP,1,14.0,2.0,2.0
Dariq Whitehead,NYK,1,3.0,1.0,0.0
Dariq Whitehead,ORL,1,0.0,0.0,0.0
Dariq Whitehead,PHI,1,0.0,1.0,0.0
Dariq Whitehead,PHX,1,12.0,2.0,0.0
Dariq Whitehead,POR,1,0.0,0.0,0.0
Dariq Whitehead,SAS,1,3.0,0.0,0.0
Dariq Whitehead,TOR,3,10.0,3.3333333333333335,2.0
Dariq Whitehead,UTA,1,21.0,3.0,0.0
Dariq Whitehead,WAS,1,0.0,4.0,1.0
Darius Bazley,ATL,2,4.0,2.0,1.5
Darius Bazley,BKN,3,9.0,5.333333333333333,1.3333333333333333
Darius Bazley,BOS,4,7.5,5.5,2.75
Darius Bazley,CHA,2,16.0,3.5,2.0
Darius Bazley,CHI,5,11.0,5.2,1.6
Darius Bazley,CLE,4,9.5,4.75,0.75
Darius Bazley,DAL,5,8.8,7.0,1.0
Darius Bazley,DEN,9,3.4,4.0,1.2
Darius Bazley,DET,2,7.5,6.0,1.5
Darius Bazley,GSW,7,6.6,2.8,0.8
Darius Bazley,HOU,8,4.6,5.0,1.0
Darius Bazley,IND,3,9.666666666666666,4.666666666666667,0.3333333333333333
Darius Bazley,LAC,7,11.2,7.4,0.8
Darius Bazley,LAL,5,9.4,3.8,1.2
Darius Bazley,MEM,3,14.0,6.0,1.3333333333333333
Darius Bazley,MIA,3,11.333333333333334,4.333333333333333,1.0
Darius Bazley,MIL,5,4.2,3.6,1.0
Darius Bazley,MIN,7,5.6,3.6,1.4
Darius Bazley,NOP,4,4.5,3.25,0.25
Darius Bazley,NYK,3,10.0,3.6666666666666665,1.0
Darius Bazley,OKC,2,3.0,1.5,0.5
Darius Bazley,ORL,3,10.666666666666666,3.0,1.3333333333333333
Darius Bazley,PHI,5,6.8,5.6,1.0
Darius Bazley,PHX,2,5.0,8.0,1.0
Darius Bazley,POR,2,9.5,8.5,3.0
Darius Bazley,SAC,3,13.666666666666666,5.666666666666667,1.0
Darius Bazley,SAS,6,8.2,4.6,1.4
Darius Bazley,TOR,2,14.0,4.5,1.0
Darius Bazley,UTA,3,11.333333333333334,6.666666666666667,1.6666666666666667
Darius Bazley,WAS,2,11.0,7.0,0.5
Darius Brown II,NYK,1,0.0,1.0,0.0
Darius Days,GSW,1,0.0,0.0,0.0
Darius Days,OKC,1,7.0,3.0,0.0
Darius Days,PHI,1,6.0,1.0,0.0
Darius Days,SAC,1,2.0,2.0,1.0
Darius Garland,ATL,11,20.8,2.6,7.2
Darius Garland,BKN,14,18.6,1.6,6.8
Darius Garland,BOS,14,19.2,2.8,6.6
Darius Garland,CHA,13,23.2,2.4,5.6
Darius Garland,CHI,13,25.2,3.0,7.0
Darius Garland,DAL,9,20.8,2.4,8.2
Darius Garland,DEN,9,19.6,1.8,6.4
Darius Garland,DET,14,19.4,3.4,6.0
Darius Garland,GSW,11,19.2,2.8,5.2
Darius Garland,HOU,7,21.2,2.8,5.4
Darius Garland,IND,14,23.0,1.8,6.6
Darius Garland,LAC,8,17.6,3.4,8.2
Darius Garland,LAL,8,15.8,1.6,8.0
Darius Garland,MEM,8,19.6,3.2,8.4
Darius Garland,MIA,13,15.6,3.4,5.8
Darius Garland,MIL,14,19.6,3.0,7.0
Darius Garland,MIN,10,21.0,1.6,5.8
Darius Garland,NOP,6,15.0,2.2,8.2
Darius Garland,NYK,13,19.0,2.4,8.2
Darius Garland,OKC,7,19.4,2.2,9.2
Darius Garland,ORL,10,24.8,4.0,6.4
Darius Garland,PHI,16,21.0,3.2,5.6
Darius Garland,PHX,8,19.6,2.2,6.4
Darius Garland,POR,10,16.4,3.2,6.0
Darius Garland,SAC,9,15.6,3.0,6.2
Darius Garland,SAS,10,16.0,3.0,8.0
Darius Garland,TOR,15,20.4,2.4,7.0
Darius Garland,UTA,8,17.4,4.0,6.8
Darius Garland,WAS,12,19.4,3.0,6.2
Darren Collison,BKN,1,0.0,2.0,1.0
Darren Collison,HOU,1,2.0,2.0,1.0
Darren Collison,MEM,1,2.0,0.0,0.0
David Duke Jr.,BOS,2,8.0,2.0,1.5
David Duke Jr.,CHA,1,0.0,0.0,0.0
David Duke Jr.,CHI,2,2.5,1.0,1.5
David Duke Jr.,CLE,1,0.0,0.0,0.0
David Duke Jr.,DAL,2,5.0,2.5,1.0
David Duke Jr.,DEN,1,2.0,0.0,0.0
David Duke Jr.,DET,4,4.25,1.25,0.25
David Duke Jr.,HOU,2,6.0,1.5,1.5
David Duke Jr.,IND,3,3.0,2.0,1.3333333333333333
David Duke Jr.,LAC,2,2.5,1.0,0.5
David Duke Jr.,LAL,1,2.0,0.0,0.0
David Duke Jr.,MEM,4,0.75,0.5,0.25
David Duke Jr.,MIA,2,0.0,1.0,0.0
David Duke Jr.,MIL,3,7.666666666666667,2.6666666666666665,1.3333333333333333
David Duke Jr.,NOP,1,0.0,0.0,0.0
David Duke Jr.,NYK,2,1.0,0.5,0.0
David Duke Jr.,OKC,3,6.333333333333333,4.333333333333333,2.0
David Duke Jr.,ORL,3,8.666666666666666,4.666666666666667,0.3333333333333333
David Duke Jr.,PHI,3,7.666666666666667,4.666666666666667,2.6666666666666665
David Duke Jr.,PHX,2,6.0,0.5,0.5
David Duke Jr.,POR,1,5.0,2.0,2.0
David Duke Jr.,SAC,2,3.5,0.5,0.5
David Duke Jr.,SAS,2,3.0,3.0,0.5
David Duke Jr.,TOR,3,4.666666666666667,4.666666666666667,1.6666666666666667
David Duke Jr.,WAS,3,4.333333333333333,2.0,0.0
David Johnson,IND,1,0.0,0.0,0.0
David Johnson,WAS,1,0.0,0.0,0.0
David Jones Garcia,ATL,1,12.0,5.0,6.0
David Jones Garcia,CLE,1,9.0,0.0,4.0
David Jones Garcia,DAL,1,5.0,1.0,2.0
David Jones Garcia,LAL,1,0.0,1.0,0.0
David Jones Garcia,MEM,2,1.0,0.5,1.0
David Jones Garcia,MIN,1,0.0,0.0,0.0
David Jones Garcia,ORL,1,0.0,1.0,1.0
David Jones Garcia,PHX,2,1.0,2.0,1.5
David Jones Garcia,TOR,1,2.0,0.0,0.0
David Nwaba,ATL,2,6.0,4.0,2.0
David Nwaba,BKN,1,0.0,2.0,0.0
David Nwaba,BOS,2,1.5,2.0,0.0
David Nwaba,CHA,1,9.0,8.0,1.0
David Nwaba,CHI,1,6.0,4.0,2.0
David Nwaba,CLE,1,11.0,5.0,0.0
David Nwaba,DAL,3,6.333333333333333,2.6666666666666665,1.6666666666666667
David Nwaba,DEN,2,3.5,3.5,1.0
David Nwaba,DET,2,6.5,5.5,1.0
David Nwaba,GSW,1,6.0,9.0,1.0
David Nwaba,LAC,2,1.0,2.5,0.5
David Nwaba,LAL,4,4.0,3.25,0.25
David Nwaba,MEM,3,3.3333333333333335,1.6666666666666667,0.3333333333333333
David Nwaba,MIA,2,5.5,6.5,0.5
David Nwaba,MIL,2,5.5,3.5,0.5
David Nwaba,MIN,2,8.0,4.5,1.0
David Nwaba,NOP,1,15.0,1.0,1.0
David Nwaba,NYK,1,2.0,1.0,0.0
David Nwaba,OKC,2,3.5,4.0,1.0
David Nwaba,PHI,2,8.0,2.5,2.0
David Nwaba,PHX,3,3.6666666666666665,2.6666666666666665,1.0
David Nwaba,SAS,1,2.0,1.0,0.0
David Nwaba,TOR,1,7.0,3.0,0.0
David Nwaba,UTA,3,5.333333333333333,0.6666666666666666,0.0
David Nwaba,WAS,1,5.0,4.0,1.0
David Roddy,ATL,2,8.5,2.0,0.5
David Roddy,BKN,3,3.6666666666666665,2.0,0.6666666666666666
David Roddy,BOS,8,4.6,2.6,1.0
David Roddy,CHA,3,6.666666666666667,2.0,0.3333333333333333
David Roddy,CHI,5,6.0,2.8,1.8
David Roddy,CLE,6,0.8,1.0,0.6
David Roddy,DAL,9,6.8,4.4,2.0
David Roddy,DEN,9,6.4,0.6,0.8
David Roddy,DET,5,4.6,2.8,1.0
David Roddy,GSW,6,9.4,2.8,1.6
David Roddy,HOU,8,4.8,4.2,1.6
David Roddy,IND,3,10.666666666666666,3.6666666666666665,0.6666666666666666
David Roddy,LAC,9,6.0,2.4,1.4
David Roddy,LAL,7,5.2,2.0,1.0
David Roddy,MEM,1,5.0,2.0,0.0
David Roddy,MIA,4,7.0,3.25,1.75
David Roddy,MIL,3,7.0,2.6666666666666665,1.3333333333333333
David Roddy,MIN,10,4.6,2.6,0.4
David Roddy,NOP,8,6.4,3.8,2.2
David Roddy,NYK,6,7.0,2.0,1.2
David Roddy,OKC,9,8.2,2.8,1.0
David Roddy,ORL,3,3.6666666666666665,5.0,1.3333333333333333
David Roddy,PHI,3,5.333333333333333,1.6666666666666667,0.3333333333333333
David Roddy,PHX,7,8.6,4.8,0.8
David Roddy,POR,4,11.5,2.0,0.75
David Roddy,SAC,8,4.8,3.8,1.2
David Roddy,SAS,6,3.8,4.0,1.0
David Roddy,TOR,6,2.8,3.0,0.8
David Roddy,UTA,7,8.8,3.2,0.6
David Roddy,WAS,5,10.8,4.4,1.0
Davion Mitchell,ATL,15,9.0,2.2,6.2
Davion Mitchell,BKN,10,6.4,1.6,3.8
Davion Mitchell,BOS,14,12.6,4.0,5.6
Davion Mitchell,CHA,13,9.2,3.4,6.6
Davion Mitchell,CHI,11,11.8,1.8,6.0
Davion Mitchell,CLE,13,9.8,2.4,5.2
Davion Mitchell,DAL,15,5.2,1.6,4.6
Davion Mitchell,DEN,13,10.8,2.0,7.0
Davion Mitchell,DET,11,7.6,1.2,6.4
Davion Mitchell,GSW,15,6.8,2.8,5.2
Davion Mitchell,HOU,14,10.0,2.0,4.6
Davion Mitchell,IND,11,6.2,2.6,5.0
Davion Mitchell,LAC,15,10.2,3.2,5.6
Davion Mitchell,LAL,15,8.4,2.4,5.2
Davion Mitchell,MEM,13,6.4,1.6,5.0
Davion Mitchell,MIA,9,6.0,1.0,3.2
Davion Mitchell,MIL,12,9.6,4.2,6.4
Davion Mitchell,MIN,14,5.6,2.4,8.2
Davion Mitchell,NOP,16,7.2,1.2,4.4
Davion Mitchell,NYK,15,12.6,2.8,7.0
Davion Mitchell,OKC,12,9.8,2.4,4.2
Davion Mitchell,ORL,12,11.6,2.8,7.6
Davion Mitchell,PHI,12,7.6,3.8,7.2
Davion Mitchell,PHX,13,2.8,0.6,2.0
Davion Mitchell,POR,11,8.8,1.8,4.0
Davion Mitchell,SAC,3,10.0,3.3333333333333335,6.666666666666667
Davion Mitchell,SAS,10,5.2,0.6,2.4
Davion Mitchell,TOR,11,11.0,2.2,4.8
Davion Mitchell,UTA,12,7.0,2.0,3.8
Davion Mitchell,WAS,11,8.6,4.2,6.2
Davis Bertans,ATL,7,3.6,1.0,0.2
Davis Bertans,BKN,5,2.8,1.2,0.8
Davis Bertans,BOS,8,4.0,1.2,0.6
Davis Bertans,CHA,2,8.0,3.5,1.0
Davis Bertans,CHI,2,8.0,2.5,0.0
Davis Bertans,CLE,6,3.2,0.4,0.4
Davis Bertans,DAL,3,9.333333333333334,2.3333333333333335,0.6666666666666666
Davis Bertans,DEN,4,9.0,1.75,0.5
Davis Bertans,DET,6,4.8,0.8,0.8
Davis Bertans,GSW,6,4.0,1.0,0.2
Davis Bertans,HOU,6,4.8,2.0,0.2
Davis Bertans,IND,4,6.5,0.75,0.25
Davis Bertans,LAC,3,6.0,1.3333333333333333,1.3333333333333333
Davis Bertans,LAL,6,5.8,1.4,0.4
Davis Bertans,MEM,5,4.6,2.2,0.8
Davis Bertans,MIA,4,8.75,1.5,1.0
Davis Bertans,MIL,4,7.25,1.75,0.25
Davis Bertans,MIN,3,12.0,1.3333333333333333,0.0
Davis Bertans,NOP,5,5.2,2.0,1.2
Davis Bertans,NYK,5,2.4,1.2,0.0
Davis Bertans,OKC,4,8.75,2.5,0.25
Davis Bertans,ORL,5,6.6,3.0,0.2
Davis Bertans,PHI,5,10.4,1.0,1.0
Davis Bertans,PHX,6,0.6,0.4,0.4
Davis Bertans,POR,6,5.4,1.6,1.6
Davis Bertans,SAC,3,4.666666666666667,2.6666666666666665,1.3333333333333333
Davis Bertans,SAS,6,7.2,1.8,0.6
Davis Bertans,TOR,4,4.5,1.25,0.5
Davis Bertans,UTA,8,4.6,1.0,0.6
Davis Bertans,WAS,3,6.0,2.3333333333333335,1.0
Davon Reed,ATL,2,2.0,0.0,1.0
Davon Reed,BKN,2,0.0,0.0,0.0
Davon Reed,BOS,4,1.75,1.0,0.5
Davon Reed,CHA,1,0.0,2.0,0.0
Davon Reed,CHI,3,1.0,1.3333333333333333,0.3333333333333333
Davon Reed,CLE,1,0.0,1.0,0.0
Davon Reed,DAL,3,3.3333333333333335,3.3333333333333335,1.6666666666666667
Davon Reed,DET,3,2.0,2.3333333333333335,0.0
Davon Reed,GSW,6,5.0,1.2,1.0
Davon Reed,HOU,5,5.6,2.4,1.4
Davon Reed,IND,2,5.5,1.0,0.5
Davon Reed,LAC,5,5.8,3.2,0.6
Davon Reed,LAL,7,3.4,1.4,1.2
Davon Reed,MEM,3,0.6666666666666666,1.6666666666666667,0.6666666666666666
Davon Reed,MIL,2,0.0,4.0,0.5
Davon Reed,MIN,4,4.25,3.0,1.25
Davon Reed,NOP,6,3.0,0.6,0.0
Davon Reed,NYK,2,4.5,1.5,2.5
Davon Reed,OKC,6,2.0,1.4,1.0
Davon Reed,PHX,3,1.3333333333333333,2.0,0.6666666666666666
Davon Reed,POR,5,3.2,0.6,0.6
Davon Reed,SAC,4,3.5,1.5,1.25
Davon Reed,SAS,4,2.0,3.0,0.5
Davon Reed,TOR,1,5.0,5.0,2.0
Davon Reed,UTA,4,5.0,2.0,1.25
Davon Reed,WAS,3,0.6666666666666666,1.6666666666666667,0.3333333333333333
Day'Ron Sharpe,ATL,9,7.8,6.2,2.6
Day'Ron Sharpe,BOS,15,7.2,6.2,1.8
Day'Ron Sharpe,CHA,10,8.6,5.0,1.4
Day'Ron Sharpe,CHI,13,7.4,6.2,2.2
Day'Ron Sharpe,CLE,11,5.6,6.4,2.8
Day'Ron Sharpe,DAL,6,7.8,6.2,1.6
Day'Ron Sharpe,DEN,7,10.4,8.6,3.4
Day'Ron Sharpe,DET,9,6.4,6.6,2.6
Day'Ron Sharpe,GSW,4,2.25,5.25,0.5
Day'Ron Sharpe,HOU,6,11.4,7.8,3.2
Day'Ron Sharpe,IND,10,9.6,8.8,3.4
Day'Ron Sharpe,LAC,6,7.4,8.2,1.4
Day'Ron Sharpe,LAL,7,8.0,8.2,2.2
Day'Ron Sharpe,MEM,8,10.2,6.4,1.8
Day'Ron Sharpe,MIA,12,7.4,5.6,1.8
Day'Ron Sharpe,MIL,12,5.4,5.0,2.2
Day'Ron Sharpe,MIN,5,5.0,5.6,0.8
Day'Ron Sharpe,NOP,6,11.0,9.2,1.8
Day'Ron Sharpe,NYK,10,7.2,4.6,1.0
Day'Ron Sharpe,OKC,7,11.0,6.8,2.2
Day'Ron Sharpe,ORL,11,5.2,5.0,1.8
Day'Ron Sharpe,PHI,11,6.2,6.4,1.8
Day'Ron Sharpe,PHX,6,4.8,4.6,0.8
Day'Ron Sharpe,POR,4,9.75,6.75,1.5
Day'Ron Sharpe,SAC,5,5.8,4.8,1.6
Day'Ron Sharpe,SAS,9,8.2,5.4,1.8
Day'Ron Sharpe,TOR,12,7.0,6.8,1.6
Day'Ron Sharpe,UTA,7,10.0,6.8,0.6
Day'Ron Sharpe,WAS,15,11.4,6.6,2.8
De'Aaron Fox,ATL,10,23.4,5.4,8.0
De'Aaron Fox,BKN,9,22.0,2.2,5.6
De'Aaron Fox,BOS,7,27.6,4.4,5.0
De'Aaron Fox,CHA,9,19.8,3.2,5.2
De'Aaron Fox,CHI,9,23.0,4.0,5.6
De'Aaron Fox,CLE,7,20.2,3.0,5.4
De'Aaron Fox,DAL,17,19.2,3.8,8.2
De'Aaron Fox,DEN,16,19.4,3.8,7.2
De'Aaron Fox,DET,10,20.8,5.2,5.2
De'Aaron Fox,GSW,12,17.8,3.6,6.4
De'Aaron Fox,HOU,13,15.6,3.2,6.6
De'Aaron Fox,IND,7,22.0,4.8,5.4
De'Aaron Fox,LAC,15,23.8,4.6,5.4
De'Aaron Fox,LAL,19,20.4,3.8,6.6
De'Aaron Fox,MEM,15,21.4,3.2,5.4
De'Aaron Fox,MIA,6,19.8,7.0,5.0
De'Aaron Fox,MIL,8,22.2,5.0,5.6
De'Aaron Fox,MIN,16,22.0,4.6,6.2
De'Aaron Fox,NOP,15,15.6,3.8,6.2
De'Aaron Fox,NYK,7,19.2,3.8,6.6
De'Aaron Fox,OKC,16,17.2,3.6,6.2
De'Aaron Fox,ORL,8,20.0,4.6,6.6
De'Aaron Fox,PHI,9,20.2,4.8,5.0
De'Aaron Fox,PHX,17,23.8,6.0,6.2
De'Aaron Fox,POR,14,25.4,5.6,5.4
De'Aaron Fox,SAC,4,19.25,3.25,7.5
De'Aaron Fox,SAS,12,26.0,5.2,6.8
De'Aaron Fox,TOR,9,21.8,3.0,2.6
De'Aaron Fox,UTA,14,26.8,4.4,7.4
De'Aaron Fox,WAS,10,20.0,4.8,6.6
De'Andre Hunter,ATL,2,17.5,5.5,2.0
De'Andre Hunter,BKN,9,12.4,3.2,1.0
De'Andre Hunter,BOS,14,15.0,6.6,1.2
De'Andre Hunter,CHA,15,13.6,4.4,1.2
De'Andre Hunter,CHI,13,15.0,4.0,1.6
De'Andre Hunter,CLE,11,21.8,4.0,1.6
De'Andre Hunter,DAL,5,11.6,3.6,2.0
De'Andre Hunter,DEN,6,18.8,3.2,2.8
De'Andre Hunter,DET,14,13.6,2.8,1.8
De'Andre Hunter,GSW,7,10.6,3.4,1.4
De'Andre Hunter,HOU,7,12.4,3.2,1.4
De'Andre Hunter,IND,10,14.4,7.6,2.2
De'Andre Hunter,LAC,10,13.6,2.0,1.8
De'Andre Hunter,LAL,7,12.4,2.2,1.6
De'Andre Hunter,MEM,9,14.8,4.0,1.4
De'Andre Hunter,MIA,14,21.8,6.2,2.6
De'Andre Hunter,MIL,14,13.6,4.8,2.0
De'Andre Hunter,MIN,10,16.8,3.2,1.8
De'Andre Hunter,NOP,8,10.2,3.8,1.0
De'Andre Hunter,NYK,13,18.2,1.2,0.8
De'Andre Hunter,OKC,3,14.333333333333334,5.333333333333333,0.3333333333333333
De'Andre Hunter,ORL,9,14.4,3.8,1.6
De'Andre Hunter,PHI,10,15.4,3.4,2.2
De'Andre Hunter,PHX,8,15.4,3.4,1.8
De'Andre Hunter,POR,8,15.4,3.8,0.6
De'Andre Hunter,SAC,7,14.8,3.2,1.0
De'Andre Hunter,SAS,10,15.2,7.2,2.4
De'Andre Hunter,TOR,13,18.0,3.6,2.4
De'Andre Hunter,UTA,8,16.2,3.4,1.0
De'Andre Hunter,WAS,12,17.6,4.6,1.2
De'Anthony Melton,ATL,9,13.8,4.0,3.8
De'Anthony Melton,BKN,7,12.8,5.4,1.4
De'Anthony Melton,BOS,12,12.0,3.2,1.4
De'Anthony Melton,CHA,8,11.4,4.0,2.0
De'Anthony Melton,CHI,9,14.4,3.6,1.6
De'Anthony Melton,CLE,8,7.0,3.6,2.0
De'Anthony Melton,DAL,10,13.8,4.4,3.0
De'Anthony Melton,DEN,8,10.2,2.2,2.4
De'Anthony Melton,DET,11,10.2,4.2,1.6
De'Anthony Melton,GSW,6,13.6,6.2,2.8
De'Anthony Melton,HOU,9,11.2,4.4,3.2
De'Anthony Melton,IND,8,16.4,5.2,3.2
De'Anthony Melton,LAC,10,5.8,2.2,1.2
De'Anthony Melton,LAL,9,5.2,1.2,2.4
De'Anthony Melton,MEM,3,7.666666666666667,3.3333333333333335,2.6666666666666665
De'Anthony Melton,MIA,6,7.4,4.0,3.0
De'Anthony Melton,MIL,9,11.2,2.2,1.6
De'Anthony Melton,MIN,10,10.6,3.2,2.6
De'Anthony Melton,NOP,8,15.8,3.4,3.6
De'Anthony Melton,NYK,7,10.2,2.8,3.2
De'Anthony Melton,OKC,7,12.4,5.4,3.0
De'Anthony Melton,ORL,9,8.0,3.2,1.0
De'Anthony Melton,PHI,4,10.75,2.5,3.75
De'Anthony Melton,PHX,8,6.8,1.6,3.0
De'Anthony Melton,POR,10,11.8,1.6,3.8
De'Anthony Melton,SAC,7,15.4,3.8,3.4
De'Anthony Melton,SAS,6,12.2,3.4,2.0
De'Anthony Melton,TOR,8,6.6,4.8,3.6
De'Anthony Melton,UTA,8,10.6,4.2,2.6
De'Anthony Melton,WAS,9,15.0,4.2,4.2
DeAndre Jordan,ATL,3,4.333333333333333,5.0,2.3333333333333335
DeAndre Jordan,BKN,4,4.0,4.25,0.0
DeAndre Jordan,BOS,4,2.75,3.25,0.25
DeAndre Jordan,CHA,6,5.2,5.2,0.6
DeAndre Jordan,CHI,7,5.2,6.8,2.8
DeAndre Jordan,CLE,6,3.2,3.8,1.0
DeAndre Jordan,DAL,7,6.2,7.2,1.0
DeAndre Jordan,DEN,3,3.0,4.666666666666667,0.6666666666666666
DeAndre Jordan,DET,9,4.8,5.0,1.2
DeAndre Jordan,GSW,3,5.666666666666667,5.0,1.0
DeAndre Jordan,HOU,10,3.8,6.6,1.2
DeAndre Jordan,IND,8,2.6,3.4,1.4
DeAndre Jordan,LAC,8,4.4,5.0,1.0
DeAndre Jordan,LAL,8,3.6,3.6,1.0
DeAndre Jordan,MEM,8,2.8,4.2,0.6
DeAndre Jordan,MIA,4,3.75,4.5,0.5
DeAndre Jordan,MIL,6,2.0,2.4,0.6
DeAndre Jordan,MIN,5,5.0,4.6,0.2
DeAndre Jordan,NOP,6,4.2,4.0,0.6
DeAndre Jordan,NYK,7,1.6,4.4,0.8
DeAndre Jordan,OKC,5,3.6,5.2,0.4
DeAndre Jordan,ORL,5,3.6,5.4,0.2
DeAndre Jordan,PHI,4,4.0,7.0,0.25
DeAndre Jordan,PHX,9,5.2,6.2,0.6
DeAndre Jordan,POR,9,4.4,4.6,1.4
DeAndre Jordan,SAC,10,2.8,4.2,0.6
DeAndre Jordan,SAS,9,3.8,6.6,0.4
DeAndre Jordan,TOR,4,3.25,4.25,0.75
DeAndre Jordan,UTA,10,4.0,3.8,0.4
DeAndre Jordan,WAS,4,2.5,3.5,0.75
DeAndre' Bembry,ATL,3,3.3333333333333335,1.0,0.6666666666666666
DeAndre' Bembry,BKN,1,0.0,0.0,1.0
DeAndre' Bembry,BOS,2,7.5,6.5,1.5
DeAndre' Bembry,CHA,2,3.0,1.5,1.0
DeAndre' Bembry,CHI,4,4.25,3.25,1.0
DeAndre' Bembry,CLE,2,4.0,1.5,0.5
DeAndre' Bembry,DAL,1,4.0,1.0,0.0
DeAndre' Bembry,DEN,2,8.5,3.0,2.5
DeAndre' Bembry,DET,3,7.333333333333333,4.666666666666667,1.3333333333333333
DeAndre' Bembry,GSW,3,3.6666666666666665,2.6666666666666665,1.0
DeAndre' Bembry,HOU,1,5.0,3.0,0.0
DeAndre' Bembry,IND,2,6.0,4.0,0.5
DeAndre' Bembry,LAC,2,9.5,4.0,3.5
DeAndre' Bembry,LAL,2,13.5,4.5,1.0
DeAndre' Bembry,MEM,1,6.0,4.0,2.0
DeAndre' Bembry,MIA,2,2.0,2.0,0.5
DeAndre' Bembry,MIL,2,0.0,0.0,0.0
DeAndre' Bembry,MIN,2,4.5,4.5,0.5
DeAndre' Bembry,NOP,2,0.0,2.0,1.5
DeAndre' Bembry,NYK,1,6.0,5.0,3.0
DeAndre' Bembry,OKC,3,2.0,3.0,2.3333333333333335
DeAndre' Bembry,ORL,2,9.0,2.0,2.0
DeAndre' Bembry,PHI,1,0.0,1.0,2.0
DeAndre' Bembry,PHX,3,8.333333333333334,4.666666666666667,1.0
DeAndre' Bembry,POR,1,4.0,2.0,1.0
DeAndre' Bembry,SAC,1,2.0,2.0,0.0
DeAndre' Bembry,SAS,2,3.0,1.0,0.5
DeAndre' Bembry,TOR,1,5.0,3.0,1.0
DeAndre' Bembry,UTA,1,13.0,5.0,1.0
DeAndre' Bembry,WAS,1,7.0,3.0,1.0
DeJon Jarreau,ATL,1,7.0,6.0,4.0
DeJon Jarreau,BKN,1,0.0,0.0,0.0
DeJon Jarreau,BOS,1,13.0,6.0,2.0
DeJon Jarreau,CHA,2,3.0,4.0,4.0
DeJon Jarreau,CHI,2,9.5,3.5,4.5
DeJon Jarreau,DEN,2,4.5,4.0,3.5
DeJon Jarreau,DET,1,6.0,7.0,3.0
DeJon Jarreau,GSW,1,2.0,10.0,5.0
DeJon Jarreau,HOU,1,4.0,6.0,3.0
DeJon Jarreau,LAL,1,8.0,1.0,1.0
DeJon Jarreau,NYK,1,4.0,2.0,2.0
DeJon Jarreau,OKC,2,4.5,7.0,2.5
DeJon Jarreau,PHX,1,12.0,8.0,4.0
DeJon Jarreau,SAC,1,8.0,3.0,2.0
DeJon Jarreau,SAS,2,8.0,2.0,0.5
DeJon Jarreau,WAS,1,8.0,5.0,6.0
DeMar DeRozan,ATL,14,22.6,3.8,3.4
DeMar DeRozan,BKN,13,20.6,4.2,4.4
DeMar DeRozan,BOS,14,20.6,3.8,7.2
DeMar DeRozan,CHA,15,20.2,4.6,4.0
DeMar DeRozan,CHI,3,20.666666666666668,3.0,4.333333333333333
DeMar DeRozan,CLE,15,24.6,4.2,4.4
DeMar DeRozan,DAL,11,19.8,3.4,4.6
DeMar DeRozan,DEN,13,17.4,3.6,2.4
DeMar DeRozan,DET,16,29.6,2.8,5.0
DeMar DeRozan,GSW,11,27.6,3.6,4.0
DeMar DeRozan,HOU,13,19.4,2.2,5.6
DeMar DeRozan,IND,15,18.4,3.8,3.2
DeMar DeRozan,LAC,14,13.0,3.0,3.8
DeMar DeRozan,LAL,14,21.8,4.4,5.8
DeMar DeRozan,MEM,12,18.2,2.4,4.6
DeMar DeRozan,MIA,14,23.8,3.8,5.2
DeMar DeRozan,MIL,14,20.4,4.0,4.6
DeMar DeRozan,MIN,11,22.2,3.0,4.2
DeMar DeRozan,NOP,12,16.2,2.6,3.8
DeMar DeRozan,NYK,15,24.0,4.0,3.4
DeMar DeRozan,OKC,10,16.2,3.0,3.8
DeMar DeRozan,ORL,14,23.2,3.6,5.0
DeMar DeRozan,PHI,15,18.2,3.8,4.0
DeMar DeRozan,PHX,14,15.4,2.6,4.2
DeMar DeRozan,POR,11,21.0,3.4,5.6
DeMar DeRozan,SAC,6,25.8,4.4,4.6
DeMar DeRozan,SAS,14,18.8,3.2,3.8
DeMar DeRozan,TOR,15,24.4,1.8,3.6
DeMar DeRozan,UTA,13,20.6,3.6,5.8
DeMar DeRozan,WAS,12,25.8,3.8,4.8
DeMarcus Cousins,BKN,2,9.0,7.5,1.0
DeMarcus Cousins,BOS,3,9.0,5.0,0.3333333333333333
DeMarcus Cousins,CHA,2,6.5,4.0,0.5
DeMarcus Cousins,CLE,3,10.333333333333334,8.666666666666666,1.0
DeMarcus Cousins,DAL,1,22.0,8.0,4.0
DeMarcus Cousins,DET,3,5.0,5.0,0.3333333333333333
DeMarcus Cousins,GSW,3,9.333333333333334,4.666666666666667,1.6666666666666667
DeMarcus Cousins,HOU,3,16.333333333333332,5.666666666666667,2.3333333333333335
DeMarcus Cousins,IND,1,11.0,5.0,2.0
DeMarcus Cousins,LAC,1,8.0,5.0,2.0
DeMarcus Cousins,LAL,2,15.5,6.0,4.0
DeMarcus Cousins,MEM,1,1.0,0.0,0.0
DeMarcus Cousins,MIA,2,5.5,5.5,2.0
DeMarcus Cousins,MIN,1,3.0,1.0,1.0
DeMarcus Cousins,NOP,4,5.25,5.75,1.0
DeMarcus Cousins,NYK,1,0.0,4.0,0.0
DeMarcus Cousins,OKC,2,6.5,7.5,2.0
DeMarcus Cousins,ORL,3,11.0,5.0,0.6666666666666666
DeMarcus Cousins,PHI,1,8.0,3.0,4.0
DeMarcus Cousins,PHX,1,10.0,6.0,3.0
DeMarcus Cousins,POR,1,19.0,8.0,6.0
DeMarcus Cousins,SAC,2,7.0,7.0,0.5
DeMarcus Cousins,SAS,1,4.0,5.0,0.0
DeMarcus Cousins,TOR,3,8.666666666666666,6.666666666666667,1.0
DeMarcus Cousins,WAS,1,14.0,5.0,3.0
Dean Wade,ATL,10,7.2,4.0,1.2
Dean Wade,BKN,9,5.2,4.6,0.6
Dean Wade,BOS,14,8.8,3.8,0.4
Dean Wade,CHA,14,8.0,6.2,1.8
Dean Wade,CHI,16,3.0,4.0,0.8
Dean Wade,DAL,5,5.6,3.6,0.4
Dean Wade,DEN,5,4.8,4.6,1.6
Dean Wade,DET,13,8.0,3.2,0.8
Dean Wade,GSW,6,5.4,6.8,0.4
Dean Wade,HOU,7,9.0,4.8,1.8
Dean Wade,IND,14,4.8,2.6,1.6
Dean Wade,LAC,7,4.6,3.4,2.0
Dean Wade,LAL,5,4.8,4.6,1.6
Dean Wade,MEM,6,3.4,4.2,0.6
Dean Wade,MIA,7,7.0,4.0,0.6
Dean Wade,MIL,15,5.4,3.6,2.2
Dean Wade,MIN,4,2.0,3.0,1.0
Dean Wade,NOP,6,8.6,4.4,1.8
Dean Wade,NYK,14,6.0,3.6,1.4
Dean Wade,OKC,8,3.4,3.8,0.6
Dean Wade,ORL,15,4.2,4.4,0.8
Dean Wade,PHI,10,5.4,3.6,2.0
Dean Wade,PHX,6,4.4,2.8,0.8
Dean Wade,POR,7,2.8,1.8,1.2
Dean Wade,SAC,8,5.4,3.4,1.0
Dean Wade,SAS,7,5.0,4.0,1.4
Dean Wade,TOR,12,3.4,4.8,1.6
Dean Wade,UTA,3,2.6666666666666665,3.6666666666666665,1.0
Dean Wade,WAS,14,1.2,4.8,1.0
Deandre Ayton,ATL,6,20.8,10.6,0.8
Deandre Ayton,BKN,7,15.4,10.4,1.4
Deandre Ayton,BOS,6,13.6,11.2,1.8
Deandre Ayton,CHA,6,18.4,12.6,1.8
Deandre Ayton,CHI,9,18.2,10.4,1.0
Deandre Ayton,CLE,8,11.6,7.2,2.4
Deandre Ayton,DAL,14,13.2,9.0,1.0
Deandre Ayton,DEN,14,7.6,6.4,1.2
Deandre Ayton,DET,8,17.6,10.0,1.4
Deandre Ayton,GSW,14,14.0,8.6,0.8
Deandre Ayton,HOU,10,11.4,7.2,1.2
Deandre Ayton,IND,6,16.0,10.6,1.6
Deandre Ayton,LAC,10,12.4,6.8,1.0
Deandre Ayton,LAL,11,11.0,9.6,0.8
Deandre Ayton,MEM,10,8.0,6.6,0.4
Deandre Ayton,MIA,8,16.2,10.2,1.4
Deandre Ayton,MIL,10,15.0,10.6,0.6
Deandre Ayton,MIN,12,11.2,10.0,1.4
Deandre Ayton,NOP,16,16.8,12.0,2.0
Deandre Ayton,NYK,7,15.0,8.6,1.4
Deandre Ayton,OKC,12,7.4,4.8,0.6
Deandre Ayton,ORL,9,17.2,12.0,1.6
Deandre Ayton,PHI,8,12.2,7.8,1.8
Deandre Ayton,PHX,10,11.2,8.2,0.4
Deandre Ayton,POR,8,20.4,7.6,1.8
Deandre Ayton,SAC,13,15.2,10.2,2.2
Deandre Ayton,SAS,11,15.4,8.4,0.8
Deandre Ayton,TOR,8,20.8,15.2,1.2
Deandre Ayton,UTA,13,13.6,8.6,0.8
Deandre Ayton,WAS,8,25.6,11.2,2.4
Deividas Sirvydis,NYK,1,0.0,0.0,0.0
Deividas Sirvydis,SAS,2,1.5,3.0,0.5
Dejounte Murray,ATL,3,20.333333333333332,7.666666666666667,12.0
Dejounte Murray,BKN,9,20.4,6.6,7.6
Dejounte Murray,BOS,9,19.8,6.0,6.6
Dejounte Murray,CHA,8,19.6,4.8,5.8
Dejounte Murray,CHI,10,16.0,6.8,7.2
Dejounte Murray,CLE,10,17.6,4.0,6.0
Dejounte Murray,DAL,10,24.0,5.8,5.6
Dejounte Murray,DEN,8,22.8,4.6,9.6
Dejounte Murray,DET,7,22.8,4.4,6.6
Dejounte Murray,GSW,8,18.0,6.2,6.6
Dejounte Murray,HOU,12,23.8,5.2,5.8
Dejounte Murray,IND,9,27.6,3.6,4.2
Dejounte Murray,LAC,10,17.8,5.2,8.2
Dejounte Murray,LAL,9,17.6,5.0,8.4
Dejounte Murray,MEM,9,25.8,6.0,6.4
Dejounte Murray,MIA,9,22.0,6.4,8.4
Dejounte Murray,MIL,9,18.6,4.6,6.0
Dejounte Murray,MIN,6,24.6,4.6,5.8
Dejounte Murray,NOP,8,19.8,7.0,9.8
Dejounte Murray,NYK,12,13.0,7.2,6.6
Dejounte Murray,OKC,9,24.4,5.4,4.6
Dejounte Murray,ORL,9,21.6,5.6,4.6
Dejounte Murray,PHI,10,18.8,4.2,5.4
Dejounte Murray,PHX,9,20.4,7.6,5.6
Dejounte Murray,POR,8,28.0,4.6,5.2
Dejounte Murray,SAC,8,21.8,7.2,5.2
Dejounte Murray,SAS,5,19.0,7.0,4.8
Dejounte Murray,TOR,10,20.6,6.6,6.4
Dejounte Murray,UTA,9,20.2,5.4,9.2
Dejounte Murray,WAS,13,17.8,6.2,6.4
Delon Wright,ATL,9,6.8,1.4,2.0
Delon Wright,BKN,7,2.6,2.4,2.4
Delon Wright,BOS,9,1.8,1.4,1.0
Delon Wright,CHA,9,6.2,3.0,5.0
Delon Wright,CHI,9,6.2,1.8,1.6
Delon Wright,CLE,16,2.6,1.4,2.0
Delon Wright,DAL,5,2.8,1.8,2.2
Delon Wright,DEN,5,3.6,1.8,1.0
Delon Wright,DET,12,1.6,2.6,2.8
Delon Wright,GSW,5,5.8,3.2,3.0
Delon Wright,HOU,4,3.75,2.25,2.75
Delon Wright,IND,9,6.0,2.4,3.0
Delon Wright,LAC,4,2.5,1.0,1.75
Delon Wright,LAL,2,3.5,0.0,3.0
Delon Wright,MEM,4,7.5,3.0,4.5
Delon Wright,MIA,8,4.2,3.6,2.2
Delon Wright,MIL,7,6.6,3.0,2.8
Delon Wright,MIN,4,5.5,2.5,3.75
Delon Wright,NOP,6,5.0,2.0,1.8
Delon Wright,NYK,11,6.0,2.8,2.8
Delon Wright,OKC,5,5.0,1.8,3.4
Delon Wright,ORL,10,9.0,3.2,3.4
Delon Wright,PHI,10,4.6,1.6,2.4
Delon Wright,PHX,3,1.6666666666666667,1.3333333333333333,2.0
Delon Wright,POR,7,4.2,2.4,3.0
Delon Wright,SAC,6,5.6,1.8,3.2
Delon Wright,SAS,7,8.0,3.8,2.2
Delon Wright,TOR,11,5.6,3.0,3.8
Delon Wright,UTA,3,0.0,0.6666666666666666,1.3333333333333333
Delon Wright,WAS,7,4.0,2.0,2.0
Deni Avdija,ATL,13,17.8,11.0,5.4
Deni Avdija,BKN,14,17.8,8.6,4.0
Deni Avdija,BOS,13,17.2,7.6,4.4
Deni Avdija,CHA,15,17.2,6.4,3.6
Deni Avdija,CHI,11,24.2,10.0,5.8
Deni Avdija,CLE,13,19.2,8.6,6.0
Deni Avdija,DAL,13,21.2,7.4,6.6
Deni Avdija,DEN,14,24.6,6.0,9.0
Deni Avdija,DET,14,19.0,7.4,6.0
Deni Avdija,GSW,10,25.4,8.2,7.0
Deni Avdija,HOU,9,22.0,7.0,3.0
Deni Avdija,IND,15,17.4,6.0,4.4
Deni Avdija,LAC,12,26.0,6.8,6.0
Deni Avdija,LAL,11,23.6,5.6,3.4
Deni Avdija,MEM,10,16.2,7.4,5.2
Deni Avdija,MIA,15,19.8,9.8,5.6
Deni Avdija,MIL,13,22.4,7.8,4.6
Deni Avdija,MIN,13,14.2,5.8,2.8
Deni Avdija,NOP,14,26.8,5.6,5.6
Deni Avdija,NYK,14,22.2,8.0,3.4
Deni Avdija,OKC,12,22.6,9.8,7.0
Deni Avdija,ORL,16,18.0,5.6,5.2
Deni Avdija,PHI,15,19.6,8.4,5.6
Deni Avdija,PHX,12,14.0,5.0,3.2
Deni Avdija,POR,6,7.8,6.2,2.4
Deni Avdija,SAC,13,27.6,7.0,7.4
Deni Avdija,SAS,12,24.2,6.6,6.4
Deni Avdija,TOR,14,24.8,10.4,7.2
Deni Avdija,UTA,11,22.8,9.0,6.6
Deni Avdija,WAS,4,14.25,6.75,2.75
Dennis Schröder,ATL,14,10.0,2.6,5.0
Dennis Schröder,BKN,7,11.0,3.4,5.4
Dennis Schröder,BOS,14,9.4,2.8,3.2
Dennis Schröder,CHA,12,11.0,3.0,6.0
Dennis Schröder,CHI,16,7.4,2.0,5.0
Dennis Schröder,CLE,11,17.8,3.8,6.0
Dennis Schröder,DAL,13,9.6,2.4,6.0
Dennis Schröder,DEN,9,10.4,3.0,5.8
Dennis Schröder,DET,13,13.0,1.8,6.0
Dennis Schröder,GSW,9,17.4,3.4,5.4
Dennis Schröder,HOU,7,11.6,3.2,3.4
Dennis Schröder,IND,13,8.6,2.2,4.6
Dennis Schröder,LAC,13,11.4,2.8,5.2
Dennis Schröder,LAL,10,11.8,2.0,6.0
Dennis Schröder,MEM,16,11.4,2.8,7.0
Dennis Schröder,MIA,11,5.8,2.4,4.6
Dennis Schröder,MIL,13,15.6,2.8,6.0
Dennis Schröder,MIN,11,10.2,3.8,6.2
Dennis Schröder,NOP,11,11.0,1.4,3.6
Dennis Schröder,NYK,14,7.4,1.8,4.8
Dennis Schröder,OKC,12,11.4,4.0,5.6
Dennis Schröder,ORL,14,11.0,1.2,3.6
Dennis Schröder,PHI,13,14.8,2.8,5.0
Dennis Schröder,PHX,12,14.2,3.2,4.0
Dennis Schröder,POR,12,10.2,2.8,5.4
Dennis Schröder,SAC,10,5.2,3.6,3.8
Dennis Schröder,SAS,12,14.4,3.0,6.6
Dennis Schröder,TOR,10,16.8,4.0,6.0
Dennis Schröder,UTA,9,12.4,3.4,3.6
Dennis Schröder,WAS,14,12.8,1.6,3.6
Dennis Smith Jr.,ATL,7,9.2,2.2,5.0
Dennis Smith Jr.,BKN,3,7.0,2.6666666666666665,3.6666666666666665
Dennis Smith Jr.,BOS,9,7.0,1.6,3.6
Dennis Smith Jr.,CHA,3,3.3333333333333335,2.3333333333333335,0.6666666666666666
Dennis Smith Jr.,CHI,5,5.6,3.6,2.8
Dennis Smith Jr.,CLE,7,6.2,3.8,4.6
Dennis Smith Jr.,DAL,4,8.25,3.25,4.75
Dennis Smith Jr.,DEN,5,8.6,2.2,4.4
Dennis Smith Jr.,DET,7,8.4,1.4,3.8
Dennis Smith Jr.,GSW,3,12.333333333333334,7.666666666666667,6.0
Dennis Smith Jr.,HOU,3,4.666666666666667,2.0,4.333333333333333
Dennis Smith Jr.,IND,3,4.333333333333333,2.0,4.0
Dennis Smith Jr.,LAC,5,8.4,2.4,3.2
Dennis Smith Jr.,LAL,7,6.4,2.0,3.8
Dennis Smith Jr.,MEM,5,5.0,2.2,3.2
Dennis Smith Jr.,MIA,7,8.8,2.8,4.2
Dennis Smith Jr.,MIL,6,5.8,3.0,3.4
Dennis Smith Jr.,MIN,5,3.0,2.0,2.8
Dennis Smith Jr.,NOP,4,6.75,1.25,3.75
Dennis Smith Jr.,NYK,4,8.25,3.25,5.75
Dennis Smith Jr.,OKC,4,8.0,5.75,3.75
Dennis Smith Jr.,ORL,9,8.6,4.4,4.8
Dennis Smith Jr.,PHI,3,4.666666666666667,2.0,5.333333333333333
Dennis Smith Jr.,PHX,4,5.5,3.75,4.0
Dennis Smith Jr.,POR,3,8.333333333333334,2.3333333333333335,5.333333333333333
Dennis Smith Jr.,SAC,3,7.333333333333333,4.0,5.333333333333333
Dennis Smith Jr.,SAS,5,9.4,3.8,4.8
Dennis Smith Jr.,TOR,4,4.5,2.25,5.0
Dennis Smith Jr.,UTA,4,10.75,2.0,5.0
Dennis Smith Jr.,WAS,6,6.2,2.6,5.0
Denzel Valentine,BKN,1,2.0,2.0,1.0
Denzel Valentine,BOS,3,6.666666666666667,5.333333333333333,0.3333333333333333
Denzel Valentine,CHA,1,0.0,0.0,0.0
Denzel Valentine,CHI,1,0.0,0.0,0.0
Denzel Valentine,CLE,1,5.0,3.0,0.0
Denzel Valentine,DAL,1,0.0,0.0,0.0
Denzel Valentine,DEN,2,0.0,0.5,0.0
Denzel Valentine,DET,1,3.0,1.0,0.0
Denzel Valentine,GSW,1,2.0,2.0,0.0
Denzel Valentine,HOU,1,3.0,0.0,2.0
Denzel Valentine,LAC,1,0.0,0.0,0.0
Denzel Valentine,LAL,1,3.0,0.0,0.0
Denzel Valentine,MIA,1,3.0,1.0,0.0
Denzel Valentine,MIL,1,3.0,2.0,1.0
Denzel Valentine,MIN,1,0.0,1.0,0.0
Denzel Valentine,NOP,1,6.0,3.0,3.0
Denzel Valentine,NYK,1,2.0,0.0,0.0
Denzel Valentine,PHX,2,0.0,0.5,0.5
Denzel Valentine,TOR,1,17.0,9.0,2.0
Denzel Valentine,WAS,1,0.0,0.0,0.0
Deonte Burton,HOU,1,0.0,0.0,0.0
Deonte Burton,NOP,1,0.0,0.0,0.0
Dereck Lively II,ATL,3,5.0,6.666666666666667,2.3333333333333335
Dereck Lively II,BKN,1,9.0,2.0,0.0
Dereck Lively II,BOS,2,10.5,6.0,1.0
Dereck Lively II,CHA,1,15.0,14.0,1.0
Dereck Lively II,CHI,2,14.5,10.0,4.5
Dereck Lively II,CLE,3,6.666666666666667,7.0,1.3333333333333333
Dereck Lively II,DEN,5,9.4,4.8,1.6
Dereck Lively II,GSW,4,11.0,9.25,1.5
Dereck Lively II,HOU,4,6.0,4.0,2.5
Dereck Lively II,IND,2,2.0,2.0,0.0
Dereck Lively II,LAC,5,7.2,6.0,1.6
Dereck Lively II,LAL,5,7.8,7.0,1.6
Dereck Lively II,MEM,5,10.6,10.0,1.4
Dereck Lively II,MIA,2,9.0,7.5,2.5
Dereck Lively II,MIL,1,6.0,10.0,2.0
Dereck Lively II,MIN,4,7.0,7.25,1.5
Dereck Lively II,NOP,5,6.6,6.8,1.6
Dereck Lively II,NYK,2,8.0,9.5,1.5
Dereck Lively II,OKC,4,8.75,9.0,2.0
Dereck Lively II,ORL,3,13.666666666666666,9.0,0.6666666666666666
Dereck Lively II,PHI,1,4.0,3.0,0.0
Dereck Lively II,PHX,4,9.5,6.75,1.5
Dereck Lively II,POR,6,5.4,5.8,1.4
Dereck Lively II,SAC,4,8.75,8.5,0.75
Dereck Lively II,SAS,6,9.2,5.4,2.6
Dereck Lively II,TOR,4,7.5,7.0,1.75
Dereck Lively II,UTA,7,7.4,5.4,1.4
Dereck Lively II,WAS,3,10.333333333333334,8.666666666666666,1.6666666666666667
Dereon Seabron,BOS,1,2.0,0.0,0.0
Dereon Seabron,DAL,2,1.5,1.5,1.0
Dereon Seabron,DET,1,2.0,0.0,1.0
Dereon Seabron,HOU,1,0.0,1.0,0.0
Dereon Seabron,LAC,1,0.0,0.0,0.0
Dereon Seabron,LAL,1,0.0,0.0,0.0
Dereon Seabron,MIN,1,9.0,3.0,1.0
Dereon Seabron,NYK,1,0.0,0.0,1.0
Dereon Seabron,PHX,1,0.0,0.0,0.0
Dereon Seabron,WAS,1,2.0,1.0,0.0
Derik Queen,ATL,2,13.0,9.5,2.5
Derik Queen,BKN,2,5.0,7.5,4.5
Derik Queen,BOS,2,18.5,7.0,2.0
Derik Queen,CHA,2,14.0,8.0,5.0
Derik Queen,CHI,3,7.0,6.666666666666667,4.333333333333333
Derik Queen,CLE,2,15.0,5.0,4.5
Derik Queen,DAL,4,14.75,7.5,5.25
Derik Queen,DEN,3,14.666666666666666,10.0,3.0
Derik Queen,DET,2,8.0,7.5,5.0
Derik Queen,GSW,3,6.333333333333333,5.666666666666667,2.6666666666666665
Derik Queen,HOU,4,11.0,5.75,2.5
Derik Queen,IND,2,15.5,11.0,3.5
Derik Queen,LAC,4,11.0,4.25,1.0
Derik Queen,LAL,4,9.0,8.0,5.0
Derik Queen,MEM,4,10.75,6.25,5.25
Derik Queen,MIA,2,12.5,5.5,2.0
Derik Queen,MIL,2,12.0,6.0,5.5
Derik Queen,MIN,4,20.0,10.5,4.5
Derik Queen,NYK,2,6.0,7.0,4.0
Derik Queen,OKC,3,7.333333333333333,5.666666666666667,1.3333333333333333
Derik Queen,ORL,2,6.0,3.5,3.5
Derik Queen,PHI,2,9.5,7.5,1.0
Derik Queen,PHX,4,11.0,6.25,1.75
Derik Queen,POR,3,18.333333333333332,6.0,6.0
Derik Queen,SAC,3,9.333333333333334,6.666666666666667,2.6666666666666665
Derik Queen,SAS,4,16.25,6.25,5.0
Derik Queen,TOR,2,8.0,6.5,1.5
Derik Queen,UTA,3,10.333333333333334,9.333333333333334,3.6666666666666665
Derik Queen,WAS,2,13.5,10.0,8.5
Derrick Favors,ATL,1,10.0,4.0,0.0
Derrick Favors,BKN,1,2.0,3.0,1.0
Derrick Favors,BOS,1,9.0,6.0,0.0
Derrick Favors,CLE,1,6.0,8.0,1.0
Derrick Favors,DAL,2,6.5,4.5,0.0
Derrick Favors,DEN,2,6.0,4.0,1.5
Derrick Favors,DET,1,6.0,5.0,1.0
Derrick Favors,GSW,2,3.0,4.5,0.0
Derrick Favors,HOU,2,2.5,4.5,0.0
Derrick Favors,LAC,2,4.5,3.0,0.5
Derrick Favors,LAL,3,11.333333333333334,7.333333333333333,0.0
Derrick Favors,MEM,1,6.0,5.0,1.0
Derrick Favors,NOP,3,3.6666666666666665,4.333333333333333,2.6666666666666665
Derrick Favors,NYK,2,7.0,3.5,1.0
Derrick Favors,PHI,2,11.0,7.0,0.5
Derrick Favors,PHX,2,3.0,2.5,1.0
Derrick Favors,POR,1,6.0,7.0,0.0
Derrick Favors,SAC,2,5.0,2.5,0.0
Derrick Favors,SAS,2,2.0,4.5,0.5
Derrick Favors,TOR,2,4.0,6.0,0.5
Derrick Favors,UTA,2,2.5,6.5,0.5
Derrick Favors,WAS,2,1.0,2.5,0.5
Derrick Jones Jr.,ATL,11,10.6,2.6,0.6
Derrick Jones Jr.,BKN,11,4.6,2.8,0.6
Derrick Jones Jr.,BOS,11,13.0,2.8,1.4
Derrick Jones Jr.,CHA,9,7.0,3.2,1.4
Derrick Jones Jr.,CHI,5,12.6,4.2,1.4
Derrick Jones Jr.,CLE,10,9.4,2.6,0.6
Derrick Jones Jr.,DAL,11,11.2,5.0,1.6
Derrick Jones Jr.,DEN,12,9.4,2.8,1.2
Derrick Jones Jr.,DET,8,7.4,3.0,1.0
Derrick Jones Jr.,GSW,14,5.8,4.6,1.0
Derrick Jones Jr.,HOU,11,6.0,2.4,0.8
Derrick Jones Jr.,IND,11,7.2,1.8,1.0
Derrick Jones Jr.,LAC,6,7.4,3.6,1.4
Derrick Jones Jr.,LAL,10,11.0,3.8,1.0
Derrick Jones Jr.,MEM,11,10.8,2.8,0.8
Derrick Jones Jr.,MIA,10,8.4,2.2,0.4
Derrick Jones Jr.,MIL,9,7.2,4.0,0.4
Derrick Jones Jr.,MIN,12,11.8,2.6,1.8
Derrick Jones Jr.,NOP,14,12.4,3.0,1.6
Derrick Jones Jr.,NYK,9,12.8,5.0,1.2
Derrick Jones Jr.,OKC,12,12.4,4.8,1.6
Derrick Jones Jr.,ORL,9,5.0,3.4,1.4
Derrick Jones Jr.,PHI,11,13.6,3.8,1.0
Derrick Jones Jr.,PHX,12,11.4,2.6,1.2
Derrick Jones Jr.,POR,13,8.6,3.0,0.8
Derrick Jones Jr.,SAC,14,8.0,2.2,1.0
Derrick Jones Jr.,SAS,14,10.2,3.8,1.2
Derrick Jones Jr.,TOR,7,6.8,4.4,0.6
Derrick Jones Jr.,UTA,12,9.6,2.6,0.6
Derrick Jones Jr.,WAS,9,9.4,4.6,0.4
Derrick Rose,ATL,1,3.0,1.0,1.0
Derrick Rose,BKN,3,7.333333333333333,3.0,5.0
Derrick Rose,BOS,2,9.5,3.5,3.0
Derrick Rose,CHA,3,10.0,2.3333333333333335,3.0
Derrick Rose,CHI,4,10.0,2.0,2.5
Derrick Rose,CLE,2,12.0,1.0,3.5
Derrick Rose,DAL,5,4.6,2.0,2.2
Derrick Rose,DEN,3,13.333333333333334,3.0,3.3333333333333335
Derrick Rose,DET,4,7.5,1.75,3.0
Derrick Rose,GSW,3,12.0,1.6666666666666667,4.0
Derrick Rose,HOU,7,8.2,2.2,2.8
Derrick Rose,IND,3,11.666666666666666,4.0,5.666666666666667
Derrick Rose,LAC,1,4.0,1.0,2.0
Derrick Rose,MEM,2,5.0,2.5,1.0
Derrick Rose,MIL,5,15.8,3.6,4.6
Derrick Rose,MIN,4,5.5,1.5,3.25
Derrick Rose,NOP,3,4.333333333333333,1.0,1.3333333333333333
Derrick Rose,NYK,1,7.0,3.0,2.0
Derrick Rose,OKC,1,7.0,2.0,4.0
Derrick Rose,ORL,4,12.0,1.75,2.75
Derrick Rose,PHI,3,6.333333333333333,2.3333333333333335,1.3333333333333333
Derrick Rose,PHX,2,12.0,3.0,0.5
Derrick Rose,SAC,1,2.0,0.0,3.0
Derrick Rose,SAS,4,7.0,0.75,1.5
Derrick Rose,TOR,3,5.666666666666667,2.3333333333333335,2.0
Derrick Rose,UTA,2,10.0,2.0,6.0
Derrick Rose,WAS,1,7.0,1.0,5.0
Derrick Walton Jr.,NYK,1,8.0,0.0,9.0
Derrick Walton Jr.,SAS,2,5.5,5.0,6.0
Derrick White,ATL,16,11.2,5.2,5.2
Derrick White,BKN,16,12.0,3.2,4.4
Derrick White,BOS,2,17.0,6.0,4.5
Derrick White,CHA,12,19.0,3.4,4.0
Derrick White,CHI,16,12.8,4.4,5.8
Derrick White,CLE,13,16.0,4.8,4.2
Derrick White,DAL,12,16.0,4.0,5.4
Derrick White,DEN,12,17.0,4.2,4.0
Derrick White,DET,20,19.0,5.8,3.0
Derrick White,GSW,11,13.8,5.0,5.0
Derrick White,HOU,9,18.0,4.2,4.0
Derrick White,IND,18,17.6,4.4,4.6
Derrick White,LAC,11,18.4,4.6,5.8
Derrick White,LAL,11,10.6,4.4,6.0
Derrick White,MEM,12,14.6,5.4,4.6
Derrick White,MIA,17,16.8,4.6,5.2
Derrick White,MIL,17,13.8,3.8,6.4
Derrick White,MIN,9,17.0,4.8,3.8
Derrick White,NOP,9,11.4,3.2,4.0
Derrick White,NYK,18,15.6,3.6,4.6
Derrick White,OKC,10,14.4,4.0,5.4
Derrick White,ORL,14,16.4,3.8,5.0
Derrick White,PHI,18,18.2,4.2,5.8
Derrick White,PHX,11,16.8,6.6,6.4
Derrick White,POR,9,20.6,3.0,5.6
Derrick White,SAC,10,13.2,3.0,6.8
Derrick White,SAS,7,22.4,6.4,6.0
Derrick White,TOR,18,18.4,4.2,5.6
Derrick White,UTA,11,18.0,5.6,5.8
Derrick White,WAS,14,18.2,4.4,6.2
Desmond Bane,ATL,10,18.2,4.8,4.6
Desmond Bane,BKN,8,16.4,4.2,3.4
Desmond Bane,BOS,10,13.8,3.8,4.4
Desmond Bane,CHA,10,17.6,6.2,4.0
Desmond Bane,CHI,10,16.0,4.6,3.6
Desmond Bane,CLE,10,20.6,5.4,3.0
Desmond Bane,DAL,15,23.8,8.6,4.2
Desmond Bane,DEN,13,14.0,5.0,5.4
Desmond Bane,DET,8,25.8,5.4,3.0
Desmond Bane,GSW,15,19.8,4.4,6.0
Desmond Bane,HOU,16,24.2,5.8,4.0
Desmond Bane,IND,9,21.0,6.0,6.4
Desmond Bane,LAC,14,21.0,6.4,4.2
Desmond Bane,LAL,14,19.2,4.0,8.0
Desmond Bane,MEM,2,12.0,4.0,4.0
Desmond Bane,MIA,11,21.8,3.0,4.0
Desmond Bane,MIL,6,22.4,5.4,4.8
Desmond Bane,MIN,13,23.8,4.8,5.8
Desmond Bane,NOP,15,24.4,4.8,7.6
Desmond Bane,NYK,9,21.4,6.6,5.6
Desmond Bane,OKC,11,12.2,4.4,3.0
Desmond Bane,ORL,5,18.2,6.4,2.8
Desmond Bane,PHI,7,21.6,5.6,4.0
Desmond Bane,PHX,15,22.0,5.6,4.8
Desmond Bane,POR,13,20.6,5.8,4.6
Desmond Bane,SAC,12,24.8,5.0,5.4
Desmond Bane,SAS,14,21.2,3.8,5.6
Desmond Bane,TOR,9,21.6,3.8,3.4
Desmond Bane,UTA,15,21.8,5.4,4.8
Desmond Bane,WAS,8,18.6,1.4,4.6
Devin Booker,ATL,8,28.6,3.6,5.8
Devin Booker,BKN,8,28.6,3.6,6.8
Devin Booker,BOS,6,26.2,4.4,6.4
Devin Booker,CHA,9,28.4,5.0,9.0
Devin Booker,CHI,9,28.6,4.2,5.2
Devin Booker,CLE,7,26.2,2.8,6.6
Devin Booker,DAL,15,23.8,4.2,8.4
Devin Booker,DEN,12,27.0,4.6,6.4
Devin Booker,DET,4,23.25,4.25,3.25
Devin Booker,GSW,16,30.6,2.8,5.2
Devin Booker,HOU,15,24.6,2.6,4.6
Devin Booker,IND,9,35.0,5.4,6.2
Devin Booker,LAC,16,21.2,6.2,7.8
Devin Booker,LAL,16,20.8,3.6,8.4
Devin Booker,MEM,13,27.0,3.8,6.4
Devin Booker,MIA,8,21.8,6.0,8.4
Devin Booker,MIL,9,24.4,5.6,8.6
Devin Booker,MIN,15,21.0,3.4,6.4
Devin Booker,NOP,17,23.6,3.2,5.0
Devin Booker,NYK,8,31.8,3.2,5.8
Devin Booker,OKC,13,19.2,5.2,7.2
Devin Booker,ORL,8,28.2,3.4,5.4
Devin Booker,PHI,9,17.8,4.2,8.0
Devin Booker,POR,14,29.2,5.0,5.6
Devin Booker,SAC,19,24.4,4.4,6.6
Devin Booker,SAS,15,19.4,2.2,6.0
Devin Booker,TOR,7,24.4,3.8,5.0
Devin Booker,UTA,16,35.4,5.0,8.4
Devin Booker,WAS,7,21.6,3.8,6.2
Devin Cannady,CHA,1,12.0,0.0,1.0
Devin Cannady,CLE,1,10.0,4.0,2.0
Devin Cannady,MIA,1,15.0,0.0,2.0
Devin Cannady,NYK,1,4.0,2.0,3.0
Devin Cannady,TOR,1,9.0,0.0,2.0
Devin Carter,ATL,2,6.5,4.0,2.0
Devin Carter,BKN,3,12.666666666666666,5.0,3.0
Devin Carter,BOS,2,8.0,3.5,1.5
Devin Carter,CHA,3,9.0,1.3333333333333333,1.3333333333333333
Devin Carter,CHI,4,2.25,2.75,2.0
Devin Carter,CLE,3,11.333333333333334,3.6666666666666665,2.6666666666666665
Devin Carter,DAL,1,15.0,7.0,5.0
Devin Carter,DEN,4,4.75,1.0,1.5
Devin Carter,DET,2,4.5,2.0,0.5
Devin Carter,GSW,8,8.4,2.8,2.4
Devin Carter,HOU,1,0.0,1.0,0.0
Devin Carter,IND,1,24.0,5.0,3.0
Devin Carter,LAC,5,10.8,2.6,2.4
Devin Carter,LAL,2,3.0,1.0,1.5
Devin Carter,MEM,3,4.0,4.0,3.0
Devin Carter,MIA,1,5.0,4.0,3.0
Devin Carter,MIL,2,2.0,2.5,0.5
Devin Carter,MIN,2,1.0,3.0,1.5
Devin Carter,NOP,2,10.5,4.5,3.5
Devin Carter,NYK,2,3.5,2.5,1.0
Devin Carter,OKC,4,2.75,1.0,0.75
Devin Carter,ORL,4,8.5,2.75,3.0
Devin Carter,PHI,1,0.0,0.0,1.0
Devin Carter,PHX,4,1.75,2.25,0.25
Devin Carter,POR,3,2.6666666666666665,2.3333333333333335,2.6666666666666665
Devin Carter,SAS,2,4.0,1.5,1.5
Devin Carter,TOR,1,13.0,5.0,3.0
Devin Carter,UTA,1,19.0,5.0,4.0
Devin Carter,WAS,1,4.0,3.0,2.0
Devin Vassell,ATL,9,16.0,4.6,3.2
Devin Vassell,BKN,8,20.4,5.8,4.8
Devin Vassell,BOS,7,15.8,3.0,2.4
Devin Vassell,CHA,9,15.2,4.4,3.2
Devin Vassell,CHI,9,8.6,4.4,2.4
Devin Vassell,CLE,9,20.6,4.0,2.6
Devin Vassell,DAL,14,12.6,5.2,4.2
Devin Vassell,DEN,15,21.8,4.2,2.4
Devin Vassell,DET,7,16.8,3.0,2.6
Devin Vassell,GSW,11,10.6,3.2,2.4
Devin Vassell,HOU,14,8.0,3.8,3.0
Devin Vassell,IND,7,17.8,4.6,3.4
Devin Vassell,LAC,12,14.2,4.2,2.8
Devin Vassell,LAL,16,14.4,4.6,3.2
Devin Vassell,MEM,15,14.4,4.8,3.4
Devin Vassell,MIA,10,16.6,4.0,2.2
Devin Vassell,MIL,9,18.0,4.8,2.4
Devin Vassell,MIN,12,16.4,3.6,3.0
Devin Vassell,NOP,17,15.8,3.2,1.2
Devin Vassell,NYK,5,13.2,3.6,4.0
Devin Vassell,OKC,15,13.0,4.0,2.4
Devin Vassell,ORL,10,19.4,3.8,2.2
Devin Vassell,PHI,7,17.6,4.6,4.6
Devin Vassell,PHX,14,11.6,2.6,1.6
Devin Vassell,POR,14,18.4,6.2,1.6
Devin Vassell,SAC,11,13.4,2.0,4.0
Devin Vassell,TOR,6,18.8,3.8,3.4
Devin Vassell,UTA,9,22.4,4.2,3.8
Devin Vassell,WAS,7,15.4,4.4,2.4
Devon Dotson,ATL,1,2.0,0.0,0.0
Devon Dotson,BKN,2,0.0,1.5,2.0
Devon Dotson,BOS,1,0.0,4.0,2.0
Devon Dotson,CLE,1,6.0,1.0,0.0
Devon Dotson,DAL,1,2.0,1.0,0.0
Devon Dotson,DEN,2,1.0,0.0,0.5
Devon Dotson,DET,1,2.0,1.0,2.0
Devon Dotson,GSW,1,2.0,0.0,2.0
Devon Dotson,HOU,1,5.0,0.0,4.0
Devon Dotson,IND,1,2.0,3.0,0.0
Devon Dotson,LAC,1,3.0,4.0,3.0
Devon Dotson,MIA,1,6.0,0.0,1.0
Devon Dotson,MIN,1,0.0,0.0,0.0
Devon Dotson,ORL,1,0.0,2.0,3.0
Devon Dotson,UTA,1,0.0,0.0,1.0
Devontae Cacok,ATL,1,0.0,2.0,0.0
Devontae Cacok,BKN,1,8.0,6.0,1.0
Devontae Cacok,DAL,1,0.0,1.0,0.0
Devontae Cacok,DET,1,2.0,0.0,0.0
Devontae Cacok,GSW,1,4.0,3.0,1.0
Devontae Cacok,HOU,1,2.0,1.0,0.0
Devontae Cacok,MIA,2,6.0,6.0,1.5
Devontae Cacok,MIN,1,0.0,1.0,0.0
Devontae Cacok,NOP,1,0.0,1.0,0.0
Devontae Cacok,NYK,1,6.0,10.0,0.0
Devontae Cacok,PHI,1,2.0,1.0,0.0
Devontae Cacok,POR,1,2.0,1.0,0.0
Devontae Cacok,UTA,1,6.0,1.0,0.0
Devontae Cacok,WAS,1,2.0,2.0,1.0
Devonte' Graham,ATL,3,10.0,2.3333333333333335,3.6666666666666665
Devonte' Graham,BKN,4,6.5,1.5,3.0
Devonte' Graham,BOS,7,3.2,1.6,1.2
Devonte' Graham,CHA,5,8.6,2.2,3.4
Devonte' Graham,CHI,4,15.0,2.5,3.25
Devonte' Graham,CLE,4,14.0,2.25,5.0
Devonte' Graham,DAL,10,5.4,2.0,2.6
Devonte' Graham,DEN,10,4.2,1.2,2.6
Devonte' Graham,DET,6,11.0,1.8,2.6
Devonte' Graham,GSW,7,7.8,2.0,2.6
Devonte' Graham,HOU,9,9.4,0.8,2.0
Devonte' Graham,IND,5,13.4,3.0,3.8
Devonte' Graham,LAC,4,8.0,3.0,4.5
Devonte' Graham,LAL,5,4.6,1.2,2.0
Devonte' Graham,MEM,8,4.2,0.8,2.8
Devonte' Graham,MIA,4,10.0,2.5,3.5
Devonte' Graham,MIL,4,12.5,1.75,2.5
Devonte' Graham,MIN,5,11.0,3.0,3.2
Devonte' Graham,NOP,3,14.0,1.3333333333333333,2.6666666666666665
Devonte' Graham,NYK,2,16.0,3.0,4.5
Devonte' Graham,OKC,9,7.6,2.2,3.2
Devonte' Graham,ORL,4,11.25,3.0,5.0
Devonte' Graham,PHI,4,8.0,2.0,4.5
Devonte' Graham,PHX,10,5.4,1.4,1.8
Devonte' Graham,POR,4,4.5,1.0,3.0
Devonte' Graham,SAC,6,8.4,1.0,3.2
Devonte' Graham,SAS,7,9.0,1.6,1.0
Devonte' Graham,TOR,4,4.0,1.5,2.5
Devonte' Graham,UTA,10,9.8,2.4,3.4
Devonte' Graham,WAS,5,10.2,1.0,3.0
Dewayne Dedmon,ATL,6,7.2,5.8,1.0
Dewayne Dedmon,BKN,5,10.0,6.2,1.0
Dewayne Dedmon,BOS,5,3.4,2.8,0.0
Dewayne Dedmon,CHA,5,4.4,4.8,1.0
Dewayne Dedmon,CHI,7,6.8,3.8,0.6
Dewayne Dedmon,CLE,4,8.5,6.75,1.25
Dewayne Dedmon,DAL,1,10.0,5.0,0.0
Dewayne Dedmon,DEN,3,6.0,3.6666666666666665,0.3333333333333333
Dewayne Dedmon,DET,4,5.0,4.0,0.75
Dewayne Dedmon,GSW,2,7.5,3.5,0.0
Dewayne Dedmon,HOU,1,6.0,6.0,1.0
Dewayne Dedmon,IND,6,4.8,5.0,1.0
Dewayne Dedmon,LAC,3,3.3333333333333335,4.333333333333333,0.3333333333333333
Dewayne Dedmon,LAL,3,5.0,3.6666666666666665,0.0
Dewayne Dedmon,MEM,3,4.333333333333333,7.0,0.3333333333333333
Dewayne Dedmon,MIL,5,5.0,7.6,1.0
Dewayne Dedmon,MIN,3,7.0,4.666666666666667,1.0
Dewayne Dedmon,NOP,2,6.5,7.5,1.0
Dewayne Dedmon,NYK,2,4.5,5.5,0.5
Dewayne Dedmon,OKC,3,5.666666666666667,5.333333333333333,0.0
Dewayne Dedmon,ORL,2,7.5,7.0,0.5
Dewayne Dedmon,PHI,3,5.666666666666667,7.333333333333333,2.0
Dewayne Dedmon,PHX,4,4.0,3.5,0.0
Dewayne Dedmon,POR,3,8.0,5.0,0.6666666666666666
Dewayne Dedmon,SAC,2,8.0,6.0,2.0
Dewayne Dedmon,SAS,4,6.0,4.0,1.0
Dewayne Dedmon,TOR,6,4.2,3.4,0.4
Dewayne Dedmon,UTA,2,3.5,2.0,0.5
Dewayne Dedmon,WAS,6,7.0,2.6,0.4
Dexter Dennis,HOU,1,18.0,5.0,4.0
Dexter Dennis,MEM,1,4.0,0.0,0.0
Dexter Dennis,OKC,1,0.0,2.0,0.0
Dexter Dennis,SAS,1,0.0,2.0,0.0
Didi Louzada,DAL,1,3.0,3.0,0.0
Didi Louzada,GSW,1,0.0,2.0,0.0
Didi Louzada,NOP,2,8.0,1.5,0.5
Didi Louzada,OKC,1,5.0,4.0,0.0
Didi Louzada,SAC,1,0.0,0.0,1.0
Didi Louzada,SAS,2,3.0,1.0,1.0
Didi Louzada,UTA,1,5.0,3.0,1.0
Dillon Brooks,ATL,10,16.0,3.0,1.4
Dillon Brooks,BKN,8,20.8,5.0,2.0
Dillon Brooks,BOS,6,18.8,2.6,0.8
Dillon Brooks,CHA,7,13.0,1.8,1.8
Dillon Brooks,CHI,6,16.0,3.6,2.8
Dillon Brooks,CLE,8,15.2,2.8,1.8
Dillon Brooks,DAL,16,18.0,3.2,2.8
Dillon Brooks,DEN,13,15.4,2.2,1.2
Dillon Brooks,DET,7,18.2,2.4,2.0
Dillon Brooks,GSW,17,20.2,4.2,1.8
Dillon Brooks,HOU,9,17.6,3.0,1.6
Dillon Brooks,IND,7,16.2,2.0,2.0
Dillon Brooks,LAC,12,19.0,3.6,2.6
Dillon Brooks,LAL,13,20.8,2.0,0.8
Dillon Brooks,MEM,9,15.0,4.6,1.8
Dillon Brooks,MIA,8,20.4,3.8,1.0
Dillon Brooks,MIL,6,13.6,4.6,2.4
Dillon Brooks,MIN,11,17.0,3.8,1.6
Dillon Brooks,NOP,16,18.2,4.0,1.2
Dillon Brooks,NYK,7,15.8,5.4,1.6
Dillon Brooks,OKC,17,18.8,3.8,2.2
Dillon Brooks,ORL,8,12.2,4.0,1.4
Dillon Brooks,PHI,8,15.4,4.0,2.4
Dillon Brooks,PHX,11,12.4,3.6,2.4
Dillon Brooks,POR,13,17.2,4.6,2.0
Dillon Brooks,SAC,15,15.4,2.6,1.6
Dillon Brooks,SAS,14,15.4,3.6,0.8
Dillon Brooks,TOR,7,19.4,4.6,2.6
Dillon Brooks,UTA,11,10.6,4.4,1.8
Dillon Brooks,WAS,8,12.6,2.0,1.2
Dillon Jones,ATL,1,0.0,0.0,0.0
Dillon Jones,BKN,1,6.0,5.0,3.0
Dillon Jones,CHA,3,2.6666666666666665,2.3333333333333335,0.6666666666666666
Dillon Jones,CHI,2,2.5,2.0,1.0
Dillon Jones,CLE,1,0.0,1.0,1.0
Dillon Jones,DAL,3,4.0,1.0,1.6666666666666667
Dillon Jones,DEN,2,0.0,0.5,0.0
Dillon Jones,DET,2,0.0,0.5,1.5
Dillon Jones,GSW,2,3.0,5.0,1.5
Dillon Jones,HOU,3,2.3333333333333335,1.3333333333333333,0.6666666666666666
Dillon Jones,IND,2,1.5,1.5,0.5
Dillon Jones,LAC,3,0.0,1.3333333333333333,0.6666666666666666
Dillon Jones,LAL,4,0.0,1.25,0.25
Dillon Jones,MEM,3,0.6666666666666666,0.3333333333333333,0.6666666666666666
Dillon Jones,MIA,1,0.0,2.0,0.0
Dillon Jones,MIL,2,0.0,6.0,2.0
Dillon Jones,MIN,1,0.0,3.0,2.0
Dillon Jones,NOP,3,7.666666666666667,4.0,2.0
Dillon Jones,ORL,1,3.0,1.0,0.0
Dillon Jones,PHI,2,7.5,3.5,3.5
Dillon Jones,PHX,3,3.3333333333333335,2.6666666666666665,0.6666666666666666
Dillon Jones,POR,4,4.0,2.5,1.25
Dillon Jones,SAC,2,2.5,0.0,0.0
Dillon Jones,SAS,3,1.0,2.3333333333333335,0.0
Dillon Jones,TOR,1,1.0,2.0,1.0
Dillon Jones,UTA,3,6.333333333333333,4.0,2.3333333333333335
Dillon Jones,WAS,3,0.0,1.0,0.3333333333333333
Dmytro Skapintsev,IND,1,0.0,0.0,0.0
Dmytro Skapintsev,MIL,1,0.0,0.0,0.0
Domantas Sabonis,ATL,7,17.2,12.8,5.8
Domantas Sabonis,BKN,9,18.2,19.4,8.0
Domantas Sabonis,BOS,9,16.8,16.8,6.0
Domantas Sabonis,CHA,9,21.2,14.6,6.4
Domantas Sabonis,CHI,11,17.0,15.6,7.6
Domantas Sabonis,CLE,8,20.8,14.2,8.8
Domantas Sabonis,DAL,12,15.0,13.0,7.6
Domantas Sabonis,DEN,14,19.2,14.0,5.0
Domantas Sabonis,DET,8,24.2,11.4,9.0
Domantas Sabonis,GSW,11,17.8,12.2,8.4
Domantas Sabonis,HOU,10,16.2,8.8,4.8
Domantas Sabonis,IND,6,20.8,15.0,5.4
Domantas Sabonis,LAC,12,21.0,15.6,7.2
Domantas Sabonis,LAL,14,18.0,13.8,6.8
Domantas Sabonis,MEM,11,17.8,11.4,4.8
Domantas Sabonis,MIA,10,15.2,15.0,8.8
Domantas Sabonis,MIL,10,21.2,12.8,10.6
Domantas Sabonis,MIN,15,23.6,11.8,3.6
Domantas Sabonis,NOP,14,23.0,17.8,3.8
Domantas Sabonis,NYK,11,19.6,12.6,7.6
Domantas Sabonis,OKC,13,12.6,12.0,4.6
Domantas Sabonis,ORL,6,18.0,14.6,7.0
Domantas Sabonis,PHI,8,13.8,13.4,7.2
Domantas Sabonis,PHX,15,17.6,11.4,8.2
Domantas Sabonis,POR,13,15.4,13.6,6.0
Domantas Sabonis,SAC,1,17.0,10.0,1.0
Domantas Sabonis,SAS,13,23.6,14.2,5.6
Domantas Sabonis,TOR,9,16.0,14.2,9.6
Domantas Sabonis,UTA,13,17.6,11.0,4.4
Domantas Sabonis,WAS,10,20.4,13.4,6.8
Dominick Barlow,ATL,6,6.0,4.8,1.4
Dominick Barlow,BKN,5,5.8,6.0,1.8
Dominick Barlow,BOS,6,8.2,5.0,1.4
Dominick Barlow,CHA,8,7.0,3.6,0.8
Dominick Barlow,CHI,4,6.25,4.5,2.5
Dominick Barlow,CLE,6,4.0,2.6,0.4
Dominick Barlow,DAL,7,10.2,5.2,1.8
Dominick Barlow,DEN,4,5.5,4.75,1.5
Dominick Barlow,DET,6,8.0,4.8,1.8
Dominick Barlow,GSW,6,8.2,7.0,1.8
Dominick Barlow,HOU,6,3.6,4.4,0.8
Dominick Barlow,IND,8,6.6,4.8,0.4
Dominick Barlow,LAC,7,8.6,4.6,0.4
Dominick Barlow,LAL,4,5.0,2.25,0.0
Dominick Barlow,MEM,7,7.2,4.2,0.6
Dominick Barlow,MIA,4,6.5,2.75,0.0
Dominick Barlow,MIL,9,5.4,3.8,2.0
Dominick Barlow,MIN,5,5.6,4.8,1.8
Dominick Barlow,NOP,5,3.8,2.2,0.2
Dominick Barlow,NYK,7,7.0,3.0,0.8
Dominick Barlow,OKC,4,0.5,3.0,1.5
Dominick Barlow,ORL,7,8.4,4.4,0.6
Dominick Barlow,PHI,3,5.666666666666667,4.666666666666667,1.0
Dominick Barlow,PHX,5,4.0,4.0,0.8
Dominick Barlow,POR,5,5.6,3.0,1.0
Dominick Barlow,SAC,4,8.25,5.0,1.75
Dominick Barlow,SAS,3,3.6666666666666665,3.6666666666666665,0.0
Dominick Barlow,TOR,7,6.8,3.6,0.8
Dominick Barlow,UTA,4,3.0,3.0,0.25
Dominick Barlow,WAS,5,7.4,3.2,2.0
Donovan Clingan,ATL,4,10.25,10.5,2.75
Donovan Clingan,BKN,4,9.25,11.75,1.75
Donovan Clingan,BOS,4,8.25,10.25,1.0
Donovan Clingan,CHA,4,7.5,9.25,2.25
Donovan Clingan,CHI,2,12.0,19.5,2.5
Donovan Clingan,CLE,4,8.75,10.0,2.75
Donovan Clingan,DAL,6,11.0,11.4,0.8
Donovan Clingan,DEN,7,14.6,13.8,1.2
Donovan Clingan,DET,3,8.0,8.0,2.0
Donovan Clingan,GSW,7,12.0,10.4,2.2
Donovan Clingan,HOU,6,9.4,12.4,2.0
Donovan Clingan,IND,2,18.5,12.0,2.5
Donovan Clingan,LAC,5,9.6,8.2,2.0
Donovan Clingan,LAL,6,10.8,9.4,1.8
Donovan Clingan,MEM,5,12.0,11.8,0.8
Donovan Clingan,MIA,3,9.333333333333334,8.333333333333334,1.0
Donovan Clingan,MIL,4,9.0,9.25,2.0
Donovan Clingan,MIN,8,9.6,9.6,2.2
Donovan Clingan,NOP,6,7.4,9.2,0.6
Donovan Clingan,NYK,4,5.75,9.0,0.75
Donovan Clingan,OKC,7,5.8,7.8,0.8
Donovan Clingan,ORL,3,3.3333333333333335,8.666666666666666,0.6666666666666666
Donovan Clingan,PHI,4,10.5,9.0,3.0
Donovan Clingan,PHX,7,10.4,9.8,1.6
Donovan Clingan,SAC,7,13.4,10.4,1.8
Donovan Clingan,SAS,7,12.2,9.6,2.2
Donovan Clingan,TOR,4,9.25,13.5,1.75
Donovan Clingan,UTA,7,14.2,13.2,3.8
Donovan Clingan,WAS,4,8.75,11.5,2.0
Donovan Mitchell,ATL,13,29.2,4.8,4.8
Donovan Mitchell,BKN,13,23.6,2.8,3.6
Donovan Mitchell,BOS,15,27.0,6.2,6.0
Donovan Mitchell,CHA,11,25.4,3.0,4.6
Donovan Mitchell,CHI,14,32.4,5.8,4.4
Donovan Mitchell,CLE,2,26.0,4.0,5.0
Donovan Mitchell,DAL,11,21.6,3.2,7.4
Donovan Mitchell,DEN,9,27.8,3.0,6.6
Donovan Mitchell,DET,10,28.6,3.2,3.8
Donovan Mitchell,GSW,10,22.0,5.0,3.8
Donovan Mitchell,HOU,10,20.4,3.2,4.0
Donovan Mitchell,IND,13,33.4,7.2,4.2
Donovan Mitchell,LAC,9,27.2,6.6,9.0
Donovan Mitchell,LAL,11,19.0,4.0,5.8
Donovan Mitchell,MEM,7,24.6,3.8,5.8
Donovan Mitchell,MIA,13,24.4,6.6,5.8
Donovan Mitchell,MIL,16,24.4,5.0,5.2
Donovan Mitchell,MIN,8,26.2,4.8,7.4
Donovan Mitchell,NOP,11,21.4,4.2,3.4
Donovan Mitchell,NYK,14,28.4,4.6,5.0
Donovan Mitchell,OKC,9,15.6,4.8,3.8
Donovan Mitchell,ORL,15,34.2,4.4,5.2
Donovan Mitchell,PHI,14,29.6,5.2,8.4
Donovan Mitchell,PHX,9,22.8,5.0,4.6
Donovan Mitchell,POR,8,26.0,4.6,5.8
Donovan Mitchell,SAC,11,28.4,4.0,5.4
Donovan Mitchell,SAS,10,24.0,4.6,8.6
Donovan Mitchell,TOR,13,23.2,3.8,4.6
Donovan Mitchell,UTA,6,27.8,3.2,4.8
Donovan Mitchell,WAS,16,31.0,3.8,5.0
Donovan Williams,BOS,1,4.0,1.0,0.0
Donovan Williams,CHI,1,0.0,1.0,0.0
Donte DiVincenzo,ATL,9,10.2,3.4,5.0
Donte DiVincenzo,BKN,10,12.0,5.4,4.0
Donte DiVincenzo,BOS,13,12.6,3.0,3.8
Donte DiVincenzo,CHA,10,16.4,4.0,3.2
Donte DiVincenzo,CHI,12,16.4,4.8,3.8
Donte DiVincenzo,CLE,8,16.8,2.8,4.0
Donte DiVincenzo,DAL,12,11.4,4.2,3.0
Donte DiVincenzo,DEN,15,11.2,5.0,4.8
Donte DiVincenzo,DET,8,15.6,3.2,2.2
Donte DiVincenzo,GSW,12,18.6,5.8,4.4
Donte DiVincenzo,HOU,13,13.6,4.0,3.0
Donte DiVincenzo,IND,10,14.0,4.6,3.6
Donte DiVincenzo,LAC,15,9.0,4.8,2.6
Donte DiVincenzo,LAL,14,9.4,3.4,4.0
Donte DiVincenzo,MEM,13,13.4,3.8,4.6
Donte DiVincenzo,MIA,8,15.4,5.8,3.2
Donte DiVincenzo,MIL,11,16.4,3.4,4.0
Donte DiVincenzo,MIN,6,10.4,4.4,3.8
Donte DiVincenzo,NOP,14,10.4,2.6,3.2
Donte DiVincenzo,NYK,6,13.2,3.8,4.0
Donte DiVincenzo,OKC,12,12.6,5.4,2.8
Donte DiVincenzo,ORL,11,9.8,2.2,4.2
Donte DiVincenzo,PHI,10,12.6,2.8,3.4
Donte DiVincenzo,PHX,13,9.6,2.2,3.4
Donte DiVincenzo,POR,14,8.8,3.2,3.2
Donte DiVincenzo,SAC,13,13.6,4.6,3.8
Donte DiVincenzo,SAS,13,18.2,5.6,4.2
Donte DiVincenzo,TOR,11,14.8,4.0,3.0
Donte DiVincenzo,UTA,13,11.4,3.6,4.2
Donte DiVincenzo,WAS,10,11.8,4.0,3.0
Dorian Finney-Smith,ATL,11,9.8,5.0,1.4
Dorian Finney-Smith,BKN,5,9.6,4.2,1.0
Dorian Finney-Smith,BOS,11,4.0,3.2,0.6
Dorian Finney-Smith,CHA,11,8.6,4.0,1.8
Dorian Finney-Smith,CHI,12,5.2,3.2,1.2
Dorian Finney-Smith,CLE,13,7.2,3.4,1.8
Dorian Finney-Smith,DAL,6,4.6,4.4,1.6
Dorian Finney-Smith,DEN,13,9.6,4.2,1.8
Dorian Finney-Smith,DET,9,9.0,4.6,0.6
Dorian Finney-Smith,GSW,9,8.2,4.6,1.6
Dorian Finney-Smith,HOU,11,15.8,3.4,2.0
Dorian Finney-Smith,IND,9,7.6,2.6,1.6
Dorian Finney-Smith,LAC,13,5.6,3.0,2.0
Dorian Finney-Smith,LAL,8,3.8,2.2,1.2
Dorian Finney-Smith,MEM,13,11.8,4.0,1.6
Dorian Finney-Smith,MIA,11,6.6,4.2,1.8
Dorian Finney-Smith,MIL,10,4.8,3.4,1.0
Dorian Finney-Smith,MIN,12,4.4,3.2,0.6
Dorian Finney-Smith,NOP,12,4.6,3.4,1.0
Dorian Finney-Smith,NYK,13,10.0,3.6,1.2
Dorian Finney-Smith,OKC,12,9.2,3.6,1.8
Dorian Finney-Smith,ORL,12,8.2,4.2,1.0
Dorian Finney-Smith,PHI,8,7.8,3.6,1.2
Dorian Finney-Smith,PHX,10,9.6,5.8,2.0
Dorian Finney-Smith,POR,12,4.8,4.2,1.0
Dorian Finney-Smith,SAC,7,10.2,3.4,2.4
Dorian Finney-Smith,SAS,12,5.8,2.2,1.0
Dorian Finney-Smith,TOR,9,6.0,4.8,1.6
Dorian Finney-Smith,UTA,10,5.6,2.6,1.2
Dorian Finney-Smith,WAS,10,7.4,5.2,0.6
Doug McDermott,ATL,5,9.6,1.2,0.6
Doug McDermott,BKN,9,4.2,1.2,0.4
Doug McDermott,BOS,4,5.5,1.0,1.0
Doug McDermott,CHA,11,3.6,0.6,0.6
Doug McDermott,CHI,7,6.0,1.4,1.6
Doug McDermott,CLE,6,3.8,1.6,0.8
Doug McDermott,DAL,11,3.6,1.0,0.4
Doug McDermott,DEN,12,8.0,0.8,0.2
Doug McDermott,DET,7,6.6,1.4,1.2
Doug McDermott,GSW,10,5.0,1.2,0.8
Doug McDermott,HOU,7,8.4,1.6,1.0
Doug McDermott,IND,6,4.6,0.6,1.6
Doug McDermott,LAC,15,1.8,0.6,0.6
Doug McDermott,LAL,13,4.6,0.2,0.6
Doug McDermott,MEM,8,8.2,2.6,1.2
Doug McDermott,MIA,6,6.4,2.2,2.2
Doug McDermott,MIL,3,11.666666666666666,3.0,1.6666666666666667
Doug McDermott,MIN,11,3.4,1.0,0.4
Doug McDermott,NOP,10,3.8,2.0,0.8
Doug McDermott,NYK,7,5.2,1.0,0.2
Doug McDermott,OKC,11,4.6,0.6,0.8
Doug McDermott,ORL,7,8.8,1.0,0.8
Doug McDermott,PHI,6,9.0,2.4,0.6
Doug McDermott,PHX,11,3.6,0.8,0.8
Doug McDermott,POR,10,6.8,0.8,0.6
Doug McDermott,SAC,5,12.4,1.2,2.0
Doug McDermott,SAS,4,7.0,1.0,0.75
Doug McDermott,TOR,10,2.0,0.4,0.2
Doug McDermott,UTA,11,9.8,0.8,0.4
Doug McDermott,WAS,7,6.0,0.4,0.6
Drake Powell,ATL,3,8.0,1.3333333333333333,2.6666666666666665
Drake Powell,BOS,3,6.0,1.3333333333333333,1.0
Drake Powell,CHA,3,7.333333333333333,3.0,1.6666666666666667
Drake Powell,CHI,3,7.333333333333333,2.0,1.6666666666666667
Drake Powell,CLE,1,2.0,2.0,1.0
Drake Powell,DAL,3,4.0,1.0,0.6666666666666666
Drake Powell,DEN,2,6.0,0.5,1.0
Drake Powell,DET,3,9.333333333333334,2.6666666666666665,1.0
Drake Powell,GSW,2,6.0,1.0,0.0
Drake Powell,HOU,1,8.0,0.0,1.0
Drake Powell,IND,2,4.0,1.5,0.5
Drake Powell,LAC,2,2.5,2.0,1.5
Drake Powell,LAL,2,3.5,0.5,0.5
Drake Powell,MEM,1,9.0,3.0,2.0
Drake Powell,MIA,1,0.0,3.0,0.0
Drake Powell,MIL,3,9.0,3.3333333333333335,1.6666666666666667
Drake Powell,MIN,1,7.0,1.0,2.0
Drake Powell,NOP,2,9.5,3.0,2.5
Drake Powell,NYK,4,9.5,2.0,3.0
Drake Powell,OKC,2,3.5,1.0,0.5
Drake Powell,ORL,3,4.666666666666667,3.0,1.6666666666666667
Drake Powell,PHI,2,3.0,0.5,1.0
Drake Powell,PHX,2,5.5,0.5,1.5
Drake Powell,POR,1,2.0,1.0,0.0
Drake Powell,SAC,2,12.0,2.5,2.5
Drake Powell,SAS,1,4.0,1.0,1.0
Drake Powell,TOR,3,6.666666666666667,1.0,1.6666666666666667
Drake Powell,UTA,1,2.0,2.0,1.0
Drake Powell,WAS,4,9.5,2.0,1.75
Draymond Green,ATL,9,7.8,6.8,6.2
Draymond Green,BKN,8,7.0,6.6,6.0
Draymond Green,BOS,8,7.8,6.0,4.6
Draymond Green,CHA,10,13.8,7.4,7.0
Draymond Green,CHI,6,10.0,6.8,8.0
Draymond Green,CLE,8,8.4,5.4,6.4
Draymond Green,DAL,13,9.6,5.0,5.0
Draymond Green,DEN,8,12.2,5.4,5.6
Draymond Green,DET,7,8.0,6.8,6.4
Draymond Green,HOU,13,8.8,5.4,8.0
Draymond Green,IND,8,6.8,7.0,4.0
Draymond Green,LAC,15,8.0,5.2,6.6
Draymond Green,LAL,17,6.8,6.6,6.4
Draymond Green,MEM,15,8.6,4.0,5.4
Draymond Green,MIA,6,5.6,7.4,5.6
Draymond Green,MIL,7,8.4,5.2,5.6
Draymond Green,MIN,10,6.0,6.0,4.2
Draymond Green,NOP,13,7.6,7.8,5.4
Draymond Green,NYK,8,6.4,7.2,5.0
Draymond Green,OKC,13,10.0,6.6,6.0
Draymond Green,ORL,9,7.4,6.6,3.6
Draymond Green,PHI,9,8.2,6.0,4.2
Draymond Green,PHX,17,4.6,4.2,3.4
Draymond Green,POR,14,10.0,6.0,4.8
Draymond Green,SAC,16,9.6,5.6,6.8
Draymond Green,SAS,16,11.2,7.2,5.8
Draymond Green,TOR,7,11.8,7.4,5.8
Draymond Green,UTA,11,4.8,2.6,6.4
Draymond Green,WAS,9,7.0,5.8,6.0
Drew Eubanks,ATL,9,3.4,3.6,0.6
Drew Eubanks,BKN,9,2.8,4.6,0.8
Drew Eubanks,BOS,6,2.4,2.8,0.2
Drew Eubanks,CHA,7,7.2,6.8,1.4
Drew Eubanks,CHI,9,5.6,4.4,1.0
Drew Eubanks,CLE,5,4.2,4.8,0.2
Drew Eubanks,DAL,16,6.8,4.0,1.2
Drew Eubanks,DEN,17,7.4,2.4,0.4
Drew Eubanks,DET,10,4.0,3.0,0.4
Drew Eubanks,GSW,12,7.2,4.4,1.2
Drew Eubanks,HOU,13,2.2,2.8,0.4
Drew Eubanks,IND,10,4.2,3.2,0.6
Drew Eubanks,LAC,10,4.0,2.6,0.2
Drew Eubanks,LAL,17,3.6,2.2,0.6
Drew Eubanks,MEM,11,5.2,3.4,0.0
Drew Eubanks,MIA,8,7.6,3.8,1.0
Drew Eubanks,MIL,10,5.2,4.6,0.8
Drew Eubanks,MIN,14,3.8,1.2,1.0
Drew Eubanks,NOP,14,9.6,5.4,0.4
Drew Eubanks,NYK,9,2.6,3.2,0.4
Drew Eubanks,OKC,17,5.6,2.2,0.2
Drew Eubanks,ORL,8,4.8,4.4,1.6
Drew Eubanks,PHI,7,6.8,4.6,1.8
Drew Eubanks,PHX,15,4.6,3.8,0.4
Drew Eubanks,POR,7,6.6,4.0,0.6
Drew Eubanks,SAC,15,2.2,2.6,0.4
Drew Eubanks,SAS,17,4.2,3.2,1.6
Drew Eubanks,TOR,5,4.6,4.4,0.6
Drew Eubanks,UTA,13,4.4,3.2,0.4
Drew Eubanks,WAS,7,5.4,4.8,1.0
Drew Peterson,ATL,1,0.0,2.0,1.0
Drew Peterson,BKN,1,0.0,0.0,1.0
Drew Peterson,CHA,3,5.0,1.6666666666666667,0.0
Drew Peterson,CHI,2,0.0,1.0,0.0
Drew Peterson,CLE,3,2.6666666666666665,2.0,0.0
Drew Peterson,DAL,1,3.0,1.0,3.0
Drew Peterson,DET,3,2.6666666666666665,1.3333333333333333,0.6666666666666666
Drew Peterson,HOU,2,2.5,1.0,0.5
Drew Peterson,IND,3,3.0,1.6666666666666667,0.3333333333333333
Drew Peterson,LAC,2,1.5,0.5,0.5
Drew Peterson,MIA,2,5.0,3.5,0.5
Drew Peterson,MIL,1,0.0,0.0,0.0
Drew Peterson,ORL,1,3.0,4.0,0.0
Drew Peterson,PHI,1,0.0,3.0,2.0
Drew Peterson,PHX,1,0.0,1.0,0.0
Drew Peterson,POR,1,0.0,0.0,0.0
Drew Peterson,SAC,1,0.0,0.0,0.0
Drew Peterson,TOR,2,3.0,2.5,1.5
Drew Peterson,UTA,1,0.0,0.0,0.0
Drew Peterson,WAS,2,0.0,1.0,0.0
Drew Timme,ATL,2,7.5,6.0,3.0
Drew Timme,BKN,1,2.0,2.0,0.0
Drew Timme,BOS,1,0.0,2.0,3.0
Drew Timme,CHA,1,0.0,0.0,0.0
Drew Timme,CHI,2,1.0,1.0,0.0
Drew Timme,CLE,2,3.0,1.0,0.0
Drew Timme,DAL,3,3.0,2.0,1.0
Drew Timme,DEN,1,9.0,3.0,0.0
Drew Timme,GSW,1,4.0,1.0,2.0
Drew Timme,IND,1,4.0,2.0,1.0
Drew Timme,LAC,3,4.333333333333333,3.6666666666666665,0.6666666666666666
Drew Timme,MIN,3,6.666666666666667,3.6666666666666665,1.3333333333333333
Drew Timme,NOP,1,16.0,9.0,1.0
Drew Timme,NYK,2,5.5,4.0,1.0
Drew Timme,OKC,1,11.0,3.0,2.0
Drew Timme,PHX,1,2.0,1.0,0.0
Drew Timme,POR,1,21.0,2.0,4.0
Drew Timme,SAC,1,0.0,1.0,0.0
Drew Timme,SAS,2,7.0,1.0,0.0
Drew Timme,TOR,2,8.0,5.0,2.0
Drew Timme,UTA,1,3.0,0.0,2.0
Drew Timme,WAS,3,7.666666666666667,2.6666666666666665,2.3333333333333335
Dru Smith,ATL,5,4.4,1.8,1.2
Dru Smith,BKN,3,4.0,2.0,3.0
Dru Smith,BOS,6,3.4,2.2,1.8
Dru Smith,CHA,6,3.6,1.6,2.4
Dru Smith,CHI,5,8.2,4.0,3.8
Dru Smith,CLE,4,5.75,2.5,1.25
Dru Smith,DAL,2,4.0,3.5,2.5
Dru Smith,DEN,2,8.0,3.0,1.5
Dru Smith,DET,7,6.8,1.8,2.4
Dru Smith,GSW,2,4.5,3.0,2.5
Dru Smith,HOU,2,3.0,0.5,1.0
Dru Smith,IND,2,6.5,3.0,3.5
Dru Smith,LAC,4,3.25,1.5,3.25
Dru Smith,LAL,3,4.0,2.0,3.3333333333333335
Dru Smith,MEM,3,5.333333333333333,4.333333333333333,2.6666666666666665
Dru Smith,MIA,1,0.0,1.0,0.0
Dru Smith,MIL,5,6.8,2.0,2.0
Dru Smith,MIN,3,4.666666666666667,0.3333333333333333,1.6666666666666667
Dru Smith,NOP,2,4.0,3.5,2.5
Dru Smith,NYK,6,6.4,2.2,1.6
Dru Smith,OKC,3,8.0,1.6666666666666667,4.0
Dru Smith,ORL,8,7.0,2.8,3.0
Dru Smith,PHI,4,5.5,3.5,1.75
Dru Smith,PHX,4,6.25,2.25,0.25
Dru Smith,POR,3,6.333333333333333,3.3333333333333335,2.6666666666666665
Dru Smith,SAC,1,4.0,1.0,2.0
Dru Smith,SAS,2,9.0,3.0,4.0
Dru Smith,TOR,3,10.666666666666666,2.6666666666666665,2.3333333333333335
Dru Smith,UTA,2,5.0,6.5,4.0
Dru Smith,WAS,5,3.0,1.6,1.8
Duane Washington Jr.,ATL,2,16.0,4.5,2.5
Duane Washington Jr.,BKN,4,7.0,1.0,1.5
Duane Washington Jr.,BOS,4,6.0,2.25,1.5
Duane Washington Jr.,CHA,2,9.5,3.0,2.5
Duane Washington Jr.,CHI,4,6.75,3.25,2.0
Duane Washington Jr.,CLE,6,12.4,0.6,1.4
Duane Washington Jr.,DAL,2,12.0,1.5,1.5
Duane Washington Jr.,DEN,2,6.5,0.5,3.5
Duane Washington Jr.,DET,3,11.0,2.3333333333333335,1.3333333333333333
Duane Washington Jr.,GSW,3,11.333333333333334,1.0,2.6666666666666665
Duane Washington Jr.,HOU,2,6.5,1.0,1.0
Duane Washington Jr.,IND,1,9.0,1.0,4.0
Duane Washington Jr.,LAC,3,8.666666666666666,1.6666666666666667,2.0
Duane Washington Jr.,LAL,1,15.0,2.0,1.0
Duane Washington Jr.,MEM,4,14.25,2.75,4.0
Duane Washington Jr.,MIA,2,17.0,1.0,5.5
Duane Washington Jr.,MIL,1,0.0,1.0,0.0
Duane Washington Jr.,MIN,2,5.0,1.5,1.5
Duane Washington Jr.,NOP,2,11.5,1.0,1.5
Duane Washington Jr.,NYK,4,8.0,1.25,1.5
Duane Washington Jr.,OKC,2,4.0,0.0,1.5
Duane Washington Jr.,ORL,4,6.0,0.25,1.5
Duane Washington Jr.,PHI,2,13.5,2.0,1.5
Duane Washington Jr.,PHX,2,0.0,0.0,0.5
Duane Washington Jr.,POR,2,7.5,1.0,3.0
Duane Washington Jr.,SAC,2,8.0,0.5,0.5
Duane Washington Jr.,SAS,3,8.0,1.6666666666666667,0.3333333333333333
Duane Washington Jr.,TOR,1,11.0,2.0,2.0
Duane Washington Jr.,UTA,3,6.666666666666667,1.3333333333333333,1.6666666666666667
Duane Washington Jr.,WAS,4,9.25,1.5,2.0
Duncan Robinson,ATL,14,14.6,4.4,3.4
Duncan Robinson,BKN,16,11.0,1.4,3.0
Duncan Robinson,BOS,15,9.4,2.6,1.6
Duncan Robinson,CHA,18,13.8,2.2,1.8
Duncan Robinson,CHI,18,11.2,1.4,1.2
Duncan Robinson,CLE,13,10.0,1.8,2.2
Duncan Robinson,DAL,8,11.2,2.6,1.6
Duncan Robinson,DEN,9,12.2,3.2,3.6
Duncan Robinson,DET,13,15.4,2.4,2.0
Duncan Robinson,GSW,7,12.0,1.6,3.8
Duncan Robinson,HOU,7,10.8,2.2,2.6
Duncan Robinson,IND,15,13.4,2.4,2.6
Duncan Robinson,LAC,8,11.6,2.0,1.0
Duncan Robinson,LAL,9,9.0,1.4,3.0
Duncan Robinson,MEM,9,7.6,3.2,1.2
Duncan Robinson,MIA,3,10.0,3.3333333333333335,3.0
Duncan Robinson,MIL,15,12.2,2.4,1.8
Duncan Robinson,MIN,9,12.4,3.4,2.2
Duncan Robinson,NOP,6,16.0,2.0,2.0
Duncan Robinson,NYK,12,11.8,3.0,1.8
Duncan Robinson,OKC,7,11.0,2.0,2.8
Duncan Robinson,ORL,16,7.8,2.8,2.4
Duncan Robinson,PHI,17,16.6,2.6,2.2
Duncan Robinson,PHX,9,11.2,1.0,1.0
Duncan Robinson,POR,9,15.2,3.8,2.4
Duncan Robinson,SAC,8,8.6,2.0,4.6
Duncan Robinson,SAS,10,11.8,2.8,2.2
Duncan Robinson,TOR,17,11.0,2.8,1.8
Duncan Robinson,UTA,9,10.2,3.2,2.0
Duncan Robinson,WAS,14,12.4,2.8,2.2
Duop Reath,ATL,4,6.75,3.0,1.5
Duop Reath,BKN,4,8.0,5.0,1.0
Duop Reath,BOS,4,3.5,2.75,0.25
Duop Reath,CHA,3,7.333333333333333,2.6666666666666665,0.6666666666666666
Duop Reath,CHI,3,5.666666666666667,1.3333333333333333,0.0
Duop Reath,CLE,5,8.4,2.4,1.0
Duop Reath,DAL,4,9.75,5.0,1.25
Duop Reath,DEN,7,9.4,4.2,1.4
Duop Reath,DET,3,4.0,2.3333333333333335,0.6666666666666666
Duop Reath,GSW,9,1.0,1.6,0.4
Duop Reath,HOU,9,2.0,1.8,0.4
Duop Reath,IND,3,4.0,2.3333333333333335,1.0
Duop Reath,LAC,6,6.2,1.0,0.6
Duop Reath,LAL,5,7.0,2.6,1.4
Duop Reath,MEM,6,8.4,3.8,0.4
Duop Reath,MIA,4,3.75,2.75,0.25
Duop Reath,MIL,4,4.0,1.25,0.25
Duop Reath,MIN,5,10.4,3.2,0.2
Duop Reath,NOP,6,3.8,2.0,0.4
Duop Reath,NYK,4,4.25,3.0,0.25
Duop Reath,OKC,10,5.2,1.4,0.8
Duop Reath,ORL,5,0.8,1.0,0.2
Duop Reath,PHI,3,9.0,2.3333333333333335,1.0
Duop Reath,PHX,5,7.0,2.0,0.4
Duop Reath,SAC,8,3.4,1.2,0.4
Duop Reath,SAS,4,1.5,0.75,0.25
Duop Reath,TOR,3,5.0,2.3333333333333335,0.3333333333333333
Duop Reath,UTA,7,8.2,2.6,0.8
Duop Reath,WAS,3,10.0,3.6666666666666665,1.6666666666666667
Dwight Howard,ATL,2,1.0,3.5,0.0
Dwight Howard,BKN,1,2.0,3.0,0.0
Dwight Howard,BOS,2,5.5,6.0,1.0
Dwight Howard,CHA,1,4.0,9.0,1.0
Dwight Howard,CHI,1,5.0,6.0,0.0
Dwight Howard,CLE,2,5.5,4.5,1.0
Dwight Howard,DAL,2,1.0,1.5,0.0
Dwight Howard,DEN,2,10.5,5.0,0.5
Dwight Howard,DET,1,13.0,5.0,0.0
Dwight Howard,GSW,2,10.5,9.0,0.5
Dwight Howard,IND,2,6.5,8.0,1.0
Dwight Howard,LAC,4,7.25,6.5,1.25
Dwight Howard,MEM,4,5.5,2.25,0.25
Dwight Howard,MIA,2,0.0,3.5,0.0
Dwight Howard,MIL,1,3.0,2.0,0.0
Dwight Howard,MIN,2,5.5,8.0,0.5
Dwight Howard,NOP,3,6.666666666666667,8.666666666666666,0.3333333333333333
Dwight Howard,NYK,1,0.0,1.0,1.0
Dwight Howard,OKC,4,5.5,5.5,1.0
Dwight Howard,ORL,2,4.5,4.0,0.5
Dwight Howard,PHI,2,13.0,7.5,0.5
Dwight Howard,PHX,3,4.0,5.0,1.3333333333333333
Dwight Howard,POR,2,10.5,7.0,0.0
Dwight Howard,SAC,4,8.5,9.75,1.0
Dwight Howard,SAS,4,5.5,6.75,0.75
Dwight Howard,TOR,1,7.0,6.0,0.0
Dwight Howard,UTA,3,9.666666666666666,8.333333333333334,0.0
Dwight Powell,ATL,6,5.8,2.6,1.2
Dwight Powell,BKN,9,3.6,4.6,1.2
Dwight Powell,BOS,7,3.4,3.2,0.0
Dwight Powell,CHA,8,5.6,3.4,1.8
Dwight Powell,CHI,10,2.4,4.2,1.4
Dwight Powell,CLE,7,3.6,3.4,0.8
Dwight Powell,DEN,14,4.8,3.6,1.2
Dwight Powell,DET,8,4.0,5.8,1.8
Dwight Powell,GSW,13,2.4,3.4,0.6
Dwight Powell,HOU,17,1.4,2.0,0.4
Dwight Powell,IND,9,3.6,1.4,1.0
Dwight Powell,LAC,17,2.6,3.2,1.0
Dwight Powell,LAL,16,0.4,2.4,0.8
Dwight Powell,MEM,18,3.8,3.0,0.8
Dwight Powell,MIA,6,3.0,2.8,1.2
Dwight Powell,MIL,10,3.0,3.4,1.8
Dwight Powell,MIN,13,4.8,6.0,2.8
Dwight Powell,NOP,15,1.4,1.6,0.8
Dwight Powell,NYK,9,3.0,5.0,1.6
Dwight Powell,OKC,15,3.0,2.2,0.8
Dwight Powell,ORL,10,1.2,2.8,0.6
Dwight Powell,PHI,6,4.6,3.6,1.6
Dwight Powell,PHX,15,1.2,2.2,1.4
Dwight Powell,POR,16,4.0,2.6,1.6
Dwight Powell,SAC,13,1.0,4.2,0.4
Dwight Powell,SAS,17,3.2,3.2,1.2
Dwight Powell,TOR,9,1.4,2.6,0.4
Dwight Powell,UTA,18,4.6,5.4,1.2
Dwight Powell,WAS,8,5.8,2.8,1.4
Dylan Cardwell,ATL,1,3.0,7.0,4.0
Dylan Cardwell,BKN,2,4.5,3.0,1.5
Dylan Cardwell,BOS,1,8.0,8.0,1.0
Dylan Cardwell,CHA,1,6.0,11.0,1.0
Dylan Cardwell,CLE,2,10.0,7.0,2.5
Dylan Cardwell,DAL,2,4.0,8.5,2.0
Dylan Cardwell,DET,2,4.5,7.5,4.5
Dylan Cardwell,GSW,3,7.0,8.0,1.3333333333333333
Dylan Cardwell,HOU,2,5.5,7.5,0.5
Dylan Cardwell,LAC,3,9.666666666666666,9.333333333333334,1.3333333333333333
Dylan Cardwell,LAL,3,3.0,5.666666666666667,0.0
Dylan Cardwell,MEM,1,5.0,11.0,1.0
Dylan Cardwell,MIA,1,4.0,12.0,1.0
Dylan Cardwell,MIL,1,2.0,1.0,0.0
Dylan Cardwell,NOP,2,6.0,9.5,1.0
Dylan Cardwell,NYK,2,3.0,8.0,0.5
Dylan Cardwell,ORL,1,2.0,5.0,2.0
Dylan Cardwell,PHI,2,4.5,8.5,1.5
Dylan Cardwell,PHX,1,3.0,1.0,0.0
Dylan Cardwell,POR,4,7.5,8.25,0.75
Dylan Cardwell,SAS,1,7.0,8.0,2.0
Dylan Cardwell,TOR,2,2.0,9.5,3.0
Dylan Cardwell,UTA,2,4.0,8.5,2.0
Dylan Cardwell,WAS,2,6.5,5.5,0.5
Dylan Harper,ATL,1,6.0,3.0,4.0
Dylan Harper,BKN,2,16.0,4.5,7.5
Dylan Harper,BOS,2,7.0,4.0,3.0
Dylan Harper,CHA,1,20.0,1.0,2.0
Dylan Harper,CHI,1,13.0,6.0,3.0
Dylan Harper,CLE,2,7.0,4.0,3.5
Dylan Harper,DAL,4,12.0,4.25,3.75
Dylan Harper,DEN,4,11.25,2.75,3.0
Dylan Harper,DET,2,6.0,2.0,2.0
Dylan Harper,GSW,2,13.5,3.5,6.5
Dylan Harper,HOU,3,14.333333333333334,3.0,4.666666666666667
Dylan Harper,IND,2,23.0,3.0,2.0
Dylan Harper,LAC,2,13.5,2.0,4.5
Dylan Harper,LAL,3,10.0,3.3333333333333335,3.6666666666666665
Dylan Harper,MEM,3,9.666666666666666,2.6666666666666665,5.0
Dylan Harper,MIA,2,17.0,3.0,5.0
Dylan Harper,MIL,2,13.5,2.5,3.5
Dylan Harper,MIN,3,8.666666666666666,1.3333333333333333,1.3333333333333333
Dylan Harper,NOP,3,13.333333333333334,4.666666666666667,4.0
Dylan Harper,NYK,2,5.0,2.5,2.0
Dylan Harper,OKC,4,9.0,3.25,4.0
Dylan Harper,ORL,2,15.5,5.5,5.0
Dylan Harper,PHI,2,19.5,2.5,3.0
Dylan Harper,PHX,3,11.333333333333334,2.6666666666666665,2.0
Dylan Harper,POR,3,8.666666666666666,4.0,3.0
Dylan Harper,SAC,2,13.5,4.5,5.0
Dylan Harper,TOR,2,13.0,5.5,6.5
Dylan Harper,UTA,3,8.666666666666666,4.333333333333333,6.333333333333333
Dylan Harper,WAS,2,12.5,3.5,3.0
Dylan Windler,ATL,3,3.6666666666666665,1.3333333333333333,1.0
Dylan Windler,BKN,4,2.25,1.25,0.75
Dylan Windler,BOS,4,0.75,1.25,0.25
Dylan Windler,CHA,4,4.75,2.25,1.0
Dylan Windler,CHI,3,2.3333333333333335,2.3333333333333335,0.0
Dylan Windler,CLE,1,0.0,1.0,0.0
Dylan Windler,DAL,2,0.0,1.0,0.5
Dylan Windler,DEN,2,1.0,0.0,0.0
Dylan Windler,DET,2,4.0,4.5,2.0
Dylan Windler,GSW,3,1.0,2.3333333333333335,1.3333333333333333
Dylan Windler,HOU,3,1.6666666666666667,0.3333333333333333,0.0
Dylan Windler,IND,1,0.0,0.0,0.0
Dylan Windler,LAC,2,0.0,2.5,0.5
Dylan Windler,LAL,2,0.0,0.0,0.0
Dylan Windler,MEM,1,6.0,2.0,2.0
Dylan Windler,MIA,1,0.0,1.0,1.0
Dylan Windler,MIL,4,0.5,1.75,0.5
Dylan Windler,NOP,2,1.5,0.0,1.0
Dylan Windler,NYK,3,3.6666666666666665,2.0,0.3333333333333333
Dylan Windler,OKC,2,3.0,2.0,1.0
Dylan Windler,ORL,1,5.0,9.0,2.0
Dylan Windler,PHI,1,0.0,2.0,1.0
Dylan Windler,PHX,3,3.6666666666666665,1.3333333333333333,1.0
Dylan Windler,POR,4,7.5,1.5,1.0
Dylan Windler,SAC,1,0.0,0.0,0.0
Dylan Windler,SAS,3,0.0,0.0,0.0
Dylan Windler,TOR,2,0.0,0.0,1.0
Dylan Windler,UTA,2,3.0,0.0,0.5
Dylan Windler,WAS,4,2.75,2.25,0.25
Dyson Daniels,ATL,2,3.5,3.0,2.5
Dyson Daniels,BKN,9,9.8,6.6,7.2
Dyson Daniels,BOS,10,18.0,4.8,6.0
Dyson Daniels,CHA,11,18.0,5.6,5.2
Dyson Daniels,CHI,8,10.2,7.2,4.4
Dyson Daniels,CLE,9,12.0,7.2,7.0
Dyson Daniels,DAL,11,13.8,4.6,4.6
Dyson Daniels,DEN,10,12.2,5.4,6.6
Dyson Daniels,DET,11,16.0,8.4,5.2
Dyson Daniels,GSW,10,13.6,7.8,6.2
Dyson Daniels,HOU,11,9.4,5.8,5.4
Dyson Daniels,IND,6,15.0,6.4,6.2
Dyson Daniels,LAC,9,9.6,3.8,3.4
Dyson Daniels,LAL,10,8.8,5.0,5.6
Dyson Daniels,MEM,11,11.0,3.6,5.2
Dyson Daniels,MIA,8,8.2,5.4,3.8
Dyson Daniels,MIL,10,15.4,8.8,5.8
Dyson Daniels,MIN,7,9.4,4.8,4.4
Dyson Daniels,NOP,4,15.5,6.75,4.25
Dyson Daniels,NYK,11,14.0,6.4,5.0
Dyson Daniels,OKC,9,8.6,4.6,2.6
Dyson Daniels,ORL,9,13.8,9.0,4.0
Dyson Daniels,PHI,10,16.4,9.0,5.2
Dyson Daniels,PHX,10,10.2,5.8,4.8
Dyson Daniels,POR,8,12.0,7.0,3.8
Dyson Daniels,SAC,9,8.6,4.8,3.6
Dyson Daniels,SAS,12,9.8,6.4,3.8
Dyson Daniels,TOR,8,11.0,5.6,6.2
Dyson Daniels,UTA,10,9.6,5.0,5.0
Dyson Daniels,WAS,9,10.6,7.2,6.4
E.J. Liddell,ATL,2,2.0,3.0,0.0
E.J. Liddell,BKN,1,2.0,1.0,0.0
E.J. Liddell,CHA,2,1.5,1.0,0.0
E.J. Liddell,CLE,3,2.0,1.0,0.0
E.J. Liddell,DEN,1,0.0,1.0,1.0
E.J. Liddell,DET,3,2.3333333333333335,1.6666666666666667,1.0
E.J. Liddell,GSW,2,0.0,0.5,0.0
E.J. Liddell,HOU,1,6.0,2.0,0.0
E.J. Liddell,IND,1,26.0,10.0,1.0
E.J. Liddell,LAC,1,3.0,0.0,0.0
E.J. Liddell,MEM,2,4.0,0.5,0.5
E.J. Liddell,MIL,5,7.2,2.6,1.0
E.J. Liddell,MIN,2,2.0,1.5,0.0
E.J. Liddell,NYK,3,1.3333333333333333,1.3333333333333333,0.0
E.J. Liddell,OKC,2,1.5,1.0,0.5
E.J. Liddell,ORL,1,5.0,4.0,2.0
E.J. Liddell,PHI,2,5.0,1.0,1.5
E.J. Liddell,POR,2,3.0,3.5,1.0
E.J. Liddell,SAC,3,1.6666666666666667,2.0,2.0
E.J. Liddell,TOR,2,8.5,2.0,0.5
E.J. Liddell,WAS,5,3.4,1.2,0.4
Ed Davis,ATL,1,0.0,3.0,0.0
Ed Davis,BKN,3,2.0,3.6666666666666665,0.0
Ed Davis,CHA,1,0.0,2.0,0.0
Ed Davis,CHI,2,0.0,0.5,0.0
Ed Davis,DAL,1,2.0,1.0,0.0
Ed Davis,DET,1,0.0,0.0,0.0
Ed Davis,GSW,1,7.0,14.0,1.0
Ed Davis,HOU,2,2.0,1.5,0.0
Ed Davis,IND,2,2.0,1.5,0.0
Ed Davis,LAC,2,0.0,0.5,0.5
Ed Davis,LAL,2,0.0,1.0,0.0
Ed Davis,MIA,2,0.0,2.5,0.0
Ed Davis,MIL,2,0.0,2.5,0.0
Ed Davis,NYK,2,1.0,3.0,1.0
Ed Davis,PHI,2,0.0,0.5,1.5
Ed Davis,SAS,1,0.0,0.0,0.0
Ed Davis,TOR,2,1.5,2.5,0.0
Ed Davis,WAS,2,0.0,0.5,0.0
Edmond Sumner,ATL,3,2.0,1.0,1.3333333333333333
Edmond Sumner,BOS,2,1.5,1.0,0.0
Edmond Sumner,CHA,3,7.666666666666667,2.6666666666666665,0.6666666666666666
Edmond Sumner,CHI,2,2.0,0.5,2.5
Edmond Sumner,CLE,1,4.0,1.0,2.0
Edmond Sumner,DAL,2,5.0,2.5,0.0
Edmond Sumner,DET,3,12.333333333333334,2.6666666666666665,2.6666666666666665
Edmond Sumner,GSW,2,9.5,1.0,1.0
Edmond Sumner,HOU,1,3.0,0.0,0.0
Edmond Sumner,IND,2,13.5,3.5,3.0
Edmond Sumner,LAC,2,17.0,3.0,3.5
Edmond Sumner,LAL,2,7.5,1.0,1.5
Edmond Sumner,MEM,1,0.0,0.0,1.0
Edmond Sumner,MIA,1,12.0,1.0,0.0
Edmond Sumner,MIL,3,7.333333333333333,0.6666666666666666,1.6666666666666667
Edmond Sumner,NOP,1,6.0,1.0,3.0
Edmond Sumner,NYK,2,12.0,3.5,1.5
Edmond Sumner,OKC,1,4.0,2.0,3.0
Edmond Sumner,ORL,2,0.5,1.0,0.5
Edmond Sumner,PHI,2,5.0,0.0,0.0
Edmond Sumner,PHX,1,7.0,0.0,2.0
Edmond Sumner,POR,2,1.0,0.0,1.0
Edmond Sumner,SAC,2,10.5,1.0,0.5
Edmond Sumner,SAS,2,8.5,3.0,1.0
Edmond Sumner,TOR,3,4.666666666666667,0.6666666666666666,0.3333333333333333
Edmond Sumner,UTA,1,1.0,1.0,0.0
Edmond Sumner,WAS,4,13.0,2.0,1.25
Egor Dëmin,ATL,2,8.5,1.0,3.5
Egor Dëmin,BOS,4,8.75,3.25,3.25
Egor Dëmin,CHA,2,11.5,3.0,3.0
Egor Dëmin,CHI,3,8.666666666666666,0.3333333333333333,2.3333333333333335
Egor Dëmin,CLE,2,9.5,5.5,2.5
Egor Dëmin,DAL,2,3.0,3.0,1.5
Egor Dëmin,DEN,1,13.0,4.0,4.0
Egor Dëmin,DET,2,5.5,1.5,4.0
Egor Dëmin,GSW,1,23.0,3.0,3.0
Egor Dëmin,IND,2,6.5,4.0,3.5
Egor Dëmin,LAC,2,15.5,2.5,4.0
Egor Dëmin,LAL,1,11.0,2.0,2.0
Egor Dëmin,MEM,1,7.0,1.0,4.0
Egor Dëmin,MIA,1,14.0,2.0,1.0
Egor Dëmin,MIL,1,17.0,3.0,3.0
Egor Dëmin,MIN,2,4.5,2.0,3.5
Egor Dëmin,NOP,2,12.5,2.0,6.0
Egor Dëmin,NYK,3,8.333333333333334,3.6666666666666665,2.6666666666666665
Egor Dëmin,OKC,1,3.0,5.0,3.0
Egor Dëmin,ORL,3,17.333333333333332,4.0,3.0
Egor Dëmin,PHI,3,16.0,3.6666666666666665,4.0
Egor Dëmin,PHX,1,15.0,5.0,3.0
Egor Dëmin,SAS,2,4.5,4.5,5.0
Egor Dëmin,TOR,3,12.333333333333334,4.0,4.0
Egor Dëmin,UTA,2,14.0,5.5,3.0
Egor Dëmin,WAS,3,6.333333333333333,3.6666666666666665,3.3333333333333335
Elfrid Payton,ATL,2,0.0,1.0,4.0
Elfrid Payton,BKN,2,3.0,4.0,7.0
Elfrid Payton,BOS,2,2.5,1.0,1.0
Elfrid Payton,CHA,3,2.6666666666666665,2.3333333333333335,2.3333333333333335
Elfrid Payton,CHI,2,4.0,3.5,4.0
Elfrid Payton,CLE,2,5.5,4.0,4.0
Elfrid Payton,DEN,2,1.0,2.0,2.5
Elfrid Payton,DET,3,0.6666666666666666,1.0,2.0
Elfrid Payton,GSW,4,3.0,2.0,4.5
Elfrid Payton,HOU,3,2.0,2.0,2.3333333333333335
Elfrid Payton,IND,3,4.666666666666667,3.0,7.333333333333333
Elfrid Payton,LAC,5,4.8,2.6,2.8
Elfrid Payton,LAL,3,2.6666666666666665,1.0,5.0
Elfrid Payton,MEM,2,2.0,2.5,1.5
Elfrid Payton,MIA,2,2.0,5.0,6.5
Elfrid Payton,MIL,3,2.3333333333333335,2.0,8.333333333333334
Elfrid Payton,MIN,3,0.0,0.6666666666666666,1.0
Elfrid Payton,NOP,4,2.25,2.0,2.0
Elfrid Payton,NYK,1,6.0,1.0,7.0
Elfrid Payton,OKC,3,4.333333333333333,1.3333333333333333,2.0
Elfrid Payton,ORL,2,7.0,5.0,8.0
Elfrid Payton,PHI,2,6.0,3.5,8.5
Elfrid Payton,POR,4,4.5,1.5,2.25
Elfrid Payton,SAC,4,3.25,2.0,2.25
Elfrid Payton,SAS,3,2.0,2.0,1.3333333333333333
Elfrid Payton,TOR,1,10.0,5.0,4.0
Elfrid Payton,UTA,2,3.0,2.0,1.5
Elfrid Payton,WAS,2,3.5,2.5,2.0
Elijah Harkless,BKN,1,3.0,3.0,1.0
Elijah Harkless,BOS,1,3.0,1.0,2.0
Elijah Harkless,CHA,1,8.0,1.0,2.0
Elijah Harkless,DEN,2,6.5,2.0,2.5
Elijah Harkless,DET,1,3.0,1.0,0.0
Elijah Harkless,GSW,2,8.0,2.5,3.5
Elijah Harkless,HOU,1,0.0,0.0,4.0
Elijah Harkless,IND,1,0.0,0.0,0.0
Elijah Harkless,LAL,2,2.0,0.0,0.5
Elijah Harkless,MEM,2,6.5,3.0,1.5
Elijah Harkless,MIL,3,10.0,1.6666666666666667,4.0
Elijah Harkless,MIN,2,4.5,3.5,1.5
Elijah Harkless,NOP,4,7.0,2.25,3.0
Elijah Harkless,NYK,1,5.0,0.0,0.0
Elijah Harkless,OKC,1,5.0,2.0,1.0
Elijah Harkless,PHI,2,9.0,3.5,2.5
Elijah Harkless,PHX,3,3.0,3.0,2.0
Elijah Harkless,POR,2,5.5,3.5,1.5
Elijah Harkless,SAC,1,13.0,1.0,4.0
Elijah Harkless,TOR,1,9.0,2.0,4.0
Elijah Harkless,WAS,2,5.0,2.0,4.0
Elijah Hughes,ATL,2,4.0,0.5,0.0
Elijah Hughes,BKN,1,0.0,1.0,1.0
Elijah Hughes,DAL,1,8.0,4.0,1.0
Elijah Hughes,DEN,2,5.0,2.0,0.5
Elijah Hughes,DET,1,7.0,2.0,0.0
Elijah Hughes,GSW,1,5.0,1.0,0.0
Elijah Hughes,HOU,3,3.3333333333333335,2.6666666666666665,0.6666666666666666
Elijah Hughes,IND,2,0.0,0.0,0.5
Elijah Hughes,MEM,1,0.0,4.0,3.0
Elijah Hughes,MIL,1,2.0,3.0,0.0
Elijah Hughes,MIN,3,1.6666666666666667,2.0,0.0
Elijah Hughes,NOP,2,1.0,0.5,0.5
Elijah Hughes,NYK,2,4.0,0.5,0.0
Elijah Hughes,OKC,3,4.0,0.6666666666666666,1.3333333333333333
Elijah Hughes,PHX,2,4.5,1.0,0.5
Elijah Hughes,POR,2,0.0,0.0,0.0
Elijah Hughes,SAS,3,3.3333333333333335,0.3333333333333333,0.3333333333333333
Elijah Hughes,TOR,1,26.0,8.0,4.0
Elijah Hughes,UTA,2,2.0,3.5,1.0
Elijah Hughes,WAS,1,0.0,2.0,0.0
Emanuel Miller,BKN,1,2.0,0.0,0.0
Emanuel Miller,CHA,1,4.0,0.0,0.0
Emanuel Miller,CLE,2,0.0,1.0,0.5
Emanuel Miller,GSW,1,0.0,1.0,0.0
Emanuel Miller,IND,2,5.0,1.0,1.0
Emanuel Miller,ORL,1,3.0,0.0,2.0
Emanuel Miller,PHI,1,6.0,5.0,0.0
Emanuel Miller,TOR,1,0.0,1.0,1.0
Emanuel Miller,WAS,1,0.0,0.0,0.0
Emanuel Terry,BOS,1,0.0,6.0,0.0
Emanuel Terry,CHA,1,0.0,5.0,2.0
Emanuel Terry,OKC,1,0.0,4.0,0.0
Emmanuel Mudiay,LAC,1,0.0,0.0,2.0
Emmanuel Mudiay,MEM,1,3.0,0.0,2.0
Emoni Bates,ATL,1,0.0,0.0,1.0
Emoni Bates,BKN,1,7.0,1.0,0.0
Emoni Bates,CHA,2,3.5,1.5,1.5
Emoni Bates,CHI,2,3.0,0.0,1.0
Emoni Bates,DAL,1,0.0,1.0,3.0
Emoni Bates,DEN,1,0.0,1.0,0.0
Emoni Bates,DET,2,0.0,0.0,0.5
Emoni Bates,GSW,1,0.0,0.0,0.0
Emoni Bates,IND,2,12.5,3.0,1.0
Emoni Bates,MEM,1,0.0,0.0,0.0
Emoni Bates,MIA,3,4.0,0.3333333333333333,0.6666666666666666
Emoni Bates,MIN,1,3.0,0.0,0.0
Emoni Bates,NOP,1,3.0,0.0,1.0
Emoni Bates,NYK,2,6.0,3.5,0.5
Emoni Bates,PHX,1,0.0,0.0,0.0
Emoni Bates,POR,1,0.0,1.0,0.0
Emoni Bates,TOR,1,3.0,0.0,0.0
Emoni Bates,WAS,1,0.0,0.0,2.0
Enes Freedom,ATL,1,0.0,5.0,1.0
Enes Freedom,BKN,2,7.0,8.5,1.0
Enes Freedom,CHA,1,5.0,3.0,0.0
Enes Freedom,CHI,1,5.0,1.0,0.0
Enes Freedom,CLE,2,4.5,3.0,0.0
Enes Freedom,DET,1,0.0,0.0,0.0
Enes Freedom,GSW,1,6.0,5.0,0.0
Enes Freedom,HOU,1,4.0,6.0,0.0
Enes Freedom,IND,2,3.0,2.5,0.0
Enes Freedom,LAC,1,4.0,1.0,0.0
Enes Freedom,LAL,2,2.5,5.0,1.0
Enes Freedom,MIA,1,2.0,1.0,0.0
Enes Freedom,MIL,1,0.0,1.0,0.0
Enes Freedom,NOP,1,2.0,5.0,1.0
Enes Freedom,NYK,3,2.0,6.0,0.3333333333333333
Enes Freedom,OKC,1,10.0,10.0,0.0
Enes Freedom,PHI,3,6.333333333333333,6.333333333333333,0.3333333333333333
Enes Freedom,PHX,1,6.0,5.0,0.0
Enes Freedom,POR,2,4.5,7.0,0.0
Enes Freedom,SAC,1,0.0,4.0,0.0
Enes Freedom,SAS,1,3.0,8.0,0.0
Enes Freedom,TOR,2,5.5,5.5,0.0
Enes Freedom,UTA,1,0.0,1.0,0.0
Enes Freedom,WAS,2,1.0,2.0,0.0
Enrique Freeman,BKN,1,0.0,0.0,0.0
Enrique Freeman,BOS,1,2.0,2.0,0.0
Enrique Freeman,CHA,2,1.0,0.5,0.0
Enrique Freeman,CHI,1,6.0,4.0,1.0
Enrique Freeman,CLE,1,8.0,8.0,1.0
Enrique Freeman,DET,2,2.0,0.0,0.5
Enrique Freeman,HOU,1,6.0,1.0,1.0
Enrique Freeman,IND,1,0.0,0.0,0.0
Enrique Freeman,LAC,1,0.0,2.0,0.0
Enrique Freeman,MEM,1,0.0,0.0,0.0
Enrique Freeman,MIA,1,2.0,2.0,1.0
Enrique Freeman,MIL,1,0.0,1.0,0.0
Enrique Freeman,MIN,1,2.0,0.0,0.0
Enrique Freeman,NOP,2,8.0,3.5,1.0
Enrique Freeman,NYK,2,1.0,1.0,1.0
Enrique Freeman,ORL,2,2.0,1.5,0.0
Enrique Freeman,PHI,1,2.0,0.0,0.0
Enrique Freeman,POR,2,0.0,1.0,0.5
Enrique Freeman,TOR,2,1.5,2.5,0.5
Eric Bledsoe,ATL,1,12.0,1.0,7.0
Eric Bledsoe,BKN,2,21.0,2.5,5.0
Eric Bledsoe,BOS,2,13.0,3.5,4.0
Eric Bledsoe,CHA,2,5.0,3.5,2.0
Eric Bledsoe,CHI,1,21.0,6.0,3.0
Eric Bledsoe,CLE,1,6.0,3.0,3.0
Eric Bledsoe,DAL,2,2.0,4.0,1.5
Eric Bledsoe,DEN,3,14.0,2.3333333333333335,7.0
Eric Bledsoe,DET,1,15.0,3.0,3.0
Eric Bledsoe,GSW,2,17.5,6.5,1.0
Eric Bledsoe,IND,2,11.0,4.0,4.5
Eric Bledsoe,LAL,2,7.5,2.0,5.5
Eric Bledsoe,MEM,3,5.333333333333333,3.3333333333333335,3.6666666666666665
Eric Bledsoe,MIA,2,20.0,3.5,4.5
Eric Bledsoe,MIN,4,7.5,4.0,6.25
Eric Bledsoe,NOP,3,6.666666666666667,3.0,2.3333333333333335
Eric Bledsoe,NYK,1,2.0,1.0,6.0
Eric Bledsoe,OKC,2,7.0,2.0,3.0
Eric Bledsoe,ORL,2,10.5,4.0,4.0
Eric Bledsoe,PHI,1,8.0,2.0,4.0
Eric Bledsoe,PHX,2,10.0,2.5,3.5
Eric Bledsoe,POR,4,6.25,2.75,3.75
Eric Bledsoe,SAC,3,9.0,4.666666666666667,5.666666666666667
Eric Bledsoe,SAS,3,9.0,5.333333333333333,2.6666666666666665
Eric Bledsoe,TOR,1,6.0,1.0,6.0
Eric Bledsoe,UTA,1,21.0,5.0,8.0
Eric Bledsoe,WAS,1,7.0,1.0,4.0
Eric Gordon,ATL,4,17.5,2.0,3.25
Eric Gordon,BKN,5,11.0,1.0,1.8
Eric Gordon,BOS,3,3.6666666666666665,2.3333333333333335,1.6666666666666667
Eric Gordon,CHA,8,9.2,1.2,1.6
Eric Gordon,CHI,6,11.8,1.0,3.2
Eric Gordon,CLE,5,8.6,1.0,1.4
Eric Gordon,DAL,9,12.6,2.4,1.6
Eric Gordon,DEN,10,10.0,1.0,2.0
Eric Gordon,DET,9,3.2,1.0,1.6
Eric Gordon,GSW,11,8.2,1.4,1.0
Eric Gordon,HOU,3,11.333333333333334,1.0,1.0
Eric Gordon,IND,6,12.2,2.6,2.6
Eric Gordon,LAC,12,8.4,0.4,1.0
Eric Gordon,LAL,10,10.8,2.8,1.6
Eric Gordon,MEM,8,11.4,1.2,1.6
Eric Gordon,MIA,5,12.0,2.0,3.8
Eric Gordon,MIL,8,5.0,1.4,2.2
Eric Gordon,MIN,9,9.8,2.2,2.2
Eric Gordon,NOP,8,6.8,1.6,1.0
Eric Gordon,NYK,6,13.2,1.0,3.8
Eric Gordon,OKC,11,8.8,1.6,2.0
Eric Gordon,ORL,11,8.6,1.8,0.8
Eric Gordon,PHI,4,10.25,2.5,3.0
Eric Gordon,PHX,9,7.8,1.4,1.8
Eric Gordon,POR,11,7.0,2.0,3.0
Eric Gordon,SAC,15,13.2,1.6,2.6
Eric Gordon,SAS,9,9.2,1.0,1.8
Eric Gordon,TOR,6,12.0,2.0,2.2
Eric Gordon,UTA,10,17.2,2.8,3.4
Eric Gordon,WAS,8,7.6,0.8,0.4
Eric Paschall,ATL,2,4.5,3.5,1.0
Eric Paschall,BKN,1,16.0,2.0,1.0
Eric Paschall,BOS,1,11.0,0.0,2.0
Eric Paschall,CHA,1,11.0,2.0,0.0
Eric Paschall,CHI,2,1.0,1.0,0.0
Eric Paschall,CLE,1,18.0,7.0,0.0
Eric Paschall,DAL,2,5.0,0.5,1.0
Eric Paschall,DEN,4,4.5,2.75,0.75
Eric Paschall,DET,2,8.0,3.0,1.0
Eric Paschall,GSW,2,6.5,2.0,0.0
Eric Paschall,HOU,2,12.5,3.5,2.0
Eric Paschall,IND,2,5.5,0.5,0.5
Eric Paschall,LAC,3,6.666666666666667,2.3333333333333335,0.6666666666666666
Eric Paschall,LAL,3,0.6666666666666666,0.6666666666666666,0.3333333333333333
Eric Paschall,MEM,1,10.0,3.0,0.0
Eric Paschall,MIA,2,3.0,1.0,0.0
Eric Paschall,MIL,2,4.5,3.5,0.5
Eric Paschall,MIN,2,6.0,1.0,1.0
Eric Paschall,NOP,2,3.5,0.5,0.5
Eric Paschall,NYK,1,7.0,2.0,1.0
Eric Paschall,OKC,3,2.0,1.3333333333333333,0.3333333333333333
Eric Paschall,ORL,2,5.0,2.0,0.5
Eric Paschall,PHI,2,3.5,0.5,2.0
Eric Paschall,PHX,2,12.5,4.5,0.0
Eric Paschall,POR,3,5.0,1.0,0.3333333333333333
Eric Paschall,SAC,4,1.5,1.5,0.25
Eric Paschall,SAS,1,0.0,0.0,0.0
Eric Paschall,TOR,2,14.5,1.5,1.5
Eric Paschall,WAS,1,3.0,0.0,0.0
Ethan Thompson,ATL,1,0.0,0.0,0.0
Ethan Thompson,BKN,2,15.0,6.0,4.5
Ethan Thompson,BOS,2,12.0,4.0,5.0
Ethan Thompson,CHA,2,3.0,1.5,0.0
Ethan Thompson,CHI,2,17.5,2.0,4.0
Ethan Thompson,CLE,3,3.0,0.6666666666666666,0.6666666666666666
Ethan Thompson,DEN,1,0.0,0.0,0.0
Ethan Thompson,DET,2,14.0,4.0,4.0
Ethan Thompson,HOU,1,2.0,0.0,1.0
Ethan Thompson,MIA,3,1.0,1.6666666666666667,0.3333333333333333
Ethan Thompson,MIL,1,3.0,5.0,1.0
Ethan Thompson,MIN,1,17.0,4.0,1.0
Ethan Thompson,NOP,1,7.0,2.0,2.0
Ethan Thompson,NYK,1,0.0,0.0,0.0
Ethan Thompson,PHI,2,13.5,3.0,3.0
Ethan Thompson,PHX,1,11.0,2.0,2.0
Ethan Thompson,SAC,1,6.0,5.0,0.0
Ethan Thompson,SAS,1,0.0,0.0,0.0
Ethan Thompson,TOR,1,0.0,1.0,0.0
Ethan Thompson,UTA,1,11.0,0.0,3.0
Ethan Thompson,WAS,2,2.0,1.0,1.5
Eugene Omoruyi,ATL,3,7.0,4.666666666666667,0.6666666666666666
Eugene Omoruyi,BKN,2,4.5,1.5,0.5
Eugene Omoruyi,BOS,4,11.0,3.75,2.5
Eugene Omoruyi,CHA,4,3.25,1.5,0.25
Eugene Omoruyi,CHI,2,7.0,1.0,0.5
Eugene Omoruyi,CLE,4,4.25,1.5,0.75
Eugene Omoruyi,DAL,3,3.3333333333333335,2.3333333333333335,0.3333333333333333
Eugene Omoruyi,DEN,5,5.6,2.2,0.8
Eugene Omoruyi,DET,1,3.0,2.0,0.0
Eugene Omoruyi,GSW,2,1.5,3.0,0.0
Eugene Omoruyi,HOU,3,6.666666666666667,2.0,0.0
Eugene Omoruyi,IND,3,10.666666666666666,3.6666666666666665,1.0
Eugene Omoruyi,LAC,1,8.0,0.0,0.0
Eugene Omoruyi,LAL,1,4.0,2.0,0.0
Eugene Omoruyi,MEM,3,6.666666666666667,4.333333333333333,1.6666666666666667
Eugene Omoruyi,MIA,7,5.6,1.4,1.4
Eugene Omoruyi,MIL,4,3.0,0.25,0.25
Eugene Omoruyi,MIN,4,9.5,3.5,0.5
Eugene Omoruyi,NOP,3,0.0,0.6666666666666666,0.3333333333333333
Eugene Omoruyi,NYK,3,2.3333333333333335,0.3333333333333333,0.3333333333333333
Eugene Omoruyi,OKC,2,10.5,3.0,1.5
Eugene Omoruyi,ORL,3,9.666666666666666,2.0,1.0
Eugene Omoruyi,PHI,4,1.5,2.25,0.5
Eugene Omoruyi,PHX,2,8.0,5.0,1.5
Eugene Omoruyi,POR,5,3.4,3.0,0.2
Eugene Omoruyi,SAC,1,2.0,2.0,0.0
Eugene Omoruyi,TOR,4,10.5,3.0,1.5
Eugene Omoruyi,UTA,1,0.0,0.0,1.0
Eugene Omoruyi,WAS,3,9.0,3.6666666666666665,1.0
Evan Fournier,ATL,6,9.4,2.2,2.2
Evan Fournier,BKN,7,8.2,2.0,2.2
Evan Fournier,BOS,6,17.0,3.2,2.6
Evan Fournier,CHA,6,13.0,2.0,2.8
Evan Fournier,CHI,6,5.8,0.8,1.2
Evan Fournier,CLE,5,12.0,1.8,1.2
Evan Fournier,DAL,4,9.0,2.75,1.5
Evan Fournier,DEN,2,18.0,5.0,3.5
Evan Fournier,DET,4,11.0,2.0,2.5
Evan Fournier,GSW,2,12.0,1.0,0.0
Evan Fournier,HOU,3,16.666666666666668,1.3333333333333333,2.0
Evan Fournier,IND,9,5.0,2.0,1.4
Evan Fournier,LAC,2,10.5,2.5,1.5
Evan Fournier,LAL,3,18.0,4.0,2.0
Evan Fournier,MEM,5,12.2,3.2,2.6
Evan Fournier,MIA,7,9.8,2.0,2.6
Evan Fournier,MIL,6,9.4,2.8,2.0
Evan Fournier,MIN,4,10.5,1.75,2.25
Evan Fournier,NOP,4,8.75,1.5,0.75
Evan Fournier,NYK,2,11.0,1.0,1.5
Evan Fournier,OKC,3,10.666666666666666,2.0,3.3333333333333335
Evan Fournier,ORL,7,9.0,1.8,2.0
Evan Fournier,PHI,7,13.4,1.6,1.0
Evan Fournier,PHX,4,10.5,3.75,1.25
Evan Fournier,POR,2,9.0,2.5,4.5
Evan Fournier,SAC,2,16.5,0.5,1.0
Evan Fournier,SAS,5,9.6,2.2,0.8
Evan Fournier,TOR,7,8.0,2.0,2.0
Evan Fournier,UTA,2,16.5,2.0,1.5
Evan Fournier,WAS,7,5.8,1.8,0.6
Evan Mobley,ATL,14,16.4,11.4,4.0
Evan Mobley,BKN,14,15.8,10.4,3.2
Evan Mobley,BOS,14,18.8,10.0,2.8
Evan Mobley,CHA,16,22.8,10.0,1.4
Evan Mobley,CHI,12,22.2,11.6,3.6
Evan Mobley,DAL,8,23.0,9.6,4.0
Evan Mobley,DEN,9,18.6,7.8,4.0
Evan Mobley,DET,20,16.0,7.6,3.8
Evan Mobley,GSW,9,15.8,7.2,2.6
Evan Mobley,HOU,6,13.8,7.0,2.2
Evan Mobley,IND,16,18.6,9.6,3.2
Evan Mobley,LAC,9,17.4,7.0,2.2
Evan Mobley,LAL,9,15.4,4.8,2.8
Evan Mobley,MEM,9,21.0,11.0,4.0
Evan Mobley,MIA,15,18.0,10.6,3.4
Evan Mobley,MIL,14,18.4,8.6,4.0
Evan Mobley,MIN,7,18.8,7.8,3.2
Evan Mobley,NOP,7,17.8,9.0,1.8
Evan Mobley,NYK,16,15.4,7.6,2.6
Evan Mobley,OKC,10,15.8,5.4,3.0
Evan Mobley,ORL,13,17.4,9.2,3.4
Evan Mobley,PHI,16,18.4,8.8,4.2
Evan Mobley,PHX,6,14.4,9.4,4.4
Evan Mobley,POR,9,21.0,10.0,3.6
Evan Mobley,SAC,9,20.6,11.6,4.4
Evan Mobley,SAS,8,20.2,9.6,3.2
Evan Mobley,TOR,16,16.6,9.6,4.2
Evan Mobley,UTA,9,20.6,10.8,4.2
Evan Mobley,WAS,14,20.0,10.6,3.2
Facundo Campazzo,ATL,1,7.0,3.0,8.0
Facundo Campazzo,BKN,3,1.6666666666666667,0.3333333333333333,2.3333333333333335
Facundo Campazzo,BOS,3,5.0,1.3333333333333333,1.0
Facundo Campazzo,CHA,1,12.0,2.0,5.0
Facundo Campazzo,CHI,2,8.0,1.0,4.5
Facundo Campazzo,CLE,1,3.0,2.0,3.0
Facundo Campazzo,DAL,3,4.666666666666667,3.0,2.0
Facundo Campazzo,DEN,1,0.0,0.0,0.0
Facundo Campazzo,DET,2,6.5,0.5,2.5
Facundo Campazzo,GSW,3,1.6666666666666667,1.3333333333333333,2.6666666666666665
Facundo Campazzo,HOU,4,8.25,2.5,5.75
Facundo Campazzo,IND,1,0.0,0.0,1.0
Facundo Campazzo,LAC,3,2.3333333333333335,2.6666666666666665,2.6666666666666665
Facundo Campazzo,LAL,2,6.0,1.5,4.5
Facundo Campazzo,MEM,4,1.0,1.25,1.0
Facundo Campazzo,MIA,2,5.0,0.5,2.5
Facundo Campazzo,MIL,3,6.333333333333333,0.3333333333333333,1.0
Facundo Campazzo,MIN,3,3.0,2.0,4.333333333333333
Facundo Campazzo,NOP,3,5.0,0.3333333333333333,2.3333333333333335
Facundo Campazzo,NYK,2,4.0,1.5,2.0
Facundo Campazzo,OKC,2,5.0,3.0,7.0
Facundo Campazzo,ORL,2,6.0,2.0,4.5
Facundo Campazzo,PHI,1,2.0,3.0,1.0
Facundo Campazzo,PHX,2,4.0,1.5,3.0
Facundo Campazzo,POR,4,10.75,2.75,6.0
Facundo Campazzo,SAC,3,2.6666666666666665,2.3333333333333335,4.333333333333333
Facundo Campazzo,SAS,3,9.333333333333334,2.6666666666666665,5.0
Facundo Campazzo,TOR,3,2.0,1.0,1.3333333333333333
Facundo Campazzo,UTA,3,3.3333333333333335,1.6666666666666667,2.0
Facundo Campazzo,WAS,3,2.6666666666666665,1.0,2.0
Feron Hunt,TOR,1,0.0,1.0,1.0
Feron Hunt,WAS,1,0.0,0.0,0.0
Filip Petrusev,LAL,1,0.0,0.0,0.0
Filip Petrusev,NOP,1,3.0,0.0,0.0
Filip Petrusev,POR,1,0.0,1.0,0.0
Frank Jackson,ATL,1,4.0,0.0,0.0
Frank Jackson,BKN,4,13.0,1.5,0.5
Frank Jackson,BOS,1,6.0,0.0,1.0
Frank Jackson,CHA,1,0.0,0.0,1.0
Frank Jackson,CHI,2,6.0,1.5,0.5
Frank Jackson,CLE,2,15.5,2.5,1.5
Frank Jackson,DAL,2,8.5,3.5,2.5
Frank Jackson,DEN,1,11.0,2.0,0.0
Frank Jackson,GSW,1,27.0,2.0,0.0
Frank Jackson,HOU,2,6.0,1.5,0.0
Frank Jackson,IND,3,16.0,2.3333333333333335,2.3333333333333335
Frank Jackson,LAC,1,10.0,1.0,0.0
Frank Jackson,LAL,2,16.0,2.0,2.5
Frank Jackson,MEM,1,12.0,1.0,1.0
Frank Jackson,MIA,3,14.666666666666666,2.0,1.0
Frank Jackson,MIL,3,5.666666666666667,2.6666666666666665,1.0
Frank Jackson,MIN,2,17.0,3.5,2.0
Frank Jackson,NOP,2,11.0,1.5,1.5
Frank Jackson,NYK,3,4.333333333333333,1.0,1.6666666666666667
Frank Jackson,OKC,3,10.0,1.6666666666666667,0.3333333333333333
Frank Jackson,ORL,2,8.5,1.5,0.5
Frank Jackson,PHI,4,7.25,1.0,0.75
Frank Jackson,PHX,1,7.0,0.0,1.0
Frank Jackson,POR,1,10.0,2.0,0.0
Frank Jackson,SAC,1,8.0,0.0,0.0
Frank Jackson,SAS,1,17.0,2.0,2.0
Frank Jackson,TOR,1,14.0,0.0,1.0
Frank Jackson,WAS,3,8.0,1.6666666666666667,1.0
Frank Kaminsky,ATL,1,16.0,6.0,4.0
Frank Kaminsky,BKN,1,3.0,1.0,0.0
Frank Kaminsky,BOS,2,1.5,0.5,0.5
Frank Kaminsky,CHA,1,12.0,7.0,5.0
Frank Kaminsky,CHI,2,1.0,1.0,0.0
Frank Kaminsky,CLE,2,0.0,0.0,0.0
Frank Kaminsky,DEN,2,0.0,1.0,0.5
Frank Kaminsky,DET,2,0.0,1.0,1.0
Frank Kaminsky,GSW,1,2.0,0.0,0.0
Frank Kaminsky,HOU,3,3.3333333333333335,2.0,0.6666666666666666
Frank Kaminsky,IND,1,4.0,1.0,1.0
Frank Kaminsky,LAC,1,4.0,5.0,1.0
Frank Kaminsky,LAL,3,0.6666666666666666,0.6666666666666666,0.3333333333333333
Frank Kaminsky,MEM,3,7.0,3.6666666666666665,1.0
Frank Kaminsky,MIA,1,6.0,4.0,1.0
Frank Kaminsky,MIL,2,6.5,1.0,1.0
Frank Kaminsky,MIN,1,3.0,3.0,0.0
Frank Kaminsky,NOP,1,17.0,3.0,3.0
Frank Kaminsky,NYK,3,0.0,0.3333333333333333,0.6666666666666666
Frank Kaminsky,OKC,1,4.0,3.0,5.0
Frank Kaminsky,ORL,1,0.0,1.0,1.0
Frank Kaminsky,PHI,2,3.0,2.0,1.0
Frank Kaminsky,PHX,1,2.0,0.0,1.0
Frank Kaminsky,POR,2,16.5,6.0,1.5
Frank Kaminsky,SAC,2,5.0,3.0,0.0
Frank Kaminsky,TOR,2,2.0,1.0,0.5
Frank Kaminsky,WAS,1,7.0,6.0,3.0
Frank Ntilikina,ATL,2,0.0,0.5,0.5
Frank Ntilikina,BKN,2,0.0,1.5,0.5
Frank Ntilikina,BOS,3,1.6666666666666667,1.3333333333333333,0.3333333333333333
Frank Ntilikina,CHA,3,6.666666666666667,2.3333333333333335,2.6666666666666665
Frank Ntilikina,CHI,5,2.2,2.4,2.8
Frank Ntilikina,CLE,2,1.5,1.5,2.5
Frank Ntilikina,DEN,5,3.2,1.0,1.0
Frank Ntilikina,DET,3,2.0,1.0,0.3333333333333333
Frank Ntilikina,GSW,3,3.3333333333333335,1.6666666666666667,0.3333333333333333
Frank Ntilikina,HOU,8,4.2,1.4,0.8
Frank Ntilikina,IND,3,4.666666666666667,1.0,1.3333333333333333
Frank Ntilikina,LAC,5,2.6,0.4,0.4
Frank Ntilikina,LAL,3,1.6666666666666667,0.6666666666666666,0.6666666666666666
Frank Ntilikina,MEM,4,2.75,1.0,0.25
Frank Ntilikina,MIA,3,3.0,0.3333333333333333,0.6666666666666666
Frank Ntilikina,MIL,2,7.0,0.5,2.5
Frank Ntilikina,MIN,6,2.8,1.4,1.2
Frank Ntilikina,NOP,5,1.8,1.4,0.8
Frank Ntilikina,NYK,4,0.5,1.0,0.0
Frank Ntilikina,OKC,5,4.0,0.6,0.6
Frank Ntilikina,ORL,2,1.5,1.0,1.0
Frank Ntilikina,PHI,2,3.5,1.5,1.0
Frank Ntilikina,PHX,6,1.6,0.6,1.6
Frank Ntilikina,POR,6,5.0,1.2,1.8
Frank Ntilikina,SAC,4,5.25,2.0,1.5
Frank Ntilikina,SAS,6,6.2,2.6,2.2
Frank Ntilikina,TOR,1,0.0,0.0,0.0
Frank Ntilikina,UTA,5,5.2,1.8,1.2
Frank Ntilikina,WAS,2,1.0,1.5,0.5
Franz Wagner,ATL,16,20.8,5.0,3.4
Franz Wagner,BKN,15,23.4,6.8,6.4
Franz Wagner,BOS,15,21.0,7.0,3.4
Franz Wagner,CHA,16,23.2,5.8,4.2
Franz Wagner,CHI,17,21.2,4.0,3.8
Franz Wagner,CLE,13,17.8,5.6,3.6
Franz Wagner,DAL,9,16.8,5.8,3.8
Franz Wagner,DEN,6,19.2,4.4,4.0
Franz Wagner,DET,16,23.6,7.0,3.8
Franz Wagner,GSW,9,21.0,4.8,3.2
Franz Wagner,HOU,8,21.6,5.2,3.6
Franz Wagner,IND,13,20.2,4.4,3.0
Franz Wagner,LAC,9,16.4,5.6,4.2
Franz Wagner,LAL,8,26.4,6.4,6.6
Franz Wagner,MEM,10,18.6,6.0,3.0
Franz Wagner,MIA,14,24.2,5.6,3.8
Franz Wagner,MIL,13,18.2,4.0,4.4
Franz Wagner,MIN,7,15.8,4.0,3.8
Franz Wagner,NOP,9,21.4,4.2,4.2
Franz Wagner,NYK,13,23.0,5.0,3.6
Franz Wagner,OKC,5,16.6,4.4,3.6
Franz Wagner,PHI,15,27.8,6.4,4.0
Franz Wagner,PHX,7,20.6,7.2,5.2
Franz Wagner,POR,9,21.2,5.4,2.6
Franz Wagner,SAC,8,18.4,2.8,2.4
Franz Wagner,SAS,9,27.2,7.2,6.0
Franz Wagner,TOR,12,22.2,5.6,2.4
Franz Wagner,UTA,7,24.4,3.8,3.0
Franz Wagner,WAS,17,23.8,6.0,5.6
Fred VanVleet,ATL,9,15.2,4.0,6.6
Fred VanVleet,BKN,8,17.2,3.2,6.0
Fred VanVleet,BOS,10,7.8,2.2,6.0
Fred VanVleet,CHA,10,17.2,3.2,6.4
Fred VanVleet,CHI,10,16.6,5.2,9.0
Fred VanVleet,CLE,9,20.8,5.4,9.6
Fred VanVleet,DAL,10,10.2,4.0,6.6
Fred VanVleet,DEN,9,16.2,2.8,6.0
Fred VanVleet,DET,7,16.0,4.0,6.4
Fred VanVleet,GSW,11,9.0,2.8,5.8
Fred VanVleet,HOU,2,32.0,4.0,4.0
Fred VanVleet,IND,8,15.6,2.4,6.4
Fred VanVleet,LAC,8,16.0,5.6,8.4
Fred VanVleet,LAL,10,12.4,3.2,9.6
Fred VanVleet,MEM,10,15.2,2.6,5.8
Fred VanVleet,MIA,12,22.0,4.2,6.0
Fred VanVleet,MIL,9,24.8,4.6,7.2
Fred VanVleet,MIN,8,17.0,4.6,6.4
Fred VanVleet,NOP,9,14.2,2.8,5.4
Fred VanVleet,NYK,9,26.4,4.0,7.0
Fred VanVleet,OKC,12,16.6,3.6,4.8
Fred VanVleet,ORL,9,20.0,3.8,7.2
Fred VanVleet,PHI,9,15.2,3.8,6.2
Fred VanVleet,PHX,9,18.2,4.0,6.4
Fred VanVleet,POR,10,10.4,3.0,6.0
Fred VanVleet,SAC,9,14.0,4.2,6.4
Fred VanVleet,SAS,10,18.4,4.6,8.6
Fred VanVleet,TOR,2,6.0,5.0,5.5
Fred VanVleet,UTA,9,24.0,3.6,6.6
Fred VanVleet,WAS,10,21.2,3.0,9.6
Freddie Gillespie,ATL,1,5.0,8.0,0.0
Freddie Gillespie,CHI,1,0.0,2.0,1.0
Freddie Gillespie,DET,1,2.0,2.0,2.0
Freddie Gillespie,MIA,1,4.0,4.0,0.0
Freddie Gillespie,MIL,2,3.0,2.5,0.0
Freddie Gillespie,NOP,1,0.0,6.0,1.0
Freddie Gillespie,PHI,1,0.0,6.0,0.0
Freddie Gillespie,WAS,1,4.0,3.0,1.0
Furkan Korkmaz,ATL,7,4.2,1.2,1.0
Furkan Korkmaz,BKN,7,8.2,3.2,0.4
Furkan Korkmaz,BOS,6,2.6,1.6,0.4
Furkan Korkmaz,CHA,9,2.2,1.0,0.6
Furkan Korkmaz,CHI,5,9.8,2.4,0.8
Furkan Korkmaz,CLE,4,3.25,1.0,0.0
Furkan Korkmaz,DAL,2,0.0,0.5,0.0
Furkan Korkmaz,DEN,4,3.5,1.5,1.75
Furkan Korkmaz,DET,9,1.8,0.2,0.2
Furkan Korkmaz,GSW,5,6.6,2.6,1.2
Furkan Korkmaz,HOU,4,10.25,4.25,2.0
Furkan Korkmaz,IND,7,0.4,0.2,0.4
Furkan Korkmaz,LAC,4,3.0,0.25,0.75
Furkan Korkmaz,LAL,4,4.75,1.25,2.0
Furkan Korkmaz,MEM,2,8.0,3.5,2.5
Furkan Korkmaz,MIA,4,8.5,3.25,1.0
Furkan Korkmaz,MIL,3,6.666666666666667,4.0,2.0
Furkan Korkmaz,MIN,5,4.2,1.0,0.4
Furkan Korkmaz,NOP,4,8.75,0.75,1.75
Furkan Korkmaz,NYK,5,6.2,1.6,1.6
Furkan Korkmaz,OKC,4,5.75,1.75,2.0
Furkan Korkmaz,ORL,6,10.4,3.0,2.2
Furkan Korkmaz,PHX,3,4.666666666666667,2.0,1.3333333333333333
Furkan Korkmaz,POR,4,5.25,0.75,1.75
Furkan Korkmaz,SAC,4,5.5,1.5,2.0
Furkan Korkmaz,SAS,4,6.0,2.5,1.5
Furkan Korkmaz,TOR,6,4.4,1.2,0.2
Furkan Korkmaz,UTA,3,5.0,2.6666666666666665,2.0
Furkan Korkmaz,WAS,5,5.0,2.4,2.2
GG Jackson,ATL,3,15.333333333333334,4.0,1.3333333333333333
GG Jackson,BKN,4,8.5,3.0,1.25
GG Jackson,BOS,2,12.0,3.5,1.0
GG Jackson,CHA,6,13.2,3.0,0.4
GG Jackson,CHI,3,15.666666666666666,4.666666666666667,1.3333333333333333
GG Jackson,CLE,5,9.4,3.6,1.8
GG Jackson,DAL,8,7.8,2.6,2.0
GG Jackson,DEN,4,24.0,6.5,1.5
GG Jackson,DET,3,8.666666666666666,3.6666666666666665,2.6666666666666665
GG Jackson,GSW,5,17.8,4.8,1.8
GG Jackson,HOU,6,9.6,3.2,0.2
GG Jackson,IND,4,9.5,4.25,0.75
GG Jackson,LAC,4,11.0,5.5,1.5
GG Jackson,LAL,4,16.0,3.0,1.0
GG Jackson,MIA,4,13.75,4.25,1.0
GG Jackson,MIL,4,13.5,6.5,1.0
GG Jackson,MIN,7,10.0,5.0,1.2
GG Jackson,NOP,4,7.25,5.0,1.5
GG Jackson,NYK,4,16.0,3.75,1.75
GG Jackson,OKC,8,8.4,1.8,0.4
GG Jackson,ORL,5,10.0,2.0,1.2
GG Jackson,PHI,4,11.0,4.0,2.0
GG Jackson,PHX,6,8.4,2.8,2.0
GG Jackson,POR,5,14.8,4.4,1.2
GG Jackson,SAC,5,14.4,7.0,1.2
GG Jackson,SAS,6,12.8,4.6,1.4
GG Jackson,TOR,3,18.0,5.333333333333333,1.0
GG Jackson,UTA,4,15.25,5.75,1.75
GG Jackson,WAS,2,12.0,1.5,1.0
Gabe Vincent,ATL,9,9.8,1.8,2.8
Gabe Vincent,BKN,13,7.2,1.0,2.6
Gabe Vincent,BOS,12,7.4,0.6,1.6
Gabe Vincent,CHA,9,7.8,1.8,1.4
Gabe Vincent,CHI,10,4.0,1.6,2.0
Gabe Vincent,CLE,11,5.8,1.0,0.8
Gabe Vincent,DAL,11,3.8,0.4,1.2
Gabe Vincent,DEN,9,6.6,0.6,1.0
Gabe Vincent,DET,9,9.0,1.2,0.8
Gabe Vincent,GSW,9,6.0,0.2,1.2
Gabe Vincent,HOU,5,7.6,2.4,1.4
Gabe Vincent,IND,7,12.6,2.2,2.4
Gabe Vincent,LAC,9,6.2,1.6,1.4
Gabe Vincent,LAL,4,7.25,1.0,2.25
Gabe Vincent,MEM,10,5.8,1.4,0.8
Gabe Vincent,MIA,2,11.5,1.5,3.5
Gabe Vincent,MIL,13,4.8,1.2,1.6
Gabe Vincent,MIN,9,4.4,1.4,2.2
Gabe Vincent,NOP,9,2.6,1.4,2.2
Gabe Vincent,NYK,10,10.0,1.6,1.6
Gabe Vincent,OKC,6,6.8,2.0,2.6
Gabe Vincent,ORL,13,3.6,0.6,0.8
Gabe Vincent,PHI,8,2.8,0.8,1.0
Gabe Vincent,PHX,10,4.6,1.0,0.4
Gabe Vincent,POR,7,6.6,1.0,1.2
Gabe Vincent,SAC,11,4.0,1.0,1.0
Gabe Vincent,SAS,8,4.8,1.2,0.8
Gabe Vincent,TOR,11,3.8,1.8,1.8
Gabe Vincent,UTA,8,6.6,1.2,1.6
Gabe Vincent,WAS,10,4.6,1.0,2.0
Gabe York,BKN,1,1.0,1.0,2.0
Gabe York,DET,1,8.0,5.0,3.0
Gabe York,NYK,2,8.0,0.5,1.0
Gabe York,PHI,1,7.0,1.0,2.0
Gabriel Deck,ATL,1,0.0,0.0,0.0
Gabriel Deck,GSW,1,7.0,1.0,0.0
Gabriel Deck,HOU,1,0.0,0.0,1.0
Gabriel Deck,LAL,1,2.0,1.0,0.0
Gabriel Deck,MEM,1,4.0,2.0,2.0
Gabriel Deck,NOP,1,0.0,1.0,0.0
Gabriel Deck,SAC,1,5.0,1.0,2.0
Gabriel Lundberg,LAC,1,3.0,2.0,5.0
Gabriel Lundberg,LAL,1,0.0,0.0,0.0
Gabriel Lundberg,OKC,1,0.0,0.0,1.0
Gabriel Lundberg,SAC,1,10.0,5.0,5.0
Garrett Temple,ATL,4,1.5,0.75,0.5
Garrett Temple,BKN,6,2.2,2.2,2.6
Garrett Temple,BOS,4,3.5,1.75,1.0
Garrett Temple,CHA,3,4.0,0.3333333333333333,0.3333333333333333
Garrett Temple,CHI,5,1.4,0.6,0.8
Garrett Temple,CLE,7,0.4,0.0,0.4
Garrett Temple,DAL,7,5.4,3.6,1.6
Garrett Temple,DEN,4,0.5,0.5,1.75
Garrett Temple,DET,4,2.75,2.0,0.25
Garrett Temple,GSW,8,0.8,0.4,0.6
Garrett Temple,HOU,4,1.25,1.5,0.25
Garrett Temple,IND,5,3.4,1.8,0.8
Garrett Temple,LAC,8,0.6,0.8,0.2
Garrett Temple,LAL,2,3.0,0.5,0.0
Garrett Temple,MEM,5,2.6,1.2,0.6
Garrett Temple,MIA,6,3.4,1.6,2.0
Garrett Temple,MIL,7,1.4,0.6,0.0
Garrett Temple,MIN,5,6.0,3.6,0.4
Garrett Temple,NOP,2,2.5,0.5,0.0
Garrett Temple,NYK,7,3.8,1.6,0.8
Garrett Temple,OKC,6,8.4,2.6,0.6
Garrett Temple,ORL,4,2.5,0.0,0.75
Garrett Temple,PHI,7,2.4,0.8,1.6
Garrett Temple,PHX,5,5.4,2.0,1.2
Garrett Temple,POR,5,1.4,1.6,0.8
Garrett Temple,SAC,3,5.0,3.0,1.0
Garrett Temple,SAS,8,0.0,0.0,0.4
Garrett Temple,TOR,3,8.0,2.0,2.6666666666666665
Garrett Temple,UTA,8,2.8,1.8,1.6
Garrett Temple,WAS,9,1.8,1.0,1.0
Garrison Mathews,ATL,4,9.75,4.75,1.0
Garrison Mathews,BKN,6,0.8,1.6,0.2
Garrison Mathews,BOS,10,4.6,0.6,1.8
Garrison Mathews,CHA,8,9.6,2.0,1.4
Garrison Mathews,CHI,12,2.2,1.4,0.6
Garrison Mathews,CLE,12,4.8,1.6,0.2
Garrison Mathews,DAL,8,5.4,1.6,0.6
Garrison Mathews,DEN,8,6.8,1.4,1.2
Garrison Mathews,DET,10,5.6,2.4,0.4
Garrison Mathews,GSW,6,6.2,1.8,1.0
Garrison Mathews,HOU,4,3.0,1.0,0.5
Garrison Mathews,IND,7,8.6,1.2,0.6
Garrison Mathews,LAC,9,6.0,2.4,0.6
Garrison Mathews,LAL,5,2.6,1.8,0.4
Garrison Mathews,MEM,9,5.2,1.6,0.4
Garrison Mathews,MIA,6,8.6,1.8,1.2
Garrison Mathews,MIL,8,3.2,1.0,0.2
Garrison Mathews,MIN,11,7.2,1.2,0.4
Garrison Mathews,NOP,9,5.2,1.2,0.6
Garrison Mathews,NYK,8,4.2,1.6,1.0
Garrison Mathews,OKC,8,6.6,1.6,1.0
Garrison Mathews,ORL,7,5.4,2.0,0.2
Garrison Mathews,PHI,6,5.2,2.2,1.2
Garrison Mathews,PHX,8,9.0,2.2,1.0
Garrison Mathews,POR,7,8.4,1.4,1.0
Garrison Mathews,SAC,11,10.2,1.0,1.4
Garrison Mathews,SAS,7,2.8,0.8,0.4
Garrison Mathews,TOR,12,3.4,1.8,1.8
Garrison Mathews,UTA,9,7.0,2.8,1.4
Garrison Mathews,WAS,12,9.8,0.6,1.6
Gary Clark,ATL,1,0.0,0.0,0.0
Gary Clark,BKN,1,0.0,2.0,0.0
Gary Clark,BOS,1,2.0,0.0,0.0
Gary Clark,CLE,2,7.5,3.5,0.5
Gary Clark,DAL,1,0.0,0.0,0.0
Gary Clark,DEN,2,1.0,1.5,0.0
Gary Clark,DET,2,2.5,1.5,0.0
Gary Clark,GSW,2,13.5,6.5,1.5
Gary Clark,HOU,2,1.5,4.0,1.0
Gary Clark,IND,1,0.0,2.0,0.0
Gary Clark,LAC,2,0.0,1.5,0.0
Gary Clark,LAL,1,6.0,1.0,0.0
Gary Clark,MEM,3,0.0,3.0,0.3333333333333333
Gary Clark,MIA,1,2.0,9.0,0.0
Gary Clark,MIL,1,3.0,3.0,1.0
Gary Clark,MIN,1,6.0,1.0,0.0
Gary Clark,NYK,1,3.0,0.0,1.0
Gary Clark,OKC,1,0.0,1.0,1.0
Gary Clark,ORL,1,1.0,2.0,0.0
Gary Clark,PHI,1,3.0,4.0,1.0
Gary Clark,PHX,2,0.0,1.5,1.0
Gary Clark,POR,1,0.0,1.0,1.0
Gary Clark,SAC,1,0.0,2.0,0.0
Gary Clark,SAS,2,4.5,1.5,0.5
Gary Clark,TOR,2,5.5,4.0,1.0
Gary Clark,UTA,2,1.5,1.0,0.5
Gary Harris,ATL,10,3.4,1.0,0.8
Gary Harris,BKN,13,4.4,2.0,1.4
Gary Harris,BOS,10,3.4,1.0,1.6
Gary Harris,CHA,16,3.8,1.6,1.2
Gary Harris,CHI,13,1.0,1.2,0.6
Gary Harris,CLE,9,2.4,0.8,0.8
Gary Harris,DAL,5,4.2,0.8,0.4
Gary Harris,DEN,6,7.0,2.8,2.6
Gary Harris,DET,15,3.2,1.2,0.8
Gary Harris,GSW,7,3.4,1.6,1.6
Gary Harris,HOU,6,6.4,2.6,0.6
Gary Harris,IND,15,5.2,1.2,0.8
Gary Harris,LAC,7,5.0,1.2,0.8
Gary Harris,LAL,9,7.6,1.6,1.2
Gary Harris,MEM,6,4.8,1.8,1.0
Gary Harris,MIA,10,7.8,2.4,1.2
Gary Harris,MIL,7,7.4,1.6,2.6
Gary Harris,MIN,5,3.4,1.4,1.0
Gary Harris,NOP,7,6.6,1.2,1.2
Gary Harris,NYK,7,4.6,0.6,0.8
Gary Harris,OKC,4,8.25,2.0,0.75
Gary Harris,ORL,2,0.0,0.5,0.5
Gary Harris,PHI,13,1.2,1.4,1.0
Gary Harris,PHX,5,4.4,1.2,1.2
Gary Harris,POR,7,4.8,1.8,1.4
Gary Harris,SAC,6,3.0,1.8,1.0
Gary Harris,SAS,7,2.2,1.0,1.2
Gary Harris,TOR,9,4.8,1.4,0.4
Gary Harris,UTA,8,6.2,1.4,1.0
Gary Harris,WAS,15,1.0,1.2,0.4
Gary Payton II,ATL,6,8.2,4.0,0.6
Gary Payton II,BKN,6,9.6,5.4,1.8
Gary Payton II,BOS,6,8.4,3.8,2.2
Gary Payton II,CHA,8,8.6,1.6,1.4
Gary Payton II,CHI,7,3.4,3.4,0.6
Gary Payton II,CLE,8,6.0,4.8,1.0
Gary Payton II,DAL,17,8.8,3.4,1.8
Gary Payton II,DEN,12,7.8,3.2,0.8
Gary Payton II,DET,6,6.8,3.4,1.8
Gary Payton II,GSW,1,9.0,3.0,0.0
Gary Payton II,HOU,11,8.0,4.4,1.6
Gary Payton II,IND,5,2.0,2.0,0.2
Gary Payton II,LAC,10,3.6,3.0,1.6
Gary Payton II,LAL,13,8.8,2.0,1.2
Gary Payton II,MEM,11,7.0,2.6,1.4
Gary Payton II,MIA,6,6.0,4.4,0.6
Gary Payton II,MIL,6,4.6,1.2,1.0
Gary Payton II,MIN,15,4.6,2.2,0.8
Gary Payton II,NOP,11,5.4,3.8,1.6
Gary Payton II,NYK,7,6.2,3.6,2.2
Gary Payton II,OKC,13,7.8,6.6,2.6
Gary Payton II,ORL,9,6.0,1.8,1.8
Gary Payton II,PHI,5,5.0,2.2,1.6
Gary Payton II,PHX,11,4.6,4.8,0.8
Gary Payton II,POR,10,8.4,1.8,1.4
Gary Payton II,SAC,15,9.6,4.4,1.8
Gary Payton II,SAS,12,5.8,2.6,2.2
Gary Payton II,TOR,5,6.6,2.8,1.4
Gary Payton II,UTA,14,8.6,3.2,2.6
Gary Payton II,WAS,6,11.8,4.0,2.2
Gary Trent Jr.,ATL,17,9.8,0.8,1.2
Gary Trent Jr.,BKN,16,13.8,1.8,0.2
Gary Trent Jr.,BOS,14,9.0,2.0,0.6
Gary Trent Jr.,CHA,16,6.4,1.8,1.4
Gary Trent Jr.,CHI,17,8.8,2.0,0.2
Gary Trent Jr.,CLE,15,7.0,1.2,0.6
Gary Trent Jr.,DAL,8,12.6,3.2,1.0
Gary Trent Jr.,DEN,8,10.8,2.4,1.4
Gary Trent Jr.,DET,12,7.6,0.6,1.0
Gary Trent Jr.,GSW,9,8.8,1.8,1.6
Gary Trent Jr.,HOU,10,6.8,1.2,0.8
Gary Trent Jr.,IND,16,9.0,2.0,1.6
Gary Trent Jr.,LAC,10,19.0,1.2,2.6
Gary Trent Jr.,LAL,9,14.4,1.2,1.6
Gary Trent Jr.,MEM,7,6.0,1.8,0.8
Gary Trent Jr.,MIA,14,11.2,1.8,0.8
Gary Trent Jr.,MIL,8,21.6,3.0,1.8
Gary Trent Jr.,MIN,9,9.0,1.4,1.8
Gary Trent Jr.,NOP,9,15.6,1.6,1.2
Gary Trent Jr.,NYK,15,10.2,1.4,2.0
Gary Trent Jr.,OKC,9,7.6,1.6,0.8
Gary Trent Jr.,ORL,12,12.8,2.8,1.2
Gary Trent Jr.,PHI,17,13.2,1.8,1.8
Gary Trent Jr.,PHX,8,15.8,3.0,1.2
Gary Trent Jr.,POR,10,10.2,2.6,1.8
Gary Trent Jr.,SAC,8,15.0,2.4,2.0
Gary Trent Jr.,SAS,10,8.2,1.4,1.0
Gary Trent Jr.,TOR,7,7.8,1.4,2.2
Gary Trent Jr.,UTA,10,4.4,1.0,1.0
Gary Trent Jr.,WAS,16,8.6,2.4,1.2
George Hill,ATL,4,2.25,1.5,1.75
George Hill,BKN,3,3.0,3.0,2.6666666666666665
George Hill,BOS,4,5.75,2.25,2.0
George Hill,CHA,3,8.0,2.3333333333333335,2.6666666666666665
George Hill,CHI,5,5.8,1.8,0.6
George Hill,CLE,5,6.2,2.4,2.6
George Hill,DAL,5,3.0,2.6,2.0
George Hill,DEN,1,5.0,1.0,2.0
George Hill,DET,9,5.2,2.2,3.4
George Hill,GSW,2,2.5,4.0,3.5
George Hill,HOU,3,4.333333333333333,2.3333333333333335,3.0
George Hill,IND,4,9.25,3.25,3.5
George Hill,LAC,2,2.0,2.0,2.5
George Hill,LAL,2,0.0,5.0,1.5
George Hill,MEM,3,8.0,3.3333333333333335,4.666666666666667
George Hill,MIA,1,8.0,2.0,2.0
George Hill,MIL,2,8.5,1.0,1.5
George Hill,MIN,3,3.6666666666666665,0.6666666666666666,1.6666666666666667
George Hill,NOP,2,7.5,1.5,2.0
George Hill,NYK,7,8.2,2.6,2.0
George Hill,OKC,3,8.666666666666666,2.0,2.3333333333333335
George Hill,ORL,5,4.4,1.4,1.6
George Hill,PHI,5,4.0,1.8,0.8
George Hill,POR,1,0.0,5.0,5.0
George Hill,SAC,3,8.666666666666666,2.6666666666666665,2.0
George Hill,SAS,4,9.25,2.5,2.0
George Hill,TOR,3,6.0,2.0,2.3333333333333335
George Hill,UTA,4,5.0,3.25,1.75
George Hill,WAS,2,8.0,2.0,2.5
George King,MIL,1,1.0,1.0,0.0
George King,POR,1,0.0,1.0,0.0
George King,SAC,1,0.0,0.0,0.0
George King,UTA,1,0.0,3.0,0.0
Georges Niang,ATL,13,9.6,4.0,1.8
Georges Niang,BKN,14,13.6,3.6,1.4
Georges Niang,BOS,13,8.6,2.2,1.0
Georges Niang,CHA,15,8.8,2.8,2.0
Georges Niang,CHI,14,9.6,3.6,0.0
Georges Niang,CLE,7,5.2,2.4,0.6
Georges Niang,DAL,9,12.0,2.6,1.6
Georges Niang,DEN,8,6.4,3.4,1.4
Georges Niang,DET,14,8.4,4.4,1.0
Georges Niang,GSW,9,7.8,3.0,2.0
Georges Niang,HOU,8,13.0,3.2,1.0
Georges Niang,IND,14,10.6,3.6,0.8
Georges Niang,LAC,7,6.4,2.4,1.2
Georges Niang,LAL,7,9.4,2.0,2.0
Georges Niang,MEM,6,5.8,2.2,0.6
Georges Niang,MIA,14,10.6,4.4,1.2
Georges Niang,MIL,16,8.4,2.8,1.6
Georges Niang,MIN,7,12.8,5.4,1.4
Georges Niang,NOP,8,14.2,3.8,2.0
Georges Niang,NYK,14,8.8,4.8,1.6
Georges Niang,OKC,9,6.2,2.4,1.2
Georges Niang,ORL,16,8.2,2.8,1.2
Georges Niang,PHI,10,14.4,3.6,1.8
Georges Niang,PHX,7,8.2,3.6,1.0
Georges Niang,POR,7,8.0,1.2,1.0
Georges Niang,SAC,6,9.2,3.4,2.0
Georges Niang,SAS,6,7.4,2.6,1.2
Georges Niang,TOR,14,8.4,2.0,0.8
Georges Niang,UTA,8,7.4,2.4,2.0
Georges Niang,WAS,15,10.2,5.4,1.2
Georgios Kalaitzakis,BKN,1,0.0,2.0,0.0
Georgios Kalaitzakis,DEN,1,3.0,0.0,0.0
Georgios Kalaitzakis,DET,2,0.0,0.0,0.0
Georgios Kalaitzakis,IND,2,0.0,0.0,0.0
Georgios Kalaitzakis,LAC,1,17.0,6.0,3.0
Georgios Kalaitzakis,LAL,1,25.0,4.0,6.0
Georgios Kalaitzakis,MIA,1,8.0,3.0,0.0
Georgios Kalaitzakis,ORL,1,5.0,3.0,0.0
Georgios Kalaitzakis,POR,1,17.0,1.0,2.0
Georgios Kalaitzakis,SAS,1,0.0,0.0,0.0
Georgios Kalaitzakis,UTA,1,11.0,2.0,1.0
Giannis Antetokounmpo,ATL,16,26.8,11.4,6.8
Giannis Antetokounmpo,BKN,14,26.6,10.6,5.0
Giannis Antetokounmpo,BOS,13,27.4,10.6,4.2
Giannis Antetokounmpo,CHA,15,26.6,9.4,9.6
Giannis Antetokounmpo,CHI,15,39.0,11.8,5.8
Giannis Antetokounmpo,CLE,13,30.2,11.6,5.6
Giannis Antetokounmpo,DAL,8,35.8,10.6,7.2
Giannis Antetokounmpo,DEN,9,29.2,14.0,6.8
Giannis Antetokounmpo,DET,15,30.4,10.0,8.2
Giannis Antetokounmpo,GSW,7,28.0,9.4,5.6
Giannis Antetokounmpo,HOU,8,31.6,13.0,3.6
Giannis Antetokounmpo,IND,17,29.4,13.2,6.4
Giannis Antetokounmpo,LAC,6,36.4,11.0,4.6
Giannis Antetokounmpo,LAL,10,26.8,11.2,6.8
Giannis Antetokounmpo,MEM,7,28.4,7.8,7.2
Giannis Antetokounmpo,MIA,12,27.6,12.0,6.4
Giannis Antetokounmpo,MIN,7,28.2,11.4,6.4
Giannis Antetokounmpo,NOP,6,37.0,12.0,3.6
Giannis Antetokounmpo,NYK,17,29.0,11.4,5.2
Giannis Antetokounmpo,OKC,5,26.0,14.2,7.0
Giannis Antetokounmpo,ORL,12,35.6,10.6,3.8
Giannis Antetokounmpo,PHI,13,31.2,13.8,9.8
Giannis Antetokounmpo,PHX,7,32.0,8.4,6.6
Giannis Antetokounmpo,POR,7,30.8,12.0,5.0
Giannis Antetokounmpo,SAC,9,31.6,12.6,5.8
Giannis Antetokounmpo,SAS,8,27.2,12.6,7.6
Giannis Antetokounmpo,TOR,9,24.4,11.4,6.6
Giannis Antetokounmpo,UTA,8,30.2,12.0,8.2
Giannis Antetokounmpo,WAS,13,31.2,10.8,5.2
Goga Bitadze,ATL,13,5.0,4.2,1.6
Goga Bitadze,BKN,16,9.8,8.6,1.6
Goga Bitadze,BOS,11,4.2,6.4,1.6
Goga Bitadze,CHA,11,2.6,4.6,1.2
Goga Bitadze,CHI,12,7.8,6.0,2.2
Goga Bitadze,CLE,12,2.4,2.0,1.0
Goga Bitadze,DAL,5,4.0,3.8,1.2
Goga Bitadze,DEN,6,3.6,4.6,0.8
Goga Bitadze,DET,13,7.8,3.4,2.0
Goga Bitadze,GSW,6,6.8,6.6,1.2
Goga Bitadze,HOU,8,6.8,3.4,0.2
Goga Bitadze,IND,9,9.0,7.4,2.2
Goga Bitadze,LAC,7,4.0,2.6,2.0
Goga Bitadze,LAL,8,5.2,7.2,1.8
Goga Bitadze,MEM,7,4.8,3.8,0.6
Goga Bitadze,MIA,12,8.6,9.0,2.0
Goga Bitadze,MIL,12,5.2,5.8,1.6
Goga Bitadze,MIN,9,7.0,6.8,2.2
Goga Bitadze,NOP,8,7.0,6.2,1.6
Goga Bitadze,NYK,16,4.8,4.8,1.6
Goga Bitadze,OKC,8,6.8,6.0,2.2
Goga Bitadze,ORL,3,3.6666666666666665,1.6666666666666667,0.6666666666666666
Goga Bitadze,PHI,11,6.0,4.2,1.4
Goga Bitadze,PHX,9,9.0,6.2,1.2
Goga Bitadze,POR,6,5.0,2.8,1.4
Goga Bitadze,SAC,7,9.2,5.4,1.8
Goga Bitadze,SAS,8,3.2,4.4,0.6
Goga Bitadze,TOR,9,4.4,5.8,2.4
Goga Bitadze,UTA,5,4.4,6.0,2.2
Goga Bitadze,WAS,17,6.8,3.8,0.4
Goran Dragic,ATL,1,2.0,0.0,6.0
Goran Dragic,BKN,3,8.666666666666666,2.0,3.0
Goran Dragic,BOS,7,4.6,1.0,2.0
Goran Dragic,CHA,4,7.0,2.75,5.0
Goran Dragic,CHI,1,8.0,3.0,0.0
Goran Dragic,CLE,3,2.0,0.6666666666666666,1.3333333333333333
Goran Dragic,DAL,3,12.333333333333334,1.6666666666666667,2.6666666666666665
Goran Dragic,DEN,1,11.0,1.0,6.0
Goran Dragic,DET,5,6.4,3.0,2.4
Goran Dragic,GSW,2,9.0,2.0,2.5
Goran Dragic,HOU,1,12.0,1.0,0.0
Goran Dragic,IND,2,6.5,1.0,2.5
Goran Dragic,LAC,1,0.0,0.0,1.0
Goran Dragic,MEM,2,7.0,3.0,2.5
Goran Dragic,MIA,4,8.75,2.25,3.25
Goran Dragic,MIL,3,7.666666666666667,2.3333333333333335,1.6666666666666667
Goran Dragic,MIN,1,6.0,3.0,5.0
Goran Dragic,NOP,2,10.0,2.0,6.5
Goran Dragic,NYK,4,8.0,1.25,2.5
Goran Dragic,OKC,2,5.5,1.0,2.0
Goran Dragic,ORL,4,2.5,2.25,3.5
Goran Dragic,PHI,4,2.5,1.0,2.75
Goran Dragic,PHX,1,5.0,0.0,1.0
Goran Dragic,POR,2,7.0,1.0,8.5
Goran Dragic,SAC,1,2.0,1.0,2.0
Goran Dragic,SAS,2,6.5,3.0,3.5
Goran Dragic,TOR,5,11.2,2.6,2.4
Goran Dragic,UTA,3,6.333333333333333,2.0,4.333333333333333
Goran Dragic,WAS,5,4.8,1.4,3.4
Gordon Hayward,ATL,7,13.2,4.8,6.0
Gordon Hayward,BKN,5,11.8,3.2,4.6
Gordon Hayward,BOS,5,9.6,3.6,3.6
Gordon Hayward,CHI,5,16.4,3.0,2.4
Gordon Hayward,CLE,6,10.4,4.2,4.8
Gordon Hayward,DAL,6,16.6,3.6,4.8
Gordon Hayward,DEN,4,12.5,5.5,3.5
Gordon Hayward,DET,5,14.2,5.8,4.4
Gordon Hayward,GSW,4,17.5,5.25,3.25
Gordon Hayward,HOU,6,9.0,4.0,2.4
Gordon Hayward,IND,8,14.4,2.8,3.2
Gordon Hayward,LAC,4,7.25,5.5,2.0
Gordon Hayward,LAL,4,11.5,3.25,3.0
Gordon Hayward,MEM,3,12.0,2.6666666666666665,4.0
Gordon Hayward,MIA,7,16.2,4.2,4.4
Gordon Hayward,MIL,7,7.6,4.6,2.2
Gordon Hayward,MIN,3,20.666666666666668,6.666666666666667,4.666666666666667
Gordon Hayward,NOP,4,11.75,2.0,4.25
Gordon Hayward,NYK,8,8.4,4.0,4.0
Gordon Hayward,OKC,2,13.0,6.5,5.0
Gordon Hayward,ORL,7,13.8,3.4,3.4
Gordon Hayward,PHI,7,11.0,3.2,3.6
Gordon Hayward,PHX,5,7.6,3.0,2.6
Gordon Hayward,POR,4,9.5,3.75,0.75
Gordon Hayward,SAC,4,18.75,3.75,4.0
Gordon Hayward,SAS,5,19.0,3.4,1.8
Gordon Hayward,TOR,3,10.666666666666666,3.6666666666666665,1.6666666666666667
Gordon Hayward,UTA,3,9.666666666666666,2.3333333333333335,2.6666666666666665
Gordon Hayward,WAS,9,14.4,6.0,4.4
Gorgui Dieng,ATL,1,3.0,2.0,0.0
Gorgui Dieng,BKN,2,2.5,2.0,2.0
Gorgui Dieng,BOS,4,0.5,0.5,0.5
Gorgui Dieng,CHA,2,2.5,1.5,0.5
Gorgui Dieng,CHI,2,9.0,3.5,2.5
Gorgui Dieng,CLE,2,4.0,5.0,1.0
Gorgui Dieng,DAL,4,6.0,5.5,2.5
Gorgui Dieng,DEN,3,3.0,1.0,0.3333333333333333
Gorgui Dieng,DET,3,5.333333333333333,5.666666666666667,1.0
Gorgui Dieng,GSW,3,7.666666666666667,5.0,1.3333333333333333
Gorgui Dieng,HOU,2,6.0,2.0,0.5
Gorgui Dieng,IND,1,8.0,6.0,0.0
Gorgui Dieng,LAC,1,2.0,2.0,1.0
Gorgui Dieng,LAL,2,3.5,3.5,1.5
Gorgui Dieng,MEM,3,3.3333333333333335,1.3333333333333333,0.6666666666666666
Gorgui Dieng,MIA,2,2.5,2.5,0.0
Gorgui Dieng,MIL,2,4.5,4.0,2.0
Gorgui Dieng,MIN,5,3.4,3.6,1.6
Gorgui Dieng,NOP,3,2.6666666666666665,3.6666666666666665,1.0
Gorgui Dieng,NYK,2,6.5,4.0,3.0
Gorgui Dieng,OKC,1,0.0,0.0,0.0
Gorgui Dieng,ORL,3,3.6666666666666665,2.6666666666666665,0.3333333333333333
Gorgui Dieng,PHI,4,4.5,3.5,2.5
Gorgui Dieng,PHX,3,3.0,3.3333333333333335,1.3333333333333333
Gorgui Dieng,POR,2,3.5,6.0,1.5
Gorgui Dieng,SAC,3,1.3333333333333333,1.3333333333333333,0.3333333333333333
Gorgui Dieng,SAS,2,3.5,0.5,0.5
Gorgui Dieng,TOR,2,6.0,2.0,2.0
Gorgui Dieng,UTA,3,0.3333333333333333,2.3333333333333335,0.6666666666666666
Gorgui Dieng,WAS,3,0.6666666666666666,3.3333333333333335,0.3333333333333333
Gradey Dick,ATL,10,11.2,3.2,0.4
Gradey Dick,BKN,9,9.2,1.8,1.6
Gradey Dick,BOS,9,5.2,1.6,0.8
Gradey Dick,CHA,7,9.8,1.4,1.0
Gradey Dick,CHI,9,7.0,3.4,0.8
Gradey Dick,CLE,8,4.2,0.6,0.8
Gradey Dick,DAL,5,10.8,2.2,0.8
Gradey Dick,DEN,4,14.5,1.75,4.0
Gradey Dick,DET,6,9.6,2.6,0.6
Gradey Dick,GSW,4,9.5,2.5,1.25
Gradey Dick,HOU,6,6.0,1.4,1.4
Gradey Dick,IND,8,9.4,5.2,2.0
Gradey Dick,LAC,5,10.8,2.8,1.2
Gradey Dick,LAL,5,13.4,2.6,1.2
Gradey Dick,MEM,5,8.4,4.2,0.6
Gradey Dick,MIA,9,5.0,2.8,0.4
Gradey Dick,MIL,10,8.4,1.8,1.0
Gradey Dick,MIN,6,12.4,4.0,0.8
Gradey Dick,NOP,5,8.2,2.6,0.4
Gradey Dick,NYK,12,4.0,1.4,0.2
Gradey Dick,OKC,6,12.6,3.6,0.6
Gradey Dick,ORL,9,9.0,1.6,0.6
Gradey Dick,PHI,10,6.0,1.6,0.4
Gradey Dick,PHX,3,10.333333333333334,2.3333333333333335,1.3333333333333333
Gradey Dick,POR,4,9.0,4.0,0.75
Gradey Dick,SAC,4,11.25,2.75,1.75
Gradey Dick,SAS,3,6.0,1.6666666666666667,1.3333333333333333
Gradey Dick,UTA,3,4.333333333333333,2.0,3.0
Gradey Dick,WAS,6,8.8,2.2,1.2
Grant Nelson,BOS,1,3.0,2.0,4.0
Grant Nelson,CLE,1,11.0,4.0,1.0
Grant Nelson,MIA,2,1.5,0.0,0.0
Grant Williams,ATL,13,10.0,5.0,4.2
Grant Williams,BKN,13,9.0,4.6,1.6
Grant Williams,BOS,5,9.0,4.4,1.8
Grant Williams,CHA,9,8.6,5.2,4.4
Grant Williams,CHI,9,14.6,5.6,1.6
Grant Williams,CLE,9,9.4,5.8,2.6
Grant Williams,DAL,6,8.0,3.6,2.6
Grant Williams,DEN,6,11.0,4.6,1.6
Grant Williams,DET,13,12.0,4.0,2.0
Grant Williams,GSW,7,8.2,3.8,1.4
Grant Williams,HOU,9,6.0,4.8,1.4
Grant Williams,IND,10,10.4,5.2,1.6
Grant Williams,LAC,9,8.2,4.4,2.2
Grant Williams,LAL,8,9.0,4.2,1.0
Grant Williams,MEM,11,8.0,4.2,1.0
Grant Williams,MIA,10,11.0,3.6,2.0
Grant Williams,MIL,12,7.4,6.2,2.0
Grant Williams,MIN,10,6.4,2.6,1.2
Grant Williams,NOP,9,6.6,3.2,2.0
Grant Williams,NYK,10,7.0,4.2,2.2
Grant Williams,OKC,6,10.2,5.0,1.8
Grant Williams,ORL,14,9.4,3.6,2.4
Grant Williams,PHI,13,12.4,5.2,1.0
Grant Williams,PHX,9,10.2,3.8,1.4
Grant Williams,POR,10,3.0,3.0,3.2
Grant Williams,SAC,7,8.4,4.0,2.4
Grant Williams,SAS,8,8.6,3.8,1.2
Grant Williams,TOR,11,9.2,5.0,2.6
Grant Williams,UTA,7,14.6,3.4,1.4
Grant Williams,WAS,11,6.0,3.6,4.0
Grayson Allen,ATL,12,14.6,2.8,2.8
Grayson Allen,BKN,11,13.6,4.0,4.2
Grayson Allen,BOS,12,11.4,1.8,1.0
Grayson Allen,CHA,10,13.6,2.0,1.4
Grayson Allen,CHI,12,13.0,4.4,4.2
Grayson Allen,CLE,7,10.2,3.4,2.6
Grayson Allen,DAL,10,13.0,3.8,2.6
Grayson Allen,DEN,11,14.4,2.6,3.8
Grayson Allen,DET,13,15.0,3.0,3.2
Grayson Allen,GSW,12,15.4,4.0,4.0
Grayson Allen,HOU,11,5.2,2.2,2.6
Grayson Allen,IND,12,11.4,4.0,2.2
Grayson Allen,LAC,14,15.0,1.6,4.4
Grayson Allen,LAL,14,12.4,2.2,3.2
Grayson Allen,MEM,11,14.4,1.4,2.8
Grayson Allen,MIA,12,14.8,3.2,1.8
Grayson Allen,MIL,5,14.2,3.0,3.4
Grayson Allen,MIN,12,9.8,3.8,1.4
Grayson Allen,NOP,11,15.6,3.2,5.0
Grayson Allen,NYK,12,12.4,2.4,1.4
Grayson Allen,OKC,9,8.8,3.6,3.2
Grayson Allen,ORL,12,15.0,4.4,1.4
Grayson Allen,PHI,11,15.2,3.0,2.6
Grayson Allen,PHX,3,8.666666666666666,2.0,2.6666666666666665
Grayson Allen,POR,13,13.6,2.4,1.8
Grayson Allen,SAC,11,16.8,2.8,5.0
Grayson Allen,SAS,11,11.4,3.6,3.4
Grayson Allen,TOR,8,15.4,3.2,2.2
Grayson Allen,UTA,15,18.2,4.6,4.8
Grayson Allen,WAS,11,11.6,4.6,2.0
Greg Brown III,ATL,1,2.0,3.0,2.0
Greg Brown III,BOS,1,0.0,0.0,0.0
Greg Brown III,CHA,2,0.0,0.0,0.0
Greg Brown III,CHI,1,4.0,0.0,0.0
Greg Brown III,DAL,6,2.6,3.0,0.2
Greg Brown III,DEN,6,5.2,1.6,0.2
Greg Brown III,DET,3,4.333333333333333,1.3333333333333333,0.0
Greg Brown III,GSW,1,8.0,1.0,1.0
Greg Brown III,HOU,5,3.4,2.2,1.0
Greg Brown III,IND,2,2.5,1.5,1.0
Greg Brown III,LAC,2,3.0,3.0,1.0
Greg Brown III,LAL,4,3.25,1.75,0.0
Greg Brown III,MEM,2,3.0,2.5,0.5
Greg Brown III,MIA,2,1.0,0.0,0.0
Greg Brown III,MIL,3,4.0,3.3333333333333335,0.6666666666666666
Greg Brown III,MIN,2,0.5,1.0,1.0
Greg Brown III,NOP,2,6.5,5.0,4.0
Greg Brown III,NYK,2,2.0,3.0,0.5
Greg Brown III,OKC,3,8.666666666666666,3.3333333333333335,0.3333333333333333
Greg Brown III,ORL,2,7.5,4.5,0.5
Greg Brown III,PHX,3,3.0,3.3333333333333335,0.6666666666666666
Greg Brown III,POR,2,3.5,1.0,0.5
Greg Brown III,SAC,1,0.0,0.0,0.0
Greg Brown III,SAS,6,6.8,5.0,0.8
Greg Brown III,UTA,5,2.6,2.0,0.8
Greg Brown III,WAS,1,9.0,3.0,0.0
Greg Monroe,BOS,1,11.0,9.0,6.0
Greg Monroe,CHI,2,8.5,5.0,3.0
Greg Monroe,LAC,2,6.5,3.0,1.0
Greg Monroe,LAL,2,2.0,3.0,1.0
Greg Monroe,NYK,1,7.0,6.0,4.0
Greg Monroe,OKC,1,4.0,3.0,0.0
Greg Monroe,ORL,1,0.0,3.0,0.0
Greg Monroe,PHX,1,9.0,6.0,0.0
Greg Monroe,POR,2,4.5,4.5,0.5
Greg Monroe,UTA,1,2.0,6.0,1.0
Guerschon Yabusele,ATL,3,8.666666666666666,4.666666666666667,2.6666666666666665
Guerschon Yabusele,BKN,8,3.6,2.6,0.8
Guerschon Yabusele,BOS,7,5.0,4.2,1.4
Guerschon Yabusele,CHA,7,4.0,3.4,0.8
Guerschon Yabusele,CHI,5,2.6,2.6,1.0
Guerschon Yabusele,CLE,5,7.8,7.4,2.0
Guerschon Yabusele,DAL,4,9.25,4.0,1.5
Guerschon Yabusele,DEN,3,20.666666666666668,4.0,1.6666666666666667
Guerschon Yabusele,DET,4,6.75,5.5,3.25
Guerschon Yabusele,GSW,4,8.25,4.5,2.0
Guerschon Yabusele,HOU,1,22.0,7.0,2.0
Guerschon Yabusele,IND,5,6.4,6.2,1.4
Guerschon Yabusele,LAC,4,7.25,2.75,0.0
Guerschon Yabusele,LAL,2,14.0,5.0,1.5
Guerschon Yabusele,MEM,4,10.25,3.25,0.75
Guerschon Yabusele,MIA,6,3.0,4.6,1.2
Guerschon Yabusele,MIL,5,13.0,4.0,2.6
Guerschon Yabusele,MIN,3,14.0,4.0,1.3333333333333333
Guerschon Yabusele,NOP,3,9.0,5.333333333333333,1.6666666666666667
Guerschon Yabusele,NYK,4,7.0,7.5,2.0
Guerschon Yabusele,OKC,4,13.0,6.75,2.25
Guerschon Yabusele,ORL,8,5.2,1.6,0.6
Guerschon Yabusele,PHI,4,3.5,1.5,0.5
Guerschon Yabusele,PHX,5,11.4,7.2,2.4
Guerschon Yabusele,POR,4,7.75,3.5,1.25
Guerschon Yabusele,SAC,5,4.6,3.0,1.8
Guerschon Yabusele,SAS,4,14.25,5.0,2.5
Guerschon Yabusele,TOR,8,6.4,5.2,1.4
Guerschon Yabusele,UTA,3,7.666666666666667,4.0,0.6666666666666666
Guerschon Yabusele,WAS,5,11.4,6.0,1.6
Gui Santos,ATL,6,1.8,1.4,2.4
Gui Santos,BKN,4,11.5,3.75,1.5
Gui Santos,BOS,4,10.5,5.5,1.25
Gui Santos,CHA,4,4.75,3.75,2.75
Gui Santos,CHI,4,12.25,6.75,1.25
Gui Santos,CLE,4,10.5,2.25,1.75
Gui Santos,DAL,4,6.5,6.25,2.0
Gui Santos,DEN,5,5.4,5.2,2.4
Gui Santos,DET,4,14.25,4.25,2.5
Gui Santos,HOU,5,6.8,2.6,2.0
Gui Santos,IND,4,8.0,4.25,1.25
Gui Santos,LAC,5,3.6,4.0,1.4
Gui Santos,LAL,7,7.0,3.6,2.0
Gui Santos,MEM,7,8.0,3.8,1.4
Gui Santos,MIA,4,5.5,2.5,0.0
Gui Santos,MIL,5,1.4,1.6,0.4
Gui Santos,MIN,5,8.4,5.4,3.0
Gui Santos,NOP,6,4.6,2.6,1.2
Gui Santos,NYK,4,9.25,4.0,2.25
Gui Santos,OKC,5,8.0,6.4,1.2
Gui Santos,ORL,4,1.25,0.5,0.0
Gui Santos,PHI,5,7.0,1.6,1.6
Gui Santos,PHX,7,7.2,4.2,2.4
Gui Santos,POR,7,2.8,2.4,2.4
Gui Santos,SAC,7,4.2,2.6,2.6
Gui Santos,SAS,4,3.25,2.75,3.25
Gui Santos,TOR,3,1.0,1.3333333333333333,2.0
Gui Santos,UTA,10,8.8,2.4,2.6
Gui Santos,WAS,4,13.0,3.25,2.75
Hamidou Diallo,ATL,5,4.4,2.8,1.4
Hamidou Diallo,BKN,3,9.666666666666666,4.0,2.0
Hamidou Diallo,BOS,7,6.2,1.8,0.6
Hamidou Diallo,CHA,5,13.6,4.0,1.4
Hamidou Diallo,CHI,6,11.4,3.0,1.0
Hamidou Diallo,CLE,6,9.4,3.4,0.6
Hamidou Diallo,DAL,1,18.0,5.0,1.0
Hamidou Diallo,DEN,3,9.666666666666666,3.0,1.0
Hamidou Diallo,DET,1,0.0,0.0,0.0
Hamidou Diallo,GSW,4,9.0,6.0,0.5
Hamidou Diallo,HOU,2,11.5,2.5,0.5
Hamidou Diallo,IND,4,4.75,2.0,1.25
Hamidou Diallo,LAC,3,7.0,4.333333333333333,1.6666666666666667
Hamidou Diallo,LAL,3,13.333333333333334,3.3333333333333335,0.6666666666666666
Hamidou Diallo,MEM,3,13.0,5.666666666666667,1.6666666666666667
Hamidou Diallo,MIA,3,12.333333333333334,5.0,2.6666666666666665
Hamidou Diallo,MIL,6,9.0,4.8,1.2
Hamidou Diallo,MIN,4,12.5,5.5,1.0
Hamidou Diallo,NOP,4,10.5,4.75,1.0
Hamidou Diallo,NYK,6,12.6,4.4,1.8
Hamidou Diallo,OKC,1,11.0,8.0,0.0
Hamidou Diallo,ORL,5,9.6,4.0,0.8
Hamidou Diallo,PHI,4,8.75,5.5,0.75
Hamidou Diallo,PHX,4,8.5,3.75,1.0
Hamidou Diallo,POR,3,8.666666666666666,5.0,1.3333333333333333
Hamidou Diallo,SAC,3,6.666666666666667,2.0,1.3333333333333333
Hamidou Diallo,SAS,4,20.75,5.25,1.75
Hamidou Diallo,TOR,5,13.2,4.6,0.4
Hamidou Diallo,UTA,4,7.75,3.5,2.0
Hamidou Diallo,WAS,4,8.75,4.25,0.5
Harrison Barnes,ATL,10,14.8,4.4,1.0
Harrison Barnes,BKN,10,5.4,1.4,1.0
Harrison Barnes,BOS,9,10.6,4.0,2.4
Harrison Barnes,CHA,10,7.4,2.6,1.2
Harrison Barnes,CHI,10,7.6,2.4,1.0
Harrison Barnes,CLE,10,13.0,2.2,1.8
Harrison Barnes,DAL,19,12.8,1.8,1.4
Harrison Barnes,DEN,18,14.0,4.0,2.2
Harrison Barnes,DET,9,4.0,2.8,1.6
Harrison Barnes,GSW,19,11.8,4.0,1.8
Harrison Barnes,HOU,18,8.8,2.0,1.2
Harrison Barnes,IND,10,16.8,5.0,1.2
Harrison Barnes,LAC,16,12.2,3.0,2.6
Harrison Barnes,LAL,18,11.0,2.8,3.0
Harrison Barnes,MEM,17,14.4,3.0,2.4
Harrison Barnes,MIA,10,11.0,2.8,1.2
Harrison Barnes,MIL,10,11.0,3.0,1.8
Harrison Barnes,MIN,17,13.0,4.2,1.0
Harrison Barnes,NOP,20,14.0,2.0,1.8
Harrison Barnes,NYK,10,4.8,2.4,1.6
Harrison Barnes,OKC,19,10.4,3.6,1.6
Harrison Barnes,ORL,10,14.4,4.6,0.8
Harrison Barnes,PHI,9,5.2,1.4,0.8
Harrison Barnes,PHX,20,8.0,3.4,2.6
Harrison Barnes,POR,17,12.4,4.2,1.0
Harrison Barnes,SAC,7,13.8,2.2,2.0
Harrison Barnes,SAS,10,11.6,3.4,1.0
Harrison Barnes,TOR,10,14.0,2.6,1.8
Harrison Barnes,UTA,18,9.6,4.4,2.6
Harrison Barnes,WAS,10,10.0,3.2,1.4
Harrison Ingram,CHA,1,2.0,3.0,1.0
Harrison Ingram,DAL,2,1.5,0.5,0.0
Harrison Ingram,HOU,1,0.0,1.0,0.0
Harrison Ingram,LAC,2,1.0,1.0,0.5
Harrison Ingram,MEM,1,0.0,1.0,0.0
Harrison Ingram,ORL,1,2.0,0.0,0.0
Harrison Ingram,PHX,2,2.0,2.0,0.5
Harrison Ingram,SAC,1,2.0,0.0,1.0
Harrison Ingram,TOR,1,0.0,0.0,0.0
Harry Giles III,ATL,1,2.0,1.0,0.0
Harry Giles III,BOS,1,7.0,1.0,0.0
Harry Giles III,CLE,1,2.0,1.0,1.0
Harry Giles III,DEN,1,11.0,6.0,1.0
Harry Giles III,DET,1,0.0,0.0,0.0
Harry Giles III,HOU,1,0.0,0.0,0.0
Harry Giles III,LAL,1,0.0,1.0,0.0
Harry Giles III,MEM,1,0.0,0.0,0.0
Harry Giles III,MIL,1,1.0,4.0,0.0
Harry Giles III,MIN,1,0.0,0.0,0.0
Harry Giles III,NOP,2,3.0,2.5,0.5
Harry Giles III,NYK,1,0.0,0.0,0.0
Harry Giles III,OKC,1,0.0,1.0,0.0
Harry Giles III,PHI,2,6.5,2.5,1.0
Harry Giles III,PHX,1,0.0,0.0,0.0
Harry Giles III,SAC,3,1.0,0.0,0.0
Harry Giles III,UTA,2,1.5,1.5,0.5
Harry Giles III,WAS,1,8.0,2.0,0.0
Hassan Whiteside,ATL,2,5.0,7.5,0.5
Hassan Whiteside,BKN,2,10.5,6.5,0.0
Hassan Whiteside,BOS,2,3.5,4.0,0.5
Hassan Whiteside,CHA,1,6.0,7.0,0.0
Hassan Whiteside,CHI,2,4.5,3.5,0.5
Hassan Whiteside,DAL,3,6.333333333333333,6.666666666666667,0.3333333333333333
Hassan Whiteside,DEN,1,10.0,4.0,0.0
Hassan Whiteside,DET,1,21.0,14.0,1.0
Hassan Whiteside,GSW,2,5.5,9.5,1.0
Hassan Whiteside,HOU,3,8.333333333333334,8.0,0.0
Hassan Whiteside,IND,2,8.0,7.5,0.0
Hassan Whiteside,LAC,1,11.0,7.0,0.0
Hassan Whiteside,LAL,1,7.0,8.0,0.0
Hassan Whiteside,MEM,3,12.333333333333334,8.0,0.0
Hassan Whiteside,MIA,2,3.0,6.5,0.5
Hassan Whiteside,MIL,2,3.5,7.0,1.0
Hassan Whiteside,MIN,3,7.0,5.666666666666667,0.3333333333333333
Hassan Whiteside,NOP,3,8.0,7.666666666666667,0.0
Hassan Whiteside,NYK,2,2.0,6.5,0.5
Hassan Whiteside,OKC,4,5.75,6.25,0.25
Hassan Whiteside,ORL,2,13.5,14.0,0.5
Hassan Whiteside,PHI,2,12.0,7.5,0.5
Hassan Whiteside,PHX,4,11.25,8.75,0.5
Hassan Whiteside,POR,4,7.75,6.25,1.25
Hassan Whiteside,SAC,4,9.75,13.0,0.5
Hassan Whiteside,SAS,3,11.333333333333334,7.333333333333333,0.0
Hassan Whiteside,TOR,2,9.0,4.5,0.5
Hassan Whiteside,WAS,2,10.5,9.0,0.5
Hassani Gravett,ATL,1,8.0,5.0,5.0
Hassani Gravett,BKN,1,7.0,5.0,3.0
Hassani Gravett,BOS,1,2.0,1.0,3.0
Hassani Gravett,CHI,1,5.0,0.0,1.0
Hassani Gravett,MIA,2,9.0,3.5,2.0
Hassani Gravett,MIL,1,5.0,3.0,4.0
Hassani Gravett,NOP,1,5.0,0.0,0.0
Hayden Gray,LAL,1,6.0,0.0,1.0
Haywood Highsmith,ATL,9,10.4,4.4,2.2
Haywood Highsmith,BKN,12,2.2,2.4,0.4
Haywood Highsmith,BOS,10,7.6,3.0,1.2
Haywood Highsmith,CHA,9,5.8,3.6,1.8
Haywood Highsmith,CHI,11,4.2,3.2,2.4
Haywood Highsmith,CLE,8,9.0,3.6,1.0
Haywood Highsmith,DAL,5,2.4,4.0,1.0
Haywood Highsmith,DEN,5,5.4,0.6,1.2
Haywood Highsmith,DET,9,4.4,3.2,1.6
Haywood Highsmith,GSW,4,5.75,4.5,2.5
Haywood Highsmith,HOU,8,6.6,4.6,1.6
Haywood Highsmith,IND,10,5.8,3.2,1.2
Haywood Highsmith,LAC,4,3.5,3.0,0.75
Haywood Highsmith,LAL,4,7.75,1.5,1.0
Haywood Highsmith,MEM,5,8.2,3.8,1.4
Haywood Highsmith,MIL,9,3.0,3.0,0.8
Haywood Highsmith,MIN,7,4.4,2.4,1.4
Haywood Highsmith,NOP,6,3.4,3.0,1.8
Haywood Highsmith,NYK,7,7.4,3.8,1.8
Haywood Highsmith,OKC,8,5.6,2.4,1.2
Haywood Highsmith,ORL,12,4.4,2.4,1.2
Haywood Highsmith,PHI,10,9.2,4.0,1.2
Haywood Highsmith,PHX,6,7.2,4.2,0.2
Haywood Highsmith,POR,6,7.6,2.4,1.0
Haywood Highsmith,SAC,6,6.6,3.0,0.4
Haywood Highsmith,SAS,4,3.0,3.75,0.5
Haywood Highsmith,TOR,9,6.4,3.0,0.8
Haywood Highsmith,UTA,5,3.8,2.6,0.6
Haywood Highsmith,WAS,12,6.4,3.6,0.8
Henri Drell,DET,1,0.0,1.0,0.0
Henri Drell,LAC,1,2.0,1.0,2.0
Henri Drell,ORL,1,0.0,0.0,1.0
Henri Drell,WAS,1,9.0,2.0,1.0
Herbert Jones,ATL,6,12.2,4.8,2.2
Herbert Jones,BKN,6,9.8,3.4,2.6
Herbert Jones,BOS,6,13.2,4.2,2.6
Herbert Jones,CHA,8,9.0,3.6,1.4
Herbert Jones,CHI,8,10.8,4.0,3.2
Herbert Jones,CLE,6,7.2,2.6,2.8
Herbert Jones,DAL,13,9.6,4.4,3.0
Herbert Jones,DEN,13,7.6,3.0,3.0
Herbert Jones,DET,5,11.0,3.6,3.0
Herbert Jones,GSW,11,8.2,3.6,2.4
Herbert Jones,HOU,15,13.2,4.6,3.4
Herbert Jones,IND,7,12.0,3.0,2.0
Herbert Jones,LAC,15,9.8,3.6,2.8
Herbert Jones,LAL,13,9.8,3.8,2.2
Herbert Jones,MEM,16,10.8,5.4,2.6
Herbert Jones,MIA,7,11.0,4.0,2.8
Herbert Jones,MIL,8,9.2,3.0,2.2
Herbert Jones,MIN,11,9.6,5.4,5.0
Herbert Jones,NYK,8,11.6,2.6,3.2
Herbert Jones,OKC,14,13.2,2.8,3.4
Herbert Jones,ORL,7,8.8,3.2,2.4
Herbert Jones,PHI,7,7.6,2.2,3.8
Herbert Jones,PHX,11,9.2,3.4,3.8
Herbert Jones,POR,15,7.2,2.4,1.6
Herbert Jones,SAC,15,7.0,4.0,3.8
Herbert Jones,SAS,15,10.6,4.4,2.6
Herbert Jones,TOR,8,8.8,2.6,2.0
Herbert Jones,UTA,13,12.6,4.2,3.8
Herbert Jones,WAS,9,7.4,3.0,1.8
Hugo González,ATL,4,6.25,4.75,0.0
Hugo González,BKN,3,6.0,3.0,0.6666666666666666
Hugo González,CHA,2,5.5,4.5,0.5
Hugo González,CHI,3,2.6666666666666665,3.3333333333333335,0.3333333333333333
Hugo González,CLE,3,1.0,0.3333333333333333,0.3333333333333333
Hugo González,DAL,2,4.0,4.0,2.0
Hugo González,DEN,2,4.0,3.0,0.5
Hugo González,DET,4,1.5,2.0,0.25
Hugo González,GSW,2,3.5,3.5,0.0
Hugo González,HOU,2,4.5,2.0,0.5
Hugo González,IND,4,3.25,3.75,0.5
Hugo González,LAC,1,0.0,0.0,0.0
Hugo González,LAL,2,4.0,2.5,0.5
Hugo González,MEM,2,2.5,3.0,0.5
Hugo González,MIA,4,3.5,3.75,0.0
Hugo González,MIL,4,6.5,6.5,0.5
Hugo González,MIN,1,0.0,3.0,1.0
Hugo González,NOP,1,10.0,4.0,1.0
Hugo González,NYK,3,4.0,3.3333333333333335,0.3333333333333333
Hugo González,OKC,2,7.0,3.5,0.5
Hugo González,ORL,3,1.3333333333333333,2.0,1.3333333333333333
Hugo González,PHI,3,4.0,3.6666666666666665,0.6666666666666666
Hugo González,PHX,2,1.0,2.5,0.0
Hugo González,POR,2,7.5,3.0,2.5
Hugo González,SAC,2,2.5,5.0,1.0
Hugo González,SAS,2,1.0,4.5,1.5
Hugo González,TOR,4,5.0,3.75,0.0
Hugo González,UTA,2,2.5,2.5,0.5
Hugo González,WAS,3,6.333333333333333,2.3333333333333335,0.3333333333333333
Hunter Dickinson,BOS,1,2.0,0.0,0.0
Hunter Dickinson,MEM,1,2.0,0.0,0.0
Hunter Dickinson,MIN,1,6.0,4.0,2.0
Hunter Dickinson,ORL,1,0.0,1.0,0.0
Hunter Dickinson,UTA,1,2.0,0.0,0.0
Hunter Sallis,BKN,2,1.0,0.5,0.5
Hunter Sallis,CLE,1,0.0,0.0,0.0
Hunter Sallis,MIA,1,1.0,0.0,0.0
Hunter Sallis,ORL,2,1.0,0.0,1.0
Hunter Sallis,WAS,1,2.0,0.0,1.0
Hunter Tyson,ATL,4,4.25,1.25,1.25
Hunter Tyson,BKN,3,0.0,1.3333333333333333,0.3333333333333333
Hunter Tyson,BOS,1,0.0,0.0,0.0
Hunter Tyson,CHA,1,1.0,2.0,2.0
Hunter Tyson,CHI,1,0.0,1.0,0.0
Hunter Tyson,CLE,3,2.0,0.3333333333333333,0.3333333333333333
Hunter Tyson,DAL,2,0.0,0.5,0.5
Hunter Tyson,DET,2,1.0,1.5,1.0
Hunter Tyson,GSW,3,3.0,2.6666666666666665,0.6666666666666666
Hunter Tyson,HOU,4,2.0,0.75,0.25
Hunter Tyson,IND,2,0.0,1.5,0.0
Hunter Tyson,LAC,4,1.25,1.0,0.25
Hunter Tyson,LAL,3,2.3333333333333335,1.3333333333333333,0.6666666666666666
Hunter Tyson,MEM,3,1.6666666666666667,0.0,0.3333333333333333
Hunter Tyson,MIA,3,4.0,1.0,0.0
Hunter Tyson,MIL,2,1.0,3.5,2.5
Hunter Tyson,MIN,8,2.0,1.2,0.0
Hunter Tyson,NOP,6,0.8,1.6,0.0
Hunter Tyson,NYK,2,2.5,1.0,0.5
Hunter Tyson,OKC,5,1.4,1.4,0.0
Hunter Tyson,ORL,2,3.5,1.0,0.0
Hunter Tyson,PHI,2,8.5,2.5,1.0
Hunter Tyson,PHX,3,3.6666666666666665,1.6666666666666667,0.3333333333333333
Hunter Tyson,POR,4,0.75,2.0,0.75
Hunter Tyson,SAC,4,5.0,1.5,0.75
Hunter Tyson,SAS,4,4.5,2.0,0.0
Hunter Tyson,TOR,1,0.0,1.0,0.0
Hunter Tyson,UTA,7,3.0,2.0,1.0
Hunter Tyson,WAS,1,2.0,4.0,0.0
Ibou Badji,ATL,1,0.0,0.0,0.0
Ibou Badji,BKN,2,1.0,2.5,0.0
Ibou Badji,DAL,2,0.0,3.0,0.5
Ibou Badji,DEN,1,0.0,0.0,0.0
Ibou Badji,DET,1,0.0,0.0,2.0
Ibou Badji,LAL,1,0.0,1.0,0.0
Ibou Badji,MEM,1,0.0,0.0,0.0
Ibou Badji,MIA,1,3.0,3.0,0.0
Ibou Badji,MIN,3,2.0,3.0,0.6666666666666666
Ibou Badji,NOP,2,2.0,0.5,0.5
Ibou Badji,NYK,1,4.0,7.0,3.0
Ibou Badji,OKC,1,0.0,3.0,2.0
Ibou Badji,PHX,1,4.0,5.0,1.0
Ibou Badji,SAC,2,1.0,0.0,0.0
Ibou Badji,SAS,2,4.5,5.5,0.5
Ignas Brazdeikis,ATL,2,6.0,1.5,0.5
Ignas Brazdeikis,BKN,2,5.0,1.0,1.0
Ignas Brazdeikis,BOS,3,0.0,0.3333333333333333,0.6666666666666666
Ignas Brazdeikis,CHA,1,12.0,5.0,1.0
Ignas Brazdeikis,CHI,2,6.5,2.0,1.0
Ignas Brazdeikis,CLE,2,16.5,5.0,1.0
Ignas Brazdeikis,DAL,1,0.0,2.0,0.0
Ignas Brazdeikis,DET,3,4.0,1.6666666666666667,0.0
Ignas Brazdeikis,GSW,1,0.0,0.0,1.0
Ignas Brazdeikis,IND,1,2.0,0.0,0.0
Ignas Brazdeikis,LAL,1,8.0,0.0,1.0
Ignas Brazdeikis,MEM,2,12.5,3.0,1.0
Ignas Brazdeikis,MIA,2,7.5,3.0,2.0
Ignas Brazdeikis,MIL,4,3.25,2.5,0.75
Ignas Brazdeikis,NYK,3,4.333333333333333,1.6666666666666667,1.3333333333333333
Ignas Brazdeikis,OKC,2,1.5,0.5,1.5
Ignas Brazdeikis,PHI,2,2.0,1.0,1.5
Ignas Brazdeikis,PHX,1,2.0,0.0,1.0
Ignas Brazdeikis,POR,2,1.0,1.0,1.5
Ignas Brazdeikis,SAS,1,2.0,3.0,1.0
Ignas Brazdeikis,TOR,2,9.5,1.5,0.5
Ignas Brazdeikis,UTA,1,0.0,0.0,0.0
Ignas Brazdeikis,WAS,1,10.0,2.0,0.0
Immanuel Quickley,ATL,14,17.2,4.2,5.4
Immanuel Quickley,BKN,16,15.8,5.2,7.8
Immanuel Quickley,BOS,15,12.4,3.8,7.0
Immanuel Quickley,CHA,18,19.4,4.4,4.2
Immanuel Quickley,CHI,14,17.6,2.4,5.8
Immanuel Quickley,CLE,17,13.0,2.0,5.8
Immanuel Quickley,DAL,7,17.6,4.2,7.4
Immanuel Quickley,DEN,6,11.6,3.6,4.6
Immanuel Quickley,DET,12,17.6,3.6,6.0
Immanuel Quickley,GSW,9,21.8,4.0,9.2
Immanuel Quickley,HOU,9,19.4,4.0,4.8
Immanuel Quickley,IND,14,15.4,4.0,5.4
Immanuel Quickley,LAC,9,14.6,2.4,4.8
Immanuel Quickley,LAL,10,15.0,2.6,5.4
Immanuel Quickley,MEM,7,9.8,3.6,4.0
Immanuel Quickley,MIA,15,14.0,4.6,4.4
Immanuel Quickley,MIL,17,17.2,4.6,7.4
Immanuel Quickley,MIN,8,18.2,2.2,4.2
Immanuel Quickley,NOP,8,16.8,4.0,3.8
Immanuel Quickley,NYK,6,14.0,2.6,6.6
Immanuel Quickley,OKC,9,17.0,4.2,5.8
Immanuel Quickley,ORL,15,13.4,4.4,6.0
Immanuel Quickley,PHI,13,20.2,5.0,4.8
Immanuel Quickley,PHX,11,17.4,5.8,7.0
Immanuel Quickley,POR,7,23.2,6.0,6.0
Immanuel Quickley,SAC,6,16.0,4.6,5.4
Immanuel Quickley,SAS,8,15.2,3.6,4.0
Immanuel Quickley,TOR,8,18.2,3.8,3.6
Immanuel Quickley,UTA,9,20.2,4.0,3.0
Immanuel Quickley,WAS,13,21.0,3.6,7.2
Isaac Bonga,BOS,2,1.0,0.5,1.0
Isaac Bonga,CHA,1,0.0,0.0,0.0
Isaac Bonga,DAL,1,0.0,1.0,0.0
Isaac Bonga,GSW,1,0.0,0.0,0.0
Isaac Bonga,IND,2,0.0,0.0,0.0
Isaac Bonga,MEM,1,1.0,1.0,0.0
Isaac Bonga,MIL,1,0.0,0.0,0.0
Isaac Bonga,OKC,1,5.0,0.0,1.0
Isaac Bonga,ORL,1,0.0,0.0,1.0
Isaac Bonga,SAC,1,2.0,2.0,0.0
Isaac Bonga,SAS,2,0.5,0.5,0.0
Isaac Bonga,WAS,1,1.0,1.0,0.0
Isaac Jones,ATL,1,0.0,0.0,0.0
Isaac Jones,BOS,1,4.0,1.0,0.0
Isaac Jones,CHA,1,3.0,0.0,0.0
Isaac Jones,CHI,1,1.0,0.0,0.0
Isaac Jones,CLE,2,1.0,1.5,0.5
Isaac Jones,DAL,2,3.0,0.0,0.0
Isaac Jones,DEN,2,2.0,1.5,0.0
Isaac Jones,DET,2,1.5,0.5,0.5
Isaac Jones,GSW,1,2.0,1.0,0.0
Isaac Jones,HOU,1,12.0,2.0,0.0
Isaac Jones,IND,3,2.0,0.3333333333333333,0.0
Isaac Jones,LAL,3,1.6666666666666667,2.0,0.3333333333333333
Isaac Jones,MEM,2,5.5,2.5,0.0
Isaac Jones,MIL,1,0.0,0.0,0.0
Isaac Jones,MIN,2,6.0,2.5,1.0
Isaac Jones,NOP,2,0.0,0.5,0.0
Isaac Jones,NYK,1,12.0,5.0,2.0
Isaac Jones,OKC,3,4.333333333333333,2.0,0.6666666666666666
Isaac Jones,ORL,2,5.0,2.5,1.0
Isaac Jones,PHX,3,2.6666666666666665,1.3333333333333333,0.0
Isaac Jones,POR,3,3.0,1.6666666666666667,0.0
Isaac Jones,SAS,4,3.0,1.0,0.25
Isaac Jones,TOR,1,0.0,0.0,0.0
Isaac Jones,UTA,3,2.6666666666666665,1.3333333333333333,0.3333333333333333
Isaac Okoro,ATL,15,8.4,1.6,1.4
Isaac Okoro,BKN,18,7.2,3.6,2.4
Isaac Okoro,BOS,13,8.8,2.8,1.0
Isaac Okoro,CHA,14,7.0,1.8,1.0
Isaac Okoro,CHI,16,5.2,1.6,1.4
Isaac Okoro,CLE,3,11.333333333333334,2.6666666666666665,1.3333333333333333
Isaac Okoro,DAL,7,11.2,4.2,1.6
Isaac Okoro,DEN,7,4.6,2.0,1.8
Isaac Okoro,DET,17,7.8,3.8,1.8
Isaac Okoro,GSW,4,8.5,2.75,2.0
Isaac Okoro,HOU,7,7.8,3.0,2.0
Isaac Okoro,IND,16,7.0,1.2,1.4
Isaac Okoro,LAC,8,8.8,0.8,1.0
Isaac Okoro,LAL,6,3.6,0.8,1.0
Isaac Okoro,MEM,8,6.6,3.8,0.6
Isaac Okoro,MIA,15,10.6,2.0,0.8
Isaac Okoro,MIL,18,7.4,3.0,1.6
Isaac Okoro,MIN,8,7.2,3.6,1.6
Isaac Okoro,NOP,9,11.8,4.4,2.4
Isaac Okoro,NYK,16,10.2,2.6,0.8
Isaac Okoro,OKC,9,8.2,3.0,1.2
Isaac Okoro,ORL,14,5.6,2.8,0.6
Isaac Okoro,PHI,14,9.6,1.4,1.6
Isaac Okoro,PHX,7,10.6,2.6,2.4
Isaac Okoro,POR,7,6.6,2.6,0.6
Isaac Okoro,SAC,8,8.0,1.4,0.8
Isaac Okoro,SAS,10,6.0,2.8,1.2
Isaac Okoro,TOR,14,7.8,3.4,1.8
Isaac Okoro,UTA,7,6.4,3.2,2.2
Isaac Okoro,WAS,15,8.6,3.4,1.8
Isaiah Collier,ATL,4,13.75,5.25,9.75
Isaiah Collier,BKN,4,9.0,3.5,4.75
Isaiah Collier,BOS,3,6.666666666666667,3.6666666666666665,5.666666666666667
Isaiah Collier,CHA,3,15.0,2.0,8.666666666666666
Isaiah Collier,CHI,3,10.666666666666666,3.3333333333333335,7.0
Isaiah Collier,CLE,3,4.666666666666667,3.6666666666666665,6.0
Isaiah Collier,DAL,6,7.2,2.0,6.6
Isaiah Collier,DEN,5,5.8,2.2,6.2
Isaiah Collier,DET,2,10.0,2.0,5.5
Isaiah Collier,GSW,5,10.8,4.6,7.2
Isaiah Collier,HOU,6,12.0,1.8,5.2
Isaiah Collier,IND,4,14.25,4.25,12.0
Isaiah Collier,LAC,6,9.8,4.0,7.6
Isaiah Collier,LAL,7,12.0,2.8,8.2
Isaiah Collier,MEM,6,13.8,2.8,6.4
Isaiah Collier,MIA,4,11.0,3.5,8.25
Isaiah Collier,MIL,2,6.0,1.0,4.5
Isaiah Collier,MIN,7,11.6,3.2,6.4
Isaiah Collier,NOP,5,14.2,3.2,8.8
Isaiah Collier,NYK,4,6.0,1.0,4.0
Isaiah Collier,OKC,6,5.6,1.2,4.4
Isaiah Collier,ORL,4,13.0,4.0,7.75
Isaiah Collier,PHI,3,11.0,2.6666666666666665,6.333333333333333
Isaiah Collier,PHX,4,6.5,2.5,6.0
Isaiah Collier,POR,6,11.0,3.8,7.4
Isaiah Collier,SAC,6,10.2,2.2,6.8
Isaiah Collier,SAS,6,5.8,2.0,4.0
Isaiah Collier,TOR,3,13.666666666666666,4.0,7.0
Isaiah Collier,WAS,3,20.666666666666668,4.0,7.666666666666667
Isaiah Crawford,ATL,2,1.0,0.0,0.0
Isaiah Crawford,BOS,2,1.0,0.5,0.0
Isaiah Crawford,CHA,2,3.5,1.5,1.0
Isaiah Crawford,DAL,2,0.0,0.0,0.0
Isaiah Crawford,DEN,1,5.0,3.0,1.0
Isaiah Crawford,GSW,2,1.0,0.5,0.0
Isaiah Crawford,MEM,2,6.0,3.0,0.5
Isaiah Crawford,MIA,1,0.0,0.0,0.0
Isaiah Crawford,NOP,1,0.0,0.0,0.0
Isaiah Crawford,NYK,1,5.0,1.0,0.0
Isaiah Crawford,OKC,1,0.0,0.0,1.0
Isaiah Crawford,ORL,2,0.5,0.5,0.0
Isaiah Crawford,PHX,2,0.0,0.0,0.0
Isaiah Crawford,POR,1,0.0,0.0,0.0
Isaiah Crawford,SAC,1,3.0,4.0,1.0
Isaiah Crawford,SAS,2,0.0,0.0,0.0
Isaiah Crawford,TOR,1,0.0,1.0,0.0
Isaiah Crawford,UTA,2,0.0,0.5,0.0
Isaiah Crawford,WAS,1,2.0,2.0,0.0
Isaiah Hartenstein,ATL,10,10.2,6.4,2.2
Isaiah Hartenstein,BKN,8,10.0,7.4,3.0
Isaiah Hartenstein,BOS,13,8.4,8.2,3.4
Isaiah Hartenstein,CHA,12,10.0,9.4,3.2
Isaiah Hartenstein,CHI,11,9.8,9.4,3.4
Isaiah Hartenstein,CLE,11,10.4,7.6,4.6
Isaiah Hartenstein,DAL,11,10.2,9.8,2.4
Isaiah Hartenstein,DEN,9,12.6,7.8,2.4
Isaiah Hartenstein,DET,11,6.2,7.8,4.0
Isaiah Hartenstein,GSW,10,9.0,11.0,3.4
Isaiah Hartenstein,HOU,12,11.0,7.2,5.6
Isaiah Hartenstein,IND,11,6.8,12.0,3.2
Isaiah Hartenstein,LAC,8,11.4,8.6,3.6
Isaiah Hartenstein,LAL,15,7.2,8.6,2.8
Isaiah Hartenstein,MEM,12,14.0,12.4,3.6
Isaiah Hartenstein,MIA,11,6.2,7.6,1.4
Isaiah Hartenstein,MIL,12,14.2,11.0,2.4
Isaiah Hartenstein,MIN,15,6.2,7.8,1.8
Isaiah Hartenstein,NOP,10,10.4,9.8,4.4
Isaiah Hartenstein,NYK,6,6.0,8.6,4.0
Isaiah Hartenstein,OKC,7,9.8,8.4,2.8
Isaiah Hartenstein,ORL,11,7.2,9.4,5.4
Isaiah Hartenstein,PHI,13,6.6,9.2,3.4
Isaiah Hartenstein,PHX,9,6.8,4.4,3.0
Isaiah Hartenstein,POR,12,10.6,12.0,3.4
Isaiah Hartenstein,SAC,13,12.2,14.0,4.0
Isaiah Hartenstein,SAS,10,9.6,9.6,3.0
Isaiah Hartenstein,TOR,12,8.2,7.8,2.0
Isaiah Hartenstein,UTA,11,9.6,8.8,4.4
Isaiah Hartenstein,WAS,13,11.6,13.6,4.6
Isaiah Jackson,ATL,10,5.4,5.8,1.0
Isaiah Jackson,BKN,9,5.6,4.0,0.6
Isaiah Jackson,BOS,10,2.8,2.4,0.2
Isaiah Jackson,CHA,7,6.0,4.2,0.8
Isaiah Jackson,CHI,13,7.0,5.4,0.6
Isaiah Jackson,CLE,7,4.8,3.2,1.0
Isaiah Jackson,DAL,5,7.6,5.4,0.8
Isaiah Jackson,DEN,7,5.0,4.2,0.4
Isaiah Jackson,DET,13,11.6,6.0,1.8
Isaiah Jackson,GSW,5,10.8,5.0,1.0
Isaiah Jackson,HOU,6,5.2,3.6,1.0
Isaiah Jackson,IND,2,7.0,4.0,1.0
Isaiah Jackson,LAC,4,12.75,3.75,0.5
Isaiah Jackson,LAL,5,2.2,3.0,0.2
Isaiah Jackson,MEM,7,8.0,6.2,0.4
Isaiah Jackson,MIA,6,4.0,2.4,0.4
Isaiah Jackson,MIL,12,12.6,6.0,1.4
Isaiah Jackson,MIN,6,7.0,2.4,1.8
Isaiah Jackson,NOP,9,7.0,5.0,1.0
Isaiah Jackson,NYK,10,6.4,5.4,1.0
Isaiah Jackson,OKC,6,5.6,3.6,0.0
Isaiah Jackson,ORL,10,5.2,3.8,0.6
Isaiah Jackson,PHI,9,3.2,4.0,0.6
Isaiah Jackson,PHX,4,7.0,3.25,0.5
Isaiah Jackson,POR,3,7.0,3.0,0.6666666666666666
Isaiah Jackson,SAC,6,4.6,6.0,1.8
Isaiah Jackson,SAS,6,8.2,4.2,1.2
Isaiah Jackson,TOR,8,9.0,6.4,2.0
Isaiah Jackson,UTA,5,8.6,6.6,1.6
Isaiah Jackson,WAS,9,11.4,6.8,0.4
Isaiah Joe,ATL,9,7.8,1.2,1.2
Isaiah Joe,BKN,11,10.2,2.8,1.4
Isaiah Joe,BOS,11,7.4,1.6,0.8
Isaiah Joe,CHA,10,7.4,3.2,1.0
Isaiah Joe,CHI,10,18.2,1.8,0.6
Isaiah Joe,CLE,10,12.8,4.0,1.6
Isaiah Joe,DAL,13,7.6,2.8,1.8
Isaiah Joe,DEN,13,7.8,2.4,2.2
Isaiah Joe,DET,9,5.8,1.6,0.6
Isaiah Joe,GSW,16,13.4,2.4,2.4
Isaiah Joe,HOU,15,9.2,2.4,1.0
Isaiah Joe,IND,8,9.4,3.2,1.4
Isaiah Joe,LAC,16,13.2,2.6,0.8
Isaiah Joe,LAL,15,16.2,1.6,1.6
Isaiah Joe,MEM,14,6.2,2.4,0.8
Isaiah Joe,MIA,12,8.4,3.0,1.0
Isaiah Joe,MIL,8,11.8,3.2,2.0
Isaiah Joe,MIN,17,9.2,2.8,1.4
Isaiah Joe,NOP,14,12.2,4.0,2.0
Isaiah Joe,NYK,10,10.2,1.6,0.8
Isaiah Joe,OKC,2,0.0,0.5,0.0
Isaiah Joe,ORL,11,11.4,2.2,0.4
Isaiah Joe,PHI,8,10.8,2.2,2.8
Isaiah Joe,PHX,13,9.6,3.0,1.4
Isaiah Joe,POR,17,14.0,2.6,2.0
Isaiah Joe,SAC,14,10.0,2.6,1.8
Isaiah Joe,SAS,13,5.8,2.6,1.4
Isaiah Joe,TOR,7,14.4,2.0,2.0
Isaiah Joe,UTA,15,15.4,2.6,3.0
Isaiah Joe,WAS,10,9.8,3.2,2.2
Isaiah Livers,ATL,5,5.4,2.2,1.0
Isaiah Livers,BKN,2,2.0,1.5,1.0
Isaiah Livers,BOS,6,4.0,2.2,0.6
Isaiah Livers,CHA,4,5.5,2.25,0.75
Isaiah Livers,CHI,2,4.0,2.5,1.0
Isaiah Livers,CLE,8,3.4,1.4,1.0
Isaiah Livers,DAL,3,7.333333333333333,1.0,0.3333333333333333
Isaiah Livers,DEN,4,6.25,2.75,0.5
Isaiah Livers,DET,2,0.5,3.5,1.5
Isaiah Livers,GSW,4,3.25,1.5,0.5
Isaiah Livers,HOU,5,4.4,2.4,0.2
Isaiah Livers,IND,10,4.2,2.6,0.6
Isaiah Livers,LAC,3,5.333333333333333,2.3333333333333335,0.6666666666666666
Isaiah Livers,LAL,2,8.5,2.5,1.5
Isaiah Livers,MEM,3,1.6666666666666667,0.3333333333333333,0.3333333333333333
Isaiah Livers,MIA,3,13.333333333333334,4.666666666666667,1.0
Isaiah Livers,MIL,7,4.6,3.0,1.0
Isaiah Livers,MIN,3,1.0,1.6666666666666667,0.0
Isaiah Livers,NOP,3,1.6666666666666667,2.3333333333333335,1.6666666666666667
Isaiah Livers,NYK,5,6.8,3.6,1.2
Isaiah Livers,OKC,4,6.25,5.5,1.25
Isaiah Livers,ORL,5,4.8,2.8,0.8
Isaiah Livers,PHI,4,7.0,2.75,1.25
Isaiah Livers,PHX,2,3.5,0.5,0.5
Isaiah Livers,POR,5,5.8,2.8,0.8
Isaiah Livers,SAC,4,2.0,1.75,1.0
Isaiah Livers,SAS,4,5.5,4.0,1.0
Isaiah Livers,TOR,7,5.6,1.8,1.0
Isaiah Livers,UTA,5,4.4,1.8,0.6
Isaiah Livers,WAS,6,6.4,2.0,1.4
Isaiah Mobley,BKN,1,2.0,4.0,1.0
Isaiah Mobley,CHA,3,5.0,2.6666666666666665,0.6666666666666666
Isaiah Mobley,CHI,2,4.5,2.5,2.5
Isaiah Mobley,DAL,1,0.0,0.0,0.0
Isaiah Mobley,DET,1,0.0,0.0,0.0
Isaiah Mobley,HOU,1,0.0,0.0,0.0
Isaiah Mobley,LAL,1,0.0,0.0,0.0
Isaiah Mobley,MEM,1,0.0,1.0,0.0
Isaiah Mobley,MIA,2,1.0,1.5,1.5
Isaiah Mobley,MIL,2,2.0,1.5,0.0
Isaiah Mobley,NOP,2,2.5,0.0,0.5
Isaiah Mobley,NYK,1,0.0,1.0,0.0
Isaiah Mobley,ORL,1,18.0,4.0,1.0
Isaiah Mobley,PHX,2,1.5,0.0,0.5
Isaiah Mobley,POR,1,0.0,1.0,0.0
Isaiah Mobley,TOR,1,2.0,4.0,0.0
Isaiah Roby,ATL,3,7.333333333333333,6.0,1.0
Isaiah Roby,BKN,2,4.5,2.0,0.5
Isaiah Roby,BOS,3,3.0,4.666666666666667,0.6666666666666666
Isaiah Roby,CHA,2,2.5,3.0,0.0
Isaiah Roby,CHI,3,5.0,3.0,0.6666666666666666
Isaiah Roby,CLE,2,4.5,2.0,1.0
Isaiah Roby,DAL,1,12.0,4.0,1.0
Isaiah Roby,DEN,5,9.0,4.0,2.2
Isaiah Roby,DET,3,7.0,4.333333333333333,1.3333333333333333
Isaiah Roby,GSW,4,3.75,2.25,0.75
Isaiah Roby,HOU,5,5.2,2.8,1.0
Isaiah Roby,IND,1,10.0,11.0,4.0
Isaiah Roby,LAC,3,12.666666666666666,4.666666666666667,1.3333333333333333
Isaiah Roby,LAL,6,6.6,3.0,1.0
Isaiah Roby,MEM,2,8.5,3.5,0.5
Isaiah Roby,MIA,4,3.0,2.25,1.75
Isaiah Roby,MIL,2,6.0,1.5,1.0
Isaiah Roby,MIN,4,11.0,4.75,2.25
Isaiah Roby,NOP,3,5.0,3.0,1.3333333333333333
Isaiah Roby,NYK,2,7.0,7.5,0.0
Isaiah Roby,OKC,2,3.0,3.0,1.0
Isaiah Roby,ORL,3,10.666666666666666,6.0,2.3333333333333335
Isaiah Roby,PHI,3,2.6666666666666665,1.6666666666666667,1.0
Isaiah Roby,PHX,4,8.0,3.75,1.5
Isaiah Roby,POR,5,11.8,3.8,1.4
Isaiah Roby,SAC,4,8.0,3.25,1.25
Isaiah Roby,SAS,2,13.5,7.5,0.5
Isaiah Roby,TOR,1,8.0,3.0,1.0
Isaiah Roby,UTA,2,13.0,5.5,3.0
Isaiah Roby,WAS,1,0.0,1.0,0.0
Isaiah Stevens,BOS,2,1.0,1.0,0.5
Isaiah Stevens,PHI,1,0.0,0.0,0.0
Isaiah Stevens,UTA,1,6.0,1.0,4.0
Isaiah Stevens,WAS,2,1.0,1.0,2.5
Isaiah Stewart,ATL,14,10.4,6.8,2.2
Isaiah Stewart,BKN,16,6.0,4.0,0.8
Isaiah Stewart,BOS,16,6.8,6.4,0.6
Isaiah Stewart,CHA,14,4.4,4.8,0.2
Isaiah Stewart,CHI,14,16.2,5.2,1.8
Isaiah Stewart,CLE,16,7.6,4.8,1.8
Isaiah Stewart,DAL,8,8.8,5.4,0.8
Isaiah Stewart,DEN,7,7.8,5.6,1.4
Isaiah Stewart,GSW,8,11.0,6.2,2.0
Isaiah Stewart,HOU,8,11.6,6.2,1.0
Isaiah Stewart,IND,15,8.6,3.8,1.2
Isaiah Stewart,LAC,5,9.2,6.6,1.0
Isaiah Stewart,LAL,6,9.6,5.0,0.6
Isaiah Stewart,MEM,9,12.2,7.0,2.0
Isaiah Stewart,MIA,14,7.8,5.4,1.2
Isaiah Stewart,MIL,12,9.6,3.0,0.6
Isaiah Stewart,MIN,6,6.2,6.6,1.4
Isaiah Stewart,NOP,7,8.8,5.2,1.4
Isaiah Stewart,NYK,13,7.0,4.4,0.6
Isaiah Stewart,OKC,6,9.0,5.8,0.6
Isaiah Stewart,ORL,14,7.0,5.0,1.8
Isaiah Stewart,PHI,14,10.0,7.0,2.0
Isaiah Stewart,PHX,7,8.6,4.0,0.6
Isaiah Stewart,POR,8,6.2,4.6,1.4
Isaiah Stewart,SAC,6,10.4,6.8,2.4
Isaiah Stewart,SAS,5,10.6,7.6,2.4
Isaiah Stewart,TOR,11,8.2,4.8,2.0
Isaiah Stewart,UTA,6,7.2,6.4,1.6
Isaiah Stewart,WAS,12,7.0,4.6,1.8
Isaiah Thomas,ATL,1,2.0,1.0,2.0
Isaiah Thomas,BKN,1,7.0,1.0,1.0
Isaiah Thomas,BOS,1,5.0,0.0,2.0
Isaiah Thomas,CHI,2,8.0,1.0,0.5
Isaiah Thomas,CLE,2,5.0,2.5,1.5
Isaiah Thomas,DAL,1,11.0,1.0,2.0
Isaiah Thomas,DEN,1,12.0,4.0,2.0
Isaiah Thomas,LAC,1,0.0,0.0,0.0
Isaiah Thomas,MIA,1,8.0,1.0,1.0
Isaiah Thomas,MIN,3,7.333333333333333,0.6666666666666666,0.6666666666666666
Isaiah Thomas,NOP,2,14.5,0.5,0.5
Isaiah Thomas,NYK,2,3.5,1.0,1.0
Isaiah Thomas,OKC,2,8.5,0.5,2.5
Isaiah Thomas,ORL,1,7.0,1.0,1.0
Isaiah Thomas,PHI,2,2.5,1.0,1.5
Isaiah Thomas,PHX,1,3.0,1.0,3.0
Isaiah Thomas,SAC,1,6.0,0.0,4.0
Isaiah Thomas,SAS,1,2.0,3.0,1.0
Isaiah Thomas,UTA,1,9.0,0.0,0.0
Isaiah Thomas,WAS,1,14.0,1.0,1.0
Isaiah Todd,ATL,1,0.0,0.0,0.0
Isaiah Todd,BKN,1,4.0,1.0,0.0
Isaiah Todd,BOS,1,2.0,0.0,0.0
Isaiah Todd,CHA,2,0.0,0.5,0.5
Isaiah Todd,CHI,1,2.0,2.0,0.0
Isaiah Todd,CLE,1,1.0,1.0,0.0
Isaiah Todd,DET,1,0.0,0.0,0.0
Isaiah Todd,HOU,1,7.0,12.0,4.0
Isaiah Todd,IND,2,0.0,0.5,1.0
Isaiah Todd,MIA,2,1.5,2.0,0.5
Isaiah Todd,MIN,1,0.0,0.0,0.0
Isaiah Todd,NYK,1,4.0,1.0,0.0
Isaiah Todd,PHI,1,0.0,0.0,0.0
Isaiah Todd,TOR,1,0.0,1.0,0.0
Isaiah Todd,UTA,1,6.0,0.0,0.0
Isaiah Wong,BKN,2,5.0,1.0,0.0
Isaiah Wong,CHI,2,5.5,4.5,2.5
Isaiah Wong,CLE,1,9.0,2.0,0.0
Isaiah Wong,DEN,1,0.0,3.0,3.0
Isaiah Wong,DET,1,17.0,2.0,1.0
Isaiah Wong,HOU,1,2.0,2.0,2.0
Isaiah Wong,IND,1,9.0,3.0,4.0
Isaiah Wong,LAL,1,5.0,0.0,1.0
Isaiah Wong,MEM,1,6.0,1.0,1.0
Isaiah Wong,MIL,1,6.0,0.0,2.0
Isaiah Wong,NOP,1,3.0,1.0,0.0
Isaiah Wong,OKC,1,10.0,0.0,1.0
Isaiah Wong,ORL,1,7.0,0.0,1.0
Isaiah Wong,PHI,2,9.0,1.5,2.0
Isaiah Wong,POR,1,4.0,1.0,0.0
Isaiah Wong,WAS,3,1.6666666666666667,1.0,1.0
Ish Smith,ATL,7,3.4,2.6,2.4
Ish Smith,BKN,4,7.5,1.75,2.5
Ish Smith,BOS,4,8.0,1.25,3.0
Ish Smith,CHA,2,5.0,2.5,5.0
Ish Smith,CHI,7,2.6,0.8,2.2
Ish Smith,CLE,4,2.75,2.0,3.0
Ish Smith,DAL,3,6.666666666666667,3.0,4.666666666666667
Ish Smith,DEN,4,7.5,2.5,4.5
Ish Smith,DET,6,5.4,2.6,5.0
Ish Smith,GSW,5,3.4,0.8,2.2
Ish Smith,HOU,5,4.8,3.0,4.8
Ish Smith,IND,9,6.0,2.6,4.8
Ish Smith,LAC,6,2.6,1.8,3.8
Ish Smith,LAL,9,3.6,1.2,2.0
Ish Smith,MEM,3,1.3333333333333333,0.6666666666666666,0.6666666666666666
Ish Smith,MIA,7,3.2,1.6,3.2
Ish Smith,MIL,5,7.0,2.0,3.0
Ish Smith,MIN,6,8.2,4.8,6.4
Ish Smith,NOP,4,2.5,0.75,2.0
Ish Smith,NYK,8,4.4,2.0,2.8
Ish Smith,OKC,1,2.0,1.0,3.0
Ish Smith,ORL,5,4.6,1.8,4.2
Ish Smith,PHI,2,4.0,1.5,4.5
Ish Smith,PHX,6,5.6,1.6,5.0
Ish Smith,POR,4,4.5,1.5,3.25
Ish Smith,SAC,7,2.0,2.0,3.6
Ish Smith,SAS,2,5.0,2.5,5.5
Ish Smith,TOR,6,2.0,0.4,1.8
Ish Smith,UTA,5,1.8,1.2,2.6
Ish Smith,WAS,5,0.4,0.4,1.4
Ish Wainright,ATL,3,7.0,2.0,0.6666666666666666
Ish Wainright,BKN,3,2.6666666666666665,2.0,0.6666666666666666
Ish Wainright,BOS,5,3.4,2.6,0.4
Ish Wainright,CHA,4,1.0,0.5,0.5
Ish Wainright,CHI,4,0.0,0.75,0.25
Ish Wainright,CLE,3,2.0,0.6666666666666666,0.3333333333333333
Ish Wainright,DAL,5,6.0,2.0,0.4
Ish Wainright,DEN,4,2.25,1.75,0.5
Ish Wainright,DET,3,4.0,2.6666666666666665,0.6666666666666666
Ish Wainright,GSW,5,2.8,1.2,0.6
Ish Wainright,HOU,3,2.6666666666666665,1.0,0.6666666666666666
Ish Wainright,IND,3,6.333333333333333,1.0,1.6666666666666667
Ish Wainright,LAC,7,5.8,3.4,1.2
Ish Wainright,LAL,6,3.4,2.2,0.6
Ish Wainright,MEM,4,2.0,2.5,1.0
Ish Wainright,MIA,3,0.6666666666666666,1.0,0.0
Ish Wainright,MIL,4,3.5,2.25,0.5
Ish Wainright,MIN,3,2.6666666666666665,1.3333333333333333,1.0
Ish Wainright,NOP,4,2.75,0.75,0.5
Ish Wainright,NYK,4,2.75,2.5,1.0
Ish Wainright,OKC,6,4.0,2.0,0.0
Ish Wainright,ORL,3,1.0,1.6666666666666667,1.0
Ish Wainright,PHI,2,3.0,0.5,0.0
Ish Wainright,PHX,1,8.0,1.0,0.0
Ish Wainright,POR,1,3.0,3.0,0.0
Ish Wainright,SAC,6,3.6,2.0,0.2
Ish Wainright,SAS,6,3.6,1.0,1.2
Ish Wainright,TOR,2,8.0,2.5,1.5
Ish Wainright,UTA,5,4.2,2.4,0.2
Ish Wainright,WAS,4,2.25,1.75,0.5
Ivica Zubac,ATL,9,13.8,11.8,2.6
Ivica Zubac,BKN,8,11.6,9.4,2.2
Ivica Zubac,BOS,8,14.4,10.0,0.8
Ivica Zubac,CHA,10,16.4,11.4,3.6
Ivica Zubac,CHI,8,11.0,9.0,1.8
Ivica Zubac,CLE,8,18.2,13.8,1.6
Ivica Zubac,DAL,17,19.6,12.0,2.6
Ivica Zubac,DEN,17,12.0,9.0,3.0
Ivica Zubac,DET,8,14.0,10.4,2.2
Ivica Zubac,GSW,17,14.2,13.6,2.6
Ivica Zubac,HOU,14,17.6,9.4,2.6
Ivica Zubac,IND,7,14.6,11.0,1.8
Ivica Zubac,LAL,16,14.4,11.4,1.6
Ivica Zubac,MEM,17,10.8,10.8,2.4
Ivica Zubac,MIA,10,15.2,13.6,1.4
Ivica Zubac,MIL,9,13.2,9.8,1.8
Ivica Zubac,MIN,13,12.4,12.0,1.4
Ivica Zubac,NOP,15,15.8,11.8,3.6
Ivica Zubac,NYK,11,15.6,10.0,1.8
Ivica Zubac,OKC,15,13.2,10.4,2.0
Ivica Zubac,ORL,9,14.4,13.8,2.2
Ivica Zubac,PHI,10,12.8,9.4,2.0
Ivica Zubac,PHX,18,14.8,11.4,2.6
Ivica Zubac,POR,16,12.6,9.2,2.4
Ivica Zubac,SAC,14,14.4,13.2,2.8
Ivica Zubac,SAS,14,15.8,14.0,3.0
Ivica Zubac,TOR,7,15.4,10.6,1.6
Ivica Zubac,UTA,17,16.6,9.8,3.0
Ivica Zubac,WAS,6,11.4,10.2,1.2
Izaiah Brockington,TOR,1,4.0,2.0,0.0
JD Davison,ATL,4,2.75,0.75,0.75
JD Davison,BKN,2,1.5,0.5,1.0
JD Davison,BOS,2,3.5,0.5,1.5
JD Davison,CHA,6,4.4,1.2,3.0
JD Davison,CHI,1,9.0,7.0,4.0
JD Davison,CLE,1,3.0,1.0,1.0
JD Davison,DAL,1,0.0,1.0,2.0
JD Davison,DEN,1,0.0,1.0,1.0
JD Davison,DET,4,2.75,0.0,0.25
JD Davison,GSW,1,4.0,0.0,2.0
JD Davison,IND,2,1.0,0.0,1.0
JD Davison,LAC,2,0.0,0.5,0.5
JD Davison,LAL,1,0.0,0.0,1.0
JD Davison,MEM,2,4.5,5.0,3.5
JD Davison,MIA,2,1.0,1.0,0.5
JD Davison,MIN,1,0.0,1.0,0.0
JD Davison,NOP,1,0.0,0.0,0.0
JD Davison,NYK,1,0.0,0.0,0.0
JD Davison,OKC,2,6.5,2.5,1.0
JD Davison,ORL,2,0.0,2.0,1.0
JD Davison,PHI,1,3.0,0.0,1.0
JD Davison,PHX,3,1.6666666666666667,1.0,1.3333333333333333
JD Davison,POR,6,1.4,0.4,0.2
JD Davison,SAC,4,1.0,0.5,0.75
JD Davison,SAS,2,3.5,1.0,1.0
JD Davison,TOR,2,0.0,0.5,1.5
JD Davison,UTA,4,2.25,1.0,0.0
JD Davison,WAS,3,1.3333333333333333,1.3333333333333333,1.0
JT Thor,ATL,10,2.2,1.4,0.4
JT Thor,BKN,10,4.6,2.4,0.6
JT Thor,BOS,8,2.8,1.6,0.0
JT Thor,CHA,2,1.0,0.0,0.0
JT Thor,CHI,8,5.8,4.0,0.6
JT Thor,CLE,8,7.2,4.2,2.0
JT Thor,DAL,7,5.8,2.8,0.4
JT Thor,DEN,3,0.6666666666666666,1.6666666666666667,0.3333333333333333
JT Thor,DET,8,3.4,1.6,0.2
JT Thor,GSW,5,2.4,1.4,0.2
JT Thor,HOU,5,4.2,2.8,0.6
JT Thor,IND,8,4.6,3.0,0.2
JT Thor,LAC,3,1.3333333333333333,0.3333333333333333,0.6666666666666666
JT Thor,LAL,3,2.0,0.0,0.6666666666666666
JT Thor,MEM,3,5.333333333333333,3.0,1.3333333333333333
JT Thor,MIA,11,2.0,1.8,0.4
JT Thor,MIL,6,2.8,2.4,0.4
JT Thor,MIN,3,4.0,2.6666666666666665,0.3333333333333333
JT Thor,NOP,5,4.2,1.8,0.2
JT Thor,NYK,8,3.4,2.0,0.4
JT Thor,OKC,5,4.4,2.4,1.0
JT Thor,ORL,8,3.2,0.2,0.4
JT Thor,PHI,8,4.4,3.2,0.2
JT Thor,PHX,5,1.8,1.8,0.4
JT Thor,POR,3,3.6666666666666665,2.3333333333333335,0.3333333333333333
JT Thor,SAC,6,1.8,3.4,0.2
JT Thor,SAS,5,2.0,2.6,0.0
JT Thor,TOR,10,5.6,4.2,0.2
JT Thor,UTA,4,4.5,2.75,1.0
JT Thor,WAS,7,3.6,3.4,1.0
Ja Morant,ATL,5,22.2,3.0,6.8
Ja Morant,BKN,5,28.2,6.8,9.0
Ja Morant,BOS,5,30.2,6.6,7.4
Ja Morant,CHA,6,21.0,4.0,9.2
Ja Morant,CHI,4,30.5,6.0,5.75
Ja Morant,CLE,7,24.0,4.2,7.0
Ja Morant,DAL,6,27.6,5.0,7.0
Ja Morant,DEN,7,28.8,4.0,7.2
Ja Morant,DET,5,22.2,5.8,8.8
Ja Morant,GSW,8,26.6,4.0,7.6
Ja Morant,HOU,10,23.0,2.6,5.0
Ja Morant,IND,6,19.4,4.0,9.0
Ja Morant,LAC,8,20.0,4.8,6.2
Ja Morant,LAL,11,17.2,4.6,7.8
Ja Morant,MIA,3,20.666666666666668,3.6666666666666665,5.333333333333333
Ja Morant,MIL,5,22.6,7.6,11.2
Ja Morant,MIN,11,25.2,5.8,7.4
Ja Morant,NOP,12,30.0,3.2,6.0
Ja Morant,NYK,7,22.4,5.2,8.4
Ja Morant,OKC,8,16.6,5.8,6.8
Ja Morant,ORL,6,24.0,4.0,8.2
Ja Morant,PHI,5,27.6,4.8,5.6
Ja Morant,PHX,10,27.8,5.6,8.2
Ja Morant,POR,6,28.2,6.2,10.0
Ja Morant,SAC,6,23.2,5.0,5.4
Ja Morant,SAS,8,28.4,4.4,8.4
Ja Morant,TOR,5,22.2,5.0,9.6
Ja Morant,UTA,8,20.4,3.8,8.6
Ja Morant,WAS,4,22.25,4.5,4.75
Ja'Kobe Walter,ATL,6,3.0,1.4,0.8
Ja'Kobe Walter,BKN,8,10.0,2.0,0.6
Ja'Kobe Walter,BOS,6,9.6,2.2,0.6
Ja'Kobe Walter,CHA,5,4.2,3.2,1.0
Ja'Kobe Walter,CHI,7,13.6,4.2,1.6
Ja'Kobe Walter,CLE,5,4.4,2.2,1.2
Ja'Kobe Walter,DAL,2,9.5,1.5,3.5
Ja'Kobe Walter,DEN,3,6.333333333333333,2.3333333333333335,1.0
Ja'Kobe Walter,DET,5,6.2,2.4,1.6
Ja'Kobe Walter,GSW,1,18.0,2.0,3.0
Ja'Kobe Walter,HOU,4,11.25,2.25,1.75
Ja'Kobe Walter,IND,5,5.4,3.4,0.8
Ja'Kobe Walter,LAC,2,7.5,2.5,1.0
Ja'Kobe Walter,LAL,2,11.0,4.5,1.5
Ja'Kobe Walter,MEM,3,7.0,4.333333333333333,1.3333333333333333
Ja'Kobe Walter,MIA,8,5.6,3.4,1.8
Ja'Kobe Walter,MIL,4,7.0,3.25,1.25
Ja'Kobe Walter,MIN,2,2.5,0.0,0.5
Ja'Kobe Walter,NOP,3,10.666666666666666,4.333333333333333,3.3333333333333335
Ja'Kobe Walter,NYK,9,7.0,1.8,0.6
Ja'Kobe Walter,OKC,4,11.0,3.75,1.5
Ja'Kobe Walter,ORL,7,11.6,4.6,0.4
Ja'Kobe Walter,PHI,5,7.6,2.8,1.4
Ja'Kobe Walter,PHX,3,10.333333333333334,3.6666666666666665,0.6666666666666666
Ja'Kobe Walter,POR,2,6.0,4.5,2.0
Ja'Kobe Walter,SAC,3,3.3333333333333335,2.3333333333333335,1.3333333333333333
Ja'Kobe Walter,SAS,3,6.0,3.6666666666666665,2.3333333333333335
Ja'Kobe Walter,UTA,3,14.0,3.6666666666666665,1.6666666666666667
Ja'Kobe Walter,WAS,4,7.0,1.0,1.75
JaMychal Green,ATL,2,5.0,3.0,0.5
JaMychal Green,BOS,3,3.3333333333333335,3.6666666666666665,1.3333333333333333
JaMychal Green,CHA,2,5.0,4.0,0.5
JaMychal Green,CHI,3,2.0,1.6666666666666667,0.3333333333333333
JaMychal Green,CLE,3,7.666666666666667,4.333333333333333,0.3333333333333333
JaMychal Green,DAL,6,6.8,3.8,0.8
JaMychal Green,DEN,2,5.5,4.5,3.0
JaMychal Green,DET,1,6.0,2.0,0.0
JaMychal Green,GSW,4,6.25,4.75,0.25
JaMychal Green,HOU,7,6.6,5.2,1.4
JaMychal Green,IND,3,8.0,4.666666666666667,1.3333333333333333
JaMychal Green,LAC,7,2.8,2.2,0.4
JaMychal Green,LAL,6,7.2,4.6,0.6
JaMychal Green,MEM,6,5.2,2.8,0.8
JaMychal Green,MIA,3,8.0,6.333333333333333,1.0
JaMychal Green,MIL,4,8.0,4.25,0.5
JaMychal Green,MIN,6,6.8,2.4,1.0
JaMychal Green,NOP,7,8.2,4.8,0.8
JaMychal Green,NYK,3,12.333333333333334,3.3333333333333335,2.3333333333333335
JaMychal Green,OKC,6,7.0,4.2,0.6
JaMychal Green,ORL,3,6.0,4.666666666666667,0.3333333333333333
JaMychal Green,PHI,4,7.25,6.0,0.75
JaMychal Green,PHX,6,5.2,5.2,1.2
JaMychal Green,POR,6,7.0,3.8,0.8
JaMychal Green,SAC,5,7.4,5.2,1.0
JaMychal Green,SAS,5,5.6,2.2,1.0
JaMychal Green,TOR,4,9.75,5.0,0.25
JaMychal Green,UTA,5,6.2,3.4,0.8
JaMychal Green,WAS,2,8.0,3.0,3.0
JaQuori McLaughlin,MIA,1,0.0,0.0,1.0
JaQuori McLaughlin,MIN,2,0.0,0.0,0.0
JaQuori McLaughlin,NOP,1,0.0,0.0,1.0
JaVale McGee,ATL,5,7.8,3.2,0.2
JaVale McGee,BKN,6,2.6,2.4,0.4
JaVale McGee,BOS,4,8.0,5.0,0.75
JaVale McGee,CHA,2,13.5,7.0,0.5
JaVale McGee,CHI,5,11.4,4.4,0.0
JaVale McGee,CLE,5,5.4,5.6,0.8
JaVale McGee,DAL,6,6.8,4.2,0.6
JaVale McGee,DEN,8,5.0,2.6,0.2
JaVale McGee,DET,3,12.666666666666666,5.0,0.0
JaVale McGee,GSW,6,5.6,5.0,0.0
JaVale McGee,HOU,8,7.2,3.0,0.2
JaVale McGee,IND,3,10.0,6.0,1.0
JaVale McGee,LAC,7,3.6,3.8,0.2
JaVale McGee,LAL,6,8.0,5.4,0.6
JaVale McGee,MEM,6,5.6,5.6,0.8
JaVale McGee,MIA,3,5.0,6.666666666666667,0.0
JaVale McGee,MIL,4,5.75,1.5,0.25
JaVale McGee,MIN,6,3.6,2.6,0.4
JaVale McGee,NOP,9,3.2,3.2,0.6
JaVale McGee,NYK,5,2.0,2.6,0.2
JaVale McGee,OKC,6,7.0,4.8,0.2
JaVale McGee,ORL,5,4.6,4.0,0.2
JaVale McGee,PHI,4,4.75,5.0,0.5
JaVale McGee,PHX,3,2.6666666666666665,2.0,0.3333333333333333
JaVale McGee,POR,8,4.0,4.8,1.0
JaVale McGee,SAC,7,9.4,6.4,0.8
JaVale McGee,SAS,6,6.4,4.6,0.8
JaVale McGee,TOR,6,3.6,3.2,0.6
JaVale McGee,UTA,7,4.4,1.8,0.2
JaVale McGee,WAS,3,8.666666666666666,7.0,1.0
Jabari Parker,BKN,1,4.0,7.0,1.0
Jabari Parker,CHA,1,13.0,5.0,0.0
Jabari Parker,CLE,1,4.0,3.0,2.0
Jabari Parker,MIA,1,0.0,0.0,0.0
Jabari Parker,MIL,1,9.0,3.0,0.0
Jabari Parker,MIN,1,3.0,2.0,2.0
Jabari Parker,ORL,1,0.0,3.0,0.0
Jabari Parker,PHX,1,4.0,3.0,0.0
Jabari Parker,POR,1,0.0,0.0,0.0
Jabari Parker,SAS,1,5.0,0.0,0.0
Jabari Parker,WAS,2,5.5,1.0,0.5
Jabari Smith Jr.,ATL,7,19.4,9.0,1.8
Jabari Smith Jr.,BKN,5,11.8,8.4,0.6
Jabari Smith Jr.,BOS,5,12.8,7.2,2.0
Jabari Smith Jr.,CHA,7,15.6,7.2,2.0
Jabari Smith Jr.,CHI,8,10.2,7.2,0.6
Jabari Smith Jr.,CLE,6,13.2,6.8,1.4
Jabari Smith Jr.,DAL,14,14.6,7.0,2.0
Jabari Smith Jr.,DEN,13,15.4,8.2,2.4
Jabari Smith Jr.,DET,7,11.2,8.0,1.4
Jabari Smith Jr.,GSW,14,14.4,6.8,1.4
Jabari Smith Jr.,IND,8,19.0,8.0,0.8
Jabari Smith Jr.,LAC,14,15.2,9.0,2.0
Jabari Smith Jr.,LAL,11,17.8,8.0,1.8
Jabari Smith Jr.,MEM,12,13.0,11.0,2.6
Jabari Smith Jr.,MIA,7,11.2,5.4,1.2
Jabari Smith Jr.,MIL,8,11.8,7.6,1.6
Jabari Smith Jr.,MIN,10,13.6,7.6,1.6
Jabari Smith Jr.,NOP,16,18.8,6.8,1.8
Jabari Smith Jr.,NYK,7,14.8,5.8,1.4
Jabari Smith Jr.,OKC,16,15.0,10.0,0.6
Jabari Smith Jr.,ORL,8,15.8,5.6,1.6
Jabari Smith Jr.,PHI,7,16.6,5.4,2.0
Jabari Smith Jr.,PHX,13,16.0,5.8,1.8
Jabari Smith Jr.,POR,10,12.0,5.4,1.4
Jabari Smith Jr.,SAC,13,11.6,5.8,1.2
Jabari Smith Jr.,SAS,16,11.2,6.8,1.8
Jabari Smith Jr.,TOR,7,17.2,6.2,2.0
Jabari Smith Jr.,UTA,14,18.2,7.4,1.2
Jabari Smith Jr.,WAS,6,16.0,8.2,0.8
Jabari Walker,ATL,6,6.0,4.2,1.0
Jabari Walker,BKN,6,3.2,3.2,1.0
Jabari Walker,BOS,8,7.2,2.6,0.6
Jabari Walker,CHA,8,9.2,9.0,0.8
Jabari Walker,CHI,8,3.4,3.2,1.0
Jabari Walker,CLE,9,1.8,2.6,0.6
Jabari Walker,DAL,11,3.8,4.4,1.0
Jabari Walker,DEN,9,9.0,6.2,0.4
Jabari Walker,DET,8,7.8,4.0,0.6
Jabari Walker,GSW,13,7.0,3.2,0.4
Jabari Walker,HOU,9,5.6,3.6,0.6
Jabari Walker,IND,9,2.6,2.4,0.4
Jabari Walker,LAC,10,1.6,2.6,0.6
Jabari Walker,LAL,8,7.4,4.2,0.4
Jabari Walker,MEM,9,10.0,6.6,1.2
Jabari Walker,MIA,7,1.4,1.0,0.8
Jabari Walker,MIL,9,5.4,1.2,0.4
Jabari Walker,MIN,10,2.4,3.2,0.4
Jabari Walker,NOP,12,3.2,3.2,0.2
Jabari Walker,NYK,5,1.8,1.2,0.0
Jabari Walker,OKC,9,4.4,5.0,1.2
Jabari Walker,ORL,8,5.4,3.8,0.8
Jabari Walker,PHI,5,6.2,4.6,0.2
Jabari Walker,PHX,9,4.6,4.6,0.2
Jabari Walker,SAC,9,7.2,3.6,0.4
Jabari Walker,SAS,11,8.2,3.4,0.0
Jabari Walker,TOR,8,4.8,4.4,0.6
Jabari Walker,UTA,10,10.0,5.4,1.6
Jabari Walker,WAS,9,6.0,4.0,1.0
Jack McVeigh,CHI,1,2.0,0.0,0.0
Jack McVeigh,LAC,2,0.0,0.0,0.0
Jack McVeigh,LAL,1,0.0,1.0,0.0
Jack McVeigh,OKC,2,4.5,1.0,0.0
Jack McVeigh,POR,1,3.0,2.0,1.0
Jack McVeigh,SAS,1,0.0,0.0,0.0
Jack McVeigh,WAS,1,0.0,0.0,0.0
Jack White,BOS,1,0.0,0.0,0.0
Jack White,CHA,1,0.0,0.0,0.0
Jack White,CHI,1,0.0,1.0,1.0
Jack White,CLE,1,0.0,4.0,1.0
Jack White,DAL,2,0.0,1.0,0.0
Jack White,DEN,1,0.0,2.0,0.0
Jack White,HOU,2,0.0,0.0,0.0
Jack White,LAC,1,0.0,0.0,0.0
Jack White,LAL,2,0.0,2.0,0.0
Jack White,MEM,1,7.0,1.0,2.0
Jack White,MIN,1,5.0,0.0,0.0
Jack White,NOP,1,2.0,1.0,0.0
Jack White,OKC,1,0.0,1.0,0.0
Jack White,PHX,1,5.0,2.0,0.0
Jack White,POR,1,0.0,0.0,0.0
Jack White,SAC,1,2.0,8.0,1.0
Jack White,SAS,1,6.0,2.0,0.0
Jack White,UTA,1,0.0,1.0,0.0
Jackson Rowe,CHA,1,6.0,1.0,0.0
Jackson Rowe,CHI,1,2.0,1.0,1.0
Jackson Rowe,LAL,1,0.0,1.0,2.0
Jackson Rowe,MIL,1,2.0,0.0,0.0
Jackson Rowe,PHX,1,6.0,3.0,1.0
Jackson Rowe,UTA,1,6.0,5.0,0.0
Jacob Gilyard,BOS,2,8.0,2.0,5.5
Jacob Gilyard,CHA,1,6.0,3.0,4.0
Jacob Gilyard,CHI,2,5.5,0.5,2.5
Jacob Gilyard,CLE,1,6.0,1.0,6.0
Jacob Gilyard,DAL,2,0.0,0.0,0.0
Jacob Gilyard,DEN,1,6.0,0.0,1.0
Jacob Gilyard,DET,1,0.0,0.0,0.0
Jacob Gilyard,GSW,2,13.5,2.0,4.0
Jacob Gilyard,HOU,3,2.6666666666666665,0.6666666666666666,3.3333333333333335
Jacob Gilyard,IND,1,3.0,0.0,0.0
Jacob Gilyard,LAC,2,3.0,3.0,5.5
Jacob Gilyard,LAL,1,9.0,3.0,1.0
Jacob Gilyard,MIA,2,6.0,0.0,5.5
Jacob Gilyard,MIL,1,0.0,1.0,5.0
Jacob Gilyard,MIN,3,0.0,0.3333333333333333,2.0
Jacob Gilyard,NYK,3,5.666666666666667,2.6666666666666665,4.333333333333333
Jacob Gilyard,OKC,2,7.5,2.5,7.0
Jacob Gilyard,ORL,1,0.0,1.0,2.0
Jacob Gilyard,PHI,1,0.0,0.0,2.0
Jacob Gilyard,PHX,1,6.0,0.0,5.0
Jacob Gilyard,POR,2,0.0,0.0,2.5
Jacob Gilyard,SAC,1,3.0,2.0,5.0
Jacob Gilyard,SAS,1,3.0,0.0,1.0
Jacob Gilyard,TOR,2,2.5,0.5,1.5
Jacob Gilyard,UTA,2,8.5,3.5,7.0
Jacob Gilyard,WAS,1,0.0,0.0,1.0
Jacob Toppin,BOS,2,0.0,0.0,0.0
Jacob Toppin,CHA,1,0.0,0.0,0.0
Jacob Toppin,CHI,1,0.0,0.0,0.0
Jacob Toppin,DAL,1,2.0,2.0,1.0
Jacob Toppin,DET,1,2.0,1.0,1.0
Jacob Toppin,IND,3,0.0,0.0,0.3333333333333333
Jacob Toppin,LAL,2,2.0,1.0,0.0
Jacob Toppin,MEM,1,0.0,1.0,0.0
Jacob Toppin,MIL,3,0.6666666666666666,0.3333333333333333,0.0
Jacob Toppin,NOP,3,0.0,0.6666666666666666,0.6666666666666666
Jacob Toppin,OKC,2,2.0,1.5,0.0
Jacob Toppin,ORL,3,9.333333333333334,2.6666666666666665,0.6666666666666666
Jacob Toppin,PHI,1,0.0,0.0,0.0
Jacob Toppin,PHX,1,0.0,0.0,0.0
Jacob Toppin,SAC,1,0.0,0.0,0.0
Jacob Toppin,TOR,2,0.0,0.5,0.0
Jacob Toppin,WAS,3,0.6666666666666666,0.6666666666666666,1.0
Jaden Hardy,ATL,7,12.0,2.0,1.2
Jaden Hardy,BKN,5,8.2,0.8,1.4
Jaden Hardy,BOS,6,6.2,1.6,0.8
Jaden Hardy,CHA,7,6.6,2.2,0.8
Jaden Hardy,CHI,7,10.2,0.4,0.6
Jaden Hardy,CLE,7,11.4,1.8,2.0
Jaden Hardy,DEN,10,7.2,1.6,2.4
Jaden Hardy,DET,7,10.8,2.2,1.2
Jaden Hardy,GSW,11,5.8,0.6,1.0
Jaden Hardy,HOU,10,5.4,1.4,1.2
Jaden Hardy,IND,6,9.8,0.8,0.6
Jaden Hardy,LAC,7,9.2,2.6,1.4
Jaden Hardy,LAL,9,7.0,1.8,0.6
Jaden Hardy,MEM,13,8.0,2.0,1.6
Jaden Hardy,MIA,8,8.2,2.0,1.4
Jaden Hardy,MIL,3,7.333333333333333,1.3333333333333333,1.3333333333333333
Jaden Hardy,MIN,8,9.0,1.6,1.2
Jaden Hardy,NOP,14,6.2,1.8,0.8
Jaden Hardy,NYK,8,11.8,1.4,0.4
Jaden Hardy,OKC,11,11.4,1.4,1.2
Jaden Hardy,ORL,5,13.6,1.6,1.8
Jaden Hardy,PHI,4,9.25,1.0,2.5
Jaden Hardy,PHX,9,1.6,0.4,0.0
Jaden Hardy,POR,9,15.8,3.4,2.8
Jaden Hardy,SAC,10,6.4,1.6,0.8
Jaden Hardy,SAS,9,8.6,1.4,1.0
Jaden Hardy,TOR,4,5.5,0.5,0.75
Jaden Hardy,UTA,14,11.6,1.4,2.0
Jaden Hardy,WAS,7,10.4,1.2,0.0
Jaden Ivey,ATL,9,10.2,3.2,3.2
Jaden Ivey,BKN,10,17.2,4.0,4.2
Jaden Ivey,BOS,14,8.8,3.2,2.2
Jaden Ivey,CHA,9,11.6,2.6,3.6
Jaden Ivey,CHI,10,11.4,2.0,4.4
Jaden Ivey,CLE,9,13.6,2.6,2.6
Jaden Ivey,DAL,5,12.4,2.4,3.8
Jaden Ivey,DEN,7,13.0,4.0,3.0
Jaden Ivey,GSW,4,12.0,4.5,3.25
Jaden Ivey,HOU,6,14.2,4.8,4.8
Jaden Ivey,IND,10,14.4,3.4,2.8
Jaden Ivey,LAC,6,17.0,4.0,3.2
Jaden Ivey,LAL,7,15.0,2.4,3.2
Jaden Ivey,MEM,6,17.4,2.6,3.4
Jaden Ivey,MIA,11,11.6,3.4,2.8
Jaden Ivey,MIL,11,12.0,3.6,3.2
Jaden Ivey,MIN,3,17.0,3.0,6.0
Jaden Ivey,NOP,5,11.8,3.8,2.2
Jaden Ivey,NYK,9,13.0,3.6,2.6
Jaden Ivey,OKC,4,19.5,5.75,6.0
Jaden Ivey,ORL,11,12.4,1.8,2.6
Jaden Ivey,PHI,8,16.6,3.2,3.4
Jaden Ivey,PHX,5,10.0,2.4,3.0
Jaden Ivey,POR,6,12.4,2.6,4.4
Jaden Ivey,SAC,7,19.4,4.4,3.2
Jaden Ivey,SAS,4,17.25,3.75,5.0
Jaden Ivey,TOR,10,15.6,3.8,6.0
Jaden Ivey,UTA,5,18.4,3.0,4.8
Jaden Ivey,WAS,7,18.0,5.8,5.4
Jaden McDaniels,ATL,10,10.6,4.4,1.6
Jaden McDaniels,BKN,9,12.8,3.0,2.4
Jaden McDaniels,BOS,9,12.2,4.8,2.0
Jaden McDaniels,CHA,8,14.4,5.4,3.2
Jaden McDaniels,CHI,10,12.4,5.2,2.6
Jaden McDaniels,CLE,10,15.2,3.6,1.0
Jaden McDaniels,DAL,15,12.4,5.8,2.4
Jaden McDaniels,DEN,19,18.6,3.6,2.2
Jaden McDaniels,DET,8,12.8,4.8,1.4
Jaden McDaniels,GSW,18,12.6,3.2,3.0
Jaden McDaniels,HOU,16,17.8,6.0,2.6
Jaden McDaniels,IND,8,9.2,4.4,2.4
Jaden McDaniels,LAC,18,12.6,2.8,1.8
Jaden McDaniels,LAL,17,15.8,5.6,0.4
Jaden McDaniels,MEM,16,17.6,5.4,2.6
Jaden McDaniels,MIA,9,11.2,4.4,2.4
Jaden McDaniels,MIL,9,8.4,4.2,2.8
Jaden McDaniels,NOP,17,11.8,3.4,2.6
Jaden McDaniels,NYK,9,8.6,4.0,1.6
Jaden McDaniels,OKC,19,14.6,5.0,2.8
Jaden McDaniels,ORL,10,9.8,5.2,1.6
Jaden McDaniels,PHI,8,12.4,3.6,1.2
Jaden McDaniels,PHX,16,12.4,5.6,2.8
Jaden McDaniels,POR,20,22.8,6.6,3.4
Jaden McDaniels,SAC,17,16.6,5.6,2.4
Jaden McDaniels,SAS,17,15.2,5.6,3.4
Jaden McDaniels,TOR,8,13.2,3.4,3.0
Jaden McDaniels,UTA,19,16.2,4.6,2.6
Jaden McDaniels,WAS,7,13.0,7.0,2.2
Jaden Springer,ATL,6,4.6,1.4,0.6
Jaden Springer,BKN,3,7.0,3.3333333333333335,1.6666666666666667
Jaden Springer,BOS,1,9.0,2.0,0.0
Jaden Springer,CHA,6,6.0,2.4,1.6
Jaden Springer,CHI,7,1.4,2.0,0.4
Jaden Springer,CLE,3,0.0,0.6666666666666666,0.0
Jaden Springer,DAL,3,3.3333333333333335,2.0,1.3333333333333333
Jaden Springer,DEN,3,0.6666666666666666,1.0,0.6666666666666666
Jaden Springer,DET,7,4.0,1.8,2.0
Jaden Springer,GSW,5,4.0,2.2,1.0
Jaden Springer,HOU,5,2.0,1.2,0.2
Jaden Springer,IND,6,3.8,1.6,0.6
Jaden Springer,LAC,3,3.6666666666666665,1.0,0.6666666666666666
Jaden Springer,LAL,1,10.0,2.0,1.0
Jaden Springer,MEM,1,0.0,1.0,0.0
Jaden Springer,MIA,2,0.0,0.0,0.0
Jaden Springer,MIL,2,0.0,0.0,0.0
Jaden Springer,MIN,4,0.0,1.5,0.75
Jaden Springer,NOP,3,2.3333333333333335,0.0,1.0
Jaden Springer,NYK,3,2.0,0.6666666666666666,0.3333333333333333
Jaden Springer,OKC,3,4.0,2.6666666666666665,1.3333333333333333
Jaden Springer,ORL,2,0.0,0.0,0.5
Jaden Springer,PHI,2,0.0,0.5,0.0
Jaden Springer,PHX,3,0.6666666666666666,1.0,0.6666666666666666
Jaden Springer,POR,5,3.2,2.0,1.2
Jaden Springer,SAC,4,1.75,0.75,0.5
Jaden Springer,TOR,6,1.6,0.6,1.0
Jaden Springer,UTA,3,1.0,1.0,1.3333333333333333
Jaden Springer,WAS,8,3.4,1.6,0.2
Jae Crowder,ATL,4,8.0,4.75,0.75
Jae Crowder,BKN,6,6.4,4.8,1.6
Jae Crowder,BOS,3,7.666666666666667,4.0,2.0
Jae Crowder,CHA,5,7.2,3.8,1.6
Jae Crowder,CHI,3,4.333333333333333,6.0,2.6666666666666665
Jae Crowder,CLE,5,7.4,3.8,1.2
Jae Crowder,DAL,4,10.0,2.5,0.75
Jae Crowder,DEN,6,6.4,2.6,0.8
Jae Crowder,DET,6,5.2,4.6,1.4
Jae Crowder,GSW,6,7.0,4.8,1.8
Jae Crowder,HOU,4,4.0,3.5,1.25
Jae Crowder,IND,3,5.666666666666667,5.666666666666667,1.0
Jae Crowder,LAC,4,5.25,3.0,1.0
Jae Crowder,LAL,6,6.2,2.8,1.6
Jae Crowder,MEM,6,8.4,2.4,0.6
Jae Crowder,MIA,5,6.6,3.8,0.8
Jae Crowder,MIL,3,9.666666666666666,4.333333333333333,3.0
Jae Crowder,MIN,5,7.6,5.8,1.8
Jae Crowder,NOP,5,8.4,4.4,3.0
Jae Crowder,NYK,4,9.75,3.75,1.5
Jae Crowder,OKC,4,9.25,4.25,2.0
Jae Crowder,ORL,8,7.2,2.8,0.8
Jae Crowder,PHI,7,4.0,3.0,1.2
Jae Crowder,PHX,4,11.5,4.0,1.5
Jae Crowder,POR,6,10.8,4.4,2.0
Jae Crowder,SAC,5,5.0,2.4,2.6
Jae Crowder,SAS,4,8.75,4.75,0.75
Jae Crowder,TOR,5,11.6,3.8,3.2
Jae Crowder,UTA,3,9.0,4.333333333333333,2.3333333333333335
Jae Crowder,WAS,5,8.6,5.4,0.4
Jae'Sean Tate,ATL,6,5.4,2.0,0.6
Jae'Sean Tate,BKN,9,4.2,2.4,0.6
Jae'Sean Tate,BOS,9,0.4,1.0,0.0
Jae'Sean Tate,CHA,6,4.6,2.4,1.8
Jae'Sean Tate,CHI,9,2.2,1.6,1.2
Jae'Sean Tate,CLE,8,3.8,1.4,0.2
Jae'Sean Tate,DAL,12,2.0,2.4,1.0
Jae'Sean Tate,DEN,8,3.6,3.0,0.2
Jae'Sean Tate,DET,6,9.2,4.4,1.6
Jae'Sean Tate,GSW,11,1.6,1.8,0.8
Jae'Sean Tate,IND,9,3.0,2.0,0.2
Jae'Sean Tate,LAC,10,5.4,2.8,1.4
Jae'Sean Tate,LAL,10,4.2,1.4,0.8
Jae'Sean Tate,MEM,16,3.6,2.0,0.8
Jae'Sean Tate,MIA,5,8.4,4.4,1.4
Jae'Sean Tate,MIL,6,1.6,3.2,0.2
Jae'Sean Tate,MIN,14,2.2,2.4,0.6
Jae'Sean Tate,NOP,15,3.6,1.0,0.2
Jae'Sean Tate,NYK,7,2.8,1.0,1.6
Jae'Sean Tate,OKC,13,3.8,2.0,0.6
Jae'Sean Tate,ORL,4,8.25,3.5,2.5
Jae'Sean Tate,PHI,6,5.6,3.8,1.4
Jae'Sean Tate,PHX,11,3.6,1.4,1.8
Jae'Sean Tate,POR,10,5.2,2.8,1.0
Jae'Sean Tate,SAC,12,7.4,3.0,1.0
Jae'Sean Tate,SAS,12,2.2,1.8,0.6
Jae'Sean Tate,TOR,7,4.2,2.4,1.0
Jae'Sean Tate,UTA,13,4.6,3.4,0.6
Jae'Sean Tate,WAS,8,2.4,2.0,0.6
Jahlil Okafor,NYK,1,0.0,1.0,1.0
Jahmai Mashack,BKN,1,7.0,6.0,2.0
Jahmai Mashack,CHI,2,10.0,4.0,2.0
Jahmai Mashack,DAL,2,8.0,3.5,3.5
Jahmai Mashack,DEN,2,9.0,3.0,4.5
Jahmai Mashack,DET,1,3.0,3.0,2.0
Jahmai Mashack,GSW,1,17.0,2.0,1.0
Jahmai Mashack,HOU,1,11.0,1.0,11.0
Jahmai Mashack,IND,1,4.0,2.0,1.0
Jahmai Mashack,LAC,2,2.0,0.5,0.0
Jahmai Mashack,MIA,1,0.0,3.0,1.0
Jahmai Mashack,MIN,1,0.0,1.0,0.0
Jahmai Mashack,NYK,1,7.0,4.0,0.0
Jahmai Mashack,OKC,1,0.0,2.0,2.0
Jahmai Mashack,PHI,1,7.0,1.0,1.0
Jahmai Mashack,PHX,2,7.0,1.5,1.0
Jahmai Mashack,POR,4,6.5,0.75,0.75
Jahmai Mashack,SAC,3,4.0,2.3333333333333335,2.0
Jahmai Mashack,TOR,1,2.0,1.0,1.0
Jahmai Mashack,UTA,3,8.0,6.666666666666667,5.333333333333333
Jahmi'us Ramsey,ATL,1,5.0,2.0,1.0
Jahmi'us Ramsey,BOS,1,6.0,2.0,0.0
Jahmi'us Ramsey,DAL,1,2.0,0.0,0.0
Jahmi'us Ramsey,DEN,1,0.0,0.0,0.0
Jahmi'us Ramsey,DET,2,2.0,3.5,0.5
Jahmi'us Ramsey,GSW,1,2.0,0.0,0.0
Jahmi'us Ramsey,LAC,1,1.0,0.0,0.0
Jahmi'us Ramsey,LAL,1,0.0,0.0,0.0
Jahmi'us Ramsey,MEM,3,4.666666666666667,1.0,0.0
Jahmi'us Ramsey,MIN,1,10.0,4.0,3.0
Jahmi'us Ramsey,NOP,1,2.0,2.0,1.0
Jahmi'us Ramsey,NYK,1,4.0,0.0,0.0
Jahmi'us Ramsey,OKC,1,7.0,0.0,2.0
Jahmi'us Ramsey,ORL,2,7.5,3.0,1.5
Jahmi'us Ramsey,PHX,1,0.0,0.0,0.0
Jahmi'us Ramsey,POR,1,2.0,1.0,0.0
Jahmi'us Ramsey,SAC,1,11.0,3.0,1.0
Jahmi'us Ramsey,SAS,2,7.0,0.5,0.5
Jahmi'us Ramsey,TOR,1,0.0,0.0,1.0
Jahmi'us Ramsey,UTA,1,0.0,0.0,0.0
Jahmi'us Ramsey,WAS,1,8.0,4.0,1.0
Jahmir Young,ATL,2,3.0,0.0,0.5
Jahmir Young,BKN,2,0.0,0.0,0.0
Jahmir Young,CHA,3,1.0,0.0,0.3333333333333333
Jahmir Young,CHI,2,4.0,0.5,1.5
Jahmir Young,CLE,2,2.0,1.0,1.5
Jahmir Young,MEM,1,2.0,1.0,1.0
Jahmir Young,PHI,2,3.0,0.0,1.5
Jahmir Young,SAC,1,0.0,1.0,1.0
Jahmir Young,TOR,2,1.0,0.0,0.5
Jahmir Young,WAS,3,1.6666666666666667,0.6666666666666666,0.3333333333333333
Jahmyl Telfort,ATL,1,0.0,0.0,0.0
Jahmyl Telfort,CHA,1,0.0,0.0,0.0
Jahmyl Telfort,CLE,1,0.0,1.0,0.0
Jahmyl Telfort,GSW,1,0.0,0.0,0.0
Jahmyl Telfort,LAL,1,0.0,0.0,0.0
Jahmyl Telfort,OKC,1,0.0,1.0,0.0
Jahmyl Telfort,ORL,1,0.0,0.0,0.0
Jahmyl Telfort,PHX,1,1.0,1.0,1.0
Jaime Echenique,CLE,1,0.0,0.0,0.0
Jaime Jaquez Jr.,ATL,10,15.0,4.2,3.2
Jaime Jaquez Jr.,BKN,9,14.2,5.0,3.6
Jaime Jaquez Jr.,BOS,8,11.0,6.2,3.4
Jaime Jaquez Jr.,CHA,12,14.6,3.0,5.0
Jaime Jaquez Jr.,CHI,10,13.4,6.4,4.6
Jaime Jaquez Jr.,CLE,9,13.4,4.6,4.0
Jaime Jaquez Jr.,DAL,6,8.4,4.2,2.6
Jaime Jaquez Jr.,DEN,5,12.2,3.0,4.2
Jaime Jaquez Jr.,DET,10,14.4,3.8,4.2
Jaime Jaquez Jr.,GSW,6,10.4,3.4,3.6
Jaime Jaquez Jr.,HOU,5,9.2,2.8,2.0
Jaime Jaquez Jr.,IND,10,14.4,5.8,2.6
Jaime Jaquez Jr.,LAC,6,6.0,3.4,3.8
Jaime Jaquez Jr.,LAL,5,15.2,3.8,3.4
Jaime Jaquez Jr.,MEM,4,13.25,5.75,3.25
Jaime Jaquez Jr.,MIL,8,7.0,3.4,3.8
Jaime Jaquez Jr.,MIN,5,6.4,3.0,0.6
Jaime Jaquez Jr.,NOP,5,11.4,4.2,3.4
Jaime Jaquez Jr.,NYK,9,16.4,5.2,5.6
Jaime Jaquez Jr.,OKC,4,15.0,3.5,2.0
Jaime Jaquez Jr.,ORL,11,14.8,3.6,3.4
Jaime Jaquez Jr.,PHI,10,12.0,3.4,3.4
Jaime Jaquez Jr.,PHX,5,10.4,3.0,3.6
Jaime Jaquez Jr.,POR,6,9.8,6.2,4.0
Jaime Jaquez Jr.,SAC,5,18.0,7.2,4.4
Jaime Jaquez Jr.,SAS,6,9.2,5.0,2.8
Jaime Jaquez Jr.,TOR,10,12.0,3.4,2.6
Jaime Jaquez Jr.,UTA,6,12.6,4.8,4.4
Jaime Jaquez Jr.,WAS,11,21.0,5.4,6.6
Jake LaRavia,ATL,5,12.0,3.4,2.4
Jake LaRavia,BKN,9,5.8,4.2,2.6
Jake LaRavia,BOS,5,4.6,2.6,1.0
Jake LaRavia,CHA,5,6.6,4.0,2.2
Jake LaRavia,CHI,6,7.4,5.6,4.0
Jake LaRavia,CLE,4,13.0,3.75,1.0
Jake LaRavia,DAL,11,9.2,4.0,1.2
Jake LaRavia,DEN,12,7.2,3.2,2.0
Jake LaRavia,DET,5,11.8,3.2,1.8
Jake LaRavia,GSW,11,10.2,3.8,1.8
Jake LaRavia,HOU,11,5.4,3.4,0.8
Jake LaRavia,IND,5,6.0,2.2,1.8
Jake LaRavia,LAC,9,6.6,4.2,2.0
Jake LaRavia,LAL,5,15.6,3.8,4.8
Jake LaRavia,MEM,4,18.0,5.25,2.25
Jake LaRavia,MIA,2,15.0,7.0,2.0
Jake LaRavia,MIL,7,8.2,5.0,1.4
Jake LaRavia,MIN,9,9.2,3.8,1.4
Jake LaRavia,NOP,12,5.8,3.2,0.8
Jake LaRavia,NYK,6,4.2,2.2,1.4
Jake LaRavia,OKC,10,7.6,4.4,1.6
Jake LaRavia,ORL,4,4.0,3.0,0.75
Jake LaRavia,PHI,5,11.2,4.4,1.6
Jake LaRavia,PHX,9,6.6,4.6,1.0
Jake LaRavia,POR,7,8.4,5.0,4.4
Jake LaRavia,SAC,11,6.8,4.0,3.0
Jake LaRavia,SAS,10,8.0,4.6,1.4
Jake LaRavia,TOR,4,6.0,5.25,1.25
Jake LaRavia,UTA,7,7.0,3.0,2.2
Jake LaRavia,WAS,8,8.2,4.2,2.4
Jake Layman,BKN,1,0.0,0.0,0.0
Jake Layman,BOS,2,4.0,2.0,2.0
Jake Layman,CHA,1,2.0,2.0,0.0
Jake Layman,CHI,1,10.0,3.0,0.0
Jake Layman,CLE,1,3.0,1.0,1.0
Jake Layman,DAL,2,3.0,0.0,0.0
Jake Layman,DEN,2,0.0,0.0,0.0
Jake Layman,GSW,1,0.0,0.0,0.0
Jake Layman,HOU,2,1.0,0.0,0.0
Jake Layman,LAC,2,1.5,1.0,0.0
Jake Layman,LAL,3,1.0,1.0,0.0
Jake Layman,MEM,1,0.0,1.0,0.0
Jake Layman,MIL,1,0.0,0.0,0.0
Jake Layman,NOP,1,0.0,0.0,0.0
Jake Layman,NYK,1,9.0,1.0,0.0
Jake Layman,OKC,3,1.3333333333333333,0.0,0.3333333333333333
Jake Layman,PHI,1,2.0,0.0,0.0
Jake Layman,PHX,1,0.0,1.0,0.0
Jake Layman,POR,1,5.0,7.0,1.0
Jake Layman,SAC,1,0.0,1.0,0.0
Jake Layman,TOR,1,6.0,1.0,0.0
Jake Layman,UTA,4,4.5,2.25,0.5
Jakob Poeltl,ATL,10,13.0,8.0,2.4
Jakob Poeltl,BKN,10,9.0,7.0,1.6
Jakob Poeltl,BOS,12,16.4,8.4,1.0
Jakob Poeltl,CHA,14,14.0,11.0,3.2
Jakob Poeltl,CHI,13,9.8,5.2,2.8
Jakob Poeltl,CLE,11,12.4,11.0,2.8
Jakob Poeltl,DAL,8,12.0,7.6,4.8
Jakob Poeltl,DEN,12,15.8,11.4,3.0
Jakob Poeltl,DET,15,12.2,10.2,2.2
Jakob Poeltl,GSW,9,12.6,11.2,3.2
Jakob Poeltl,HOU,7,13.6,9.2,1.6
Jakob Poeltl,IND,11,17.4,9.6,2.4
Jakob Poeltl,LAC,9,8.6,8.2,2.4
Jakob Poeltl,LAL,9,13.4,9.8,3.6
Jakob Poeltl,MEM,9,13.4,8.6,2.4
Jakob Poeltl,MIA,9,12.8,6.2,2.2
Jakob Poeltl,MIL,13,8.8,7.8,1.4
Jakob Poeltl,MIN,11,10.6,10.2,2.4
Jakob Poeltl,NOP,12,12.6,9.4,2.0
Jakob Poeltl,NYK,12,7.2,6.2,1.8
Jakob Poeltl,OKC,6,16.0,12.2,3.0
Jakob Poeltl,ORL,9,15.4,6.8,2.0
Jakob Poeltl,PHI,11,15.0,7.8,2.6
Jakob Poeltl,PHX,7,10.8,7.4,2.8
Jakob Poeltl,POR,8,17.8,9.2,3.0
Jakob Poeltl,SAC,9,14.6,8.0,2.4
Jakob Poeltl,SAS,4,11.25,6.25,1.0
Jakob Poeltl,TOR,4,12.0,9.25,2.75
Jakob Poeltl,UTA,6,9.8,8.2,2.6
Jakob Poeltl,WAS,13,15.0,8.6,3.2
Jalen Bridges,DAL,1,0.0,0.0,0.0
Jalen Bridges,DEN,1,0.0,2.0,0.0
Jalen Bridges,OKC,3,1.0,0.0,0.0
Jalen Bridges,SAC,2,1.5,1.0,0.0
Jalen Bridges,SAS,1,3.0,0.0,0.0
Jalen Brunson,ATL,15,31.6,2.4,7.4
Jalen Brunson,BKN,17,20.0,3.0,5.4
Jalen Brunson,BOS,18,25.8,2.0,8.8
Jalen Brunson,CHA,13,28.0,2.6,6.4
Jalen Brunson,CHI,16,23.6,3.2,8.2
Jalen Brunson,CLE,15,26.0,2.2,3.8
Jalen Brunson,DAL,5,26.0,2.0,5.8
Jalen Brunson,DEN,11,26.0,4.0,13.0
Jalen Brunson,DET,16,23.2,3.8,5.6
Jalen Brunson,GSW,10,27.4,3.2,6.6
Jalen Brunson,HOU,9,26.0,4.4,7.8
Jalen Brunson,IND,13,27.0,5.0,8.2
Jalen Brunson,LAC,9,24.8,4.4,6.8
Jalen Brunson,LAL,10,25.6,5.0,9.4
Jalen Brunson,MEM,10,26.4,4.2,7.8
Jalen Brunson,MIA,12,31.4,3.4,8.0
Jalen Brunson,MIL,15,31.8,3.8,5.2
Jalen Brunson,MIN,11,20.8,3.8,8.4
Jalen Brunson,NOP,10,25.8,2.2,7.4
Jalen Brunson,NYK,2,11.0,6.0,3.0
Jalen Brunson,OKC,12,25.4,2.8,8.2
Jalen Brunson,ORL,15,31.6,2.6,7.6
Jalen Brunson,PHI,17,25.2,4.4,6.0
Jalen Brunson,PHX,10,32.6,3.8,7.6
Jalen Brunson,POR,8,28.2,3.2,5.2
Jalen Brunson,SAC,11,26.8,2.0,5.6
Jalen Brunson,SAS,10,31.8,4.2,7.2
Jalen Brunson,TOR,19,24.2,3.0,5.4
Jalen Brunson,UTA,10,27.2,3.6,7.4
Jalen Brunson,WAS,14,26.6,1.6,6.4
Jalen Crutcher,NYK,1,0.0,0.0,0.0
Jalen Duren,ATL,11,19.6,9.0,2.8
Jalen Duren,BKN,12,22.4,10.0,1.8
Jalen Duren,BOS,13,14.6,11.4,1.0
Jalen Duren,CHA,13,16.0,10.2,3.0
Jalen Duren,CHI,12,16.4,11.4,3.4
Jalen Duren,CLE,12,17.8,12.0,1.2
Jalen Duren,DAL,7,17.2,10.6,2.8
Jalen Duren,DEN,7,14.6,8.2,1.8
Jalen Duren,GSW,7,15.6,11.2,2.2
Jalen Duren,HOU,7,13.4,9.8,1.4
Jalen Duren,IND,14,18.8,12.4,2.4
Jalen Duren,LAC,7,11.6,13.4,2.2
Jalen Duren,LAL,8,11.8,10.0,1.6
Jalen Duren,MEM,8,13.4,8.0,1.4
Jalen Duren,MIA,13,13.6,9.6,1.8
Jalen Duren,MIL,13,13.6,7.6,2.8
Jalen Duren,MIN,7,12.2,11.2,3.8
Jalen Duren,NOP,6,18.6,9.8,3.8
Jalen Duren,NYK,9,11.2,9.4,2.2
Jalen Duren,OKC,7,16.0,12.2,2.8
Jalen Duren,ORL,14,16.2,10.4,2.0
Jalen Duren,PHI,9,13.6,9.2,3.0
Jalen Duren,PHX,8,15.6,12.2,3.0
Jalen Duren,POR,6,20.6,12.8,1.8
Jalen Duren,SAC,8,16.0,10.6,4.0
Jalen Duren,SAS,7,17.6,10.4,3.4
Jalen Duren,TOR,11,19.0,11.8,3.0
Jalen Duren,UTA,7,14.8,11.0,2.0
Jalen Duren,WAS,13,20.2,10.6,1.0
Jalen Green,ATL,8,20.6,7.4,3.4
Jalen Green,BKN,7,17.8,5.4,3.4
Jalen Green,BOS,10,17.8,4.2,2.8
Jalen Green,CHA,8,23.8,4.4,2.8
Jalen Green,CHI,9,21.8,4.2,2.8
Jalen Green,CLE,8,17.0,5.2,3.4
Jalen Green,DAL,18,16.2,3.8,3.0
Jalen Green,DEN,15,22.4,2.8,3.8
Jalen Green,DET,6,23.2,3.8,3.2
Jalen Green,GSW,14,12.6,2.4,3.0
Jalen Green,HOU,1,15.0,3.0,1.0
Jalen Green,IND,9,19.4,3.0,2.8
Jalen Green,LAC,15,15.0,2.6,1.8
Jalen Green,LAL,15,18.4,6.8,4.0
Jalen Green,MEM,16,27.4,4.6,3.4
Jalen Green,MIA,8,13.6,4.8,3.4
Jalen Green,MIL,8,22.2,5.6,2.8
Jalen Green,MIN,15,19.0,3.4,4.4
Jalen Green,NOP,16,22.4,4.4,3.8
Jalen Green,NYK,7,17.2,4.8,3.4
Jalen Green,OKC,14,17.4,3.8,3.2
Jalen Green,ORL,9,15.8,5.4,4.4
Jalen Green,PHI,10,22.2,4.8,4.8
Jalen Green,PHX,14,30.4,5.2,3.4
Jalen Green,POR,14,18.4,4.8,1.2
Jalen Green,SAC,15,23.8,4.0,2.6
Jalen Green,SAS,18,24.2,4.8,3.2
Jalen Green,TOR,9,20.2,5.2,3.4
Jalen Green,UTA,15,20.4,4.4,4.4
Jalen Green,WAS,8,28.0,6.4,2.6
Jalen Hood-Schifino,ATL,2,4.5,2.5,3.0
Jalen Hood-Schifino,BKN,1,0.0,1.0,1.0
Jalen Hood-Schifino,BOS,1,1.0,0.0,0.0
Jalen Hood-Schifino,CHA,1,2.0,0.0,1.0
Jalen Hood-Schifino,CHI,1,7.0,2.0,3.0
Jalen Hood-Schifino,DAL,1,19.0,2.0,1.0
Jalen Hood-Schifino,DET,2,6.0,0.5,0.5
Jalen Hood-Schifino,GSW,1,4.0,1.0,0.0
Jalen Hood-Schifino,HOU,3,4.0,1.3333333333333333,0.6666666666666666
Jalen Hood-Schifino,IND,1,5.0,3.0,3.0
Jalen Hood-Schifino,LAC,1,0.0,0.0,0.0
Jalen Hood-Schifino,MIA,3,0.6666666666666666,1.3333333333333333,1.0
Jalen Hood-Schifino,MIL,1,7.0,3.0,3.0
Jalen Hood-Schifino,MIN,1,7.0,1.0,2.0
Jalen Hood-Schifino,NOP,4,3.0,1.25,0.25
Jalen Hood-Schifino,OKC,3,3.3333333333333335,1.0,1.6666666666666667
Jalen Hood-Schifino,PHI,2,0.0,0.0,1.0
Jalen Hood-Schifino,PHX,1,2.0,0.0,0.0
Jalen Hood-Schifino,POR,1,4.0,1.0,1.0
Jalen Hood-Schifino,SAC,1,0.0,0.0,0.0
Jalen Hood-Schifino,SAS,2,1.5,0.5,2.0
Jalen Hood-Schifino,TOR,1,18.0,2.0,5.0
Jalen Hood-Schifino,UTA,1,4.0,1.0,1.0
Jalen Johnson,BKN,12,19.8,9.8,5.4
Jalen Johnson,BOS,12,18.8,10.6,5.2
Jalen Johnson,CHA,12,28.2,8.8,9.2
Jalen Johnson,CHI,13,28.0,10.8,6.2
Jalen Johnson,CLE,10,20.4,10.8,6.4
Jalen Johnson,DAL,8,20.6,9.6,5.4
Jalen Johnson,DEN,5,17.6,9.6,6.0
Jalen Johnson,DET,13,23.4,9.8,8.8
Jalen Johnson,GSW,5,16.0,9.4,4.8
Jalen Johnson,HOU,5,8.8,2.6,1.4
Jalen Johnson,IND,9,19.6,8.6,6.0
Jalen Johnson,LAC,6,11.6,6.8,3.8
Jalen Johnson,LAL,7,17.6,8.2,4.2
Jalen Johnson,MEM,4,14.75,8.75,4.75
Jalen Johnson,MIA,10,22.0,11.4,8.0
Jalen Johnson,MIL,12,21.8,10.8,7.2
Jalen Johnson,MIN,4,16.0,7.0,4.25
Jalen Johnson,NOP,7,21.2,9.2,6.2
Jalen Johnson,NYK,14,18.2,11.4,7.8
Jalen Johnson,OKC,6,12.2,9.0,2.6
Jalen Johnson,ORL,14,18.4,10.6,6.8
Jalen Johnson,PHI,12,26.2,11.0,7.4
Jalen Johnson,PHX,5,15.2,10.8,4.4
Jalen Johnson,POR,4,13.25,6.75,5.5
Jalen Johnson,SAC,8,18.2,8.4,6.2
Jalen Johnson,SAS,5,17.2,9.6,4.8
Jalen Johnson,TOR,13,17.8,7.2,5.8
Jalen Johnson,UTA,7,20.6,11.4,8.2
Jalen Johnson,WAS,14,16.2,10.4,6.0
Jalen McDaniels,ATL,7,9.4,3.6,2.2
Jalen McDaniels,BKN,12,3.2,1.2,0.6
Jalen McDaniels,BOS,11,6.0,1.0,0.4
Jalen McDaniels,CHA,1,0.0,0.0,0.0
Jalen McDaniels,CHI,8,2.6,3.2,1.2
Jalen McDaniels,CLE,4,1.5,1.75,0.25
Jalen McDaniels,DAL,3,4.333333333333333,2.3333333333333335,0.6666666666666666
Jalen McDaniels,DEN,5,10.4,3.4,1.2
Jalen McDaniels,DET,6,9.8,3.0,0.6
Jalen McDaniels,GSW,6,6.0,4.6,1.4
Jalen McDaniels,HOU,5,8.8,3.8,2.2
Jalen McDaniels,IND,8,10.8,4.2,1.0
Jalen McDaniels,LAC,5,5.4,3.2,1.4
Jalen McDaniels,LAL,4,5.25,2.5,1.75
Jalen McDaniels,MEM,4,7.25,4.25,1.0
Jalen McDaniels,MIA,10,4.6,1.4,1.2
Jalen McDaniels,MIL,10,6.4,3.2,1.4
Jalen McDaniels,MIN,5,8.0,5.8,2.0
Jalen McDaniels,NOP,4,5.5,2.75,1.0
Jalen McDaniels,NYK,9,5.8,2.4,1.2
Jalen McDaniels,OKC,4,4.0,2.0,0.0
Jalen McDaniels,ORL,10,4.4,1.8,1.2
Jalen McDaniels,PHI,8,6.2,2.4,0.8
Jalen McDaniels,PHX,5,6.4,2.8,1.0
Jalen McDaniels,POR,7,3.0,3.0,1.0
Jalen McDaniels,SAC,5,6.4,1.4,1.8
Jalen McDaniels,SAS,4,5.0,4.25,1.0
Jalen McDaniels,TOR,3,9.333333333333334,5.0,1.0
Jalen McDaniels,UTA,4,10.0,4.75,1.25
Jalen McDaniels,WAS,12,3.6,1.8,0.4
Jalen Pickett,ATL,4,5.5,2.75,4.25
Jalen Pickett,BKN,4,2.75,2.0,1.75
Jalen Pickett,BOS,3,3.3333333333333335,1.6666666666666667,0.6666666666666666
Jalen Pickett,CHA,4,5.0,2.5,2.5
Jalen Pickett,CHI,4,2.0,0.75,0.75
Jalen Pickett,CLE,5,5.0,0.8,1.6
Jalen Pickett,DAL,3,4.0,2.0,1.0
Jalen Pickett,DET,4,1.5,1.75,1.0
Jalen Pickett,GSW,5,2.2,0.8,1.6
Jalen Pickett,HOU,6,3.0,1.2,1.4
Jalen Pickett,IND,4,2.5,0.5,0.75
Jalen Pickett,LAC,5,3.4,1.2,1.4
Jalen Pickett,LAL,5,5.2,2.2,1.8
Jalen Pickett,MEM,5,2.2,1.0,1.2
Jalen Pickett,MIA,2,1.0,1.0,0.5
Jalen Pickett,MIL,3,10.0,3.6666666666666665,3.6666666666666665
Jalen Pickett,MIN,8,3.2,1.8,2.0
Jalen Pickett,NOP,6,5.6,1.2,2.2
Jalen Pickett,NYK,2,1.0,0.0,1.5
Jalen Pickett,OKC,6,7.0,1.6,1.6
Jalen Pickett,ORL,5,3.2,1.8,2.6
Jalen Pickett,PHI,3,11.666666666666666,2.3333333333333335,3.0
Jalen Pickett,PHX,4,4.75,1.0,2.25
Jalen Pickett,POR,5,4.6,1.2,3.0
Jalen Pickett,SAC,4,7.25,2.0,3.0
Jalen Pickett,SAS,4,7.5,4.0,4.0
Jalen Pickett,TOR,1,10.0,1.0,1.0
Jalen Pickett,UTA,7,2.2,1.6,2.0
Jalen Pickett,WAS,5,1.4,2.8,3.4
Jalen Slawson,BKN,2,6.0,3.5,2.5
Jalen Slawson,CHI,1,8.0,8.0,5.0
Jalen Slawson,CLE,1,19.0,6.0,2.0
Jalen Slawson,DAL,2,0.0,0.5,0.0
Jalen Slawson,DET,1,2.0,2.0,4.0
Jalen Slawson,LAC,3,0.0,0.0,0.3333333333333333
Jalen Slawson,LAL,1,0.0,0.0,0.0
Jalen Slawson,MIA,1,0.0,4.0,1.0
Jalen Slawson,MIL,2,1.5,2.5,0.0
Jalen Slawson,MIN,1,14.0,2.0,0.0
Jalen Slawson,NOP,2,2.0,1.5,1.0
Jalen Slawson,NYK,1,8.0,1.0,3.0
Jalen Slawson,PHI,2,1.0,2.5,1.5
Jalen Slawson,PHX,1,10.0,8.0,5.0
Jalen Slawson,POR,2,9.5,3.5,2.0
Jalen Slawson,SAC,1,0.0,3.0,3.0
Jalen Slawson,TOR,1,2.0,2.0,0.0
Jalen Smith,ATL,17,4.2,4.4,1.2
Jalen Smith,BKN,12,9.4,8.4,1.8
Jalen Smith,BOS,14,5.4,8.2,0.8
Jalen Smith,CHA,14,7.4,5.8,0.6
Jalen Smith,CHI,8,9.0,4.6,0.2
Jalen Smith,CLE,17,10.4,8.6,1.4
Jalen Smith,DAL,7,6.6,6.2,0.6
Jalen Smith,DEN,8,10.4,6.2,2.0
Jalen Smith,DET,13,8.4,4.8,1.2
Jalen Smith,GSW,8,12.2,6.6,1.0
Jalen Smith,HOU,9,9.4,6.2,1.2
Jalen Smith,IND,5,9.2,8.6,1.6
Jalen Smith,LAC,6,11.0,6.8,0.6
Jalen Smith,LAL,7,6.2,4.0,0.4
Jalen Smith,MEM,8,12.2,6.6,0.6
Jalen Smith,MIA,9,8.8,4.0,1.8
Jalen Smith,MIL,13,9.6,5.6,1.8
Jalen Smith,MIN,8,13.2,4.6,1.2
Jalen Smith,NOP,10,12.2,5.8,0.6
Jalen Smith,NYK,12,8.8,5.0,1.0
Jalen Smith,OKC,7,8.8,8.4,1.4
Jalen Smith,ORL,10,10.2,5.6,1.2
Jalen Smith,PHI,15,9.4,6.0,1.0
Jalen Smith,PHX,4,10.25,6.0,0.25
Jalen Smith,POR,7,6.8,3.0,0.8
Jalen Smith,SAC,5,12.4,6.4,0.4
Jalen Smith,SAS,8,8.4,7.4,1.2
Jalen Smith,TOR,15,8.0,6.2,1.0
Jalen Smith,UTA,7,11.2,7.6,1.8
Jalen Smith,WAS,14,8.2,5.4,1.4
Jalen Suggs,ATL,10,10.4,3.6,5.6
Jalen Suggs,BKN,14,12.2,5.2,6.0
Jalen Suggs,BOS,10,17.2,5.6,3.4
Jalen Suggs,CHA,12,10.8,2.6,3.2
Jalen Suggs,CHI,14,16.2,3.4,4.8
Jalen Suggs,CLE,12,12.0,3.4,5.2
Jalen Suggs,DAL,8,13.4,3.2,5.2
Jalen Suggs,DEN,5,14.2,3.6,2.0
Jalen Suggs,DET,15,11.2,3.4,5.0
Jalen Suggs,GSW,5,12.4,2.4,4.4
Jalen Suggs,HOU,5,9.2,2.6,2.0
Jalen Suggs,IND,12,15.4,3.6,4.0
Jalen Suggs,LAC,5,15.8,3.2,4.0
Jalen Suggs,LAL,5,16.6,5.2,5.4
Jalen Suggs,MEM,6,8.0,2.2,1.6
Jalen Suggs,MIA,16,17.2,4.0,4.2
Jalen Suggs,MIL,11,15.8,3.6,5.4
Jalen Suggs,MIN,8,14.0,3.4,3.0
Jalen Suggs,NOP,7,11.2,4.0,3.6
Jalen Suggs,NYK,13,22.0,2.8,3.6
Jalen Suggs,OKC,7,15.8,5.6,5.2
Jalen Suggs,PHI,14,14.8,4.2,5.8
Jalen Suggs,PHX,8,14.4,4.4,3.6
Jalen Suggs,POR,6,8.8,3.0,2.8
Jalen Suggs,SAC,6,12.8,3.4,3.8
Jalen Suggs,SAS,7,13.0,3.0,3.6
Jalen Suggs,TOR,9,11.8,3.0,4.2
Jalen Suggs,UTA,7,10.0,3.8,3.8
Jalen Suggs,WAS,11,13.6,3.6,5.6
Jalen Williams,ATL,7,20.4,5.8,5.6
Jalen Williams,BKN,5,16.6,5.8,4.0
Jalen Williams,BOS,5,13.6,3.8,3.4
Jalen Williams,CHA,4,20.5,3.25,3.75
Jalen Williams,CHI,6,20.6,6.0,5.4
Jalen Williams,CLE,6,18.0,4.6,3.6
Jalen Williams,DAL,12,22.4,5.8,5.4
Jalen Williams,DEN,10,18.0,6.2,7.0
Jalen Williams,DET,5,19.0,4.6,4.0
Jalen Williams,GSW,12,18.6,5.0,4.2
Jalen Williams,HOU,14,21.0,4.4,5.8
Jalen Williams,IND,4,15.75,4.75,5.75
Jalen Williams,LAC,10,19.8,5.0,5.0
Jalen Williams,LAL,12,18.8,5.2,3.6
Jalen Williams,MEM,12,23.0,5.4,6.2
Jalen Williams,MIA,8,18.4,4.8,3.6
Jalen Williams,MIL,4,12.25,3.75,3.0
Jalen Williams,MIN,12,19.2,5.2,5.8
Jalen Williams,NOP,10,23.0,4.6,5.8
Jalen Williams,NYK,7,26.0,2.6,4.6
Jalen Williams,ORL,6,17.4,3.2,3.4
Jalen Williams,PHI,5,17.4,4.0,4.6
Jalen Williams,PHX,13,22.0,4.8,6.0
Jalen Williams,POR,12,21.0,6.2,6.4
Jalen Williams,SAC,8,18.0,5.4,4.6
Jalen Williams,SAS,14,21.4,4.2,5.4
Jalen Williams,TOR,5,18.4,5.0,4.6
Jalen Williams,UTA,14,20.0,4.6,5.8
Jalen Williams,WAS,6,16.8,6.0,4.8
Jalen Wilson,ATL,7,12.0,3.2,2.4
Jalen Wilson,BOS,9,5.2,1.4,1.2
Jalen Wilson,CHA,7,7.2,1.8,0.6
Jalen Wilson,CHI,6,5.8,3.6,1.0
Jalen Wilson,CLE,7,7.4,2.4,1.6
Jalen Wilson,DAL,4,9.0,3.25,1.5
Jalen Wilson,DEN,4,6.5,3.5,1.5
Jalen Wilson,DET,9,10.4,3.2,1.2
Jalen Wilson,GSW,4,11.0,3.5,1.0
Jalen Wilson,HOU,5,7.4,2.6,1.0
Jalen Wilson,IND,10,6.6,3.0,0.4
Jalen Wilson,LAC,4,8.25,3.25,1.0
Jalen Wilson,LAL,4,6.5,4.0,1.0
Jalen Wilson,MEM,7,11.4,3.8,3.0
Jalen Wilson,MIA,7,5.6,3.0,1.6
Jalen Wilson,MIL,10,10.2,3.2,2.4
Jalen Wilson,MIN,4,5.25,2.5,1.0
Jalen Wilson,NOP,5,6.6,2.2,1.4
Jalen Wilson,NYK,10,5.4,3.2,1.6
Jalen Wilson,OKC,4,8.75,2.75,1.0
Jalen Wilson,ORL,6,7.0,1.8,1.2
Jalen Wilson,PHI,8,5.4,2.0,0.8
Jalen Wilson,PHX,2,9.0,2.0,2.5
Jalen Wilson,POR,3,11.333333333333334,4.333333333333333,1.0
Jalen Wilson,SAC,4,8.75,3.25,2.25
Jalen Wilson,SAS,5,10.0,1.8,1.4
Jalen Wilson,TOR,9,8.0,2.8,0.6
Jalen Wilson,UTA,5,6.2,2.8,1.2
Jalen Wilson,WAS,7,10.0,2.8,1.8
Jamal Cain,ATL,5,6.6,1.4,0.2
Jamal Cain,BKN,4,6.25,1.75,0.25
Jamal Cain,BOS,4,1.75,1.5,0.0
Jamal Cain,CHA,6,6.8,1.0,0.6
Jamal Cain,CHI,4,8.5,3.25,0.5
Jamal Cain,CLE,5,7.8,2.4,1.6
Jamal Cain,DAL,3,3.3333333333333335,2.3333333333333335,1.6666666666666667
Jamal Cain,DEN,3,3.6666666666666665,2.6666666666666665,1.0
Jamal Cain,DET,3,2.3333333333333335,1.0,0.3333333333333333
Jamal Cain,GSW,6,2.0,0.4,0.2
Jamal Cain,HOU,2,2.5,1.5,1.0
Jamal Cain,IND,6,3.2,1.8,0.4
Jamal Cain,LAC,3,8.0,1.3333333333333333,1.0
Jamal Cain,LAL,5,5.4,3.0,1.2
Jamal Cain,MEM,3,1.6666666666666667,0.3333333333333333,0.0
Jamal Cain,MIA,2,18.5,7.0,1.5
Jamal Cain,MIL,8,7.8,3.0,0.0
Jamal Cain,MIN,4,7.25,2.25,0.75
Jamal Cain,NOP,3,3.3333333333333335,2.0,1.0
Jamal Cain,NYK,1,10.0,1.0,0.0
Jamal Cain,OKC,5,8.8,3.2,1.2
Jamal Cain,ORL,4,4.5,1.75,0.25
Jamal Cain,PHI,6,1.2,1.6,0.6
Jamal Cain,PHX,4,6.5,1.5,0.5
Jamal Cain,POR,3,3.0,1.6666666666666667,1.0
Jamal Cain,SAC,3,4.0,3.6666666666666665,1.0
Jamal Cain,SAS,1,2.0,1.0,1.0
Jamal Cain,TOR,5,0.6,1.2,0.0
Jamal Cain,UTA,3,2.6666666666666665,1.0,0.3333333333333333
Jamal Cain,WAS,7,3.8,2.2,0.2
Jamal Murray,ATL,6,26.0,5.0,6.2
Jamal Murray,BKN,8,23.4,3.6,7.4
Jamal Murray,BOS,7,17.6,4.8,7.4
Jamal Murray,CHA,7,25.8,1.8,4.6
Jamal Murray,CHI,7,22.0,5.4,5.6
Jamal Murray,CLE,6,22.6,4.4,8.8
Jamal Murray,DAL,12,34.4,4.2,7.6
Jamal Murray,DET,7,31.6,3.8,6.0
Jamal Murray,GSW,10,20.2,3.6,6.8
Jamal Murray,HOU,13,24.6,3.6,5.8
Jamal Murray,IND,6,28.2,5.2,7.8
Jamal Murray,LAC,12,19.2,5.0,6.6
Jamal Murray,LAL,13,21.2,3.8,7.0
Jamal Murray,MEM,12,22.4,5.8,7.8
Jamal Murray,MIA,7,21.2,5.4,6.6
Jamal Murray,MIL,5,20.2,3.4,5.0
Jamal Murray,MIN,12,27.6,4.8,7.4
Jamal Murray,NOP,12,19.6,2.2,7.4
Jamal Murray,NYK,8,25.4,4.2,5.2
Jamal Murray,OKC,13,24.6,5.4,6.8
Jamal Murray,ORL,5,22.6,4.0,5.2
Jamal Murray,PHI,7,18.4,4.8,7.8
Jamal Murray,PHX,9,23.4,2.8,5.6
Jamal Murray,POR,14,19.8,3.8,5.0
Jamal Murray,SAC,10,19.2,3.8,8.2
Jamal Murray,SAS,10,23.6,4.0,7.4
Jamal Murray,TOR,7,23.0,6.2,7.4
Jamal Murray,UTA,14,32.0,4.6,8.4
Jamal Murray,WAS,7,25.4,4.4,6.6
Jamal Shead,ATL,7,6.0,1.2,4.4
Jamal Shead,BKN,8,6.8,1.8,6.8
Jamal Shead,BOS,8,8.2,2.2,4.8
Jamal Shead,CHA,6,7.0,3.0,3.4
Jamal Shead,CHI,6,4.2,2.0,4.8
Jamal Shead,CLE,7,8.6,1.8,4.6
Jamal Shead,DAL,3,5.0,0.3333333333333333,5.666666666666667
Jamal Shead,DEN,4,5.5,1.25,4.5
Jamal Shead,DET,7,6.8,1.0,6.4
Jamal Shead,GSW,4,9.5,1.5,6.0
Jamal Shead,HOU,4,8.25,2.25,4.75
Jamal Shead,IND,7,4.4,1.2,4.2
Jamal Shead,LAC,3,7.666666666666667,1.3333333333333333,5.666666666666667
Jamal Shead,LAL,4,3.25,1.0,2.75
Jamal Shead,MEM,3,11.333333333333334,0.3333333333333333,5.0
Jamal Shead,MIA,8,7.2,1.8,6.6
Jamal Shead,MIL,7,6.2,2.2,6.0
Jamal Shead,MIN,4,3.5,1.75,2.5
Jamal Shead,NOP,4,5.5,1.0,5.0
Jamal Shead,NYK,7,6.4,1.8,3.8
Jamal Shead,OKC,4,7.25,2.25,4.25
Jamal Shead,ORL,7,11.0,2.0,5.6
Jamal Shead,PHI,8,9.0,1.8,6.4
Jamal Shead,PHX,4,4.25,1.25,5.0
Jamal Shead,POR,4,5.75,2.0,4.75
Jamal Shead,SAC,4,9.0,1.75,5.25
Jamal Shead,SAS,4,11.5,2.25,5.75
Jamal Shead,UTA,4,7.75,1.5,7.0
Jamal Shead,WAS,7,8.4,1.6,4.2
Jamaree Bouyea,ATL,1,0.0,0.0,0.0
Jamaree Bouyea,BKN,2,6.5,3.0,1.0
Jamaree Bouyea,BOS,1,0.0,3.0,2.0
Jamaree Bouyea,CHA,1,0.0,1.0,0.0
Jamaree Bouyea,CLE,3,9.0,1.6666666666666667,3.0
Jamaree Bouyea,DAL,2,1.0,0.0,1.5
Jamaree Bouyea,DEN,3,4.333333333333333,1.3333333333333333,2.0
Jamaree Bouyea,DET,3,8.666666666666666,4.333333333333333,3.3333333333333335
Jamaree Bouyea,GSW,3,4.333333333333333,3.0,2.3333333333333335
Jamaree Bouyea,HOU,4,5.75,0.5,0.25
Jamaree Bouyea,IND,1,0.0,0.0,0.0
Jamaree Bouyea,LAC,1,2.0,1.0,0.0
Jamaree Bouyea,LAL,7,6.6,2.0,2.6
Jamaree Bouyea,MEM,2,6.0,0.5,0.0
Jamaree Bouyea,MIA,1,5.0,2.0,0.0
Jamaree Bouyea,MIL,1,4.0,2.0,2.0
Jamaree Bouyea,MIN,2,2.5,0.5,0.5
Jamaree Bouyea,NOP,3,5.0,2.3333333333333335,1.3333333333333333
Jamaree Bouyea,OKC,7,12.2,2.8,4.4
Jamaree Bouyea,ORL,2,0.0,0.0,0.0
Jamaree Bouyea,PHI,3,0.6666666666666666,0.3333333333333333,0.0
Jamaree Bouyea,PHX,1,0.0,1.0,0.0
Jamaree Bouyea,POR,3,3.6666666666666665,1.0,1.6666666666666667
Jamaree Bouyea,SAC,2,11.5,3.5,0.5
Jamaree Bouyea,SAS,2,3.5,3.0,1.5
Jamaree Bouyea,TOR,1,7.0,2.0,4.0
Jamaree Bouyea,UTA,2,0.0,1.5,0.0
Jamaree Bouyea,WAS,1,2.0,1.0,3.0
James Bouknight,ATL,4,4.75,1.0,1.25
James Bouknight,BKN,3,1.0,2.0,2.0
James Bouknight,BOS,1,2.0,6.0,1.0
James Bouknight,CHI,3,10.666666666666666,3.6666666666666665,2.0
James Bouknight,CLE,3,4.0,1.6666666666666667,0.3333333333333333
James Bouknight,DAL,3,6.0,3.0,0.0
James Bouknight,DEN,1,0.0,0.0,2.0
James Bouknight,DET,2,4.5,2.5,0.5
James Bouknight,GSW,2,0.0,0.5,0.5
James Bouknight,HOU,3,5.333333333333333,1.3333333333333333,1.3333333333333333
James Bouknight,IND,4,4.5,1.5,0.5
James Bouknight,LAC,3,4.333333333333333,1.6666666666666667,0.0
James Bouknight,LAL,2,3.5,1.5,0.5
James Bouknight,MEM,3,8.666666666666666,3.0,2.3333333333333335
James Bouknight,MIA,6,2.2,0.8,0.4
James Bouknight,MIN,2,5.0,1.0,2.0
James Bouknight,NOP,2,3.0,1.0,0.0
James Bouknight,NYK,4,5.75,0.75,0.75
James Bouknight,OKC,3,5.0,1.3333333333333333,2.0
James Bouknight,ORL,3,3.6666666666666665,2.0,1.0
James Bouknight,PHI,4,6.25,2.25,0.25
James Bouknight,PHX,3,1.3333333333333333,1.6666666666666667,1.6666666666666667
James Bouknight,POR,1,7.0,0.0,0.0
James Bouknight,SAC,4,9.5,2.0,0.75
James Bouknight,SAS,3,0.0,1.0,0.6666666666666666
James Bouknight,TOR,3,15.666666666666666,1.6666666666666667,0.6666666666666666
James Bouknight,UTA,1,2.0,1.0,2.0
James Bouknight,WAS,3,3.0,2.3333333333333335,1.0
James Ennis III,BKN,1,10.0,4.0,0.0
James Ennis III,LAC,2,1.0,0.5,0.0
James Ennis III,LAL,1,2.0,2.0,3.0
James Ennis III,MIN,1,10.0,1.0,0.0
James Ennis III,ORL,1,3.0,4.0,0.0
James Ennis III,UTA,1,2.0,0.0,0.0
James Harden,ATL,10,25.6,5.4,7.2
James Harden,BKN,11,21.0,5.2,7.4
James Harden,BOS,11,20.4,6.0,9.2
James Harden,CHA,11,30.0,5.2,8.4
James Harden,CHI,12,24.2,6.0,8.2
James Harden,CLE,13,19.6,5.2,7.6
James Harden,DAL,15,25.8,8.2,10.0
James Harden,DEN,13,20.2,6.2,6.2
James Harden,DET,13,26.6,6.4,6.2
James Harden,GSW,12,21.6,4.4,7.8
James Harden,HOU,10,25.2,4.4,6.4
James Harden,IND,12,25.4,4.6,8.8
James Harden,LAC,5,25.6,9.8,13.0
James Harden,LAL,16,19.6,3.6,8.0
James Harden,MEM,12,20.4,4.8,8.6
James Harden,MIA,12,19.8,6.2,8.6
James Harden,MIL,11,26.6,4.8,8.4
James Harden,MIN,11,18.6,4.8,7.0
James Harden,NOP,12,23.4,3.4,11.0
James Harden,NYK,12,21.8,3.6,7.6
James Harden,OKC,11,18.2,8.0,7.8
James Harden,ORL,11,26.2,4.6,6.6
James Harden,PHI,8,21.2,4.4,7.6
James Harden,PHX,11,22.6,5.8,11.6
James Harden,POR,10,23.0,3.2,8.4
James Harden,SAC,12,23.6,6.2,8.6
James Harden,SAS,10,18.4,5.8,7.4
James Harden,TOR,12,23.2,6.8,9.6
James Harden,UTA,12,19.2,4.8,9.8
James Harden,WAS,13,26.2,6.4,9.6
James Johnson,ATL,5,1.8,3.6,1.6
James Johnson,BKN,4,2.75,1.5,1.0
James Johnson,BOS,6,6.8,2.0,2.4
James Johnson,CHA,5,1.6,1.2,1.2
James Johnson,CHI,4,1.0,0.5,0.25
James Johnson,CLE,3,3.0,4.333333333333333,3.0
James Johnson,DAL,2,7.0,3.5,3.0
James Johnson,DEN,3,7.666666666666667,5.0,2.3333333333333335
James Johnson,DET,8,3.0,2.2,0.8
James Johnson,GSW,3,4.666666666666667,1.6666666666666667,0.6666666666666666
James Johnson,HOU,3,2.0,2.0,1.6666666666666667
James Johnson,IND,1,5.0,3.0,0.0
James Johnson,LAC,3,3.0,3.6666666666666665,3.0
James Johnson,LAL,3,5.333333333333333,2.6666666666666665,1.6666666666666667
James Johnson,MEM,3,2.3333333333333335,1.3333333333333333,0.3333333333333333
James Johnson,MIA,3,4.666666666666667,2.6666666666666665,1.6666666666666667
James Johnson,MIL,5,2.8,1.8,1.6
James Johnson,MIN,3,6.0,4.333333333333333,1.6666666666666667
James Johnson,NOP,2,2.0,0.0,0.5
James Johnson,NYK,6,4.8,3.4,3.2
James Johnson,OKC,2,2.0,2.0,1.0
James Johnson,ORL,2,11.5,6.5,4.0
James Johnson,PHI,3,6.666666666666667,2.0,1.0
James Johnson,PHX,2,3.0,3.5,2.0
James Johnson,POR,4,1.5,1.25,0.25
James Johnson,SAC,3,7.333333333333333,3.0,1.3333333333333333
James Johnson,SAS,3,0.6666666666666666,1.6666666666666667,0.3333333333333333
James Johnson,TOR,2,12.0,3.0,3.0
James Johnson,UTA,3,1.3333333333333333,3.3333333333333335,1.0
James Johnson,WAS,2,7.5,1.5,1.5
James Wiseman,ATL,4,9.0,5.25,1.25
James Wiseman,BKN,5,12.0,3.8,0.8
James Wiseman,BOS,5,10.6,5.0,2.0
James Wiseman,CHA,5,11.4,6.2,0.6
James Wiseman,CHI,5,5.6,6.8,0.8
James Wiseman,CLE,3,2.3333333333333335,5.666666666666667,0.3333333333333333
James Wiseman,DAL,2,13.5,11.0,3.0
James Wiseman,DEN,5,8.6,4.4,0.4
James Wiseman,DET,2,6.0,2.5,0.5
James Wiseman,GSW,2,2.0,3.0,0.0
James Wiseman,HOU,2,6.0,4.0,0.5
James Wiseman,IND,6,7.8,7.0,1.0
James Wiseman,LAC,2,3.5,2.0,0.5
James Wiseman,LAL,3,10.0,7.0,0.6666666666666666
James Wiseman,MEM,5,3.6,4.6,0.2
James Wiseman,MIA,7,10.4,7.8,0.8
James Wiseman,MIL,4,8.5,3.25,1.75
James Wiseman,MIN,1,11.0,4.0,0.0
James Wiseman,NOP,3,8.666666666666666,6.666666666666667,0.6666666666666666
James Wiseman,NYK,3,7.333333333333333,6.666666666666667,0.6666666666666666
James Wiseman,OKC,2,10.0,6.5,0.0
James Wiseman,ORL,7,5.4,4.4,0.6
James Wiseman,PHI,5,10.0,6.0,0.6
James Wiseman,PHX,2,7.5,2.5,0.0
James Wiseman,POR,3,7.666666666666667,4.666666666666667,0.6666666666666666
James Wiseman,SAC,2,9.0,5.5,2.0
James Wiseman,SAS,3,8.666666666666666,7.333333333333333,2.0
James Wiseman,TOR,6,10.6,6.2,0.6
James Wiseman,UTA,4,4.25,5.0,0.0
James Wiseman,WAS,5,9.4,5.2,0.8
Jamir Watkins,ATL,3,5.333333333333333,1.6666666666666667,0.3333333333333333
Jamir Watkins,BKN,2,16.5,4.5,1.5
Jamir Watkins,BOS,2,8.5,4.0,2.5
Jamir Watkins,CHA,2,12.0,5.0,2.0
Jamir Watkins,CHI,2,11.0,6.5,2.0
Jamir Watkins,CLE,4,15.25,5.25,1.5
Jamir Watkins,DAL,1,0.0,0.0,0.0
Jamir Watkins,DEN,2,3.0,5.0,1.0
Jamir Watkins,DET,3,6.0,3.6666666666666665,3.0
Jamir Watkins,GSW,2,4.5,3.0,1.0
Jamir Watkins,HOU,1,7.0,3.0,4.0
Jamir Watkins,IND,2,6.5,4.5,1.0
Jamir Watkins,LAC,1,1.0,7.0,1.0
Jamir Watkins,LAL,2,8.0,5.5,3.5
Jamir Watkins,MEM,1,0.0,0.0,0.0
Jamir Watkins,MIA,3,11.0,5.0,1.3333333333333333
Jamir Watkins,MIL,1,4.0,9.0,0.0
Jamir Watkins,NYK,1,5.0,6.0,2.0
Jamir Watkins,OKC,1,13.0,5.0,3.0
Jamir Watkins,ORL,1,7.0,1.0,1.0
Jamir Watkins,PHI,2,3.5,2.5,1.0
Jamir Watkins,PHX,1,3.0,4.0,0.0
Jamir Watkins,POR,2,5.0,2.0,0.5
Jamir Watkins,SAC,2,7.0,4.0,0.0
Jamir Watkins,SAS,2,3.0,2.5,1.0
Jamir Watkins,TOR,3,5.0,1.0,0.0
Jamir Watkins,UTA,1,8.0,6.0,2.0
Jamison Battle,ATL,3,3.3333333333333335,1.6666666666666667,0.0
Jamison Battle,BKN,7,5.8,3.6,0.4
Jamison Battle,BOS,6,2.6,1.8,1.0
Jamison Battle,CHA,5,3.4,2.8,1.0
Jamison Battle,CHI,3,4.333333333333333,2.3333333333333335,2.0
Jamison Battle,CLE,6,7.2,1.2,0.2
Jamison Battle,DAL,4,3.5,1.5,0.25
Jamison Battle,DEN,4,3.5,1.25,0.25
Jamison Battle,DET,4,6.75,1.75,0.25
Jamison Battle,GSW,3,7.666666666666667,1.3333333333333333,1.6666666666666667
Jamison Battle,HOU,3,4.666666666666667,2.0,0.0
Jamison Battle,IND,5,3.8,2.2,0.6
Jamison Battle,LAC,2,3.0,3.5,0.5
Jamison Battle,LAL,3,3.3333333333333335,2.6666666666666665,0.6666666666666666
Jamison Battle,MEM,4,2.75,0.75,0.75
Jamison Battle,MIA,6,5.4,1.4,0.8
Jamison Battle,MIL,6,3.2,1.6,0.4
Jamison Battle,MIN,3,4.666666666666667,4.0,0.6666666666666666
Jamison Battle,NOP,3,9.0,1.0,1.0
Jamison Battle,NYK,5,2.0,0.6,0.6
Jamison Battle,OKC,3,6.333333333333333,2.0,1.3333333333333333
Jamison Battle,ORL,2,1.0,0.5,0.0
Jamison Battle,PHI,8,5.2,2.2,0.2
Jamison Battle,PHX,3,7.0,2.0,0.6666666666666666
Jamison Battle,POR,3,7.0,2.0,0.6666666666666666
Jamison Battle,SAC,3,6.0,2.0,1.6666666666666667
Jamison Battle,SAS,3,10.666666666666666,3.3333333333333335,1.3333333333333333
Jamison Battle,UTA,4,8.75,3.0,0.5
Jamison Battle,WAS,6,4.8,2.4,0.2
Jamorko Pickett,ATL,2,1.5,0.0,0.0
Jamorko Pickett,BKN,1,3.0,0.0,0.0
Jamorko Pickett,BOS,1,8.0,3.0,0.0
Jamorko Pickett,CHI,1,0.0,0.0,0.0
Jamorko Pickett,DAL,1,10.0,3.0,0.0
Jamorko Pickett,MIA,1,0.0,3.0,0.0
Jamorko Pickett,OKC,1,13.0,8.0,4.0
Jamorko Pickett,ORL,1,2.0,1.0,1.0
Jamorko Pickett,PHI,1,6.0,5.0,0.0
Jamorko Pickett,POR,1,5.0,3.0,1.0
Jamorko Pickett,SAS,2,0.0,3.0,0.5
Jarace Walker,ATL,7,9.6,5.4,2.2
Jarace Walker,BKN,9,10.2,4.4,3.8
Jarace Walker,BOS,9,11.2,4.4,1.0
Jarace Walker,CHA,7,10.4,4.4,0.8
Jarace Walker,CHI,9,6.4,1.0,1.0
Jarace Walker,CLE,7,9.8,4.4,2.2
Jarace Walker,DAL,6,8.8,4.2,2.6
Jarace Walker,DEN,3,10.0,4.666666666666667,1.0
Jarace Walker,DET,8,10.6,4.2,1.6
Jarace Walker,GSW,4,5.0,4.0,1.25
Jarace Walker,HOU,4,7.75,2.25,1.5
Jarace Walker,LAC,4,7.5,2.75,3.75
Jarace Walker,LAL,5,6.4,4.0,2.0
Jarace Walker,MEM,4,9.0,4.25,1.5
Jarace Walker,MIA,7,6.8,4.0,1.8
Jarace Walker,MIL,8,12.4,5.6,2.6
Jarace Walker,MIN,6,7.2,4.6,2.2
Jarace Walker,NOP,6,5.6,3.8,1.8
Jarace Walker,NYK,7,9.8,4.8,2.0
Jarace Walker,OKC,5,12.8,3.8,2.2
Jarace Walker,ORL,9,10.8,4.6,2.0
Jarace Walker,PHI,7,7.6,5.8,2.6
Jarace Walker,PHX,5,6.6,3.8,1.4
Jarace Walker,POR,4,7.0,2.75,1.0
Jarace Walker,SAC,6,8.8,3.0,1.4
Jarace Walker,SAS,5,7.8,1.2,2.0
Jarace Walker,TOR,9,9.0,4.8,1.6
Jarace Walker,UTA,5,11.4,4.2,2.4
Jarace Walker,WAS,9,10.6,7.4,2.8
Jared Butler,ATL,7,11.8,2.2,5.0
Jared Butler,BKN,5,4.6,2.8,3.4
Jared Butler,BOS,8,8.0,2.0,2.0
Jared Butler,CHA,1,4.0,0.0,0.0
Jared Butler,CHI,10,9.2,2.4,3.8
Jared Butler,CLE,6,5.8,0.4,2.2
Jared Butler,DAL,3,6.666666666666667,1.3333333333333333,4.0
Jared Butler,DEN,3,7.333333333333333,0.6666666666666666,2.3333333333333335
Jared Butler,DET,3,3.0,0.6666666666666666,0.6666666666666666
Jared Butler,GSW,5,4.8,0.4,2.0
Jared Butler,HOU,7,10.8,1.8,4.8
Jared Butler,IND,5,4.8,0.6,1.2
Jared Butler,LAC,3,11.666666666666666,1.6666666666666667,4.666666666666667
Jared Butler,LAL,3,5.666666666666667,1.0,3.3333333333333335
Jared Butler,MEM,4,12.5,2.75,4.75
Jared Butler,MIA,4,11.5,1.75,5.75
Jared Butler,MIL,6,7.6,1.2,1.6
Jared Butler,MIN,7,9.4,2.4,3.6
Jared Butler,NOP,7,8.8,1.4,2.4
Jared Butler,NYK,7,3.8,0.4,2.8
Jared Butler,OKC,6,5.8,2.8,3.6
Jared Butler,ORL,3,3.6666666666666665,0.6666666666666666,1.6666666666666667
Jared Butler,PHI,5,8.6,1.2,3.4
Jared Butler,PHX,4,6.0,0.75,2.5
Jared Butler,POR,6,4.4,1.4,1.0
Jared Butler,SAC,6,4.8,1.0,1.2
Jared Butler,SAS,1,5.0,3.0,4.0
Jared Butler,TOR,7,10.6,3.2,4.4
Jared Butler,UTA,3,5.0,0.3333333333333333,3.0
Jared Butler,WAS,3,9.0,3.6666666666666665,3.3333333333333335
Jared Harper,CLE,1,7.0,1.0,3.0
Jared Harper,GSW,1,10.0,1.0,9.0
Jared Harper,MEM,1,12.0,0.0,2.0
Jared Harper,OKC,1,0.0,0.0,0.0
Jared Harper,POR,1,8.0,0.0,0.0
Jared McCain,ATL,2,2.5,3.5,3.0
Jared McCain,BKN,5,21.4,5.0,2.0
Jared McCain,BOS,3,3.0,1.0,0.3333333333333333
Jared McCain,CHA,3,20.0,2.3333333333333335,2.3333333333333335
Jared McCain,CHI,5,7.4,1.6,1.6
Jared McCain,CLE,3,16.666666666666668,1.6666666666666667,3.6666666666666665
Jared McCain,DAL,3,8.333333333333334,3.0,2.0
Jared McCain,DEN,4,11.25,1.0,2.0
Jared McCain,DET,5,9.2,2.4,1.2
Jared McCain,GSW,3,5.333333333333333,1.0,2.0
Jared McCain,HOU,2,10.0,4.0,1.0
Jared McCain,IND,4,3.5,1.0,1.0
Jared McCain,LAC,5,6.6,0.6,2.0
Jared McCain,LAL,5,11.2,1.8,1.2
Jared McCain,MEM,3,13.666666666666666,3.3333333333333335,2.3333333333333335
Jared McCain,MIA,2,17.5,2.5,3.0
Jared McCain,MIL,5,10.0,2.8,1.8
Jared McCain,MIN,1,15.0,0.0,0.0
Jared McCain,NOP,1,12.0,2.0,1.0
Jared McCain,NYK,5,9.2,2.2,1.0
Jared McCain,OKC,1,10.0,4.0,1.0
Jared McCain,ORL,6,10.8,2.6,1.8
Jared McCain,PHI,1,13.0,1.0,2.0
Jared McCain,PHX,3,8.0,3.0,1.3333333333333333
Jared McCain,SAC,1,4.0,1.0,1.0
Jared McCain,TOR,5,3.4,1.6,0.4
Jared McCain,UTA,1,3.0,1.0,2.0
Jared McCain,WAS,3,11.333333333333334,2.0,2.0
Jared Rhoden,ATL,1,0.0,2.0,2.0
Jared Rhoden,BKN,3,6.333333333333333,2.0,0.6666666666666666
Jared Rhoden,BOS,1,9.0,5.0,0.0
Jared Rhoden,CHA,1,23.0,7.0,4.0
Jared Rhoden,CHI,3,7.666666666666667,3.3333333333333335,0.6666666666666666
Jared Rhoden,CLE,2,1.0,2.0,0.0
Jared Rhoden,DAL,1,11.0,4.0,0.0
Jared Rhoden,DET,1,6.0,5.0,2.0
Jared Rhoden,GSW,1,2.0,2.0,0.0
Jared Rhoden,HOU,1,7.0,3.0,1.0
Jared Rhoden,IND,3,3.3333333333333335,2.3333333333333335,0.3333333333333333
Jared Rhoden,MEM,2,3.5,1.0,1.5
Jared Rhoden,MIA,1,0.0,0.0,0.0
Jared Rhoden,MIL,1,6.0,1.0,3.0
Jared Rhoden,MIN,2,2.0,1.5,1.0
Jared Rhoden,NOP,1,5.0,3.0,0.0
Jared Rhoden,NYK,1,3.0,2.0,3.0
Jared Rhoden,OKC,1,0.0,1.0,0.0
Jared Rhoden,ORL,3,2.6666666666666665,1.3333333333333333,0.0
Jared Rhoden,PHI,4,8.5,3.5,1.25
Jared Rhoden,PHX,2,0.0,0.0,0.0
Jared Rhoden,POR,2,3.0,2.5,0.5
Jared Rhoden,SAS,1,16.0,4.0,2.0
Jared Rhoden,TOR,1,0.0,2.0,0.0
Jared Rhoden,UTA,1,14.0,5.0,1.0
Jared Rhoden,WAS,4,7.75,2.75,0.0
Jaren Jackson Jr.,ATL,9,14.2,4.4,1.2
Jaren Jackson Jr.,BKN,7,18.8,5.0,1.2
Jaren Jackson Jr.,BOS,6,19.4,8.2,1.2
Jaren Jackson Jr.,CHA,7,21.6,5.2,2.0
Jaren Jackson Jr.,CHI,8,25.4,5.2,3.0
Jaren Jackson Jr.,CLE,7,20.2,4.6,2.4
Jaren Jackson Jr.,DAL,13,22.6,6.4,2.2
Jaren Jackson Jr.,DEN,14,16.8,5.0,2.8
Jaren Jackson Jr.,DET,9,24.8,6.4,1.6
Jaren Jackson Jr.,GSW,15,22.0,7.0,1.8
Jaren Jackson Jr.,HOU,15,17.0,5.4,2.6
Jaren Jackson Jr.,IND,9,21.2,6.0,2.0
Jaren Jackson Jr.,LAC,16,20.8,3.4,1.8
Jaren Jackson Jr.,LAL,17,20.6,3.4,1.4
Jaren Jackson Jr.,MIA,9,20.0,4.8,1.8
Jaren Jackson Jr.,MIL,8,29.0,5.2,2.2
Jaren Jackson Jr.,MIN,16,27.6,7.6,1.4
Jaren Jackson Jr.,NOP,19,23.2,7.8,3.0
Jaren Jackson Jr.,NYK,6,18.4,5.2,1.0
Jaren Jackson Jr.,OKC,15,19.4,4.4,2.0
Jaren Jackson Jr.,ORL,11,19.6,4.0,1.2
Jaren Jackson Jr.,PHI,8,23.0,8.4,1.2
Jaren Jackson Jr.,PHX,14,24.0,6.8,2.0
Jaren Jackson Jr.,POR,12,17.6,5.6,2.2
Jaren Jackson Jr.,SAC,14,18.2,4.2,3.4
Jaren Jackson Jr.,SAS,17,23.8,6.2,2.4
Jaren Jackson Jr.,TOR,9,24.8,6.6,3.6
Jaren Jackson Jr.,UTA,12,20.0,4.8,1.8
Jaren Jackson Jr.,WAS,7,25.8,6.2,1.6
Jarred Vanderbilt,ATL,7,6.6,8.2,1.6
Jarred Vanderbilt,BKN,7,6.8,5.4,1.4
Jarred Vanderbilt,BOS,5,6.8,6.0,0.8
Jarred Vanderbilt,CHA,8,4.0,3.2,1.0
Jarred Vanderbilt,CHI,12,5.2,4.2,0.8
Jarred Vanderbilt,CLE,5,6.6,6.8,1.4
Jarred Vanderbilt,DAL,13,5.6,3.8,1.2
Jarred Vanderbilt,DEN,12,4.0,3.0,2.4
Jarred Vanderbilt,DET,6,7.8,6.6,2.4
Jarred Vanderbilt,GSW,18,3.8,5.2,1.4
Jarred Vanderbilt,HOU,13,4.8,3.8,0.6
Jarred Vanderbilt,IND,6,3.8,5.4,1.8
Jarred Vanderbilt,LAC,16,4.8,4.0,1.2
Jarred Vanderbilt,LAL,5,4.8,9.8,1.8
Jarred Vanderbilt,MEM,14,4.0,4.4,1.4
Jarred Vanderbilt,MIA,4,5.0,6.5,1.0
Jarred Vanderbilt,MIL,6,4.4,5.4,1.6
Jarred Vanderbilt,MIN,11,4.4,6.0,1.4
Jarred Vanderbilt,NOP,15,5.6,4.6,1.2
Jarred Vanderbilt,NYK,8,1.2,3.8,0.6
Jarred Vanderbilt,OKC,13,5.6,6.0,1.4
Jarred Vanderbilt,ORL,6,2.8,6.2,1.0
Jarred Vanderbilt,PHI,6,5.0,6.6,1.4
Jarred Vanderbilt,PHX,14,3.6,4.6,0.4
Jarred Vanderbilt,POR,12,6.8,4.8,2.2
Jarred Vanderbilt,SAC,8,6.8,5.6,2.0
Jarred Vanderbilt,SAS,9,3.4,2.0,1.2
Jarred Vanderbilt,TOR,6,7.4,6.0,1.2
Jarred Vanderbilt,UTA,10,3.8,5.2,1.0
Jarred Vanderbilt,WAS,7,5.2,6.0,1.2
Jarrell Brantley,MIL,1,7.0,3.0,2.0
Jarrell Brantley,PHX,1,2.0,1.0,0.0
Jarrell Brantley,POR,1,0.0,0.0,0.0
Jarrell Brantley,SAC,1,13.0,2.0,1.0
Jarrett Allen,ATL,14,11.2,9.2,0.8
Jarrett Allen,BKN,15,19.2,11.2,1.4
Jarrett Allen,BOS,13,12.2,9.8,1.2
Jarrett Allen,CHA,17,14.8,8.4,1.0
Jarrett Allen,CHI,17,15.2,9.4,3.2
Jarrett Allen,DAL,7,15.2,13.0,1.4
Jarrett Allen,DEN,9,15.8,10.8,3.0
Jarrett Allen,DET,17,13.4,7.2,2.4
Jarrett Allen,GSW,8,13.0,9.6,2.2
Jarrett Allen,HOU,10,9.8,7.2,2.0
Jarrett Allen,IND,15,9.8,8.0,2.2
Jarrett Allen,LAC,8,16.0,11.6,2.2
Jarrett Allen,LAL,9,18.8,11.2,1.8
Jarrett Allen,MEM,10,14.8,8.2,2.4
Jarrett Allen,MIA,16,15.6,9.0,1.2
Jarrett Allen,MIL,17,13.6,8.8,1.4
Jarrett Allen,MIN,9,14.0,10.2,2.8
Jarrett Allen,NOP,8,15.4,10.2,2.6
Jarrett Allen,NYK,11,12.4,8.6,1.2
Jarrett Allen,OKC,9,15.8,9.2,2.0
Jarrett Allen,ORL,12,9.4,8.0,1.2
Jarrett Allen,PHI,13,11.6,7.6,1.4
Jarrett Allen,PHX,10,13.2,8.0,2.6
Jarrett Allen,POR,9,17.8,10.8,2.8
Jarrett Allen,SAC,10,18.0,7.2,2.0
Jarrett Allen,SAS,9,23.0,12.2,1.0
Jarrett Allen,TOR,13,14.8,10.6,1.8
Jarrett Allen,UTA,9,14.2,7.2,3.4
Jarrett Allen,WAS,15,16.2,9.8,2.2
Jarrett Culver,ATL,2,3.5,0.5,0.5
Jarrett Culver,BKN,2,8.0,3.5,0.0
Jarrett Culver,BOS,1,14.0,2.0,1.0
Jarrett Culver,CHA,1,0.0,0.0,0.0
Jarrett Culver,CHI,1,2.0,1.0,1.0
Jarrett Culver,CLE,1,2.0,5.0,1.0
Jarrett Culver,DAL,2,2.0,0.5,0.0
Jarrett Culver,DEN,2,8.0,5.5,3.0
Jarrett Culver,DET,2,3.5,1.0,1.0
Jarrett Culver,GSW,1,4.0,3.0,0.0
Jarrett Culver,HOU,3,3.3333333333333335,0.3333333333333333,0.6666666666666666
Jarrett Culver,IND,2,3.0,1.0,1.0
Jarrett Culver,LAC,2,4.0,1.5,1.5
Jarrett Culver,LAL,2,4.0,1.5,1.0
Jarrett Culver,MEM,1,7.0,4.0,1.0
Jarrett Culver,MIA,1,2.0,0.0,0.0
Jarrett Culver,MIL,4,2.0,0.75,0.5
Jarrett Culver,MIN,1,4.0,0.0,1.0
Jarrett Culver,NOP,2,1.5,0.5,1.5
Jarrett Culver,NYK,1,2.0,3.0,0.0
Jarrett Culver,OKC,2,10.0,4.5,3.5
Jarrett Culver,ORL,4,2.75,3.5,0.0
Jarrett Culver,PHI,1,2.0,3.0,0.0
Jarrett Culver,PHX,1,0.0,2.0,1.0
Jarrett Culver,POR,1,1.0,1.0,0.0
Jarrett Culver,SAC,2,1.0,1.0,0.5
Jarrett Culver,WAS,2,4.0,1.0,1.0
Jarron Cumberland,DAL,1,2.0,3.0,1.0
Jarron Cumberland,LAL,1,0.0,0.0,0.0
Jarron Cumberland,UTA,1,0.0,0.0,0.0
Jase Richardson,ATL,3,3.3333333333333335,0.6666666666666666,0.6666666666666666
Jase Richardson,BKN,1,1.0,1.0,2.0
Jase Richardson,BOS,1,18.0,5.0,2.0
Jase Richardson,CHA,4,4.5,1.75,1.0
Jase Richardson,CHI,3,6.0,0.0,0.0
Jase Richardson,CLE,2,2.0,1.0,1.0
Jase Richardson,DAL,1,0.0,0.0,0.0
Jase Richardson,DEN,2,6.5,2.0,1.5
Jase Richardson,DET,3,1.0,0.3333333333333333,0.3333333333333333
Jase Richardson,GSW,1,11.0,4.0,0.0
Jase Richardson,IND,3,7.0,0.6666666666666666,2.3333333333333335
Jase Richardson,LAC,2,3.5,1.0,1.5
Jase Richardson,LAL,1,0.0,0.0,0.0
Jase Richardson,MEM,1,11.0,4.0,3.0
Jase Richardson,MIA,2,0.0,0.0,0.5
Jase Richardson,MIL,2,4.0,1.5,0.5
Jase Richardson,MIN,1,0.0,0.0,0.0
Jase Richardson,NOP,1,3.0,0.0,0.0
Jase Richardson,NYK,4,4.25,0.5,0.75
Jase Richardson,OKC,1,0.0,1.0,0.0
Jase Richardson,PHI,3,5.333333333333333,1.0,0.6666666666666666
Jase Richardson,POR,1,2.0,2.0,2.0
Jase Richardson,SAC,2,2.5,0.5,0.5
Jase Richardson,SAS,2,5.5,2.5,1.0
Jase Richardson,TOR,2,3.5,3.5,3.5
Jase Richardson,UTA,2,7.5,0.5,2.5
Jase Richardson,WAS,3,6.666666666666667,1.3333333333333333,1.6666666666666667
Jason Preston,ATL,1,2.0,2.0,2.0
Jason Preston,CLE,1,12.0,3.0,8.0
Jason Preston,DEN,2,3.0,2.0,2.0
Jason Preston,HOU,1,0.0,0.0,0.0
Jason Preston,LAC,2,4.0,5.0,4.0
Jason Preston,MIL,1,2.0,0.0,0.0
Jason Preston,MIN,2,1.0,2.5,4.0
Jason Preston,OKC,1,0.0,0.0,0.0
Jason Preston,PHI,1,2.0,1.0,2.0
Jason Preston,PHX,3,0.0,1.0,1.0
Jason Preston,POR,2,1.5,0.0,0.5
Jason Preston,SAC,1,9.0,2.0,3.0
Jason Preston,SAS,1,3.0,4.0,3.0
Jason Preston,UTA,2,2.0,2.5,0.5
Javin DeLaurier,NOP,1,0.0,1.0,0.0
Javon Freeman-Liberty,BKN,2,13.5,4.0,1.5
Javon Freeman-Liberty,DEN,1,0.0,1.0,2.0
Javon Freeman-Liberty,GSW,1,0.0,0.0,0.0
Javon Freeman-Liberty,IND,1,20.0,8.0,1.0
Javon Freeman-Liberty,LAC,1,0.0,0.0,0.0
Javon Freeman-Liberty,LAL,1,5.0,5.0,1.0
Javon Freeman-Liberty,MIA,3,4.666666666666667,1.0,3.0
Javon Freeman-Liberty,MIL,1,4.0,2.0,0.0
Javon Freeman-Liberty,MIN,1,16.0,5.0,6.0
Javon Freeman-Liberty,NOP,1,13.0,3.0,1.0
Javon Freeman-Liberty,NYK,1,14.0,5.0,3.0
Javon Freeman-Liberty,OKC,1,10.0,4.0,3.0
Javon Freeman-Liberty,ORL,1,0.0,0.0,0.0
Javon Freeman-Liberty,PHI,1,11.0,7.0,2.0
Javon Freeman-Liberty,PHX,1,5.0,3.0,2.0
Javon Freeman-Liberty,POR,1,6.0,4.0,2.0
Javon Freeman-Liberty,SAC,1,4.0,4.0,1.0
Javon Freeman-Liberty,WAS,2,2.0,4.0,2.0
Javon Small,BKN,1,19.0,7.0,3.0
Javon Small,BOS,1,13.0,5.0,2.0
Javon Small,CHA,1,17.0,7.0,3.0
Javon Small,CHI,1,6.0,2.0,4.0
Javon Small,DAL,3,9.333333333333334,2.0,4.666666666666667
Javon Small,DEN,1,8.0,4.0,2.0
Javon Small,DET,1,23.0,3.0,3.0
Javon Small,GSW,3,9.333333333333334,4.0,3.0
Javon Small,HOU,3,11.333333333333334,2.0,2.0
Javon Small,IND,2,11.5,3.0,4.5
Javon Small,LAC,1,2.0,2.0,3.0
Javon Small,LAL,1,7.0,3.0,5.0
Javon Small,MIA,2,9.5,1.5,4.5
Javon Small,MIL,1,0.0,0.0,0.0
Javon Small,MIN,1,7.0,4.0,6.0
Javon Small,NOP,2,3.5,0.0,2.5
Javon Small,NYK,1,13.0,0.0,4.0
Javon Small,PHI,2,8.5,4.0,5.0
Javon Small,PHX,2,8.5,1.5,3.5
Javon Small,POR,3,14.666666666666666,6.0,4.0
Javon Small,SAC,2,13.0,6.0,5.5
Javon Small,SAS,2,4.0,2.0,3.5
Javon Small,TOR,2,7.0,3.5,2.5
Javon Small,UTA,2,8.0,3.0,6.0
Javonte Cooke,ATL,1,0.0,2.0,0.0
Javonte Cooke,BOS,1,0.0,0.0,0.0
Javonte Cooke,CHA,1,0.0,0.0,0.0
Javonte Cooke,CHI,1,4.0,1.0,1.0
Javonte Cooke,CLE,1,2.0,0.0,0.0
Javonte Cooke,DEN,1,0.0,2.0,0.0
Javonte Cooke,GSW,2,1.5,1.5,1.0
Javonte Cooke,LAL,1,0.0,1.0,0.0
Javonte Cooke,MEM,2,0.0,0.5,0.5
Javonte Cooke,MIN,1,0.0,3.0,0.0
Javonte Cooke,NOP,1,0.0,1.0,1.0
Javonte Cooke,NYK,1,2.0,0.0,0.0
Javonte Cooke,OKC,1,3.0,0.0,2.0
Javonte Cooke,PHI,1,2.0,2.0,0.0
Javonte Cooke,SAC,1,2.0,1.0,0.0
Javonte Cooke,TOR,1,5.0,2.0,0.0
Javonte Cooke,UTA,1,0.0,0.0,0.0
Javonte Green,ATL,11,7.0,2.8,1.0
Javonte Green,BKN,9,6.4,2.8,0.4
Javonte Green,BOS,11,4.8,2.4,0.8
Javonte Green,CHA,8,7.2,3.2,0.8
Javonte Green,CHI,8,4.4,2.2,0.4
Javonte Green,CLE,10,7.4,2.4,0.4
Javonte Green,DAL,7,7.4,4.6,1.0
Javonte Green,DEN,8,5.2,2.8,1.4
Javonte Green,DET,6,5.2,3.2,0.6
Javonte Green,GSW,7,6.2,4.2,1.0
Javonte Green,HOU,6,5.6,3.6,1.4
Javonte Green,IND,15,10.4,2.6,0.6
Javonte Green,LAC,7,4.6,2.2,0.2
Javonte Green,LAL,6,6.0,3.8,1.4
Javonte Green,MEM,7,5.4,2.6,1.2
Javonte Green,MIA,8,6.2,1.8,0.8
Javonte Green,MIL,10,8.0,1.4,0.4
Javonte Green,MIN,5,9.6,5.6,1.0
Javonte Green,NOP,6,5.2,3.0,0.6
Javonte Green,NYK,16,7.2,2.4,0.2
Javonte Green,OKC,7,6.8,3.4,0.6
Javonte Green,ORL,10,6.6,4.2,0.8
Javonte Green,PHI,12,9.6,4.2,2.4
Javonte Green,PHX,7,2.4,1.2,0.2
Javonte Green,POR,9,3.0,3.0,0.4
Javonte Green,SAC,7,6.2,3.4,0.6
Javonte Green,SAS,7,4.2,3.0,0.2
Javonte Green,TOR,11,4.6,4.0,1.6
Javonte Green,UTA,8,3.8,2.4,0.6
Javonte Green,WAS,7,9.6,4.6,0.6
Javonte Smart,BKN,1,0.0,1.0,0.0
Javonte Smart,BOS,1,3.0,1.0,0.0
Javonte Smart,CHA,1,0.0,0.0,1.0
Javonte Smart,CLE,2,5.0,2.0,2.0
Javonte Smart,HOU,2,0.0,0.0,0.0
Javonte Smart,IND,1,5.0,1.0,0.0
Javonte Smart,MIA,2,6.5,5.0,3.0
Javonte Smart,NOP,2,0.0,0.5,1.5
Javonte Smart,NYK,1,0.0,1.0,0.0
Javonte Smart,OKC,1,0.0,0.0,0.0
Javonte Smart,ORL,1,20.0,5.0,1.0
Javonte Smart,PHI,1,0.0,0.0,0.0
Javonte Smart,TOR,2,0.0,0.0,0.5
Jaxson Hayes,ATL,6,6.4,5.0,0.4
Jaxson Hayes,BKN,7,5.8,4.8,1.2
Jaxson Hayes,BOS,8,5.2,4.8,0.6
Jaxson Hayes,CHA,8,5.8,2.8,0.2
Jaxson Hayes,CHI,6,9.0,4.4,0.8
Jaxson Hayes,CLE,9,6.2,3.4,1.0
Jaxson Hayes,DAL,16,10.8,3.8,1.6
Jaxson Hayes,DEN,12,8.6,5.0,0.6
Jaxson Hayes,DET,8,6.2,3.2,0.8
Jaxson Hayes,GSW,13,5.8,4.2,0.8
Jaxson Hayes,HOU,13,2.6,1.8,0.6
Jaxson Hayes,IND,9,10.8,6.0,1.6
Jaxson Hayes,LAC,15,7.2,4.2,1.0
Jaxson Hayes,LAL,6,4.0,1.6,0.4
Jaxson Hayes,MEM,14,5.0,6.0,1.2
Jaxson Hayes,MIA,8,6.6,2.8,0.4
Jaxson Hayes,MIL,7,7.0,3.6,1.0
Jaxson Hayes,MIN,10,10.0,5.6,0.6
Jaxson Hayes,NOP,10,5.2,6.0,0.8
Jaxson Hayes,NYK,9,5.8,2.8,1.4
Jaxson Hayes,OKC,13,8.0,3.6,0.8
Jaxson Hayes,ORL,8,4.0,3.8,0.2
Jaxson Hayes,PHI,9,5.4,3.4,0.4
Jaxson Hayes,PHX,18,9.0,5.2,1.2
Jaxson Hayes,POR,11,4.2,3.6,0.8
Jaxson Hayes,SAC,14,5.0,3.6,0.6
Jaxson Hayes,SAS,15,8.6,5.8,1.4
Jaxson Hayes,TOR,7,6.0,5.6,0.6
Jaxson Hayes,UTA,12,9.0,2.8,0.8
Jaxson Hayes,WAS,8,10.0,4.6,1.0
Jay Huff,ATL,5,9.0,3.2,1.2
Jay Huff,BKN,6,9.8,3.8,1.0
Jay Huff,BOS,6,6.8,3.0,1.0
Jay Huff,CHA,6,10.4,3.4,2.2
Jay Huff,CHI,6,13.2,5.4,2.4
Jay Huff,CLE,6,9.6,2.6,1.0
Jay Huff,DAL,5,11.0,2.2,1.2
Jay Huff,DEN,5,5.0,2.0,1.0
Jay Huff,DET,8,6.4,1.4,1.4
Jay Huff,GSW,5,5.0,3.4,0.6
Jay Huff,HOU,4,7.5,2.75,1.0
Jay Huff,IND,2,0.0,1.0,0.0
Jay Huff,LAC,5,6.8,1.8,1.2
Jay Huff,LAL,6,8.6,3.6,0.6
Jay Huff,MEM,3,5.333333333333333,2.0,0.0
Jay Huff,MIA,4,9.5,3.0,1.5
Jay Huff,MIL,6,6.8,3.2,1.4
Jay Huff,MIN,8,3.4,1.4,0.6
Jay Huff,NOP,7,10.6,4.4,1.0
Jay Huff,NYK,7,6.8,3.6,1.4
Jay Huff,OKC,6,2.6,1.0,0.2
Jay Huff,ORL,4,9.0,3.25,0.5
Jay Huff,PHI,6,8.6,4.8,2.2
Jay Huff,PHX,5,7.0,1.6,0.2
Jay Huff,POR,8,11.8,3.4,0.8
Jay Huff,SAC,8,6.2,4.2,1.2
Jay Huff,SAS,9,2.4,1.4,1.4
Jay Huff,TOR,5,8.6,4.2,0.4
Jay Huff,UTA,9,7.0,3.8,1.0
Jay Huff,WAS,7,15.8,4.4,1.2
Jay Scrubb,ATL,1,0.0,2.0,0.0
Jay Scrubb,CHA,1,0.0,0.0,0.0
Jay Scrubb,CLE,1,11.0,5.0,1.0
Jay Scrubb,DET,1,2.0,1.0,0.0
Jay Scrubb,MEM,2,4.5,1.5,1.0
Jay Scrubb,MIA,1,0.0,1.0,0.0
Jay Scrubb,MIN,2,6.5,0.5,1.5
Jay Scrubb,NOP,2,2.0,1.5,0.0
Jay Scrubb,ORL,1,2.0,0.0,0.0
Jay Scrubb,PHX,1,2.0,0.0,0.0
Jay Scrubb,POR,2,3.0,0.5,0.0
Jay Scrubb,SAC,2,2.5,0.5,1.0
Jay Scrubb,SAS,1,0.0,0.0,0.0
Jay Scrubb,UTA,1,0.0,0.0,0.0
Jay Scrubb,WAS,1,8.0,4.0,1.0
Jaylen Brown,ATL,14,30.4,7.8,4.8
Jaylen Brown,BKN,16,23.6,7.0,6.4
Jaylen Brown,CHA,8,21.6,7.0,4.6
Jaylen Brown,CHI,16,23.6,6.2,5.4
Jaylen Brown,CLE,14,25.0,8.0,6.2
Jaylen Brown,DAL,9,25.8,7.6,4.6
Jaylen Brown,DEN,10,26.6,9.0,5.4
Jaylen Brown,DET,14,30.8,8.8,4.8
Jaylen Brown,GSW,9,25.8,7.2,6.0
Jaylen Brown,HOU,7,25.6,5.6,4.6
Jaylen Brown,IND,18,33.2,6.2,4.0
Jaylen Brown,LAC,9,26.6,6.0,4.0
Jaylen Brown,LAL,8,23.6,7.6,5.4
Jaylen Brown,MEM,6,20.8,6.0,4.6
Jaylen Brown,MIA,15,30.6,7.0,4.0
Jaylen Brown,MIL,15,25.0,5.4,3.2
Jaylen Brown,MIN,9,32.0,6.6,4.4
Jaylen Brown,NOP,10,19.8,6.2,4.4
Jaylen Brown,NYK,19,24.2,4.6,2.8
Jaylen Brown,OKC,9,23.8,6.0,4.8
Jaylen Brown,ORL,15,29.8,6.6,4.4
Jaylen Brown,PHI,17,25.6,5.8,5.8
Jaylen Brown,PHX,8,32.0,4.6,4.0
Jaylen Brown,POR,8,25.6,6.6,4.6
Jaylen Brown,SAC,8,24.2,4.6,3.8
Jaylen Brown,SAS,9,18.8,5.0,5.2
Jaylen Brown,TOR,15,23.0,6.8,4.6
Jaylen Brown,UTA,7,22.0,4.2,6.0
Jaylen Brown,WAS,15,21.6,5.0,4.4
Jaylen Clark,ATL,2,3.0,0.0,0.0
Jaylen Clark,BKN,4,3.75,3.0,0.75
Jaylen Clark,BOS,2,0.0,2.0,1.0
Jaylen Clark,CHA,3,6.0,0.6666666666666666,0.6666666666666666
Jaylen Clark,CHI,3,6.0,2.0,0.3333333333333333
Jaylen Clark,CLE,3,3.3333333333333335,1.0,0.3333333333333333
Jaylen Clark,DAL,3,2.3333333333333335,3.0,0.3333333333333333
Jaylen Clark,DEN,5,1.8,0.8,0.4
Jaylen Clark,DET,2,7.5,3.0,0.0
Jaylen Clark,GSW,3,2.0,1.3333333333333333,1.6666666666666667
Jaylen Clark,HOU,4,4.75,1.75,1.0
Jaylen Clark,IND,4,6.25,1.75,0.25
Jaylen Clark,LAC,3,9.0,1.3333333333333333,0.3333333333333333
Jaylen Clark,LAL,3,5.666666666666667,1.0,0.3333333333333333
Jaylen Clark,MEM,4,1.75,0.75,0.0
Jaylen Clark,MIA,3,2.6666666666666665,1.3333333333333333,0.0
Jaylen Clark,MIL,4,1.0,2.0,0.75
Jaylen Clark,NOP,6,7.4,2.6,0.6
Jaylen Clark,NYK,3,2.6666666666666665,1.0,1.0
Jaylen Clark,OKC,6,5.2,1.2,0.6
Jaylen Clark,ORL,4,1.25,0.5,1.25
Jaylen Clark,PHI,3,0.6666666666666666,0.6666666666666666,0.6666666666666666
Jaylen Clark,PHX,5,2.4,2.4,0.4
Jaylen Clark,POR,3,6.0,3.0,1.3333333333333333
Jaylen Clark,SAC,5,5.0,1.4,0.4
Jaylen Clark,SAS,4,3.25,1.0,1.0
Jaylen Clark,TOR,2,0.0,0.0,0.0
Jaylen Clark,UTA,8,4.2,1.2,0.4
Jaylen Clark,WAS,4,7.0,2.75,0.75
Jaylen Hoard,DET,1,11.0,20.0,3.0
Jaylen Hoard,LAC,1,14.0,15.0,3.0
Jaylen Hoard,LAL,1,27.0,17.0,4.0
Jaylen Hoard,PHX,2,2.0,3.0,0.5
Jaylen Hoard,POR,1,24.0,21.0,3.0
Jaylen Hoard,UTA,1,23.0,5.0,3.0
Jaylen Martin,ATL,1,0.0,2.0,0.0
Jaylen Martin,BKN,1,13.0,6.0,3.0
Jaylen Martin,DET,1,0.0,0.0,0.0
Jaylen Martin,IND,1,4.0,1.0,2.0
Jaylen Martin,MEM,1,0.0,0.0,0.0
Jaylen Martin,MIA,2,2.0,2.0,0.5
Jaylen Martin,MIL,1,3.0,0.0,0.0
Jaylen Martin,NYK,1,0.0,1.0,0.0
Jaylen Martin,ORL,1,7.0,2.0,1.0
Jaylen Martin,PHI,2,10.0,5.0,3.0
Jaylen Martin,POR,1,11.0,6.0,3.0
Jaylen Martin,TOR,2,2.5,2.5,0.0
Jaylen Martin,UTA,1,11.0,7.0,1.0
Jaylen Morris,NYK,1,1.0,0.0,1.0
Jaylen Morris,PHI,1,1.0,0.0,0.0
Jaylen Morris,TOR,1,0.0,2.0,1.0
Jaylen Nowell,ATL,3,3.0,1.3333333333333333,0.6666666666666666
Jaylen Nowell,BKN,3,13.0,2.3333333333333335,3.0
Jaylen Nowell,BOS,3,18.333333333333332,4.333333333333333,2.3333333333333335
Jaylen Nowell,CHA,4,6.0,1.25,1.25
Jaylen Nowell,CHI,2,12.0,2.0,2.5
Jaylen Nowell,CLE,3,11.666666666666666,2.0,2.3333333333333335
Jaylen Nowell,DAL,10,6.8,1.8,1.6
Jaylen Nowell,DEN,7,10.6,3.0,2.2
Jaylen Nowell,DET,5,6.6,1.2,2.2
Jaylen Nowell,GSW,5,10.8,2.8,2.4
Jaylen Nowell,HOU,8,4.6,1.6,1.2
Jaylen Nowell,IND,3,6.0,2.3333333333333335,1.6666666666666667
Jaylen Nowell,LAC,6,7.8,2.0,2.8
Jaylen Nowell,LAL,6,12.6,4.0,2.6
Jaylen Nowell,MEM,6,13.4,2.4,1.8
Jaylen Nowell,MIA,3,8.666666666666666,1.3333333333333333,3.0
Jaylen Nowell,MIL,3,13.0,3.3333333333333335,2.3333333333333335
Jaylen Nowell,MIN,2,6.0,2.5,2.5
Jaylen Nowell,NOP,4,5.0,1.25,0.5
Jaylen Nowell,NYK,4,11.75,3.25,3.5
Jaylen Nowell,OKC,9,13.8,4.4,2.0
Jaylen Nowell,ORL,4,6.5,1.5,1.5
Jaylen Nowell,PHI,3,6.666666666666667,1.3333333333333333,1.3333333333333333
Jaylen Nowell,PHX,7,7.8,1.4,2.2
Jaylen Nowell,POR,8,9.8,1.4,1.8
Jaylen Nowell,SAC,5,8.2,2.6,1.2
Jaylen Nowell,SAS,7,10.6,3.2,0.8
Jaylen Nowell,TOR,3,5.666666666666667,1.3333333333333333,2.0
Jaylen Nowell,UTA,8,14.6,3.0,3.0
Jaylen Nowell,WAS,4,10.5,2.75,0.75
Jaylen Sims,BOS,2,8.0,0.5,1.5
Jaylen Sims,CHI,1,6.0,1.0,1.0
Jaylen Sims,MEM,1,9.0,0.0,3.0
Jaylen Sims,SAC,1,7.0,1.0,4.0
Jaylen Sims,TOR,1,4.0,3.0,1.0
Jaylen Wells,ATL,4,11.75,2.75,2.5
Jaylen Wells,BKN,5,9.2,3.6,2.6
Jaylen Wells,BOS,4,7.0,2.25,0.5
Jaylen Wells,CHA,4,7.75,2.5,1.25
Jaylen Wells,CHI,3,17.666666666666668,4.333333333333333,3.0
Jaylen Wells,CLE,3,9.666666666666666,2.0,0.0
Jaylen Wells,DAL,7,11.4,4.2,2.2
Jaylen Wells,DEN,5,14.6,3.0,1.0
Jaylen Wells,DET,3,8.0,3.6666666666666665,2.3333333333333335
Jaylen Wells,GSW,7,8.2,3.2,2.0
Jaylen Wells,HOU,6,9.8,3.0,1.0
Jaylen Wells,IND,4,13.25,4.0,0.5
Jaylen Wells,LAC,7,11.4,3.6,1.6
Jaylen Wells,LAL,7,12.8,2.4,1.4
Jaylen Wells,MIA,4,13.75,4.0,2.0
Jaylen Wells,MIL,3,12.0,3.6666666666666665,2.6666666666666665
Jaylen Wells,MIN,6,16.4,2.8,1.2
Jaylen Wells,NOP,8,13.8,4.0,2.8
Jaylen Wells,NYK,3,8.666666666666666,2.3333333333333335,2.6666666666666665
Jaylen Wells,OKC,7,10.0,3.8,1.2
Jaylen Wells,ORL,4,6.5,2.25,0.75
Jaylen Wells,PHI,4,13.5,3.5,1.25
Jaylen Wells,PHX,6,9.4,5.0,1.4
Jaylen Wells,POR,6,12.0,3.2,2.0
Jaylen Wells,SAC,7,14.4,2.8,1.6
Jaylen Wells,SAS,7,11.4,1.6,2.0
Jaylen Wells,TOR,3,10.333333333333334,3.3333333333333335,1.3333333333333333
Jaylen Wells,UTA,7,11.4,3.8,3.0
Jaylen Wells,WAS,4,7.5,3.5,1.75
Jaylin Williams,ATL,4,4.75,3.0,1.75
Jaylin Williams,BKN,8,5.4,4.2,2.0
Jaylin Williams,BOS,7,5.6,3.2,1.6
Jaylin Williams,CHA,6,7.8,5.0,3.4
Jaylin Williams,CHI,4,7.25,8.0,2.0
Jaylin Williams,CLE,6,6.0,3.2,1.0
Jaylin Williams,DAL,9,6.4,6.2,2.2
Jaylin Williams,DEN,9,11.6,6.0,2.2
Jaylin Williams,DET,5,8.8,8.2,2.2
Jaylin Williams,GSW,12,4.8,7.2,2.6
Jaylin Williams,HOU,11,4.4,2.4,0.6
Jaylin Williams,IND,7,2.8,2.6,1.6
Jaylin Williams,LAC,7,4.8,5.0,1.2
Jaylin Williams,LAL,10,5.4,4.4,2.2
Jaylin Williams,MEM,11,5.2,4.0,1.0
Jaylin Williams,MIA,5,4.4,4.0,2.4
Jaylin Williams,MIL,6,6.6,3.0,1.2
Jaylin Williams,MIN,11,5.0,3.8,1.6
Jaylin Williams,NOP,9,3.2,6.0,2.6
Jaylin Williams,NYK,6,5.6,5.4,1.8
Jaylin Williams,ORL,4,5.5,4.5,1.5
Jaylin Williams,PHI,7,11.2,7.6,7.0
Jaylin Williams,PHX,11,8.6,6.4,3.2
Jaylin Williams,POR,10,5.6,7.0,4.4
Jaylin Williams,SAC,12,5.2,6.0,3.2
Jaylin Williams,SAS,9,10.2,7.2,2.6
Jaylin Williams,TOR,5,3.8,5.0,1.8
Jaylin Williams,UTA,13,8.8,5.6,4.8
Jaylin Williams,WAS,6,5.2,5.8,2.6
Jaylon Tyson,ATL,6,12.0,3.4,1.2
Jaylon Tyson,BKN,4,7.0,2.5,1.25
Jaylon Tyson,BOS,4,11.0,4.25,0.75
Jaylon Tyson,CHA,7,7.0,4.6,1.6
Jaylon Tyson,CHI,6,14.0,5.4,2.0
Jaylon Tyson,DAL,3,5.333333333333333,3.0,1.6666666666666667
Jaylon Tyson,DEN,3,8.0,3.0,1.0
Jaylon Tyson,DET,7,9.2,3.6,2.0
Jaylon Tyson,GSW,3,3.6666666666666665,4.666666666666667,1.0
Jaylon Tyson,HOU,2,11.5,8.0,0.0
Jaylon Tyson,IND,7,15.0,5.8,3.0
Jaylon Tyson,LAC,3,8.0,2.6666666666666665,0.3333333333333333
Jaylon Tyson,LAL,2,10.0,3.5,3.5
Jaylon Tyson,MEM,1,2.0,1.0,0.0
Jaylon Tyson,MIA,3,4.333333333333333,4.666666666666667,1.6666666666666667
Jaylon Tyson,MIL,5,4.2,2.0,1.4
Jaylon Tyson,MIN,3,10.666666666666666,4.0,1.3333333333333333
Jaylon Tyson,NOP,2,17.0,8.5,4.5
Jaylon Tyson,NYK,6,8.0,4.4,1.2
Jaylon Tyson,OKC,3,9.333333333333334,6.666666666666667,1.6666666666666667
Jaylon Tyson,ORL,4,9.75,4.25,2.75
Jaylon Tyson,PHI,6,15.0,3.6,2.4
Jaylon Tyson,PHX,3,14.666666666666666,3.6666666666666665,2.6666666666666665
Jaylon Tyson,POR,2,16.0,5.0,4.0
Jaylon Tyson,SAC,2,13.5,6.5,2.0
Jaylon Tyson,SAS,2,17.5,4.5,2.0
Jaylon Tyson,TOR,5,9.0,3.0,1.6
Jaylon Tyson,UTA,2,7.5,2.5,1.0
Jaylon Tyson,WAS,7,11.0,5.2,2.4
Jaysean Paige,SAS,1,0.0,1.0,1.0
Jayson Kent,BKN,1,2.0,1.0,0.0
Jayson Kent,DEN,1,3.0,1.0,0.0
Jayson Kent,LAC,1,0.0,1.0,0.0
Jayson Kent,SAC,1,0.0,0.0,0.0
Jayson Kent,WAS,1,5.0,2.0,0.0
Jayson Tatum,ATL,14,25.6,9.0,7.0
Jayson Tatum,BKN,15,30.0,9.4,7.6
Jayson Tatum,CHA,15,26.4,7.2,5.2
Jayson Tatum,CHI,14,30.2,9.8,6.0
Jayson Tatum,CLE,14,30.8,8.6,5.8
Jayson Tatum,DAL,9,25.4,8.2,4.4
Jayson Tatum,DEN,8,21.4,6.8,6.4
Jayson Tatum,DET,11,33.4,7.4,5.6
Jayson Tatum,GSW,9,24.0,6.8,4.6
Jayson Tatum,HOU,8,21.2,7.0,5.2
Jayson Tatum,IND,14,29.8,10.0,5.4
Jayson Tatum,LAC,7,24.8,8.4,3.2
Jayson Tatum,LAL,8,26.8,8.8,5.4
Jayson Tatum,MEM,9,21.8,10.6,4.6
Jayson Tatum,MIA,15,24.0,8.8,5.8
Jayson Tatum,MIL,13,25.0,9.2,6.0
Jayson Tatum,MIN,8,30.4,7.2,3.8
Jayson Tatum,NOP,8,29.4,9.2,5.4
Jayson Tatum,NYK,18,31.6,8.0,7.2
Jayson Tatum,OKC,9,26.4,10.0,5.4
Jayson Tatum,ORL,9,27.0,6.2,4.2
Jayson Tatum,PHI,16,29.2,10.2,7.0
Jayson Tatum,PHX,7,23.8,7.2,5.8
Jayson Tatum,POR,6,29.4,8.6,6.0
Jayson Tatum,SAC,7,24.6,8.2,5.2
Jayson Tatum,SAS,8,26.8,8.0,4.2
Jayson Tatum,TOR,13,21.0,9.6,7.4
Jayson Tatum,UTA,7,29.6,7.0,4.4
Jayson Tatum,WAS,13,23.8,10.4,5.8
Jazian Gortman,ATL,1,0.0,1.0,0.0
Jazian Gortman,BOS,1,0.0,0.0,0.0
Jazian Gortman,CHI,1,3.0,0.0,0.0
Jazian Gortman,CLE,1,3.0,0.0,1.0
Jazian Gortman,GSW,1,0.0,0.0,0.0
Jazian Gortman,HOU,1,0.0,0.0,0.0
Jazian Gortman,LAC,2,2.5,0.5,1.0
Jazian Gortman,NYK,1,3.0,0.0,0.0
Jazian Gortman,OKC,1,0.0,0.0,0.0
Jazian Gortman,PHX,2,0.0,0.0,0.0
Jazian Gortman,POR,2,1.5,0.5,1.0
Jazian Gortman,SAC,1,5.0,2.0,1.0
Jazian Gortman,UTA,1,2.0,0.0,0.0
Jeff Dowtin Jr.,ATL,6,8.0,1.6,2.2
Jeff Dowtin Jr.,BKN,5,2.8,1.0,1.2
Jeff Dowtin Jr.,BOS,2,6.0,1.5,2.0
Jeff Dowtin Jr.,CHA,4,3.0,0.75,1.25
Jeff Dowtin Jr.,CHI,1,0.0,1.0,1.0
Jeff Dowtin Jr.,CLE,6,4.2,0.8,1.4
Jeff Dowtin Jr.,DAL,3,5.333333333333333,2.0,2.0
Jeff Dowtin Jr.,DEN,1,2.0,0.0,0.0
Jeff Dowtin Jr.,DET,4,6.25,2.0,3.0
Jeff Dowtin Jr.,GSW,2,5.5,0.5,2.5
Jeff Dowtin Jr.,HOU,1,11.0,3.0,2.0
Jeff Dowtin Jr.,IND,3,10.666666666666666,2.0,3.3333333333333335
Jeff Dowtin Jr.,LAC,1,3.0,4.0,3.0
Jeff Dowtin Jr.,LAL,3,0.6666666666666666,0.0,0.3333333333333333
Jeff Dowtin Jr.,MEM,4,6.75,2.5,2.5
Jeff Dowtin Jr.,MIA,2,2.0,1.5,3.0
Jeff Dowtin Jr.,MIL,2,2.5,2.0,2.5
Jeff Dowtin Jr.,MIN,1,5.0,3.0,2.0
Jeff Dowtin Jr.,NOP,5,5.0,0.6,1.2
Jeff Dowtin Jr.,NYK,5,1.4,0.8,0.8
Jeff Dowtin Jr.,OKC,2,11.0,4.0,3.0
Jeff Dowtin Jr.,ORL,5,1.0,0.6,0.2
Jeff Dowtin Jr.,PHI,1,0.0,0.0,0.0
Jeff Dowtin Jr.,PHX,3,4.666666666666667,0.6666666666666666,2.0
Jeff Dowtin Jr.,POR,3,4.666666666666667,1.3333333333333333,1.0
Jeff Dowtin Jr.,SAC,1,2.0,2.0,2.0
Jeff Dowtin Jr.,SAS,2,0.0,1.0,1.0
Jeff Dowtin Jr.,TOR,3,7.333333333333333,2.6666666666666665,2.3333333333333335
Jeff Dowtin Jr.,UTA,1,10.0,1.0,0.0
Jeff Dowtin Jr.,WAS,5,9.8,1.0,2.2
Jeff Green,ATL,6,8.2,2.4,1.4
Jeff Green,BKN,8,3.6,0.4,0.2
Jeff Green,BOS,7,6.4,1.6,0.6
Jeff Green,CHA,8,5.0,2.0,0.6
Jeff Green,CHI,8,6.6,3.4,0.6
Jeff Green,CLE,6,9.6,1.8,1.8
Jeff Green,DAL,12,2.6,1.2,0.6
Jeff Green,DEN,7,6.0,2.4,0.6
Jeff Green,DET,4,8.0,3.0,1.0
Jeff Green,GSW,12,5.8,1.6,1.2
Jeff Green,HOU,3,10.333333333333334,4.0,2.0
Jeff Green,IND,8,3.0,0.8,1.2
Jeff Green,LAC,8,9.0,2.2,1.2
Jeff Green,LAL,11,4.8,1.8,1.0
Jeff Green,MEM,13,7.4,3.4,0.4
Jeff Green,MIA,6,8.8,2.2,1.0
Jeff Green,MIL,8,8.2,0.8,1.0
Jeff Green,MIN,9,5.6,3.0,0.8
Jeff Green,NOP,16,3.0,1.4,0.4
Jeff Green,NYK,7,6.2,1.8,0.2
Jeff Green,OKC,13,4.2,1.6,1.0
Jeff Green,ORL,7,5.6,2.4,0.8
Jeff Green,PHI,6,5.8,2.6,1.0
Jeff Green,PHX,12,1.4,1.4,0.0
Jeff Green,POR,12,4.4,2.4,1.2
Jeff Green,SAC,9,5.8,1.4,0.8
Jeff Green,SAS,13,6.6,1.2,0.2
Jeff Green,TOR,8,8.2,3.8,1.8
Jeff Green,UTA,16,4.6,0.4,0.6
Jeff Green,WAS,8,7.0,0.8,0.4
Jemerrio Jones,PHX,1,2.0,2.0,0.0
Jemerrio Jones,SAS,1,2.0,1.0,0.0
Jerami Grant,ATL,7,13.0,2.2,2.2
Jerami Grant,BKN,7,20.6,4.6,3.0
Jerami Grant,BOS,7,15.4,3.0,1.2
Jerami Grant,CHA,8,18.0,3.8,3.0
Jerami Grant,CHI,8,23.0,5.4,2.4
Jerami Grant,CLE,9,16.6,2.6,2.6
Jerami Grant,DAL,13,15.2,4.6,2.6
Jerami Grant,DEN,8,15.6,3.8,2.0
Jerami Grant,DET,6,30.6,4.6,2.4
Jerami Grant,GSW,10,19.0,2.6,2.4
Jerami Grant,HOU,9,13.6,2.8,2.6
Jerami Grant,IND,9,24.0,3.6,1.8
Jerami Grant,LAC,7,16.4,3.0,1.6
Jerami Grant,LAL,13,13.6,3.0,2.4
Jerami Grant,MEM,13,22.8,5.0,2.6
Jerami Grant,MIA,8,19.0,3.6,2.6
Jerami Grant,MIL,9,20.2,2.2,2.2
Jerami Grant,MIN,16,20.0,3.8,1.4
Jerami Grant,NOP,11,19.2,4.2,1.8
Jerami Grant,NYK,3,26.666666666666668,1.3333333333333333,1.3333333333333333
Jerami Grant,OKC,15,13.0,3.6,2.4
Jerami Grant,ORL,6,16.0,4.2,3.8
Jerami Grant,PHI,8,20.6,5.2,1.8
Jerami Grant,PHX,13,19.4,3.2,3.0
Jerami Grant,POR,1,14.0,3.0,3.0
Jerami Grant,SAC,7,18.0,6.4,3.2
Jerami Grant,SAS,10,15.0,2.4,1.8
Jerami Grant,TOR,7,17.8,5.0,1.4
Jerami Grant,UTA,12,15.8,3.2,1.0
Jerami Grant,WAS,8,11.2,4.2,1.8
Jeremiah Fears,ATL,2,11.0,4.0,3.5
Jeremiah Fears,BKN,2,10.5,4.5,4.5
Jeremiah Fears,BOS,2,19.0,2.5,4.0
Jeremiah Fears,CHA,2,10.0,2.5,0.0
Jeremiah Fears,CHI,3,13.333333333333334,2.0,3.3333333333333335
Jeremiah Fears,CLE,2,9.0,3.5,4.0
Jeremiah Fears,DAL,4,15.75,5.75,3.5
Jeremiah Fears,DEN,3,15.666666666666666,2.3333333333333335,3.3333333333333335
Jeremiah Fears,DET,2,12.5,3.5,3.0
Jeremiah Fears,GSW,3,13.666666666666666,4.666666666666667,2.6666666666666665
Jeremiah Fears,HOU,4,8.0,2.25,2.75
Jeremiah Fears,IND,2,10.5,4.5,3.0
Jeremiah Fears,LAC,4,15.0,2.0,4.25
Jeremiah Fears,LAL,4,13.5,2.5,2.5
Jeremiah Fears,MEM,4,11.25,2.0,3.0
Jeremiah Fears,MIA,2,17.0,6.5,5.0
Jeremiah Fears,MIL,2,14.5,3.0,4.5
Jeremiah Fears,MIN,4,19.75,5.25,5.0
Jeremiah Fears,NYK,2,12.5,2.5,3.5
Jeremiah Fears,OKC,3,15.666666666666666,2.3333333333333335,2.0
Jeremiah Fears,ORL,2,17.5,3.5,5.0
Jeremiah Fears,PHI,2,9.5,5.5,3.5
Jeremiah Fears,PHX,4,12.5,3.25,1.25
Jeremiah Fears,POR,4,18.25,4.25,3.25
Jeremiah Fears,SAC,3,20.333333333333332,6.0,5.0
Jeremiah Fears,SAS,4,11.0,3.25,2.0
Jeremiah Fears,TOR,2,8.5,3.0,2.5
Jeremiah Fears,UTA,3,23.333333333333332,6.0,5.0
Jeremiah Fears,WAS,2,19.5,5.0,6.5
Jeremiah Robinson-Earl,ATL,5,9.0,5.8,1.2
Jeremiah Robinson-Earl,BKN,6,5.2,7.4,1.4
Jeremiah Robinson-Earl,BOS,3,6.666666666666667,6.0,0.3333333333333333
Jeremiah Robinson-Earl,CHA,5,6.8,4.8,1.0
Jeremiah Robinson-Earl,CHI,6,3.8,1.2,0.2
Jeremiah Robinson-Earl,CLE,9,4.0,4.2,1.4
Jeremiah Robinson-Earl,DAL,9,6.2,5.2,1.0
Jeremiah Robinson-Earl,DEN,11,3.4,3.8,0.6
Jeremiah Robinson-Earl,DET,9,6.6,3.2,1.8
Jeremiah Robinson-Earl,GSW,11,7.8,5.4,0.8
Jeremiah Robinson-Earl,HOU,12,4.0,2.2,1.0
Jeremiah Robinson-Earl,IND,4,4.5,4.25,0.5
Jeremiah Robinson-Earl,LAC,7,3.0,4.0,1.0
Jeremiah Robinson-Earl,LAL,12,5.0,3.0,0.2
Jeremiah Robinson-Earl,MEM,9,4.8,4.4,1.6
Jeremiah Robinson-Earl,MIA,4,9.25,4.5,1.25
Jeremiah Robinson-Earl,MIL,7,7.0,4.2,1.0
Jeremiah Robinson-Earl,MIN,10,6.4,5.6,0.4
Jeremiah Robinson-Earl,NOP,5,6.6,6.6,0.4
Jeremiah Robinson-Earl,NYK,6,4.8,2.8,0.8
Jeremiah Robinson-Earl,OKC,6,5.8,6.4,1.6
Jeremiah Robinson-Earl,ORL,5,8.0,4.0,1.4
Jeremiah Robinson-Earl,PHI,3,4.0,5.333333333333333,2.0
Jeremiah Robinson-Earl,PHX,10,4.4,3.8,0.6
Jeremiah Robinson-Earl,POR,8,3.2,2.2,0.6
Jeremiah Robinson-Earl,SAC,7,6.4,1.8,0.6
Jeremiah Robinson-Earl,SAS,7,4.4,4.2,0.8
Jeremiah Robinson-Earl,TOR,6,5.2,4.8,0.8
Jeremiah Robinson-Earl,UTA,10,6.4,5.2,1.8
Jeremiah Robinson-Earl,WAS,7,3.8,4.4,1.2
Jeremy Lamb,ATL,1,11.0,5.0,0.0
Jeremy Lamb,BKN,1,12.0,5.0,0.0
Jeremy Lamb,BOS,2,7.0,1.5,0.0
Jeremy Lamb,CHA,3,10.666666666666666,1.6666666666666667,2.0
Jeremy Lamb,CHI,2,2.5,1.0,1.0
Jeremy Lamb,DAL,2,2.5,2.0,1.5
Jeremy Lamb,DEN,3,8.333333333333334,4.333333333333333,2.0
Jeremy Lamb,DET,2,8.0,1.5,3.5
Jeremy Lamb,GSW,3,8.0,2.0,1.0
Jeremy Lamb,HOU,3,10.666666666666666,4.0,2.3333333333333335
Jeremy Lamb,IND,1,10.0,5.0,3.0
Jeremy Lamb,LAC,2,7.5,5.0,3.0
Jeremy Lamb,LAL,1,5.0,0.0,1.0
Jeremy Lamb,MIA,4,5.75,3.0,0.5
Jeremy Lamb,MIL,3,4.666666666666667,1.0,1.0
Jeremy Lamb,MIN,1,14.0,6.0,5.0
Jeremy Lamb,NOP,4,9.5,3.75,1.5
Jeremy Lamb,NYK,2,2.0,2.5,0.5
Jeremy Lamb,OKC,2,9.5,3.5,3.5
Jeremy Lamb,ORL,2,3.5,2.5,0.5
Jeremy Lamb,PHX,3,8.0,4.333333333333333,1.6666666666666667
Jeremy Lamb,SAC,1,2.0,2.0,0.0
Jeremy Lamb,SAS,1,0.0,2.0,0.0
Jeremy Lamb,TOR,2,11.5,1.0,1.0
Jeremy Lamb,UTA,3,5.666666666666667,1.3333333333333333,1.0
Jeremy Lamb,WAS,2,9.5,2.5,1.0
Jeremy Sochan,ATL,7,13.2,5.2,3.0
Jeremy Sochan,BKN,6,8.4,6.8,3.0
Jeremy Sochan,BOS,6,7.2,4.2,2.4
Jeremy Sochan,CHA,7,12.2,7.2,4.2
Jeremy Sochan,CHI,9,7.4,6.0,1.4
Jeremy Sochan,CLE,7,7.2,5.2,1.8
Jeremy Sochan,DAL,8,11.8,5.4,2.2
Jeremy Sochan,DEN,8,6.8,4.0,2.2
Jeremy Sochan,DET,5,7.4,3.8,1.6
Jeremy Sochan,GSW,8,7.8,4.0,2.4
Jeremy Sochan,HOU,12,6.6,3.2,1.2
Jeremy Sochan,IND,7,7.0,5.0,1.6
Jeremy Sochan,LAC,9,8.4,4.2,3.0
Jeremy Sochan,LAL,10,12.6,5.2,1.8
Jeremy Sochan,MEM,12,10.6,7.4,2.0
Jeremy Sochan,MIA,4,6.5,4.75,3.25
Jeremy Sochan,MIL,7,4.8,5.8,3.0
Jeremy Sochan,MIN,11,9.6,6.6,1.8
Jeremy Sochan,NOP,11,8.0,5.6,2.6
Jeremy Sochan,NYK,6,10.2,4.4,3.0
Jeremy Sochan,OKC,9,6.8,3.0,1.6
Jeremy Sochan,ORL,6,13.4,6.8,1.8
Jeremy Sochan,PHI,4,13.25,7.0,2.5
Jeremy Sochan,PHX,8,13.2,8.6,2.0
Jeremy Sochan,POR,9,12.0,6.6,2.8
Jeremy Sochan,SAC,9,11.8,6.8,2.0
Jeremy Sochan,SAS,1,1.0,1.0,0.0
Jeremy Sochan,TOR,6,5.8,3.2,1.4
Jeremy Sochan,UTA,10,6.4,3.0,1.2
Jeremy Sochan,WAS,6,9.4,4.4,1.8
Jericho Sims,ATL,11,2.6,3.6,1.0
Jericho Sims,BKN,15,6.8,7.4,2.6
Jericho Sims,BOS,11,2.8,4.0,1.8
Jericho Sims,CHA,13,1.2,2.2,0.4
Jericho Sims,CHI,12,3.0,5.2,0.8
Jericho Sims,CLE,11,3.8,5.8,1.2
Jericho Sims,DAL,8,5.4,6.8,0.8
Jericho Sims,DEN,6,1.6,4.8,0.8
Jericho Sims,DET,12,6.8,6.6,3.2
Jericho Sims,GSW,4,7.0,5.75,0.75
Jericho Sims,HOU,7,2.0,6.8,0.6
Jericho Sims,IND,12,2.6,5.4,1.4
Jericho Sims,LAC,6,3.4,2.6,1.4
Jericho Sims,LAL,6,1.2,3.2,0.4
Jericho Sims,MEM,4,4.0,3.5,0.75
Jericho Sims,MIA,10,4.6,4.6,2.0
Jericho Sims,MIL,4,0.5,1.25,0.25
Jericho Sims,MIN,6,3.4,3.6,0.8
Jericho Sims,NOP,8,4.6,8.0,2.2
Jericho Sims,NYK,1,2.0,4.0,1.0
Jericho Sims,OKC,5,4.4,4.8,0.4
Jericho Sims,ORL,12,7.6,7.2,1.4
Jericho Sims,PHI,16,5.8,5.4,0.6
Jericho Sims,PHX,7,4.2,5.2,1.4
Jericho Sims,POR,6,4.4,3.4,0.4
Jericho Sims,SAC,6,0.0,2.0,0.0
Jericho Sims,SAS,6,3.4,4.8,1.0
Jericho Sims,TOR,14,2.0,3.6,0.8
Jericho Sims,UTA,8,3.2,3.2,0.6
Jericho Sims,WAS,11,2.8,4.0,0.2
Jermaine Samuels Jr.,CHA,1,0.0,2.0,0.0
Jermaine Samuels Jr.,DAL,1,6.0,1.0,0.0
Jermaine Samuels Jr.,DEN,1,0.0,2.0,2.0
Jermaine Samuels Jr.,LAC,1,0.0,1.0,1.0
Jermaine Samuels Jr.,LAL,2,0.0,1.0,0.0
Jermaine Samuels Jr.,MIA,1,2.0,1.0,0.0
Jermaine Samuels Jr.,MIN,1,4.0,1.0,0.0
Jermaine Samuels Jr.,NOP,1,0.0,0.0,0.0
Jermaine Samuels Jr.,ORL,2,0.0,0.0,0.0
Jermaine Samuels Jr.,SAC,2,3.0,1.5,0.0
Jermaine Samuels Jr.,TOR,1,2.0,0.0,0.0
Jerome Robinson,ATL,1,0.0,0.0,1.0
Jerome Robinson,BOS,1,10.0,0.0,1.0
Jerome Robinson,CHA,2,1.0,0.0,0.0
Jerome Robinson,CHI,1,1.0,0.0,0.0
Jerome Robinson,DAL,1,4.0,2.0,0.0
Jerome Robinson,HOU,1,0.0,1.0,0.0
Jerome Robinson,IND,1,0.0,0.0,0.0
Jerome Robinson,LAL,1,6.0,0.0,0.0
Jerome Robinson,MEM,1,0.0,0.0,0.0
Jerome Robinson,MIA,2,0.0,0.0,0.0
Jerome Robinson,MIL,1,0.0,0.0,2.0
Jerome Robinson,NOP,1,0.0,2.0,0.0
Jerome Robinson,POR,1,3.0,0.0,0.0
Jerome Robinson,SAS,1,0.0,0.0,0.0
Jerome Robinson,TOR,2,0.0,0.5,0.5
Jerome Robinson,UTA,2,2.5,0.0,0.0
Jerome Robinson,WAS,2,0.0,0.0,0.0
Jesse Edwards,PHI,1,0.0,0.0,1.0
Jesse Edwards,PHX,1,0.0,0.0,0.0
Jett Howard,ATL,5,7.2,0.6,0.4
Jett Howard,BKN,8,3.4,0.6,0.8
Jett Howard,BOS,5,7.4,2.0,0.8
Jett Howard,CHA,7,4.2,1.0,1.4
Jett Howard,CHI,6,1.4,0.6,0.2
Jett Howard,CLE,4,6.0,2.5,1.0
Jett Howard,DAL,2,7.0,0.5,0.0
Jett Howard,DEN,3,5.0,2.6666666666666665,1.0
Jett Howard,DET,6,3.8,1.4,0.0
Jett Howard,GSW,3,3.6666666666666665,1.0,1.0
Jett Howard,HOU,5,1.8,1.8,1.0
Jett Howard,IND,7,6.6,0.4,0.6
Jett Howard,LAC,4,4.0,2.25,0.75
Jett Howard,LAL,4,2.25,2.25,1.0
Jett Howard,MEM,2,7.0,2.0,1.5
Jett Howard,MIA,4,2.5,1.5,0.25
Jett Howard,MIL,6,5.2,0.6,1.0
Jett Howard,MIN,3,7.0,4.0,1.3333333333333333
Jett Howard,NOP,2,0.0,0.5,0.5
Jett Howard,NYK,8,5.4,0.8,0.2
Jett Howard,OKC,5,2.6,0.8,0.2
Jett Howard,PHI,6,5.2,0.8,0.2
Jett Howard,PHX,3,6.0,1.3333333333333333,1.0
Jett Howard,POR,4,3.25,1.5,0.5
Jett Howard,SAC,4,6.25,0.75,0.25
Jett Howard,SAS,1,3.0,0.0,0.0
Jett Howard,TOR,5,3.8,0.2,0.4
Jett Howard,UTA,4,8.25,1.0,2.0
Jett Howard,WAS,7,7.6,2.8,1.8
Jevon Carter,ATL,15,8.4,1.4,1.8
Jevon Carter,BKN,11,2.6,1.0,0.2
Jevon Carter,BOS,12,3.6,1.0,1.0
Jevon Carter,CHA,12,3.4,0.8,1.2
Jevon Carter,CHI,11,10.4,3.4,2.4
Jevon Carter,CLE,15,8.2,1.6,2.4
Jevon Carter,DAL,9,4.8,1.0,1.6
Jevon Carter,DEN,7,8.0,1.6,1.2
Jevon Carter,DET,18,3.2,2.2,2.6
Jevon Carter,GSW,8,9.0,1.2,1.2
Jevon Carter,HOU,5,6.2,1.8,2.0
Jevon Carter,IND,14,5.2,1.4,1.0
Jevon Carter,LAC,8,5.6,1.4,1.6
Jevon Carter,LAL,10,3.0,1.6,0.6
Jevon Carter,MEM,7,8.0,1.0,2.8
Jevon Carter,MIA,15,6.0,1.8,1.4
Jevon Carter,MIL,11,2.0,0.8,0.6
Jevon Carter,MIN,11,5.4,0.8,2.6
Jevon Carter,NOP,9,7.0,1.8,1.2
Jevon Carter,NYK,9,1.0,0.6,1.4
Jevon Carter,OKC,10,6.8,1.4,1.8
Jevon Carter,ORL,9,5.8,0.6,1.6
Jevon Carter,PHI,10,7.6,1.4,0.8
Jevon Carter,PHX,9,6.4,1.2,0.8
Jevon Carter,POR,5,5.6,2.4,1.6
Jevon Carter,SAC,8,6.0,1.0,1.2
Jevon Carter,SAS,7,5.6,0.8,0.8
Jevon Carter,TOR,10,2.0,0.6,1.6
Jevon Carter,UTA,6,7.4,1.6,2.0
Jevon Carter,WAS,17,6.0,2.2,1.8
Jimmy Butler III,ATL,10,26.2,6.8,7.6
Jimmy Butler III,BKN,11,26.6,4.8,4.0
Jimmy Butler III,BOS,6,19.6,6.6,3.4
Jimmy Butler III,CHA,16,14.0,5.6,5.4
Jimmy Butler III,CHI,11,21.6,4.6,5.0
Jimmy Butler III,CLE,9,17.8,3.8,5.4
Jimmy Butler III,DAL,10,19.6,6.8,6.0
Jimmy Butler III,DEN,11,19.4,4.4,4.4
Jimmy Butler III,DET,10,24.8,8.4,6.6
Jimmy Butler III,GSW,4,23.0,5.5,5.5
Jimmy Butler III,HOU,8,18.2,5.0,3.8
Jimmy Butler III,IND,10,22.0,5.8,6.2
Jimmy Butler III,LAC,7,21.0,3.6,5.0
Jimmy Butler III,LAL,8,22.8,5.2,4.2
Jimmy Butler III,MEM,8,20.0,5.2,4.0
Jimmy Butler III,MIA,2,14.0,4.5,3.0
Jimmy Butler III,MIL,12,22.2,7.2,5.4
Jimmy Butler III,MIN,3,15.333333333333334,7.0,5.0
Jimmy Butler III,NOP,10,17.2,5.8,6.2
Jimmy Butler III,NYK,14,18.8,5.4,5.0
Jimmy Butler III,OKC,5,14.6,4.6,3.4
Jimmy Butler III,ORL,11,17.0,5.2,5.6
Jimmy Butler III,PHI,8,22.6,6.2,5.6
Jimmy Butler III,PHX,9,18.4,3.4,2.8
Jimmy Butler III,POR,12,18.0,5.8,5.0
Jimmy Butler III,SAC,8,19.2,4.6,6.4
Jimmy Butler III,SAS,11,19.6,4.8,6.2
Jimmy Butler III,TOR,15,17.8,5.8,6.0
Jimmy Butler III,UTA,6,20.4,4.4,5.2
Jimmy Butler III,WAS,9,20.4,6.8,3.4
Joan Beringer,ATL,1,0.0,2.0,0.0
Joan Beringer,BKN,2,0.0,0.5,0.0
Joan Beringer,BOS,1,0.0,0.0,0.0
Joan Beringer,CHA,2,2.0,0.0,0.0
Joan Beringer,CHI,2,0.0,2.0,0.0
Joan Beringer,CLE,1,6.0,2.0,0.0
Joan Beringer,DAL,4,5.75,2.5,0.25
Joan Beringer,DEN,1,0.0,0.0,0.0
Joan Beringer,DET,1,4.0,0.0,0.0
Joan Beringer,GSW,2,3.0,3.0,0.0
Joan Beringer,HOU,2,7.0,2.5,0.5
Joan Beringer,IND,1,2.0,1.0,0.0
Joan Beringer,LAC,1,4.0,1.0,1.0
Joan Beringer,LAL,2,1.0,2.0,0.5
Joan Beringer,MEM,1,2.0,0.0,0.0
Joan Beringer,MIA,1,6.0,2.0,0.0
Joan Beringer,MIL,1,13.0,5.0,2.0
Joan Beringer,NOP,2,13.0,7.5,1.0
Joan Beringer,NYK,1,2.0,0.0,0.0
Joan Beringer,OKC,1,0.0,1.0,0.0
Joan Beringer,ORL,1,9.0,8.0,1.0
Joan Beringer,PHI,1,7.0,3.0,0.0
Joan Beringer,POR,1,2.0,1.0,0.0
Joan Beringer,SAC,2,1.0,0.0,0.0
Joan Beringer,SAS,1,10.0,8.0,3.0
Joan Beringer,TOR,1,0.0,0.0,0.0
Joan Beringer,UTA,3,4.0,4.333333333333333,0.0
Jock Landale,ATL,7,5.8,7.0,1.4
Jock Landale,BKN,8,7.8,4.2,1.0
Jock Landale,BOS,7,5.6,4.2,1.6
Jock Landale,CHA,10,5.8,2.0,0.6
Jock Landale,CHI,4,8.75,7.25,2.25
Jock Landale,CLE,6,5.0,2.8,0.6
Jock Landale,DAL,13,5.8,3.4,2.0
Jock Landale,DEN,6,9.0,3.2,0.6
Jock Landale,DET,8,5.4,4.6,0.6
Jock Landale,GSW,13,9.6,4.4,1.4
Jock Landale,HOU,8,8.0,3.0,0.8
Jock Landale,IND,6,11.2,7.2,1.6
Jock Landale,LAC,15,7.6,4.0,1.8
Jock Landale,LAL,11,10.2,5.0,0.8
Jock Landale,MEM,14,4.2,2.8,0.8
Jock Landale,MIA,6,4.6,4.8,1.0
Jock Landale,MIL,7,7.4,3.8,1.4
Jock Landale,MIN,13,10.6,7.0,1.6
Jock Landale,NOP,17,11.4,5.4,0.6
Jock Landale,NYK,3,5.0,3.6666666666666665,0.6666666666666666
Jock Landale,OKC,13,8.0,6.0,1.8
Jock Landale,ORL,10,8.6,3.2,1.4
Jock Landale,PHI,10,6.8,3.0,1.0
Jock Landale,PHX,9,4.0,3.4,2.2
Jock Landale,POR,15,10.2,4.8,1.4
Jock Landale,SAC,11,11.8,6.0,2.4
Jock Landale,SAS,10,9.8,6.2,0.8
Jock Landale,TOR,7,7.0,5.4,0.8
Jock Landale,UTA,14,13.4,7.2,1.8
Jock Landale,WAS,8,6.0,4.0,1.2
Joe Harris,ATL,5,8.0,2.0,1.2
Joe Harris,BKN,1,0.0,1.0,0.0
Joe Harris,BOS,4,11.5,3.25,0.75
Joe Harris,CHA,5,6.8,2.8,0.8
Joe Harris,CHI,6,7.2,1.6,1.0
Joe Harris,CLE,2,10.5,3.5,1.0
Joe Harris,DAL,1,14.0,5.0,4.0
Joe Harris,DEN,2,7.0,1.5,1.0
Joe Harris,DET,5,9.4,2.6,0.8
Joe Harris,GSW,2,12.5,2.5,3.0
Joe Harris,HOU,2,6.0,1.0,2.0
Joe Harris,IND,4,6.75,1.5,1.25
Joe Harris,LAC,2,6.5,4.0,3.0
Joe Harris,LAL,2,6.5,3.5,1.5
Joe Harris,MEM,2,10.5,3.5,2.5
Joe Harris,MIA,5,6.8,1.6,0.2
Joe Harris,MIL,5,2.4,1.6,1.0
Joe Harris,MIN,2,2.5,1.0,0.5
Joe Harris,NOP,3,11.0,3.0,0.6666666666666666
Joe Harris,NYK,4,8.75,2.0,1.5
Joe Harris,OKC,4,3.5,2.25,1.25
Joe Harris,ORL,5,7.0,2.2,0.6
Joe Harris,PHI,5,9.2,2.0,0.6
Joe Harris,PHX,3,8.0,1.6666666666666667,2.3333333333333335
Joe Harris,POR,3,10.0,1.6666666666666667,1.6666666666666667
Joe Harris,SAC,4,3.75,1.0,0.25
Joe Harris,SAS,3,2.6666666666666665,1.0,0.0
Joe Harris,TOR,5,8.2,3.0,2.4
Joe Harris,UTA,2,4.5,1.5,2.0
Joe Harris,WAS,6,7.0,2.2,1.4
Joe Ingles,ATL,7,3.2,2.0,3.2
Joe Ingles,BKN,7,5.6,3.0,3.0
Joe Ingles,BOS,6,4.8,3.0,1.8
Joe Ingles,CHA,7,2.8,2.0,3.2
Joe Ingles,CHI,8,5.8,1.4,3.2
Joe Ingles,CLE,11,3.8,1.2,1.8
Joe Ingles,DAL,5,1.4,2.0,2.2
Joe Ingles,DEN,6,4.4,1.8,3.2
Joe Ingles,DET,8,2.2,1.4,2.2
Joe Ingles,GSW,6,6.0,1.6,3.6
Joe Ingles,HOU,4,7.75,4.25,3.75
Joe Ingles,IND,6,6.2,2.4,2.2
Joe Ingles,LAC,9,1.4,0.4,1.8
Joe Ingles,LAL,6,1.8,0.8,1.8
Joe Ingles,MEM,4,5.0,1.25,2.0
Joe Ingles,MIA,10,4.6,1.0,2.2
Joe Ingles,MIL,6,2.8,3.0,3.0
Joe Ingles,MIN,5,9.4,3.0,5.4
Joe Ingles,NOP,9,5.6,2.8,3.6
Joe Ingles,NYK,5,6.0,1.4,3.2
Joe Ingles,OKC,7,0.0,0.4,1.0
Joe Ingles,ORL,4,10.0,3.0,4.25
Joe Ingles,PHI,7,4.4,1.2,2.6
Joe Ingles,PHX,7,2.4,1.0,2.0
Joe Ingles,POR,7,1.4,2.0,1.2
Joe Ingles,SAC,7,1.8,0.8,1.4
Joe Ingles,SAS,5,8.8,2.6,2.8
Joe Ingles,TOR,9,3.2,1.2,2.4
Joe Ingles,UTA,6,3.2,0.8,1.4
Joe Ingles,WAS,11,7.6,2.2,3.2
Joe Johnson,CLE,1,2.0,0.0,0.0
Joe Wieskamp,ATL,1,0.0,1.0,1.0
Joe Wieskamp,BKN,1,3.0,0.0,0.0
Joe Wieskamp,BOS,1,0.0,0.0,0.0
Joe Wieskamp,CHA,2,0.0,0.5,0.0
Joe Wieskamp,CLE,1,0.0,2.0,0.0
Joe Wieskamp,DAL,1,0.0,1.0,0.0
Joe Wieskamp,DEN,1,0.0,1.0,0.0
Joe Wieskamp,DET,2,1.5,0.5,0.5
Joe Wieskamp,GSW,2,3.0,1.0,1.0
Joe Wieskamp,MEM,2,0.0,0.0,0.5
Joe Wieskamp,MIA,2,2.5,0.0,0.0
Joe Wieskamp,MIL,1,0.0,1.0,2.0
Joe Wieskamp,MIN,4,2.5,0.25,0.25
Joe Wieskamp,NOP,2,5.5,0.0,1.0
Joe Wieskamp,NYK,3,2.3333333333333335,0.3333333333333333,0.0
Joe Wieskamp,OKC,2,0.0,1.0,0.5
Joe Wieskamp,PHI,1,1.0,2.0,0.0
Joe Wieskamp,PHX,1,0.0,0.0,0.0
Joe Wieskamp,POR,2,3.0,0.5,0.0
Joe Wieskamp,SAC,1,3.0,0.0,0.0
Joe Wieskamp,TOR,2,6.5,0.5,0.5
Joe Wieskamp,UTA,2,1.0,0.0,0.0
Joe Wieskamp,WAS,1,0.0,0.0,0.0
Joel Ayayi,BKN,1,0.0,0.0,0.0
Joel Ayayi,CHA,1,0.0,0.0,1.0
Joel Ayayi,CLE,1,0.0,0.0,0.0
Joel Ayayi,MIA,1,0.0,1.0,1.0
Joel Ayayi,PHI,1,2.0,1.0,1.0
Joel Ayayi,TOR,1,0.0,1.0,0.0
Joel Ayayi,UTA,1,0.0,0.0,1.0
Joel Embiid,ATL,10,28.0,9.4,4.2
Joel Embiid,BKN,10,27.6,10.0,5.2
Joel Embiid,BOS,14,17.2,6.6,3.6
Joel Embiid,CHA,11,31.6,7.6,4.6
Joel Embiid,CHI,13,29.6,8.8,4.8
Joel Embiid,CLE,10,30.0,10.8,3.8
Joel Embiid,DAL,6,28.6,8.0,4.8
Joel Embiid,DEN,4,38.5,11.0,5.25
Joel Embiid,DET,10,33.8,11.6,4.8
Joel Embiid,GSW,6,26.8,9.8,3.8
Joel Embiid,HOU,6,33.2,9.2,5.2
Joel Embiid,IND,12,27.8,7.0,4.0
Joel Embiid,LAC,5,35.2,8.8,3.4
Joel Embiid,LAL,7,30.8,9.6,5.8
Joel Embiid,MEM,5,32.2,12.6,5.0
Joel Embiid,MIA,9,22.6,7.2,3.4
Joel Embiid,MIL,9,27.8,8.6,6.4
Joel Embiid,MIN,6,35.0,10.2,4.6
Joel Embiid,NOP,5,36.6,10.0,4.6
Joel Embiid,NYK,10,28.4,9.0,4.8
Joel Embiid,OKC,6,26.0,11.8,6.4
Joel Embiid,ORL,10,27.6,9.6,3.4
Joel Embiid,PHX,6,31.4,11.0,3.4
Joel Embiid,POR,4,35.75,10.0,4.0
Joel Embiid,SAC,3,34.666666666666664,8.0,5.333333333333333
Joel Embiid,SAS,7,37.2,11.2,2.8
Joel Embiid,TOR,12,28.4,9.8,5.6
Joel Embiid,UTA,4,35.0,8.0,4.0
Joel Embiid,WAS,10,37.0,9.8,5.2
John Butler Jr.,CHI,1,0.0,1.0,0.0
John Butler Jr.,CLE,1,0.0,1.0,1.0
John Butler Jr.,GSW,1,3.0,1.0,0.0
John Butler Jr.,LAC,1,7.0,1.0,3.0
John Butler Jr.,LAL,2,0.0,0.0,0.0
John Butler Jr.,MEM,1,10.0,5.0,0.0
John Butler Jr.,MIL,2,0.0,0.0,0.0
John Butler Jr.,MIN,1,5.0,1.0,0.0
John Butler Jr.,NOP,1,0.0,1.0,0.0
John Butler Jr.,PHX,1,2.0,1.0,0.0
John Butler Jr.,SAC,3,2.0,1.0,1.0
John Butler Jr.,SAS,2,6.0,1.0,2.0
John Butler Jr.,TOR,1,0.0,0.0,0.0
John Butler Jr.,UTA,1,0.0,0.0,0.0
John Collins,ATL,4,11.75,9.25,1.25
John Collins,BKN,10,14.6,6.0,0.6
John Collins,BOS,9,17.8,5.8,0.8
John Collins,CHA,9,10.6,9.0,1.0
John Collins,CHI,7,19.8,7.6,1.6
John Collins,CLE,6,13.6,4.6,0.8
John Collins,DAL,14,13.0,5.2,0.8
John Collins,DEN,10,13.0,6.8,2.8
John Collins,DET,10,17.2,7.4,1.2
John Collins,GSW,10,14.8,6.4,1.4
John Collins,HOU,10,16.2,6.0,1.8
John Collins,IND,9,14.2,7.0,1.2
John Collins,LAC,9,15.4,9.0,1.4
John Collins,LAL,15,15.4,6.2,0.8
John Collins,MEM,10,13.8,4.6,0.6
John Collins,MIA,12,14.8,6.0,1.6
John Collins,MIL,11,16.4,5.2,1.6
John Collins,MIN,11,16.6,5.8,0.4
John Collins,NOP,11,15.8,6.8,1.4
John Collins,NYK,9,14.8,9.0,1.0
John Collins,OKC,11,19.4,6.4,1.6
John Collins,ORL,10,15.8,7.4,0.8
John Collins,PHI,11,15.8,7.2,1.2
John Collins,PHX,15,15.8,5.8,1.8
John Collins,POR,10,12.2,4.0,1.0
John Collins,SAC,11,18.4,5.2,1.4
John Collins,SAS,13,15.8,10.4,2.4
John Collins,TOR,8,6.8,6.4,1.2
John Collins,UTA,7,11.6,5.6,1.2
John Collins,WAS,10,16.0,8.4,1.0
John Konchar,ATL,9,3.4,3.2,1.4
John Konchar,BKN,7,5.6,4.2,2.2
John Konchar,BOS,7,3.4,2.6,0.8
John Konchar,CHA,8,6.2,5.6,2.4
John Konchar,CHI,6,1.4,3.0,1.4
John Konchar,CLE,7,4.0,4.0,1.8
John Konchar,DAL,16,3.0,7.2,1.8
John Konchar,DEN,16,7.8,5.0,2.2
John Konchar,DET,5,6.2,4.2,0.8
John Konchar,GSW,12,2.8,7.0,3.4
John Konchar,HOU,15,4.6,4.2,2.0
John Konchar,IND,7,5.4,3.6,1.4
John Konchar,LAC,11,3.0,1.8,1.2
John Konchar,LAL,9,4.4,3.4,2.4
John Konchar,MEM,2,8.5,8.5,7.0
John Konchar,MIA,7,3.4,3.4,1.8
John Konchar,MIL,5,5.8,5.0,1.4
John Konchar,MIN,12,2.8,2.6,0.6
John Konchar,NOP,19,5.6,5.0,2.8
John Konchar,NYK,8,3.0,3.2,1.6
John Konchar,OKC,13,3.2,5.6,1.4
John Konchar,ORL,8,4.2,4.4,2.6
John Konchar,PHI,7,5.8,4.4,1.2
John Konchar,PHX,13,3.0,4.0,1.8
John Konchar,POR,13,3.6,3.8,1.6
John Konchar,SAC,13,2.6,4.6,0.8
John Konchar,SAS,14,3.0,2.2,2.2
John Konchar,TOR,10,6.8,3.4,1.4
John Konchar,UTA,12,5.8,4.8,1.6
John Konchar,WAS,10,3.6,7.8,3.2
John Poulakidas,CHA,1,0.0,5.0,2.0
John Poulakidas,CHI,1,28.0,2.0,4.0
John Poulakidas,CLE,1,10.0,3.0,0.0
John Poulakidas,DEN,1,3.0,1.0,0.0
John Poulakidas,GSW,1,9.0,0.0,1.0
John Poulakidas,LAC,1,3.0,6.0,0.0
John Poulakidas,LAL,1,5.0,0.0,0.0
John Poulakidas,MIL,1,11.0,2.0,1.0
John Poulakidas,MIN,1,8.0,3.0,0.0
John Poulakidas,NOP,1,3.0,2.0,0.0
John Poulakidas,ORL,1,0.0,4.0,2.0
John Poulakidas,PHX,1,23.0,1.0,1.0
John Poulakidas,SAS,1,12.0,1.0,0.0
John Tonje,ATL,1,0.0,0.0,0.0
John Tonje,BKN,1,2.0,2.0,1.0
John Tonje,CHA,1,0.0,0.0,0.0
John Tonje,MIL,1,0.0,0.0,0.0
John Tonje,ORL,1,13.0,4.0,1.0
John Tonje,PHX,1,0.0,0.0,0.0
John Wall,ATL,1,5.0,2.0,5.0
John Wall,BKN,1,14.0,1.0,6.0
John Wall,BOS,2,7.0,2.5,4.0
John Wall,CHA,2,8.0,3.5,7.5
John Wall,DAL,2,11.0,4.5,4.0
John Wall,DEN,2,19.5,3.5,3.0
John Wall,DET,2,9.5,3.0,4.5
John Wall,GSW,1,9.0,4.0,3.0
John Wall,HOU,1,6.0,1.0,4.0
John Wall,IND,2,8.5,1.5,5.0
John Wall,LAL,2,12.5,4.0,4.5
John Wall,MIA,2,7.5,3.0,6.0
John Wall,MIN,1,14.0,1.0,8.0
John Wall,NOP,1,8.0,0.0,6.0
John Wall,OKC,2,14.5,3.5,5.0
John Wall,PHX,2,14.5,2.0,4.5
John Wall,SAC,1,12.0,0.0,1.0
John Wall,SAS,2,10.0,3.5,10.5
John Wall,UTA,3,17.0,3.3333333333333335,6.333333333333333
John Wall,WAS,2,11.0,2.0,4.5
Johni Broome,BKN,3,2.0,0.6666666666666666,0.3333333333333333
Johni Broome,CLE,1,0.0,0.0,0.0
Johni Broome,GSW,1,0.0,0.0,0.0
Johni Broome,MIA,1,0.0,1.0,0.0
Johni Broome,MIL,1,0.0,0.0,0.0
Johni Broome,NYK,1,0.0,1.0,0.0
Johni Broome,ORL,1,4.0,6.0,2.0
Johni Broome,POR,1,0.0,2.0,0.0
Johni Broome,WAS,1,0.0,4.0,1.0
Johnny Davis,ATL,5,6.2,2.6,1.0
Johnny Davis,BKN,3,1.3333333333333333,1.0,0.3333333333333333
Johnny Davis,BOS,7,4.8,1.6,0.8
Johnny Davis,CHA,4,0.0,0.5,0.0
Johnny Davis,CHI,6,6.2,1.0,1.0
Johnny Davis,CLE,8,2.8,2.2,0.6
Johnny Davis,DAL,3,2.6666666666666665,1.3333333333333333,1.0
Johnny Davis,DEN,3,5.333333333333333,3.0,0.6666666666666666
Johnny Davis,DET,6,2.6,1.2,0.2
Johnny Davis,GSW,2,3.0,0.5,0.0
Johnny Davis,HOU,4,5.0,2.5,2.0
Johnny Davis,IND,2,1.0,0.5,0.5
Johnny Davis,LAC,4,2.5,1.25,1.0
Johnny Davis,LAL,3,0.6666666666666666,1.3333333333333333,0.0
Johnny Davis,MEM,3,4.0,2.0,0.0
Johnny Davis,MIA,7,5.4,3.0,0.2
Johnny Davis,MIL,4,6.75,3.25,1.5
Johnny Davis,MIN,3,4.333333333333333,1.0,0.0
Johnny Davis,NOP,2,0.0,0.0,0.0
Johnny Davis,NYK,5,4.0,1.2,0.6
Johnny Davis,OKC,3,0.6666666666666666,2.6666666666666665,0.6666666666666666
Johnny Davis,ORL,6,4.0,1.4,0.4
Johnny Davis,PHI,3,1.3333333333333333,1.0,1.0
Johnny Davis,PHX,2,2.5,1.0,0.5
Johnny Davis,POR,2,5.0,0.5,1.5
Johnny Davis,SAC,3,3.3333333333333335,1.0,0.3333333333333333
Johnny Davis,SAS,1,2.0,0.0,1.0
Johnny Davis,TOR,5,3.8,1.2,0.8
Johnny Davis,UTA,3,1.0,0.3333333333333333,0.3333333333333333
Johnny Furphy,ATL,2,3.0,3.5,1.0
Johnny Furphy,BKN,2,7.0,3.5,0.0
Johnny Furphy,BOS,6,5.2,4.0,1.0
Johnny Furphy,CHA,4,2.25,1.75,0.75
Johnny Furphy,CHI,6,1.6,3.2,0.6
Johnny Furphy,CLE,4,6.0,5.5,1.75
Johnny Furphy,DEN,2,0.0,3.0,0.5
Johnny Furphy,DET,3,2.3333333333333335,2.0,0.3333333333333333
Johnny Furphy,GSW,2,2.5,1.5,0.0
Johnny Furphy,HOU,4,4.25,2.25,0.5
Johnny Furphy,LAC,1,0.0,0.0,0.0
Johnny Furphy,MEM,2,3.0,0.5,0.0
Johnny Furphy,MIA,4,4.75,4.0,1.0
Johnny Furphy,MIL,4,3.5,4.5,1.25
Johnny Furphy,MIN,1,0.0,0.0,0.0
Johnny Furphy,NOP,3,8.333333333333334,2.3333333333333335,0.6666666666666666
Johnny Furphy,NYK,4,0.0,1.75,0.25
Johnny Furphy,OKC,3,1.3333333333333333,4.0,1.0
Johnny Furphy,ORL,4,6.5,3.75,1.0
Johnny Furphy,PHI,5,1.2,1.0,0.4
Johnny Furphy,PHX,1,0.0,0.0,0.0
Johnny Furphy,POR,2,0.0,0.0,0.0
Johnny Furphy,SAC,2,3.5,1.5,0.0
Johnny Furphy,SAS,3,3.0,1.3333333333333333,0.3333333333333333
Johnny Furphy,TOR,4,4.25,3.0,1.25
Johnny Furphy,UTA,2,8.0,3.5,3.0
Johnny Furphy,WAS,5,2.6,1.6,0.2
Johnny Juzang,ATL,4,13.75,3.0,1.75
Johnny Juzang,BKN,2,3.0,1.0,0.5
Johnny Juzang,BOS,4,6.0,3.5,0.5
Johnny Juzang,CHA,3,6.0,1.0,0.0
Johnny Juzang,CHI,4,5.0,2.0,1.25
Johnny Juzang,CLE,3,6.333333333333333,2.0,0.6666666666666666
Johnny Juzang,DAL,6,1.0,1.6,0.6
Johnny Juzang,DEN,9,4.8,2.6,1.0
Johnny Juzang,DET,2,6.5,3.5,0.0
Johnny Juzang,GSW,4,10.0,1.0,0.75
Johnny Juzang,HOU,6,8.8,2.2,1.6
Johnny Juzang,IND,1,17.0,3.0,0.0
Johnny Juzang,LAC,5,12.0,3.4,1.6
Johnny Juzang,LAL,6,7.2,2.8,1.4
Johnny Juzang,MEM,1,13.0,1.0,5.0
Johnny Juzang,MIA,4,3.25,3.25,0.0
Johnny Juzang,MIL,3,8.0,2.3333333333333335,1.6666666666666667
Johnny Juzang,MIN,4,9.25,3.25,1.25
Johnny Juzang,NOP,2,5.5,1.5,0.5
Johnny Juzang,NYK,2,11.0,4.0,1.0
Johnny Juzang,OKC,7,9.4,2.2,1.0
Johnny Juzang,ORL,2,7.5,2.5,1.5
Johnny Juzang,PHI,2,10.5,6.0,1.0
Johnny Juzang,PHX,5,3.0,0.8,0.8
Johnny Juzang,POR,5,11.6,2.4,0.2
Johnny Juzang,SAC,10,3.2,0.8,0.4
Johnny Juzang,SAS,9,3.8,2.2,0.4
Johnny Juzang,TOR,3,6.333333333333333,2.0,0.3333333333333333
Johnny Juzang,UTA,1,0.0,0.0,0.0
Johnny Juzang,WAS,4,13.0,4.5,1.25
Jon Teske,BKN,1,0.0,0.0,0.0
Jon Teske,DET,1,0.0,1.0,1.0
Jon Teske,LAC,1,0.0,1.0,0.0
Jonas Valanciunas,ATL,1,8.0,4.0,2.0
Jonas Valanciunas,BKN,1,12.0,9.0,3.0
Jonas Valanciunas,BOS,1,11.0,6.0,2.0
Jonas Valanciunas,CHA,1,8.0,4.0,3.0
Jonas Valanciunas,CHI,2,6.0,3.0,0.5
Jonas Valanciunas,CLE,1,12.0,4.0,0.0
Jonas Valanciunas,DAL,2,8.0,4.0,1.5
Jonas Valanciunas,DET,2,13.5,13.5,1.0
Jonas Valanciunas,GSW,4,7.5,3.25,1.5
Jonas Valanciunas,HOU,4,9.5,2.5,1.25
Jonas Valanciunas,IND,2,7.5,4.0,1.5
Jonas Valanciunas,LAC,3,8.333333333333334,4.333333333333333,1.0
Jonas Valanciunas,LAL,2,3.0,2.5,0.5
Jonas Valanciunas,MEM,4,8.25,4.75,0.25
Jonas Valanciunas,MIA,2,6.0,5.0,0.5
Jonas Valanciunas,MIN,4,3.5,4.75,0.75
Jonas Valanciunas,NOP,2,12.0,6.5,1.5
Jonas Valanciunas,NYK,2,2.0,1.5,1.0
Jonas Valanciunas,OKC,4,11.0,6.0,1.75
Jonas Valanciunas,ORL,2,7.0,4.5,0.5
Jonas Valanciunas,PHI,1,8.0,9.0,1.0
Jonas Valanciunas,PHX,2,10.5,5.0,2.0
Jonas Valanciunas,POR,3,10.0,4.333333333333333,1.0
Jonas Valanciunas,SAC,4,10.25,4.5,1.0
Jonas Valanciunas,SAS,4,7.75,6.0,1.5
Jonas Valanciunas,TOR,1,17.0,9.0,4.0
Jonas Valanciunas,UTA,3,12.666666666666666,7.666666666666667,0.6666666666666666
Jonas Valanciunas,WAS,1,16.0,9.0,2.0
Jonas Valančiūnas,ATL,9,9.0,7.6,2.2
Jonas Valančiūnas,BKN,6,11.8,9.4,1.2
Jonas Valančiūnas,BOS,9,7.4,4.8,1.6
Jonas Valančiūnas,CHA,11,9.2,10.4,2.8
Jonas Valančiūnas,CHI,10,8.8,8.0,1.8
Jonas Valančiūnas,CLE,11,9.0,7.6,1.0
Jonas Valančiūnas,DAL,16,10.2,6.6,1.6
Jonas Valančiūnas,DEN,13,16.0,8.2,3.0
Jonas Valančiūnas,DET,8,18.4,11.4,2.2
Jonas Valančiūnas,GSW,12,8.4,7.4,2.2
Jonas Valančiūnas,HOU,15,17.6,10.8,1.8
Jonas Valančiūnas,IND,8,8.2,7.0,2.2
Jonas Valančiūnas,LAC,15,10.2,8.6,2.0
Jonas Valančiūnas,LAL,13,7.6,6.2,1.8
Jonas Valančiūnas,MEM,15,13.4,8.6,1.6
Jonas Valančiūnas,MIA,7,11.2,10.6,0.4
Jonas Valančiūnas,MIL,8,14.0,8.0,3.2
Jonas Valančiūnas,MIN,13,13.0,9.8,3.2
Jonas Valančiūnas,NOP,5,6.0,5.6,1.4
Jonas Valančiūnas,NYK,10,13.0,9.4,2.0
Jonas Valančiūnas,OKC,12,9.0,8.2,0.6
Jonas Valančiūnas,ORL,7,7.4,4.6,1.0
Jonas Valančiūnas,PHI,6,12.2,10.2,1.6
Jonas Valančiūnas,PHX,15,11.4,5.8,1.8
Jonas Valančiūnas,POR,11,8.6,6.2,3.0
Jonas Valančiūnas,SAC,11,16.8,11.2,1.8
Jonas Valančiūnas,SAS,14,18.0,11.2,4.4
Jonas Valančiūnas,TOR,7,10.8,11.6,2.0
Jonas Valančiūnas,UTA,12,12.0,8.6,2.0
Jonas Valančiūnas,WAS,7,13.0,8.8,1.4
Jonathan Isaac,ATL,9,4.2,3.8,0.6
Jonathan Isaac,BKN,8,2.2,3.4,0.6
Jonathan Isaac,BOS,9,2.6,2.0,0.4
Jonathan Isaac,CHA,8,4.4,3.2,0.8
Jonathan Isaac,CHI,10,3.0,3.2,0.4
Jonathan Isaac,CLE,6,3.2,3.6,0.4
Jonathan Isaac,DAL,3,1.6666666666666667,3.0,0.6666666666666666
Jonathan Isaac,DEN,5,5.4,4.0,1.0
Jonathan Isaac,DET,10,5.0,2.2,0.2
Jonathan Isaac,GSW,5,3.8,4.8,0.6
Jonathan Isaac,HOU,6,4.6,4.4,0.2
Jonathan Isaac,IND,8,8.4,5.6,1.6
Jonathan Isaac,LAC,5,4.6,4.4,0.6
Jonathan Isaac,LAL,5,2.0,3.0,0.6
Jonathan Isaac,MEM,2,5.0,2.5,0.0
Jonathan Isaac,MIA,11,3.2,3.8,0.6
Jonathan Isaac,MIL,8,6.8,3.4,0.8
Jonathan Isaac,MIN,4,4.75,4.75,0.25
Jonathan Isaac,NOP,5,7.0,3.0,1.2
Jonathan Isaac,NYK,12,6.2,5.4,0.2
Jonathan Isaac,OKC,5,3.2,2.4,0.4
Jonathan Isaac,PHI,7,10.8,6.8,0.6
Jonathan Isaac,PHX,3,6.0,2.6666666666666665,0.3333333333333333
Jonathan Isaac,POR,6,5.2,4.8,0.4
Jonathan Isaac,SAC,4,6.75,4.5,1.0
Jonathan Isaac,SAS,6,8.0,4.6,0.4
Jonathan Isaac,TOR,8,1.6,3.0,0.2
Jonathan Isaac,UTA,5,1.8,2.4,0.6
Jonathan Isaac,WAS,9,4.2,4.0,0.2
Jonathan Kuminga,ATL,7,15.4,5.4,2.4
Jonathan Kuminga,BKN,8,14.4,5.6,1.6
Jonathan Kuminga,BOS,8,9.2,4.2,1.8
Jonathan Kuminga,CHA,5,5.8,3.8,1.6
Jonathan Kuminga,CHI,5,15.4,4.4,1.6
Jonathan Kuminga,CLE,10,16.4,6.6,2.8
Jonathan Kuminga,DAL,13,17.8,3.6,2.8
Jonathan Kuminga,DEN,16,11.6,4.2,2.6
Jonathan Kuminga,DET,6,9.0,4.8,1.2
Jonathan Kuminga,GSW,1,2.0,4.0,2.0
Jonathan Kuminga,HOU,13,18.4,6.0,1.6
Jonathan Kuminga,IND,9,15.4,6.2,2.8
Jonathan Kuminga,LAC,15,16.0,6.0,3.2
Jonathan Kuminga,LAL,14,16.0,6.4,3.4
Jonathan Kuminga,MEM,13,14.6,5.0,2.6
Jonathan Kuminga,MIA,5,13.4,4.2,1.4
Jonathan Kuminga,MIL,7,20.2,3.6,2.6
Jonathan Kuminga,MIN,13,12.6,3.6,1.6
Jonathan Kuminga,NOP,13,13.2,4.0,2.4
Jonathan Kuminga,NYK,8,13.8,4.6,2.8
Jonathan Kuminga,OKC,14,16.8,6.2,1.6
Jonathan Kuminga,ORL,5,12.2,4.4,1.4
Jonathan Kuminga,PHI,8,15.4,5.2,3.2
Jonathan Kuminga,PHX,13,13.4,4.6,2.0
Jonathan Kuminga,POR,13,15.0,6.0,1.6
Jonathan Kuminga,SAC,13,17.0,3.4,1.6
Jonathan Kuminga,SAS,11,12.8,3.2,0.8
Jonathan Kuminga,TOR,8,17.6,3.8,2.6
Jonathan Kuminga,UTA,12,10.0,3.6,3.2
Jonathan Kuminga,WAS,8,20.4,6.4,3.4
Jonathan Mogbo,ATL,2,4.0,4.0,0.5
Jonathan Mogbo,BKN,6,7.0,3.8,2.8
Jonathan Mogbo,BOS,5,2.6,2.4,1.0
Jonathan Mogbo,CHA,4,8.75,4.75,3.75
Jonathan Mogbo,CHI,5,2.2,3.6,1.0
Jonathan Mogbo,CLE,3,9.333333333333334,4.0,1.3333333333333333
Jonathan Mogbo,DAL,3,5.333333333333333,5.0,3.3333333333333335
Jonathan Mogbo,DEN,2,5.0,4.5,1.5
Jonathan Mogbo,DET,4,3.25,4.5,0.75
Jonathan Mogbo,GSW,3,2.3333333333333335,3.3333333333333335,1.3333333333333333
Jonathan Mogbo,HOU,4,3.75,3.0,1.5
Jonathan Mogbo,IND,5,4.6,2.8,0.6
Jonathan Mogbo,LAC,2,2.0,1.5,2.0
Jonathan Mogbo,LAL,4,3.25,3.75,1.25
Jonathan Mogbo,MEM,3,4.0,4.333333333333333,1.3333333333333333
Jonathan Mogbo,MIA,6,2.4,3.8,2.0
Jonathan Mogbo,MIL,5,1.8,1.6,0.4
Jonathan Mogbo,MIN,3,2.6666666666666665,3.6666666666666665,1.3333333333333333
Jonathan Mogbo,NOP,2,2.0,1.5,1.0
Jonathan Mogbo,NYK,8,2.2,1.6,0.4
Jonathan Mogbo,OKC,2,13.5,2.5,2.0
Jonathan Mogbo,ORL,3,2.3333333333333335,4.666666666666667,1.3333333333333333
Jonathan Mogbo,PHI,4,7.75,5.0,3.25
Jonathan Mogbo,PHX,4,3.0,2.0,1.5
Jonathan Mogbo,POR,2,5.0,2.0,2.5
Jonathan Mogbo,SAC,3,4.666666666666667,6.666666666666667,1.3333333333333333
Jonathan Mogbo,SAS,3,5.666666666666667,8.0,5.0
Jonathan Mogbo,UTA,1,4.0,4.0,1.0
Jonathan Mogbo,WAS,2,4.0,5.5,1.0
Jontay Porter,ATL,1,12.0,7.0,3.0
Jontay Porter,BOS,1,2.0,4.0,3.0
Jontay Porter,CHA,1,0.0,1.0,2.0
Jontay Porter,CHI,2,5.0,3.0,2.5
Jontay Porter,CLE,1,0.0,0.0,0.0
Jontay Porter,DEN,1,14.0,2.0,5.0
Jontay Porter,DET,1,10.0,6.0,6.0
Jontay Porter,GSW,1,2.0,2.0,1.0
Jontay Porter,HOU,1,7.0,3.0,0.0
Jontay Porter,LAC,2,4.5,5.0,2.5
Jontay Porter,LAL,1,0.0,0.0,3.0
Jontay Porter,MEM,2,0.0,2.5,0.0
Jontay Porter,MIA,1,6.0,4.0,2.0
Jontay Porter,NOP,1,5.0,3.0,2.0
Jontay Porter,NYK,1,6.0,2.0,1.0
Jontay Porter,OKC,1,7.0,3.0,8.0
Jontay Porter,ORL,2,2.0,5.5,3.5
Jontay Porter,POR,1,0.0,0.0,0.0
Jontay Porter,SAC,2,5.0,2.5,0.0
Jontay Porter,SAS,1,2.0,2.0,1.0
Jontay Porter,UTA,1,9.0,6.0,6.0
Jordan Bell,WAS,1,0.0,1.0,0.0
Jordan Clarkson,ATL,8,8.2,2.0,2.4
Jordan Clarkson,BKN,8,10.2,1.8,3.2
Jordan Clarkson,BOS,8,7.8,1.2,1.0
Jordan Clarkson,CHA,9,7.8,3.4,1.4
Jordan Clarkson,CHI,10,10.8,1.8,3.0
Jordan Clarkson,CLE,9,13.2,2.2,2.0
Jordan Clarkson,DAL,13,9.2,3.4,3.2
Jordan Clarkson,DEN,11,18.2,3.0,3.4
Jordan Clarkson,DET,8,15.8,3.2,4.0
Jordan Clarkson,GSW,13,16.0,1.8,3.4
Jordan Clarkson,HOU,9,19.8,5.6,3.6
Jordan Clarkson,IND,11,12.2,2.2,1.4
Jordan Clarkson,LAC,14,15.4,2.0,2.0
Jordan Clarkson,LAL,12,16.2,3.4,3.8
Jordan Clarkson,MEM,14,12.4,3.2,3.2
Jordan Clarkson,MIA,9,11.6,2.6,2.0
Jordan Clarkson,MIL,10,9.4,2.4,2.2
Jordan Clarkson,MIN,12,10.2,2.0,2.6
Jordan Clarkson,NOP,12,10.8,2.4,4.6
Jordan Clarkson,NYK,7,15.8,3.4,3.2
Jordan Clarkson,OKC,11,11.8,3.0,2.8
Jordan Clarkson,ORL,10,7.6,1.2,1.8
Jordan Clarkson,PHI,10,10.6,1.6,2.8
Jordan Clarkson,PHX,14,14.0,2.4,3.2
Jordan Clarkson,POR,10,17.6,1.8,3.0
Jordan Clarkson,SAC,11,15.0,3.0,4.2
Jordan Clarkson,SAS,10,17.0,3.2,5.0
Jordan Clarkson,TOR,9,10.8,1.6,1.8
Jordan Clarkson,UTA,2,21.5,4.5,4.0
Jordan Clarkson,WAS,10,17.4,3.4,3.8
Jordan Ford,CLE,1,0.0,0.0,0.0
Jordan Ford,HOU,2,3.5,0.5,0.5
Jordan Ford,LAC,2,2.5,0.5,0.5
Jordan Ford,UTA,1,0.0,0.0,0.0
Jordan Goodwin,ATL,7,6.2,2.2,3.4
Jordan Goodwin,BKN,9,5.4,3.8,1.2
Jordan Goodwin,BOS,5,5.8,2.2,2.2
Jordan Goodwin,CHA,7,4.4,2.4,0.4
Jordan Goodwin,CHI,7,6.0,3.6,1.4
Jordan Goodwin,CLE,5,4.4,4.2,0.6
Jordan Goodwin,DAL,8,6.2,3.2,1.2
Jordan Goodwin,DEN,10,7.0,4.0,1.8
Jordan Goodwin,DET,8,7.0,8.4,4.0
Jordan Goodwin,GSW,9,5.8,3.0,1.4
Jordan Goodwin,HOU,9,8.2,4.0,1.8
Jordan Goodwin,IND,6,5.6,4.0,1.4
Jordan Goodwin,LAC,8,5.0,2.8,1.0
Jordan Goodwin,LAL,10,9.8,4.4,2.8
Jordan Goodwin,MEM,7,8.2,4.4,3.4
Jordan Goodwin,MIA,7,3.4,4.8,1.8
Jordan Goodwin,MIL,11,7.6,6.4,4.2
Jordan Goodwin,MIN,7,7.4,5.2,3.2
Jordan Goodwin,NOP,6,5.6,5.2,2.6
Jordan Goodwin,NYK,6,9.6,5.2,4.6
Jordan Goodwin,OKC,9,14.6,4.0,1.6
Jordan Goodwin,ORL,8,9.0,4.8,1.2
Jordan Goodwin,PHI,4,11.0,3.75,1.5
Jordan Goodwin,PHX,3,1.3333333333333333,2.3333333333333335,0.3333333333333333
Jordan Goodwin,POR,9,8.4,6.2,3.4
Jordan Goodwin,SAC,5,6.6,3.8,3.0
Jordan Goodwin,SAS,10,11.2,5.8,1.8
Jordan Goodwin,TOR,6,9.4,4.8,1.8
Jordan Goodwin,UTA,9,7.0,5.6,2.0
Jordan Goodwin,WAS,5,7.0,6.6,4.0
Jordan Hall,DEN,1,0.0,0.0,0.0
Jordan Hall,GSW,1,6.0,3.0,3.0
Jordan Hall,LAC,1,5.0,1.0,1.0
Jordan Hall,LAL,2,1.0,1.0,0.5
Jordan Hall,MIL,1,0.0,0.0,1.0
Jordan Hall,NOP,1,7.0,0.0,1.0
Jordan Hall,SAC,1,5.0,5.0,2.0
Jordan Hall,TOR,1,3.0,1.0,2.0
Jordan Hawkins,ATL,4,9.75,2.5,0.75
Jordan Hawkins,BKN,3,6.333333333333333,1.3333333333333333,0.6666666666666666
Jordan Hawkins,BOS,5,4.4,2.2,1.0
Jordan Hawkins,CHA,4,9.25,2.75,0.5
Jordan Hawkins,CHI,5,9.0,2.2,0.2
Jordan Hawkins,CLE,4,5.75,1.75,1.0
Jordan Hawkins,DAL,9,6.8,2.8,1.0
Jordan Hawkins,DEN,9,5.8,2.8,1.4
Jordan Hawkins,DET,5,9.2,2.0,1.0
Jordan Hawkins,GSW,7,9.2,3.2,1.0
Jordan Hawkins,HOU,9,6.6,2.0,0.8
Jordan Hawkins,IND,6,6.2,2.0,0.6
Jordan Hawkins,LAC,6,6.0,1.2,0.4
Jordan Hawkins,LAL,5,6.0,2.2,0.6
Jordan Hawkins,MEM,6,12.6,2.8,0.6
Jordan Hawkins,MIA,4,6.25,1.75,0.75
Jordan Hawkins,MIL,3,3.3333333333333335,2.6666666666666665,0.3333333333333333
Jordan Hawkins,MIN,10,10.6,3.8,1.6
Jordan Hawkins,NYK,4,5.75,3.0,0.75
Jordan Hawkins,OKC,6,7.0,1.6,2.6
Jordan Hawkins,ORL,5,4.4,1.2,1.0
Jordan Hawkins,PHI,4,11.5,3.0,1.25
Jordan Hawkins,PHX,5,10.2,2.2,1.6
Jordan Hawkins,POR,9,7.2,2.2,0.8
Jordan Hawkins,SAC,8,8.2,0.4,1.2
Jordan Hawkins,SAS,10,4.8,1.2,0.6
Jordan Hawkins,TOR,6,4.0,1.6,1.0
Jordan Hawkins,UTA,8,12.4,2.8,1.4
Jordan Hawkins,WAS,5,4.2,2.0,0.6
Jordan McLaughlin,ATL,6,3.8,1.4,2.2
Jordan McLaughlin,BKN,6,1.4,0.8,0.6
Jordan McLaughlin,BOS,7,2.6,0.8,0.8
Jordan McLaughlin,CHA,5,2.4,1.0,2.8
Jordan McLaughlin,CHI,5,3.4,1.4,3.2
Jordan McLaughlin,CLE,5,3.6,2.0,4.2
Jordan McLaughlin,DAL,12,1.6,0.6,0.4
Jordan McLaughlin,DEN,11,2.4,1.6,1.6
Jordan McLaughlin,DET,7,2.0,0.6,0.6
Jordan McLaughlin,GSW,8,3.6,1.4,2.6
Jordan McLaughlin,HOU,12,2.4,0.4,1.0
Jordan McLaughlin,IND,5,3.6,0.2,2.0
Jordan McLaughlin,LAC,10,3.0,2.6,1.4
Jordan McLaughlin,LAL,13,1.4,0.4,0.4
Jordan McLaughlin,MEM,9,1.6,0.6,0.8
Jordan McLaughlin,MIA,7,4.8,0.8,2.2
Jordan McLaughlin,MIL,6,2.4,1.4,1.4
Jordan McLaughlin,MIN,3,3.3333333333333335,1.0,0.6666666666666666
Jordan McLaughlin,NOP,8,3.4,1.0,2.0
Jordan McLaughlin,NYK,6,3.6,0.8,2.8
Jordan McLaughlin,OKC,16,2.2,0.2,0.8
Jordan McLaughlin,ORL,6,3.8,0.0,2.0
Jordan McLaughlin,PHI,5,2.2,1.0,2.2
Jordan McLaughlin,PHX,13,2.8,1.4,2.6
Jordan McLaughlin,POR,10,1.8,1.0,1.2
Jordan McLaughlin,SAC,10,1.8,0.2,1.4
Jordan McLaughlin,SAS,9,3.8,1.4,3.0
Jordan McLaughlin,TOR,9,1.8,0.4,0.6
Jordan McLaughlin,UTA,16,2.4,1.4,1.6
Jordan McLaughlin,WAS,6,2.4,1.6,2.2
Jordan Miller,ATL,2,1.0,0.0,1.0
Jordan Miller,BKN,3,13.0,4.333333333333333,0.0
Jordan Miller,BOS,4,5.5,1.0,0.5
Jordan Miller,CHA,2,7.0,0.5,1.0
Jordan Miller,CHI,4,7.0,1.25,1.25
Jordan Miller,CLE,1,5.0,4.0,3.0
Jordan Miller,DAL,6,4.0,1.2,0.6
Jordan Miller,DEN,6,7.2,2.6,1.4
Jordan Miller,DET,3,3.6666666666666665,2.0,0.6666666666666666
Jordan Miller,GSW,4,8.75,3.75,2.25
Jordan Miller,HOU,7,5.8,2.8,0.8
Jordan Miller,IND,2,4.5,2.0,1.5
Jordan Miller,LAL,4,6.0,1.25,1.25
Jordan Miller,MEM,3,8.666666666666666,3.0,1.6666666666666667
Jordan Miller,MIA,2,4.0,0.5,0.5
Jordan Miller,MIL,2,7.5,4.5,3.5
Jordan Miller,MIN,7,8.6,2.8,2.8
Jordan Miller,NOP,3,14.333333333333334,4.333333333333333,4.666666666666667
Jordan Miller,NYK,3,2.6666666666666665,2.0,0.6666666666666666
Jordan Miller,OKC,4,7.5,3.25,3.5
Jordan Miller,ORL,3,8.333333333333334,1.3333333333333333,0.6666666666666666
Jordan Miller,PHI,3,9.333333333333334,2.6666666666666665,1.6666666666666667
Jordan Miller,PHX,2,11.0,4.0,1.0
Jordan Miller,POR,6,9.6,2.8,1.4
Jordan Miller,SAC,5,7.4,1.4,2.2
Jordan Miller,SAS,6,9.0,2.2,2.0
Jordan Miller,TOR,1,19.0,2.0,6.0
Jordan Miller,UTA,4,3.25,1.0,1.5
Jordan Miller,WAS,3,14.0,5.666666666666667,3.3333333333333335
Jordan Nwora,ATL,11,12.8,4.2,2.6
Jordan Nwora,BKN,8,5.6,3.0,1.0
Jordan Nwora,BOS,6,3.0,1.6,1.0
Jordan Nwora,CHA,9,5.8,3.2,0.8
Jordan Nwora,CHI,7,5.8,2.0,0.4
Jordan Nwora,CLE,8,9.2,4.0,1.4
Jordan Nwora,DAL,4,9.25,5.75,1.0
Jordan Nwora,DEN,5,5.2,2.6,0.4
Jordan Nwora,DET,10,12.0,3.6,2.2
Jordan Nwora,GSW,4,1.5,2.75,0.5
Jordan Nwora,HOU,6,7.0,2.2,0.2
Jordan Nwora,IND,8,6.8,3.4,1.6
Jordan Nwora,LAC,4,9.75,2.75,0.75
Jordan Nwora,LAL,2,3.0,3.5,0.5
Jordan Nwora,MEM,2,7.0,2.5,0.5
Jordan Nwora,MIA,6,7.6,3.4,0.6
Jordan Nwora,MIL,5,7.8,2.8,1.6
Jordan Nwora,MIN,5,7.6,4.8,2.4
Jordan Nwora,NOP,5,11.6,6.4,1.4
Jordan Nwora,NYK,10,8.0,1.6,0.8
Jordan Nwora,OKC,5,10.6,5.4,2.4
Jordan Nwora,ORL,6,15.0,5.2,1.6
Jordan Nwora,PHI,7,12.4,4.0,2.2
Jordan Nwora,PHX,3,4.666666666666667,2.3333333333333335,0.3333333333333333
Jordan Nwora,POR,4,10.0,2.5,1.5
Jordan Nwora,SAC,2,11.5,3.5,0.5
Jordan Nwora,SAS,6,6.6,3.6,2.0
Jordan Nwora,TOR,7,4.4,2.0,0.6
Jordan Nwora,UTA,4,4.0,2.0,1.5
Jordan Nwora,WAS,7,6.2,1.8,0.4
Jordan Poole,ATL,12,22.8,3.0,5.8
Jordan Poole,BKN,12,20.4,3.6,4.8
Jordan Poole,BOS,12,18.4,2.4,5.4
Jordan Poole,CHA,12,16.8,3.8,5.2
Jordan Poole,CHI,10,23.4,2.6,3.0
Jordan Poole,CLE,12,24.0,3.2,5.2
Jordan Poole,DAL,13,9.4,3.2,4.0
Jordan Poole,DEN,12,20.2,1.6,3.8
Jordan Poole,DET,12,14.4,3.4,4.0
Jordan Poole,GSW,5,22.2,3.6,3.8
Jordan Poole,HOU,13,10.4,3.0,2.4
Jordan Poole,IND,12,21.2,2.0,3.6
Jordan Poole,LAC,13,16.6,1.6,4.2
Jordan Poole,LAL,13,19.4,3.6,3.6
Jordan Poole,MEM,13,10.4,2.0,2.4
Jordan Poole,MIA,11,18.4,2.4,5.8
Jordan Poole,MIL,11,17.4,3.8,6.2
Jordan Poole,MIN,12,19.4,4.0,3.6
Jordan Poole,NOP,10,19.0,3.4,5.2
Jordan Poole,NYK,10,18.6,3.4,3.2
Jordan Poole,OKC,12,20.0,2.0,4.4
Jordan Poole,ORL,12,21.0,2.6,2.8
Jordan Poole,PHI,10,17.2,2.0,4.2
Jordan Poole,PHX,13,12.2,3.8,6.0
Jordan Poole,POR,13,18.2,2.6,4.4
Jordan Poole,SAC,11,16.8,1.6,2.8
Jordan Poole,SAS,12,21.6,2.6,4.0
Jordan Poole,TOR,12,17.6,1.6,3.0
Jordan Poole,UTA,13,16.4,2.0,3.0
Jordan Poole,WAS,5,18.4,3.8,2.6
Jordan Schakel,BOS,1,3.0,0.0,1.0
Jordan Schakel,CHA,1,0.0,1.0,0.0
Jordan Schakel,CLE,1,0.0,1.0,0.0
Jordan Schakel,IND,1,0.0,0.0,0.0
Jordan Schakel,NYK,1,5.0,4.0,0.0
Jordan Schakel,PHI,1,0.0,2.0,0.0
Jordan Walsh,ATL,6,3.4,3.2,0.8
Jordan Walsh,BKN,7,5.4,2.0,0.4
Jordan Walsh,CHA,8,4.8,5.2,0.6
Jordan Walsh,CHI,6,6.2,2.8,0.4
Jordan Walsh,CLE,2,7.0,5.5,0.5
Jordan Walsh,DAL,3,0.6666666666666666,1.0,0.6666666666666666
Jordan Walsh,DEN,2,2.5,2.0,0.5
Jordan Walsh,DET,8,3.8,3.6,1.0
Jordan Walsh,GSW,3,3.6666666666666665,2.0,0.0
Jordan Walsh,HOU,4,3.0,2.5,0.25
Jordan Walsh,IND,6,4.2,4.8,1.2
Jordan Walsh,LAC,4,6.75,5.5,1.5
Jordan Walsh,LAL,3,5.666666666666667,1.6666666666666667,0.3333333333333333
Jordan Walsh,MEM,2,4.5,3.5,0.5
Jordan Walsh,MIA,7,2.0,3.4,0.6
Jordan Walsh,MIL,5,7.0,5.0,0.8
Jordan Walsh,MIN,2,0.0,1.0,0.0
Jordan Walsh,NOP,2,3.0,1.0,1.0
Jordan Walsh,NYK,6,3.4,2.8,0.6
Jordan Walsh,OKC,1,8.0,3.0,1.0
Jordan Walsh,ORL,6,4.4,5.0,2.0
Jordan Walsh,PHI,5,3.8,2.4,0.8
Jordan Walsh,PHX,3,1.6666666666666667,1.6666666666666667,0.3333333333333333
Jordan Walsh,POR,3,3.0,2.6666666666666665,0.3333333333333333
Jordan Walsh,SAC,4,1.25,1.25,0.0
Jordan Walsh,SAS,4,0.25,1.75,0.0
Jordan Walsh,TOR,8,3.0,2.4,0.2
Jordan Walsh,UTA,2,5.0,2.0,0.0
Jordan Walsh,WAS,7,5.8,3.6,0.8
Jose Alvarado,ATL,6,6.8,1.8,3.0
Jose Alvarado,BKN,9,6.6,1.4,2.6
Jose Alvarado,BOS,8,11.0,1.8,2.6
Jose Alvarado,CHA,11,9.8,2.6,4.0
Jose Alvarado,CHI,10,7.6,3.6,3.8
Jose Alvarado,CLE,8,9.0,2.4,2.6
Jose Alvarado,DAL,11,8.6,4.4,3.6
Jose Alvarado,DEN,11,5.4,2.0,2.2
Jose Alvarado,DET,8,6.0,3.6,4.8
Jose Alvarado,GSW,12,11.0,2.6,3.8
Jose Alvarado,HOU,13,10.2,2.2,4.6
Jose Alvarado,IND,10,7.0,2.0,5.0
Jose Alvarado,LAC,11,8.8,1.4,3.6
Jose Alvarado,LAL,16,10.4,2.0,3.2
Jose Alvarado,MEM,14,14.0,2.2,5.0
Jose Alvarado,MIA,7,9.0,3.8,2.4
Jose Alvarado,MIL,6,7.6,3.2,4.0
Jose Alvarado,MIN,11,11.4,2.2,2.6
Jose Alvarado,NOP,1,0.0,1.0,1.0
Jose Alvarado,NYK,2,9.5,0.0,3.5
Jose Alvarado,OKC,12,5.6,2.0,2.6
Jose Alvarado,ORL,6,11.4,3.0,3.2
Jose Alvarado,PHI,9,13.0,2.2,4.8
Jose Alvarado,PHX,14,8.6,2.2,3.6
Jose Alvarado,POR,13,7.2,2.6,5.0
Jose Alvarado,SAC,11,12.8,4.0,6.8
Jose Alvarado,SAS,16,5.4,2.6,3.4
Jose Alvarado,TOR,9,6.4,3.0,4.0
Jose Alvarado,UTA,13,7.6,2.2,3.4
Jose Alvarado,WAS,8,6.0,1.8,3.6
Josh Christopher,ATL,4,4.5,2.25,2.0
Josh Christopher,BKN,5,7.8,2.0,1.8
Josh Christopher,BOS,5,3.2,0.2,0.0
Josh Christopher,CHA,3,6.666666666666667,1.0,1.0
Josh Christopher,CHI,2,10.5,2.0,1.5
Josh Christopher,CLE,5,6.2,0.8,0.8
Josh Christopher,DAL,5,7.0,2.2,1.0
Josh Christopher,DEN,6,6.2,2.0,1.6
Josh Christopher,DET,4,6.75,1.5,2.5
Josh Christopher,GSW,7,8.4,1.0,1.4
Josh Christopher,IND,5,2.6,1.8,0.4
Josh Christopher,LAC,6,3.8,2.2,2.6
Josh Christopher,LAL,6,11.2,2.8,1.4
Josh Christopher,MEM,8,3.6,1.0,3.2
Josh Christopher,MIA,3,10.0,3.0,2.6666666666666665
Josh Christopher,MIL,4,5.0,2.75,1.25
Josh Christopher,MIN,6,12.6,2.6,1.2
Josh Christopher,NOP,9,3.2,0.6,0.6
Josh Christopher,NYK,3,8.666666666666666,0.3333333333333333,1.3333333333333333
Josh Christopher,OKC,7,10.6,2.2,2.0
Josh Christopher,ORL,2,0.0,1.0,0.5
Josh Christopher,PHI,5,5.6,1.2,1.6
Josh Christopher,PHX,4,4.75,3.25,0.75
Josh Christopher,POR,7,5.0,1.6,1.2
Josh Christopher,SAC,8,3.6,0.8,1.2
Josh Christopher,SAS,8,8.8,1.6,2.4
Josh Christopher,TOR,3,13.666666666666666,2.3333333333333335,1.6666666666666667
Josh Christopher,UTA,6,3.4,1.4,1.2
Josh Christopher,WAS,6,7.2,1.4,2.0
Josh Giddey,ATL,11,16.2,9.8,8.6
Josh Giddey,BKN,9,18.4,8.8,8.0
Josh Giddey,BOS,8,11.6,6.8,6.6
Josh Giddey,CHA,12,17.6,7.0,7.6
Josh Giddey,CHI,6,14.4,9.4,6.6
Josh Giddey,CLE,12,13.8,7.0,8.8
Josh Giddey,DAL,12,11.0,4.6,5.2
Josh Giddey,DEN,13,15.8,8.4,6.8
Josh Giddey,DET,11,18.8,5.8,5.0
Josh Giddey,GSW,15,15.0,8.4,6.6
Josh Giddey,HOU,13,14.2,7.8,6.2
Josh Giddey,IND,12,16.6,8.2,6.2
Josh Giddey,LAC,10,16.0,7.6,7.4
Josh Giddey,LAL,13,19.8,8.6,10.8
Josh Giddey,MEM,10,14.2,10.8,8.2
Josh Giddey,MIA,9,21.6,10.2,9.0
Josh Giddey,MIL,10,15.4,9.4,9.2
Josh Giddey,MIN,14,14.6,4.8,5.4
Josh Giddey,NOP,14,15.6,8.2,6.0
Josh Giddey,NYK,12,18.8,8.8,7.2
Josh Giddey,OKC,4,12.0,7.75,8.5
Josh Giddey,ORL,9,19.0,8.6,5.6
Josh Giddey,PHI,12,19.8,11.2,9.6
Josh Giddey,PHX,11,17.8,5.8,7.6
Josh Giddey,POR,13,11.6,7.8,9.0
Josh Giddey,SAC,12,11.2,8.0,7.2
Josh Giddey,SAS,13,9.0,6.4,5.2
Josh Giddey,TOR,12,13.0,5.2,7.6
Josh Giddey,UTA,12,14.8,7.8,7.2
Josh Giddey,WAS,10,11.8,8.4,6.2
Josh Green,ATL,12,3.6,1.8,0.8
Josh Green,BKN,10,4.6,2.4,2.0
Josh Green,BOS,9,4.8,1.2,0.6
Josh Green,CHA,5,5.6,2.8,1.6
Josh Green,CHI,10,7.6,3.2,1.4
Josh Green,CLE,12,7.8,3.4,1.2
Josh Green,DAL,4,6.0,3.25,1.75
Josh Green,DEN,10,9.4,2.8,1.8
Josh Green,DET,12,5.8,3.0,2.0
Josh Green,GSW,13,4.8,2.0,1.2
Josh Green,HOU,9,5.6,3.4,1.0
Josh Green,IND,12,4.4,1.4,1.0
Josh Green,LAC,10,4.8,1.6,1.6
Josh Green,LAL,9,8.6,2.4,1.2
Josh Green,MEM,13,4.6,2.0,1.2
Josh Green,MIA,10,2.8,3.0,1.6
Josh Green,MIL,10,8.2,3.0,1.2
Josh Green,MIN,8,6.4,1.4,1.4
Josh Green,NOP,13,7.4,3.4,2.4
Josh Green,NYK,10,5.6,1.4,1.2
Josh Green,OKC,11,5.6,1.4,1.2
Josh Green,ORL,13,9.2,0.8,0.2
Josh Green,PHI,12,5.6,2.2,1.4
Josh Green,PHX,12,3.8,3.0,1.2
Josh Green,POR,10,8.2,3.6,2.0
Josh Green,SAC,11,6.2,1.6,2.6
Josh Green,SAS,9,9.0,1.6,1.6
Josh Green,TOR,8,5.0,2.6,1.4
Josh Green,UTA,11,7.4,2.8,1.8
Josh Green,WAS,12,9.0,3.0,1.8
Josh Hart,ATL,12,14.2,8.2,6.2
Josh Hart,BKN,17,11.2,9.6,5.8
Josh Hart,BOS,17,15.2,7.8,4.0
Josh Hart,CHA,13,16.8,7.4,6.2
Josh Hart,CHI,11,6.8,9.2,4.6
Josh Hart,CLE,12,13.6,7.6,3.8
Josh Hart,DAL,11,15.0,8.0,6.8
Josh Hart,DEN,13,10.2,5.2,3.2
Josh Hart,DET,10,11.6,7.8,3.4
Josh Hart,GSW,10,4.8,8.6,7.2
Josh Hart,HOU,10,12.6,6.8,5.0
Josh Hart,IND,15,22.8,9.6,6.0
Josh Hart,LAC,10,8.6,8.4,4.6
Josh Hart,LAL,9,16.8,8.8,4.2
Josh Hart,MEM,10,7.8,6.8,5.8
Josh Hart,MIA,16,11.4,8.8,8.0
Josh Hart,MIL,16,11.6,9.8,5.6
Josh Hart,MIN,12,10.8,8.4,3.0
Josh Hart,NOP,8,10.8,8.4,3.6
Josh Hart,NYK,5,16.6,8.0,3.0
Josh Hart,OKC,11,14.6,10.6,3.2
Josh Hart,ORL,15,13.2,8.0,2.6
Josh Hart,PHI,13,7.4,10.2,6.4
Josh Hart,PHX,10,8.0,6.6,4.6
Josh Hart,POR,8,14.0,8.6,6.2
Josh Hart,SAC,10,17.2,9.4,6.2
Josh Hart,SAS,9,7.8,9.2,5.6
Josh Hart,TOR,14,15.6,6.8,5.2
Josh Hart,UTA,12,10.0,7.6,7.2
Josh Hart,WAS,15,12.8,10.0,5.6
Josh Jackson,ATL,1,18.0,6.0,4.0
Josh Jackson,BKN,4,4.75,2.5,1.25
Josh Jackson,BOS,1,0.0,0.0,0.0
Josh Jackson,CHA,1,15.0,5.0,2.0
Josh Jackson,CHI,4,6.75,2.0,1.0
Josh Jackson,CLE,1,11.0,5.0,1.0
Josh Jackson,DEN,3,1.3333333333333333,0.6666666666666666,0.3333333333333333
Josh Jackson,GSW,2,3.5,4.0,0.0
Josh Jackson,HOU,4,6.0,3.25,1.5
Josh Jackson,LAC,2,6.0,3.0,1.0
Josh Jackson,LAL,2,2.5,3.5,2.5
Josh Jackson,MEM,1,8.0,2.0,0.0
Josh Jackson,MIA,2,4.5,2.5,0.5
Josh Jackson,MIL,3,11.666666666666666,3.0,1.3333333333333333
Josh Jackson,NOP,3,2.6666666666666665,0.6666666666666666,0.0
Josh Jackson,NYK,1,4.0,2.0,1.0
Josh Jackson,OKC,1,7.0,3.0,0.0
Josh Jackson,ORL,3,9.0,5.666666666666667,1.6666666666666667
Josh Jackson,PHI,2,7.0,2.0,1.0
Josh Jackson,PHX,2,6.5,2.0,0.0
Josh Jackson,POR,1,0.0,2.0,0.0
Josh Jackson,SAC,2,5.5,1.5,2.0
Josh Jackson,TOR,2,14.0,4.0,1.5
Josh Jackson,UTA,2,7.5,5.0,1.0
Josh Jackson,WAS,1,7.0,0.0,2.0
Josh Minott,ATL,7,8.6,2.6,0.8
Josh Minott,BKN,5,3.4,1.4,0.4
Josh Minott,BOS,4,4.0,0.75,0.0
Josh Minott,CHA,2,7.5,1.5,0.0
Josh Minott,CHI,3,0.6666666666666666,0.6666666666666666,0.0
Josh Minott,CLE,4,4.5,6.0,1.0
Josh Minott,DAL,3,1.6666666666666667,0.6666666666666666,0.0
Josh Minott,DEN,8,4.0,1.6,0.2
Josh Minott,DET,6,6.6,2.0,0.8
Josh Minott,GSW,4,2.75,0.5,0.75
Josh Minott,HOU,4,3.75,2.0,1.0
Josh Minott,IND,2,3.5,0.0,0.0
Josh Minott,LAC,8,2.6,2.2,1.2
Josh Minott,LAL,5,5.2,2.2,0.8
Josh Minott,MEM,5,2.6,1.0,0.8
Josh Minott,MIA,4,0.5,1.0,0.25
Josh Minott,MIL,3,4.0,0.6666666666666666,0.3333333333333333
Josh Minott,MIN,1,5.0,4.0,0.0
Josh Minott,NOP,6,4.8,2.2,0.4
Josh Minott,NYK,5,9.2,3.0,0.6
Josh Minott,OKC,5,3.0,0.4,1.0
Josh Minott,ORL,4,7.0,4.25,0.75
Josh Minott,PHI,7,4.2,2.6,0.6
Josh Minott,PHX,5,1.4,0.8,0.6
Josh Minott,POR,8,3.8,1.8,0.4
Josh Minott,SAC,1,3.0,0.0,1.0
Josh Minott,SAS,7,2.8,1.2,0.4
Josh Minott,TOR,4,4.0,2.0,1.0
Josh Minott,UTA,6,3.6,1.6,0.8
Josh Minott,WAS,6,9.8,2.0,0.6
Josh Oduro,BOS,1,12.0,12.0,1.0
Josh Oduro,MIN,1,4.0,6.0,2.0
Josh Oduro,UTA,1,9.0,5.0,1.0
Josh Okogie,ATL,8,8.8,3.6,0.8
Josh Okogie,BKN,7,7.0,2.8,1.2
Josh Okogie,BOS,7,13.2,3.0,1.6
Josh Okogie,CHA,5,4.6,2.2,0.8
Josh Okogie,CHI,8,4.4,2.0,0.4
Josh Okogie,CLE,4,3.0,1.0,0.5
Josh Okogie,DAL,15,5.8,3.6,0.6
Josh Okogie,DEN,13,10.0,3.0,1.0
Josh Okogie,DET,5,7.2,3.6,0.8
Josh Okogie,GSW,15,6.6,3.8,0.4
Josh Okogie,HOU,9,4.0,3.0,1.6
Josh Okogie,IND,9,2.8,2.0,0.8
Josh Okogie,LAC,15,3.2,1.4,0.6
Josh Okogie,LAL,17,5.2,0.8,0.8
Josh Okogie,MEM,15,7.2,3.2,1.6
Josh Okogie,MIA,8,5.2,1.8,0.8
Josh Okogie,MIL,6,5.4,3.2,1.2
Josh Okogie,MIN,10,2.8,1.2,0.4
Josh Okogie,NOP,15,5.0,2.4,2.0
Josh Okogie,NYK,6,3.8,2.8,1.2
Josh Okogie,OKC,13,6.6,4.0,0.8
Josh Okogie,ORL,10,4.2,3.2,1.0
Josh Okogie,PHI,7,6.2,3.6,2.6
Josh Okogie,PHX,7,3.2,2.6,0.8
Josh Okogie,POR,14,6.2,4.6,1.8
Josh Okogie,SAC,14,5.2,4.6,0.6
Josh Okogie,SAS,11,3.4,1.6,0.8
Josh Okogie,TOR,6,5.6,2.2,1.4
Josh Okogie,UTA,14,2.6,1.8,0.2
Josh Okogie,WAS,6,2.8,2.2,0.6
Josh Richardson,ATL,5,9.2,2.2,0.8
Josh Richardson,BKN,7,8.2,3.8,2.6
Josh Richardson,BOS,3,9.333333333333334,1.6666666666666667,3.0
Josh Richardson,CHA,8,4.4,3.6,2.6
Josh Richardson,CHI,7,9.6,2.4,2.8
Josh Richardson,CLE,4,16.0,2.0,2.5
Josh Richardson,DAL,4,10.25,3.0,2.75
Josh Richardson,DEN,5,12.2,2.2,2.0
Josh Richardson,DET,3,8.666666666666666,2.3333333333333335,2.3333333333333335
Josh Richardson,GSW,6,12.2,2.6,2.2
Josh Richardson,HOU,6,10.6,2.8,3.0
Josh Richardson,IND,8,14.6,2.2,2.4
Josh Richardson,LAC,8,10.6,3.2,2.6
Josh Richardson,LAL,9,6.6,2.8,1.2
Josh Richardson,MEM,8,9.4,1.8,3.0
Josh Richardson,MIA,3,8.0,4.333333333333333,3.6666666666666665
Josh Richardson,MIL,4,10.25,3.5,2.75
Josh Richardson,MIN,7,7.4,3.8,3.0
Josh Richardson,NOP,4,11.0,2.75,2.25
Josh Richardson,NYK,8,12.6,2.4,3.0
Josh Richardson,OKC,7,10.0,3.2,2.0
Josh Richardson,ORL,9,9.0,2.4,1.8
Josh Richardson,PHI,5,7.4,1.8,2.6
Josh Richardson,PHX,3,13.666666666666666,5.333333333333333,3.6666666666666665
Josh Richardson,POR,11,11.2,2.4,0.8
Josh Richardson,SAC,8,13.4,3.2,2.2
Josh Richardson,SAS,4,9.5,3.0,1.5
Josh Richardson,TOR,9,9.4,3.2,2.2
Josh Richardson,UTA,2,11.0,3.5,2.0
Josh Richardson,WAS,6,7.0,3.0,1.6
Joshua Primo,ATL,1,13.0,2.0,3.0
Joshua Primo,BKN,1,12.0,1.0,3.0
Joshua Primo,BOS,2,0.0,0.5,0.0
Joshua Primo,CHA,2,10.0,4.5,3.5
Joshua Primo,CHI,2,3.5,0.5,0.0
Joshua Primo,CLE,2,3.0,1.5,0.5
Joshua Primo,DAL,1,4.0,2.0,1.0
Joshua Primo,DEN,2,1.5,2.0,2.0
Joshua Primo,DET,2,5.5,4.5,1.5
Joshua Primo,GSW,3,10.333333333333334,2.0,2.3333333333333335
Joshua Primo,HOU,3,6.0,1.3333333333333333,3.3333333333333335
Joshua Primo,IND,2,2.5,5.5,5.0
Joshua Primo,LAC,1,0.0,0.0,0.0
Joshua Primo,LAL,1,6.0,6.0,2.0
Joshua Primo,MEM,3,0.6666666666666666,1.3333333333333333,1.0
Joshua Primo,MIA,2,5.5,2.5,2.0
Joshua Primo,MIL,1,2.0,1.0,0.0
Joshua Primo,MIN,3,8.333333333333334,2.3333333333333335,3.0
Joshua Primo,NOP,3,10.0,1.6666666666666667,0.3333333333333333
Joshua Primo,NYK,3,4.333333333333333,1.0,1.6666666666666667
Joshua Primo,OKC,2,3.5,4.5,1.5
Joshua Primo,ORL,1,3.0,0.0,0.0
Joshua Primo,PHI,2,7.0,2.5,3.0
Joshua Primo,PHX,2,9.0,2.5,0.5
Joshua Primo,POR,3,10.0,3.6666666666666665,2.3333333333333335
Joshua Primo,SAC,2,3.0,2.5,1.0
Joshua Primo,TOR,1,15.0,5.0,4.0
Joshua Primo,UTA,1,0.0,0.0,2.0
Joshua Primo,WAS,2,3.0,1.5,0.5
Jrue Holiday,ATL,11,13.4,4.4,3.6
Jrue Holiday,BKN,17,12.2,6.6,6.6
Jrue Holiday,BOS,8,22.4,5.6,5.8
Jrue Holiday,CHA,11,11.6,3.6,4.0
Jrue Holiday,CHI,14,8.0,5.0,3.8
Jrue Holiday,CLE,12,9.6,4.2,3.8
Jrue Holiday,DAL,8,17.0,4.6,5.2
Jrue Holiday,DEN,11,15.4,3.4,7.2
Jrue Holiday,DET,10,10.2,5.0,5.2
Jrue Holiday,GSW,8,9.4,6.4,5.4
Jrue Holiday,HOU,9,13.2,4.6,5.0
Jrue Holiday,IND,15,16.4,4.0,5.0
Jrue Holiday,LAC,9,14.4,4.4,4.6
Jrue Holiday,LAL,11,10.2,3.8,3.6
Jrue Holiday,MEM,8,23.4,4.6,6.4
Jrue Holiday,MIA,13,18.0,4.6,6.8
Jrue Holiday,MIL,7,16.2,4.6,5.0
Jrue Holiday,MIN,10,16.4,3.8,7.2
Jrue Holiday,NOP,10,13.8,4.8,7.8
Jrue Holiday,NYK,17,12.2,3.2,3.4
Jrue Holiday,OKC,8,10.4,5.6,4.4
Jrue Holiday,ORL,11,11.6,6.2,3.0
Jrue Holiday,PHI,15,9.6,5.0,4.0
Jrue Holiday,PHX,10,10.0,3.2,5.4
Jrue Holiday,POR,5,16.2,2.6,5.8
Jrue Holiday,SAC,9,12.8,5.0,5.0
Jrue Holiday,SAS,5,15.8,5.2,5.8
Jrue Holiday,TOR,11,16.8,3.2,4.6
Jrue Holiday,UTA,10,20.2,5.4,6.2
Jrue Holiday,WAS,15,11.4,4.2,2.8
Juan Toscano-Anderson,ATL,4,5.5,2.0,0.5
Juan Toscano-Anderson,BKN,5,2.4,2.0,1.0
Juan Toscano-Anderson,BOS,5,2.4,1.0,1.6
Juan Toscano-Anderson,CHA,5,0.8,2.2,0.4
Juan Toscano-Anderson,CHI,2,3.5,1.5,1.0
Juan Toscano-Anderson,CLE,4,3.25,2.5,1.75
Juan Toscano-Anderson,DAL,6,2.4,2.2,0.8
Juan Toscano-Anderson,DEN,6,4.4,3.2,2.0
Juan Toscano-Anderson,DET,3,2.0,6.0,4.0
Juan Toscano-Anderson,GSW,1,0.0,4.0,0.0
Juan Toscano-Anderson,HOU,4,6.25,1.75,1.5
Juan Toscano-Anderson,IND,2,3.5,3.5,1.5
Juan Toscano-Anderson,LAC,7,2.4,2.4,1.2
Juan Toscano-Anderson,LAL,6,2.4,2.4,2.2
Juan Toscano-Anderson,MEM,7,2.4,3.4,0.8
Juan Toscano-Anderson,MIA,5,1.6,2.4,1.2
Juan Toscano-Anderson,MIL,3,6.0,1.3333333333333333,1.0
Juan Toscano-Anderson,MIN,4,3.5,1.0,1.25
Juan Toscano-Anderson,NOP,2,6.0,4.0,3.0
Juan Toscano-Anderson,NYK,2,2.0,1.0,1.0
Juan Toscano-Anderson,OKC,7,1.0,0.6,1.2
Juan Toscano-Anderson,ORL,2,2.0,1.0,0.5
Juan Toscano-Anderson,PHI,4,5.5,2.75,2.25
Juan Toscano-Anderson,PHX,5,5.8,1.8,2.0
Juan Toscano-Anderson,POR,8,1.2,1.0,0.6
Juan Toscano-Anderson,SAC,9,3.8,2.0,0.6
Juan Toscano-Anderson,SAS,7,1.2,1.8,0.8
Juan Toscano-Anderson,TOR,3,4.666666666666667,4.666666666666667,2.3333333333333335
Juan Toscano-Anderson,UTA,6,2.8,1.8,0.8
Juan Toscano-Anderson,WAS,2,1.0,0.5,0.0
Juancho Hernangomez,ATL,4,3.25,2.25,0.25
Juancho Hernangomez,BKN,6,4.6,5.0,0.4
Juancho Hernangomez,BOS,2,0.0,0.5,1.0
Juancho Hernangomez,CHA,4,6.5,3.5,0.75
Juancho Hernangomez,CHI,3,2.3333333333333335,2.3333333333333335,0.3333333333333333
Juancho Hernangomez,CLE,5,2.0,2.2,0.4
Juancho Hernangomez,DAL,2,8.5,7.0,1.0
Juancho Hernangomez,DET,1,9.0,6.0,3.0
Juancho Hernangomez,GSW,3,2.6666666666666665,3.3333333333333335,0.3333333333333333
Juancho Hernangomez,HOU,5,0.6,0.8,0.0
Juancho Hernangomez,IND,1,0.0,8.0,1.0
Juancho Hernangomez,LAC,3,6.333333333333333,4.666666666666667,1.0
Juancho Hernangomez,LAL,3,3.0,2.6666666666666665,1.3333333333333333
Juancho Hernangomez,MEM,1,0.0,2.0,0.0
Juancho Hernangomez,MIA,3,1.6666666666666667,3.3333333333333335,1.0
Juancho Hernangomez,MIL,4,1.25,1.75,0.25
Juancho Hernangomez,MIN,2,2.0,3.5,0.5
Juancho Hernangomez,NOP,2,5.5,1.5,2.0
Juancho Hernangomez,NYK,5,2.2,3.0,0.4
Juancho Hernangomez,OKC,3,4.333333333333333,3.0,0.6666666666666666
Juancho Hernangomez,ORL,3,0.3333333333333333,0.3333333333333333,0.0
Juancho Hernangomez,PHI,2,3.5,0.5,0.0
Juancho Hernangomez,PHX,5,1.2,1.8,0.2
Juancho Hernangomez,POR,5,6.6,3.0,0.6
Juancho Hernangomez,SAC,2,3.0,3.0,1.0
Juancho Hernangomez,SAS,2,0.0,1.5,0.5
Juancho Hernangomez,TOR,1,4.0,3.0,0.0
Jules Bernard,ATL,1,0.0,0.0,0.0
Jules Bernard,BKN,1,0.0,0.0,1.0
Jules Bernard,BOS,2,12.5,5.0,2.0
Jules Bernard,CHI,2,1.5,1.0,1.0
Jules Bernard,DET,1,0.0,1.0,0.0
Jules Bernard,HOU,2,11.5,1.0,2.0
Jules Bernard,LAC,2,3.0,2.0,0.5
Jules Bernard,LAL,2,0.0,0.0,0.0
Jules Bernard,MIA,1,6.0,1.0,1.0
Jules Bernard,MIN,1,6.0,3.0,0.0
Jules Bernard,PHI,1,2.0,1.0,0.0
Jules Bernard,PHX,1,3.0,1.0,3.0
Jules Bernard,TOR,1,0.0,1.0,0.0
Jules Bernard,UTA,1,0.0,0.0,0.0
Julian Champagnie,ATL,7,10.8,3.2,2.6
Julian Champagnie,BKN,7,13.0,2.4,1.4
Julian Champagnie,BOS,7,5.6,5.4,1.0
Julian Champagnie,CHA,6,9.2,3.2,2.0
Julian Champagnie,CHI,7,8.6,4.4,1.8
Julian Champagnie,CLE,6,11.4,5.6,0.6
Julian Champagnie,DAL,12,9.0,4.4,0.8
Julian Champagnie,DEN,11,14.4,6.0,1.6
Julian Champagnie,DET,6,9.8,4.6,2.2
Julian Champagnie,GSW,11,9.8,3.0,1.6
Julian Champagnie,HOU,13,14.6,5.4,1.6
Julian Champagnie,IND,5,6.6,4.6,0.8
Julian Champagnie,LAC,9,10.2,6.0,1.4
Julian Champagnie,LAL,11,11.0,5.8,2.4
Julian Champagnie,MEM,12,13.2,6.0,1.6
Julian Champagnie,MIA,5,4.4,4.0,1.8
Julian Champagnie,MIL,7,7.8,4.6,1.0
Julian Champagnie,MIN,11,6.0,5.0,1.2
Julian Champagnie,NOP,13,12.6,4.6,2.4
Julian Champagnie,NYK,6,13.0,4.2,1.2
Julian Champagnie,OKC,12,5.6,6.8,1.4
Julian Champagnie,ORL,8,10.4,4.6,1.0
Julian Champagnie,PHI,6,11.0,6.8,1.6
Julian Champagnie,PHX,11,12.8,5.8,1.4
Julian Champagnie,POR,11,9.6,6.2,1.8
Julian Champagnie,SAC,11,13.6,2.8,1.2
Julian Champagnie,TOR,6,11.0,5.4,1.8
Julian Champagnie,UTA,11,12.6,3.6,2.2
Julian Champagnie,WAS,7,7.2,3.2,1.4
Julian Phillips,ATL,6,5.4,2.2,0.2
Julian Phillips,BKN,5,5.6,3.2,1.8
Julian Phillips,BOS,8,5.6,2.2,0.6
Julian Phillips,CHA,10,1.4,0.2,0.0
Julian Phillips,CLE,6,3.0,2.8,0.6
Julian Phillips,DAL,4,5.75,2.0,0.25
Julian Phillips,DEN,5,1.0,1.2,0.8
Julian Phillips,DET,8,2.4,1.0,0.2
Julian Phillips,GSW,4,3.5,1.0,0.5
Julian Phillips,HOU,2,5.0,0.5,1.0
Julian Phillips,IND,9,3.4,2.4,0.4
Julian Phillips,LAC,6,2.2,1.8,0.0
Julian Phillips,LAL,5,0.4,0.2,0.4
Julian Phillips,MEM,3,1.6666666666666667,1.0,0.6666666666666666
Julian Phillips,MIA,9,4.2,1.2,0.2
Julian Phillips,MIL,8,2.2,1.2,0.0
Julian Phillips,MIN,4,3.0,2.0,0.0
Julian Phillips,NOP,6,5.0,1.0,0.8
Julian Phillips,NYK,6,4.8,1.6,0.2
Julian Phillips,OKC,3,4.666666666666667,0.6666666666666666,0.0
Julian Phillips,ORL,10,5.4,1.8,0.0
Julian Phillips,PHI,8,4.2,2.4,0.4
Julian Phillips,PHX,2,7.5,2.5,0.5
Julian Phillips,POR,5,3.8,1.0,0.4
Julian Phillips,SAC,5,3.0,1.8,0.2
Julian Phillips,SAS,5,2.2,1.4,0.2
Julian Phillips,TOR,5,5.2,0.4,0.0
Julian Phillips,UTA,5,4.2,1.6,0.4
Julian Phillips,WAS,5,8.2,3.8,0.4
Julian Reese,BKN,1,17.0,16.0,1.0
Julian Reese,CHI,2,16.5,13.0,2.5
Julian Reese,CLE,1,14.0,3.0,0.0
Julian Reese,GSW,1,12.0,6.0,1.0
Julian Reese,HOU,1,2.0,4.0,0.0
Julian Reese,MIA,2,5.0,7.5,2.5
Julian Reese,NOP,1,5.0,9.0,3.0
Julian Reese,ORL,1,9.0,8.0,3.0
Julian Reese,POR,1,8.0,13.0,4.0
Julian Reese,UTA,2,22.0,18.5,1.0
Julian Strawther,ATL,5,10.6,2.8,2.0
Julian Strawther,BKN,5,6.8,2.6,0.4
Julian Strawther,BOS,3,11.666666666666666,1.0,1.0
Julian Strawther,CHA,5,9.6,1.8,1.4
Julian Strawther,CHI,4,9.5,3.5,1.0
Julian Strawther,CLE,6,6.6,1.8,0.2
Julian Strawther,DAL,7,5.4,2.0,0.8
Julian Strawther,DET,5,7.0,3.2,1.2
Julian Strawther,GSW,9,4.4,1.4,1.4
Julian Strawther,HOU,8,5.4,0.4,1.0
Julian Strawther,IND,3,7.333333333333333,3.3333333333333335,1.3333333333333333
Julian Strawther,LAC,10,10.6,2.6,1.8
Julian Strawther,LAL,3,8.666666666666666,1.3333333333333333,1.0
Julian Strawther,MEM,9,9.6,2.4,1.4
Julian Strawther,MIA,3,8.0,1.0,0.6666666666666666
Julian Strawther,MIL,4,8.5,1.25,1.25
Julian Strawther,MIN,9,0.8,1.0,0.4
Julian Strawther,NOP,7,9.8,2.2,1.2
Julian Strawther,NYK,4,5.5,2.75,0.75
Julian Strawther,OKC,9,8.0,3.2,2.8
Julian Strawther,ORL,5,6.2,1.6,1.4
Julian Strawther,PHI,4,13.0,2.75,2.0
Julian Strawther,PHX,7,8.4,2.6,0.6
Julian Strawther,POR,7,11.8,3.0,1.6
Julian Strawther,SAC,8,5.4,2.4,0.8
Julian Strawther,SAS,7,11.4,3.0,1.8
Julian Strawther,TOR,3,9.666666666666666,1.6666666666666667,1.6666666666666667
Julian Strawther,UTA,10,3.8,1.0,1.0
Julian Strawther,WAS,3,6.0,1.3333333333333333,0.6666666666666666
Julius Randle,ATL,13,21.0,10.0,5.8
Julius Randle,BKN,13,18.8,7.0,7.0
Julius Randle,BOS,15,19.0,7.4,4.4
Julius Randle,CHA,13,23.8,9.8,5.2
Julius Randle,CHI,11,26.6,8.0,6.0
Julius Randle,CLE,10,18.6,9.0,5.4
Julius Randle,DAL,12,19.2,5.0,3.6
Julius Randle,DEN,13,24.4,7.6,6.2
Julius Randle,DET,12,22.0,7.8,5.8
Julius Randle,GSW,12,16.6,6.2,3.2
Julius Randle,HOU,9,28.4,6.4,4.6
Julius Randle,IND,11,20.8,6.0,4.0
Julius Randle,LAC,13,12.2,5.2,4.0
Julius Randle,LAL,11,22.4,6.2,4.0
Julius Randle,MEM,12,24.2,8.2,5.4
Julius Randle,MIA,12,17.4,9.2,5.4
Julius Randle,MIL,14,20.0,7.8,3.4
Julius Randle,MIN,6,33.8,8.8,2.8
Julius Randle,NOP,10,21.0,6.2,4.8
Julius Randle,NYK,4,22.25,5.75,4.0
Julius Randle,OKC,9,17.0,6.8,5.2
Julius Randle,ORL,11,22.4,8.8,3.8
Julius Randle,PHI,13,15.6,6.0,4.0
Julius Randle,PHX,13,23.6,5.4,4.6
Julius Randle,POR,12,22.4,7.2,4.0
Julius Randle,SAC,11,21.4,9.2,4.2
Julius Randle,SAS,12,16.8,7.0,6.2
Julius Randle,TOR,13,19.8,9.2,5.2
Julius Randle,UTA,12,19.2,6.2,7.0
Julius Randle,WAS,11,26.8,7.6,4.6
Justin Anderson,ATL,1,9.0,5.0,2.0
Justin Anderson,BKN,1,0.0,0.0,1.0
Justin Anderson,BOS,2,5.0,0.5,0.0
Justin Anderson,CLE,1,0.0,3.0,0.0
Justin Anderson,DEN,1,13.0,3.0,3.0
Justin Anderson,DET,1,0.0,1.0,1.0
Justin Anderson,HOU,1,2.0,0.0,0.0
Justin Anderson,MEM,1,10.0,9.0,4.0
Justin Anderson,NOP,1,2.0,1.0,2.0
Justin Anderson,NYK,1,8.0,1.0,2.0
Justin Anderson,PHI,1,0.0,0.0,2.0
Justin Anderson,POR,1,18.0,6.0,4.0
Justin Anderson,SAC,1,5.0,5.0,4.0
Justin Anderson,TOR,2,12.5,5.5,4.0
Justin Champagnie,ATL,9,11.6,4.4,1.0
Justin Champagnie,BKN,8,12.0,6.4,0.8
Justin Champagnie,BOS,11,11.8,8.8,1.2
Justin Champagnie,CHA,9,8.8,6.6,1.0
Justin Champagnie,CHI,9,10.2,7.4,1.6
Justin Champagnie,CLE,5,10.0,8.0,1.8
Justin Champagnie,DAL,4,4.5,5.0,1.75
Justin Champagnie,DEN,5,12.4,6.4,1.4
Justin Champagnie,DET,6,10.8,6.6,1.0
Justin Champagnie,GSW,2,4.0,2.0,2.0
Justin Champagnie,HOU,6,7.0,3.2,0.8
Justin Champagnie,IND,8,9.6,8.6,0.4
Justin Champagnie,LAC,5,3.8,3.8,0.6
Justin Champagnie,LAL,6,9.2,3.8,1.0
Justin Champagnie,MEM,3,9.333333333333334,10.333333333333334,1.3333333333333333
Justin Champagnie,MIA,8,13.0,6.2,1.6
Justin Champagnie,MIL,8,7.8,5.4,1.2
Justin Champagnie,MIN,3,2.0,2.3333333333333335,0.0
Justin Champagnie,NOP,4,6.75,5.5,2.25
Justin Champagnie,NYK,8,9.4,5.0,0.4
Justin Champagnie,OKC,6,2.4,2.4,0.8
Justin Champagnie,ORL,8,10.4,3.8,1.0
Justin Champagnie,PHI,8,10.0,6.2,0.8
Justin Champagnie,PHX,5,6.2,4.0,0.0
Justin Champagnie,POR,6,3.8,4.0,1.4
Justin Champagnie,SAC,6,7.8,4.8,1.4
Justin Champagnie,SAS,5,7.6,4.0,0.4
Justin Champagnie,TOR,10,6.6,5.8,2.4
Justin Champagnie,UTA,3,7.0,3.3333333333333335,0.6666666666666666
Justin Champagnie,WAS,3,0.6666666666666666,0.0,0.3333333333333333
Justin Edwards,ATL,4,7.0,2.0,1.5
Justin Edwards,BKN,6,8.4,2.2,1.4
Justin Edwards,BOS,5,10.0,3.6,1.4
Justin Edwards,CHA,3,5.0,0.6666666666666666,0.6666666666666666
Justin Edwards,CHI,3,5.0,0.6666666666666666,0.6666666666666666
Justin Edwards,CLE,4,10.75,2.75,1.25
Justin Edwards,DAL,3,8.666666666666666,2.0,1.3333333333333333
Justin Edwards,DEN,3,10.333333333333334,4.333333333333333,2.6666666666666665
Justin Edwards,DET,5,7.2,2.6,1.4
Justin Edwards,GSW,4,4.0,1.0,0.5
Justin Edwards,HOU,2,11.0,2.5,2.0
Justin Edwards,IND,5,1.6,1.2,1.2
Justin Edwards,LAC,2,2.0,3.5,2.5
Justin Edwards,LAL,2,4.5,2.5,1.5
Justin Edwards,MEM,2,0.0,0.0,0.5
Justin Edwards,MIA,4,8.0,2.75,2.25
Justin Edwards,MIL,7,8.0,3.2,1.8
Justin Edwards,MIN,2,5.0,0.5,0.0
Justin Edwards,NOP,2,10.5,1.5,1.0
Justin Edwards,NYK,5,6.8,1.8,1.2
Justin Edwards,OKC,4,16.0,3.5,2.25
Justin Edwards,ORL,3,8.333333333333334,1.3333333333333333,1.0
Justin Edwards,PHX,3,3.3333333333333335,1.3333333333333333,0.6666666666666666
Justin Edwards,POR,3,16.333333333333332,4.0,1.6666666666666667
Justin Edwards,SAC,4,11.0,0.5,1.75
Justin Edwards,SAS,3,12.0,2.0,1.6666666666666667
Justin Edwards,TOR,6,5.4,2.4,1.8
Justin Edwards,UTA,3,8.0,2.0,2.3333333333333335
Justin Edwards,WAS,6,7.4,2.4,1.0
Justin Holiday,ATL,1,8.0,0.0,6.0
Justin Holiday,BKN,6,3.2,1.0,1.2
Justin Holiday,BOS,6,7.2,0.8,1.2
Justin Holiday,CHA,7,5.0,1.0,0.8
Justin Holiday,CHI,8,9.2,1.8,1.6
Justin Holiday,CLE,5,8.2,1.4,1.0
Justin Holiday,DAL,4,4.0,2.0,1.0
Justin Holiday,DEN,4,8.5,2.0,1.75
Justin Holiday,DET,6,5.2,1.2,1.2
Justin Holiday,GSW,6,2.8,1.8,0.6
Justin Holiday,HOU,8,3.8,0.8,1.4
Justin Holiday,IND,5,2.0,2.0,0.6
Justin Holiday,LAC,6,6.2,3.0,2.4
Justin Holiday,LAL,6,6.8,1.2,2.0
Justin Holiday,MEM,6,6.8,1.8,1.8
Justin Holiday,MIA,6,4.8,2.0,1.0
Justin Holiday,MIL,7,8.4,1.2,1.0
Justin Holiday,MIN,6,4.6,1.4,1.4
Justin Holiday,NOP,7,3.2,1.6,0.6
Justin Holiday,NYK,8,3.8,1.2,0.8
Justin Holiday,OKC,6,2.8,1.0,1.0
Justin Holiday,ORL,6,4.2,1.2,1.4
Justin Holiday,PHI,5,9.8,2.2,0.6
Justin Holiday,PHX,8,8.8,1.2,1.4
Justin Holiday,POR,4,3.5,1.25,1.0
Justin Holiday,SAC,5,5.0,2.6,0.8
Justin Holiday,SAS,9,7.2,1.8,1.6
Justin Holiday,TOR,6,7.0,0.4,0.8
Justin Holiday,UTA,8,6.6,1.4,2.0
Justin Holiday,WAS,3,8.333333333333334,1.3333333333333333,1.3333333333333333
Justin Jackson,ATL,1,0.0,1.0,0.0
Justin Jackson,BKN,4,0.5,0.75,0.25
Justin Jackson,CHA,2,0.0,1.0,0.5
Justin Jackson,CHI,2,3.0,0.5,0.0
Justin Jackson,CLE,1,2.0,0.0,0.0
Justin Jackson,DAL,2,1.0,0.0,0.5
Justin Jackson,DEN,1,0.0,0.0,2.0
Justin Jackson,DET,1,0.0,1.0,1.0
Justin Jackson,GSW,1,0.0,0.0,0.0
Justin Jackson,HOU,1,3.0,0.0,0.0
Justin Jackson,LAC,2,4.0,1.5,0.0
Justin Jackson,MIA,2,4.0,3.5,0.0
Justin Jackson,MIN,1,0.0,0.0,0.0
Justin Jackson,NOP,2,0.0,1.5,0.0
Justin Jackson,OKC,1,4.0,1.0,1.0
Justin Jackson,ORL,1,0.0,0.0,0.0
Justin Jackson,PHX,2,0.0,0.5,1.0
Justin Jackson,SAC,1,0.0,1.0,0.0
Justin Jackson,SAS,1,0.0,0.0,0.0
Justin Jackson,WAS,3,0.0,0.0,0.6666666666666666
Justin Minaya,ATL,3,1.3333333333333333,0.3333333333333333,0.3333333333333333
Justin Minaya,BKN,1,0.0,0.0,0.0
Justin Minaya,BOS,1,9.0,2.0,2.0
Justin Minaya,CHA,1,0.0,0.0,1.0
Justin Minaya,CHI,1,2.0,1.0,1.0
Justin Minaya,CLE,1,0.0,0.0,0.0
Justin Minaya,DAL,1,0.0,0.0,0.0
Justin Minaya,DEN,4,0.0,0.75,0.25
Justin Minaya,DET,1,0.0,1.0,0.0
Justin Minaya,GSW,3,3.0,2.6666666666666665,1.0
Justin Minaya,HOU,4,0.5,1.25,0.75
Justin Minaya,IND,1,0.0,1.0,0.0
Justin Minaya,LAC,3,1.0,2.0,0.0
Justin Minaya,LAL,2,2.5,1.5,1.0
Justin Minaya,MEM,3,2.6666666666666665,2.0,0.6666666666666666
Justin Minaya,MIA,2,1.0,2.0,0.5
Justin Minaya,MIN,3,2.0,1.0,1.0
Justin Minaya,NOP,3,1.0,1.6666666666666667,0.6666666666666666
Justin Minaya,NYK,3,2.3333333333333335,2.0,0.3333333333333333
Justin Minaya,OKC,3,3.6666666666666665,1.3333333333333333,0.3333333333333333
Justin Minaya,ORL,1,0.0,0.0,0.0
Justin Minaya,PHX,1,1.0,2.0,0.0
Justin Minaya,SAC,3,3.3333333333333335,2.6666666666666665,0.6666666666666666
Justin Minaya,SAS,3,4.0,1.6666666666666667,1.0
Justin Minaya,TOR,1,0.0,1.0,0.0
Justin Minaya,UTA,2,0.0,1.0,0.5
Justin Minaya,WAS,2,1.0,2.0,1.0
Justin Robinson,ATL,1,3.0,0.0,2.0
Justin Robinson,BKN,1,3.0,0.0,0.0
Justin Robinson,CHA,1,9.0,3.0,2.0
Justin Robinson,DET,2,5.5,1.5,2.0
Justin Robinson,GSW,1,2.0,0.0,1.0
Justin Robinson,IND,2,1.0,0.0,0.0
Justin Robinson,MEM,2,1.5,0.0,2.0
Justin Robinson,MIA,1,5.0,1.0,2.0
Justin Robinson,MIL,1,5.0,2.0,1.0
Justin Robinson,MIN,1,0.0,0.0,2.0
Justin Robinson,NYK,2,1.5,0.5,0.0
Justin Robinson,OKC,1,0.0,0.0,2.0
Justin Robinson,ORL,2,2.5,0.5,2.5
Justin Robinson,PHI,1,0.0,1.0,1.0
Justin Robinson,SAS,4,4.5,1.25,1.5
Justin Robinson,UTA,1,9.0,3.0,0.0
Justin Robinson,WAS,1,0.0,1.0,0.0
Justise Winslow,BKN,5,9.2,6.4,3.6
Justise Winslow,BOS,2,0.0,1.5,0.0
Justise Winslow,CHA,3,6.333333333333333,4.0,1.0
Justise Winslow,CLE,2,4.0,2.5,3.5
Justise Winslow,DAL,3,1.6666666666666667,2.3333333333333335,0.3333333333333333
Justise Winslow,DEN,3,4.0,4.0,2.3333333333333335
Justise Winslow,DET,2,5.0,4.5,1.5
Justise Winslow,GSW,3,7.0,2.6666666666666665,1.3333333333333333
Justise Winslow,HOU,2,4.5,4.5,4.5
Justise Winslow,IND,2,3.0,3.0,2.5
Justise Winslow,LAC,1,10.0,13.0,2.0
Justise Winslow,LAL,3,13.0,6.0,3.3333333333333335
Justise Winslow,MEM,3,8.333333333333334,6.666666666666667,3.0
Justise Winslow,MIA,4,7.75,3.5,2.5
Justise Winslow,MIL,3,9.0,5.666666666666667,2.0
Justise Winslow,MIN,6,6.6,4.4,3.4
Justise Winslow,NOP,1,12.0,8.0,6.0
Justise Winslow,NYK,3,9.333333333333334,7.666666666666667,4.0
Justise Winslow,OKC,4,6.0,4.75,1.25
Justise Winslow,ORL,3,9.333333333333334,6.666666666666667,2.6666666666666665
Justise Winslow,PHX,5,4.8,3.4,3.0
Justise Winslow,POR,3,2.6666666666666665,2.3333333333333335,1.3333333333333333
Justise Winslow,SAC,3,6.0,5.0,1.0
Justise Winslow,SAS,3,2.3333333333333335,2.0,0.3333333333333333
Justise Winslow,TOR,1,8.0,5.0,2.0
Justise Winslow,UTA,3,2.0,4.666666666666667,3.3333333333333335
Justise Winslow,WAS,1,4.0,6.0,4.0
Jusuf Nurkić,ATL,7,8.8,7.2,2.6
Jusuf Nurkić,BKN,6,16.6,12.4,2.8
Jusuf Nurkić,BOS,10,14.6,10.8,5.2
Jusuf Nurkić,CHA,7,15.2,12.6,2.8
Jusuf Nurkić,CHI,6,12.4,9.0,3.6
Jusuf Nurkić,CLE,8,9.2,12.4,3.6
Jusuf Nurkić,DAL,9,9.8,7.8,1.8
Jusuf Nurkić,DEN,13,9.0,10.6,5.8
Jusuf Nurkić,DET,7,9.6,10.4,5.8
Jusuf Nurkić,GSW,9,9.4,7.6,4.0
Jusuf Nurkić,HOU,9,12.6,9.6,3.6
Jusuf Nurkić,IND,8,8.4,8.6,3.2
Jusuf Nurkić,LAC,13,7.4,8.0,3.4
Jusuf Nurkić,LAL,18,9.6,9.6,5.0
Jusuf Nurkić,MEM,10,10.2,11.4,4.4
Jusuf Nurkić,MIA,11,11.6,9.8,3.2
Jusuf Nurkić,MIL,5,13.6,10.4,4.0
Jusuf Nurkić,MIN,13,6.4,8.8,3.6
Jusuf Nurkić,NOP,6,8.6,11.6,4.8
Jusuf Nurkić,NYK,8,11.2,9.4,1.8
Jusuf Nurkić,OKC,11,7.4,10.0,2.8
Jusuf Nurkić,ORL,8,8.0,9.6,3.6
Jusuf Nurkić,PHI,8,10.4,10.0,3.2
Jusuf Nurkić,PHX,8,11.2,10.2,1.8
Jusuf Nurkić,POR,9,11.6,10.6,3.2
Jusuf Nurkić,SAC,15,8.2,9.6,4.2
Jusuf Nurkić,SAS,12,14.6,7.8,6.0
Jusuf Nurkić,TOR,8,13.4,11.2,4.2
Jusuf Nurkić,UTA,11,13.4,7.2,2.0
Jusuf Nurkić,WAS,3,15.666666666666666,14.666666666666666,5.0
Juwan Morgan,CLE,1,5.0,4.0,1.0
Juwan Morgan,WAS,1,0.0,0.0,0.0
KJ Martin,ATL,6,8.6,5.4,0.4
KJ Martin,BKN,8,6.8,3.8,1.2
KJ Martin,BOS,5,9.8,4.4,1.0
KJ Martin,CHA,9,4.8,2.4,1.0
KJ Martin,CHI,7,6.8,1.6,0.4
KJ Martin,CLE,9,5.8,5.0,1.4
KJ Martin,DAL,10,4.8,2.8,0.2
KJ Martin,DEN,9,7.4,2.8,1.6
KJ Martin,DET,9,7.2,2.6,1.0
KJ Martin,GSW,9,13.0,5.0,1.2
KJ Martin,HOU,5,7.6,2.4,1.2
KJ Martin,IND,8,11.0,2.4,0.8
KJ Martin,LAC,10,10.4,4.8,2.0
KJ Martin,LAL,9,7.8,3.8,0.8
KJ Martin,MEM,14,3.8,2.2,0.8
KJ Martin,MIA,8,6.6,3.0,1.6
KJ Martin,MIL,6,8.6,4.6,2.2
KJ Martin,MIN,10,7.6,4.2,0.8
KJ Martin,NOP,11,6.2,3.4,0.6
KJ Martin,NYK,8,5.2,3.0,0.6
KJ Martin,OKC,10,6.0,3.6,2.2
KJ Martin,ORL,9,7.2,1.4,0.4
KJ Martin,PHI,5,12.8,5.8,2.0
KJ Martin,PHX,10,5.0,3.8,0.4
KJ Martin,POR,10,8.4,4.0,2.0
KJ Martin,SAC,11,11.0,4.6,1.2
KJ Martin,SAS,12,7.8,3.0,1.2
KJ Martin,TOR,10,2.2,2.4,1.8
KJ Martin,UTA,9,6.0,4.4,2.0
KJ Martin,WAS,8,4.6,2.4,0.8
KJ Simpson,ATL,3,5.666666666666667,1.3333333333333333,1.6666666666666667
KJ Simpson,BKN,2,8.0,6.0,3.0
KJ Simpson,BOS,3,5.0,5.666666666666667,3.6666666666666665
KJ Simpson,CHI,4,8.5,2.5,3.0
KJ Simpson,CLE,3,3.3333333333333335,0.6666666666666666,1.3333333333333333
KJ Simpson,DAL,1,11.0,4.0,5.0
KJ Simpson,DEN,2,12.0,5.5,4.5
KJ Simpson,DET,2,9.0,3.5,3.5
KJ Simpson,GSW,1,16.0,6.0,2.0
KJ Simpson,IND,3,4.333333333333333,1.6666666666666667,1.6666666666666667
KJ Simpson,LAC,1,9.0,1.0,5.0
KJ Simpson,LAL,1,8.0,3.0,4.0
KJ Simpson,MEM,2,3.5,1.5,1.0
KJ Simpson,MIA,2,1.0,2.0,2.5
KJ Simpson,MIL,2,8.5,1.0,2.5
KJ Simpson,MIN,2,1.0,1.5,0.5
KJ Simpson,NOP,2,8.5,3.0,2.0
KJ Simpson,NYK,3,4.0,1.0,2.0
KJ Simpson,OKC,3,7.0,1.3333333333333333,4.333333333333333
KJ Simpson,ORL,2,3.5,0.5,0.0
KJ Simpson,PHI,1,8.0,6.0,9.0
KJ Simpson,POR,2,5.0,3.0,2.5
KJ Simpson,SAC,1,13.0,1.0,4.0
KJ Simpson,SAS,1,12.0,3.0,3.0
KJ Simpson,TOR,3,9.333333333333334,2.0,4.0
KJ Simpson,UTA,3,5.666666666666667,4.0,3.3333333333333335
KJ Simpson,WAS,1,9.0,4.0,1.0
KZ Okpala,ATL,1,0.0,0.0,0.0
KZ Okpala,BKN,2,3.0,0.0,0.0
KZ Okpala,BOS,1,7.0,4.0,1.0
KZ Okpala,CHA,1,0.0,0.0,0.0
KZ Okpala,CHI,2,7.0,4.0,1.0
KZ Okpala,CLE,3,3.0,1.3333333333333333,1.0
KZ Okpala,DEN,4,0.75,1.0,0.25
KZ Okpala,DET,2,2.5,2.0,1.0
KZ Okpala,GSW,1,0.0,1.0,0.0
KZ Okpala,HOU,2,1.5,1.5,0.0
KZ Okpala,IND,2,9.5,3.5,1.0
KZ Okpala,LAC,2,4.5,3.0,1.0
KZ Okpala,LAL,3,0.0,0.0,0.6666666666666666
KZ Okpala,MEM,5,0.2,0.4,0.0
KZ Okpala,MIA,1,0.0,0.0,0.0
KZ Okpala,MIL,4,3.25,3.0,0.75
KZ Okpala,MIN,1,0.0,0.0,0.0
KZ Okpala,NOP,1,0.0,1.0,1.0
KZ Okpala,NYK,1,0.0,0.0,1.0
KZ Okpala,OKC,2,4.0,3.5,0.5
KZ Okpala,ORL,3,3.6666666666666665,1.6666666666666667,0.3333333333333333
KZ Okpala,PHI,3,2.3333333333333335,1.3333333333333333,0.6666666666666666
KZ Okpala,PHX,1,2.0,0.0,0.0
KZ Okpala,POR,1,0.0,2.0,1.0
KZ Okpala,SAS,2,0.0,0.0,0.5
KZ Okpala,UTA,2,0.0,0.0,0.0
KZ Okpala,WAS,3,2.0,0.3333333333333333,0.3333333333333333
Kadary Richmond,CLE,1,5.0,2.0,1.0
Kadary Richmond,IND,2,10.0,4.0,3.5
Kai Jones,ATL,5,1.6,1.6,0.0
Kai Jones,BKN,7,5.2,3.4,0.4
Kai Jones,BOS,3,4.0,2.6666666666666665,0.3333333333333333
Kai Jones,CHI,4,5.5,2.25,1.25
Kai Jones,CLE,6,1.8,3.2,0.0
Kai Jones,DAL,4,0.5,0.75,0.5
Kai Jones,DEN,3,1.6666666666666667,1.0,0.3333333333333333
Kai Jones,DET,6,3.6,2.6,0.8
Kai Jones,GSW,1,0.0,1.0,1.0
Kai Jones,HOU,4,5.0,1.5,0.5
Kai Jones,IND,3,7.666666666666667,5.0,0.6666666666666666
Kai Jones,LAC,5,6.2,3.0,0.6
Kai Jones,MEM,4,3.75,2.75,0.5
Kai Jones,MIA,2,2.0,0.0,0.0
Kai Jones,MIL,2,2.0,2.5,0.5
Kai Jones,MIN,3,4.666666666666667,6.0,0.3333333333333333
Kai Jones,NOP,1,4.0,4.0,0.0
Kai Jones,NYK,2,6.5,6.0,1.0
Kai Jones,OKC,4,5.5,4.75,0.75
Kai Jones,ORL,6,2.0,1.2,0.4
Kai Jones,PHI,4,5.5,3.25,0.25
Kai Jones,PHX,5,2.8,2.4,0.4
Kai Jones,POR,3,2.3333333333333335,1.6666666666666667,0.3333333333333333
Kai Jones,SAC,3,8.0,3.3333333333333335,0.0
Kai Jones,SAS,4,1.75,1.0,0.25
Kai Jones,TOR,4,4.0,2.75,1.25
Kai Jones,UTA,3,3.3333333333333335,2.3333333333333335,0.0
Kai Jones,WAS,6,1.6,0.8,0.0
Kaiser Gates,GSW,1,0.0,1.0,0.0
Kam Jones,ATL,1,0.0,0.0,0.0
Kam Jones,BKN,2,7.5,2.5,6.0
Kam Jones,BOS,3,2.0,0.3333333333333333,1.3333333333333333
Kam Jones,CHA,3,4.0,2.6666666666666665,4.666666666666667
Kam Jones,CHI,1,9.0,1.0,7.0
Kam Jones,CLE,1,2.0,0.0,5.0
Kam Jones,DAL,1,10.0,0.0,3.0
Kam Jones,DET,2,5.0,2.5,3.5
Kam Jones,HOU,1,4.0,1.0,1.0
Kam Jones,MEM,1,10.0,2.0,10.0
Kam Jones,MIA,2,2.0,1.0,0.0
Kam Jones,MIL,3,2.3333333333333335,0.6666666666666666,1.0
Kam Jones,MIN,1,9.0,2.0,4.0
Kam Jones,NYK,2,2.5,1.0,1.0
Kam Jones,ORL,1,0.0,0.0,0.0
Kam Jones,PHI,2,6.5,5.0,3.0
Kam Jones,PHX,1,3.0,1.0,6.0
Kam Jones,POR,2,0.0,0.5,1.5
Kam Jones,SAC,1,14.0,4.0,9.0
Kam Jones,SAS,1,2.0,1.0,1.0
Kam Jones,TOR,2,3.5,0.5,0.5
Kam Jones,UTA,1,12.0,6.0,8.0
Kam Jones,WAS,2,4.0,2.5,6.5
Karl-Anthony Towns,ATL,12,28.8,11.4,4.0
Karl-Anthony Towns,BKN,10,26.0,12.6,3.0
Karl-Anthony Towns,BOS,11,23.2,11.2,2.4
Karl-Anthony Towns,CHA,11,23.6,11.4,3.0
Karl-Anthony Towns,CHI,8,29.2,14.0,3.6
Karl-Anthony Towns,CLE,9,18.4,10.4,2.0
Karl-Anthony Towns,DAL,12,24.0,13.4,5.8
Karl-Anthony Towns,DEN,9,21.2,11.6,3.2
Karl-Anthony Towns,DET,8,19.8,9.0,4.0
Karl-Anthony Towns,GSW,11,23.4,13.8,2.4
Karl-Anthony Towns,HOU,10,20.0,10.6,1.2
Karl-Anthony Towns,IND,9,27.0,12.2,2.0
Karl-Anthony Towns,LAC,10,26.0,11.2,5.6
Karl-Anthony Towns,LAL,11,13.6,11.6,2.4
Karl-Anthony Towns,MEM,13,17.8,10.6,4.0
Karl-Anthony Towns,MIA,12,20.2,11.4,2.6
Karl-Anthony Towns,MIL,11,15.6,12.6,2.2
Karl-Anthony Towns,MIN,3,29.0,14.333333333333334,3.6666666666666665
Karl-Anthony Towns,NOP,13,16.0,12.2,2.6
Karl-Anthony Towns,NYK,4,23.5,7.25,4.25
Karl-Anthony Towns,OKC,14,18.6,15.4,2.8
Karl-Anthony Towns,ORL,11,21.2,11.6,2.8
Karl-Anthony Towns,PHI,10,19.4,11.0,3.0
Karl-Anthony Towns,PHX,12,20.2,10.4,2.4
Karl-Anthony Towns,POR,13,15.8,10.6,2.6
Karl-Anthony Towns,SAC,9,18.6,9.0,3.0
Karl-Anthony Towns,SAS,14,20.8,8.8,2.6
Karl-Anthony Towns,TOR,12,17.4,13.6,3.2
Karl-Anthony Towns,UTA,9,23.6,12.8,4.8
Karl-Anthony Towns,WAS,11,28.2,13.6,2.6
Karlo Matković,ATL,1,2.0,4.0,1.0
Karlo Matković,BKN,3,9.333333333333334,3.0,0.6666666666666666
Karlo Matković,BOS,2,3.5,2.0,0.5
Karlo Matković,CHA,4,6.25,3.25,1.75
Karlo Matković,CHI,2,2.0,2.5,0.0
Karlo Matković,CLE,3,3.3333333333333335,3.6666666666666665,0.0
Karlo Matković,DAL,5,5.8,4.6,0.6
Karlo Matković,DEN,4,5.25,6.25,1.5
Karlo Matković,DET,4,7.0,5.75,0.25
Karlo Matković,GSW,3,8.0,4.333333333333333,2.0
Karlo Matković,HOU,6,5.8,3.8,0.8
Karlo Matković,IND,2,4.5,5.5,1.0
Karlo Matković,LAC,6,5.2,5.0,1.0
Karlo Matković,LAL,4,7.5,3.75,1.25
Karlo Matković,MEM,4,5.75,5.5,0.75
Karlo Matković,MIA,2,3.5,2.5,1.0
Karlo Matković,MIL,4,10.5,6.25,1.0
Karlo Matković,MIN,4,5.25,2.5,1.5
Karlo Matković,NYK,2,6.0,2.0,0.5
Karlo Matković,OKC,4,7.0,4.75,1.0
Karlo Matković,ORL,2,9.5,3.0,1.0
Karlo Matković,PHI,3,11.0,5.333333333333333,1.3333333333333333
Karlo Matković,PHX,5,8.4,4.6,0.8
Karlo Matković,POR,5,5.8,2.8,0.6
Karlo Matković,SAC,5,8.0,5.2,1.0
Karlo Matković,SAS,6,6.0,3.8,0.4
Karlo Matković,TOR,2,4.0,4.5,0.0
Karlo Matković,UTA,5,4.8,3.8,1.6
Karlo Matković,WAS,2,3.5,2.5,0.0
Kasparas Jakučionis,ATL,4,6.25,3.25,2.75
Kasparas Jakučionis,BKN,3,7.666666666666667,2.3333333333333335,3.0
Kasparas Jakučionis,BOS,2,14.5,5.5,6.0
Kasparas Jakučionis,CHA,2,6.0,2.0,2.0
Kasparas Jakučionis,CHI,3,3.3333333333333335,2.3333333333333335,6.0
Kasparas Jakučionis,CLE,2,8.0,2.0,1.5
Kasparas Jakučionis,DEN,1,0.0,1.0,0.0
Kasparas Jakučionis,DET,2,6.0,1.0,0.0
Kasparas Jakučionis,GSW,1,3.0,2.0,1.0
Kasparas Jakučionis,HOU,2,0.0,1.5,1.5
Kasparas Jakučionis,IND,3,3.0,1.3333333333333333,1.6666666666666667
Kasparas Jakučionis,LAC,1,0.0,0.0,0.0
Kasparas Jakučionis,LAL,1,7.0,2.0,3.0
Kasparas Jakučionis,MEM,1,12.0,3.0,5.0
Kasparas Jakučionis,MIL,2,10.0,5.0,1.5
Kasparas Jakučionis,MIN,2,4.0,3.0,1.5
Kasparas Jakučionis,NOP,2,7.0,2.0,2.5
Kasparas Jakučionis,NYK,1,2.0,2.0,0.0
Kasparas Jakučionis,OKC,2,1.5,2.5,4.0
Kasparas Jakučionis,ORL,2,2.5,1.0,1.0
Kasparas Jakučionis,PHI,1,3.0,5.0,1.0
Kasparas Jakučionis,PHX,1,7.0,6.0,3.0
Kasparas Jakučionis,POR,1,3.0,0.0,3.0
Kasparas Jakučionis,SAC,1,1.0,2.0,0.0
Kasparas Jakučionis,SAS,1,8.0,6.0,5.0
Kasparas Jakučionis,TOR,3,2.3333333333333335,1.0,1.0
Kasparas Jakučionis,UTA,2,16.0,4.0,1.0
Kasparas Jakučionis,WAS,4,14.25,4.0,6.25
Kawhi Leonard,ATL,7,24.4,3.8,3.0
Kawhi Leonard,BKN,7,25.8,4.4,2.6
Kawhi Leonard,BOS,4,24.75,6.75,3.5
Kawhi Leonard,CHA,6,23.6,6.4,3.2
Kawhi Leonard,CHI,6,22.6,6.6,4.0
Kawhi Leonard,CLE,4,27.0,6.25,3.25
Kawhi Leonard,DAL,11,29.4,5.4,3.2
Kawhi Leonard,DEN,8,21.4,4.2,3.8
Kawhi Leonard,DET,5,28.8,6.4,3.0
Kawhi Leonard,GSW,10,25.0,8.0,3.8
Kawhi Leonard,HOU,8,27.6,9.4,4.0
Kawhi Leonard,IND,6,26.0,5.2,2.8
Kawhi Leonard,LAL,15,27.8,7.2,3.0
Kawhi Leonard,MEM,11,27.0,6.0,2.6
Kawhi Leonard,MIA,5,23.6,6.6,3.2
Kawhi Leonard,MIL,6,21.4,4.8,3.6
Kawhi Leonard,MIN,10,24.0,4.0,2.6
Kawhi Leonard,NOP,11,27.8,5.4,3.4
Kawhi Leonard,NYK,8,27.4,6.8,5.8
Kawhi Leonard,OKC,7,20.6,7.0,4.0
Kawhi Leonard,ORL,5,21.8,8.4,3.4
Kawhi Leonard,PHI,5,24.2,5.2,3.6
Kawhi Leonard,PHX,9,21.4,5.0,3.4
Kawhi Leonard,POR,10,25.4,8.0,4.2
Kawhi Leonard,SAC,10,29.8,6.6,3.6
Kawhi Leonard,SAS,9,25.6,5.8,4.4
Kawhi Leonard,TOR,6,22.0,6.8,3.8
Kawhi Leonard,UTA,7,25.4,5.6,3.4
Kawhi Leonard,WAS,6,27.4,7.4,2.8
Keaton Wallace,BKN,3,2.3333333333333335,0.6666666666666666,2.3333333333333335
Keaton Wallace,BOS,4,4.5,2.0,3.0
Keaton Wallace,CHA,1,10.0,1.0,0.0
Keaton Wallace,CHI,4,8.25,2.5,2.5
Keaton Wallace,CLE,3,0.6666666666666666,0.0,2.3333333333333335
Keaton Wallace,DAL,1,2.0,0.0,0.0
Keaton Wallace,DEN,2,5.0,1.0,3.0
Keaton Wallace,DET,5,3.4,0.6,2.2
Keaton Wallace,GSW,1,2.0,0.0,0.0
Keaton Wallace,HOU,3,2.3333333333333335,0.3333333333333333,0.3333333333333333
Keaton Wallace,IND,4,3.75,1.25,2.25
Keaton Wallace,LAC,2,6.5,3.0,2.5
Keaton Wallace,LAL,2,8.0,1.5,4.0
Keaton Wallace,MEM,3,5.666666666666667,1.0,2.3333333333333335
Keaton Wallace,MIA,5,3.6,1.6,1.8
Keaton Wallace,MIL,3,1.6666666666666667,1.0,1.3333333333333333
Keaton Wallace,MIN,3,4.333333333333333,1.0,2.6666666666666665
Keaton Wallace,NOP,2,3.0,1.0,0.5
Keaton Wallace,NYK,2,4.5,0.5,1.5
Keaton Wallace,OKC,4,4.75,0.5,0.75
Keaton Wallace,ORL,4,5.5,3.75,4.75
Keaton Wallace,PHI,3,5.0,1.3333333333333333,3.0
Keaton Wallace,PHX,1,5.0,1.0,1.0
Keaton Wallace,POR,2,1.0,0.5,1.0
Keaton Wallace,SAC,2,9.0,2.5,3.5
Keaton Wallace,SAS,3,5.0,0.3333333333333333,1.6666666666666667
Keaton Wallace,TOR,4,6.75,1.75,1.5
Keaton Wallace,UTA,1,0.0,2.0,5.0
Keaton Wallace,WAS,7,0.6,1.2,1.6
Keegan Murray,ATL,6,10.2,7.0,1.4
Keegan Murray,BKN,6,16.8,4.8,2.0
Keegan Murray,BOS,7,12.4,5.2,1.8
Keegan Murray,CHA,6,12.2,3.6,1.4
Keegan Murray,CHI,6,9.8,7.2,2.6
Keegan Murray,CLE,5,16.0,3.6,1.4
Keegan Murray,DAL,10,12.4,5.2,1.8
Keegan Murray,DEN,11,14.4,5.4,0.8
Keegan Murray,DET,6,13.0,4.8,1.8
Keegan Murray,GSW,11,11.4,4.4,1.2
Keegan Murray,HOU,13,13.0,6.4,1.0
Keegan Murray,IND,7,12.4,6.4,1.0
Keegan Murray,LAC,12,10.4,7.0,2.0
Keegan Murray,LAL,12,11.6,5.8,1.0
Keegan Murray,MEM,12,11.2,6.0,2.0
Keegan Murray,MIA,7,21.0,6.4,1.2
Keegan Murray,MIL,6,9.4,4.4,0.4
Keegan Murray,MIN,12,15.4,8.6,1.4
Keegan Murray,NOP,11,15.0,7.4,1.8
Keegan Murray,NYK,6,12.2,4.8,1.4
Keegan Murray,OKC,10,16.8,8.2,1.6
Keegan Murray,ORL,7,15.8,7.2,1.2
Keegan Murray,PHI,5,14.2,5.0,1.8
Keegan Murray,PHX,15,15.8,7.2,2.0
Keegan Murray,POR,12,12.8,5.8,1.2
Keegan Murray,SAS,11,13.8,5.2,1.0
Keegan Murray,TOR,6,16.4,9.0,2.2
Keegan Murray,UTA,12,15.0,6.2,1.8
Keegan Murray,WAS,6,16.4,4.4,2.2
Keifer Sykes,ATL,3,8.666666666666666,0.6666666666666666,2.3333333333333335
Keifer Sykes,BKN,1,18.0,3.0,5.0
Keifer Sykes,BOS,4,3.25,0.75,1.0
Keifer Sykes,CHA,2,3.5,0.5,2.0
Keifer Sykes,CHI,1,2.0,1.0,0.0
Keifer Sykes,CLE,2,8.5,4.0,4.0
Keifer Sykes,DAL,1,2.0,0.0,0.0
Keifer Sykes,DEN,1,10.0,0.0,2.0
Keifer Sykes,GSW,1,10.0,4.0,3.0
Keifer Sykes,LAC,2,0.0,0.0,0.0
Keifer Sykes,MEM,2,2.0,0.5,1.5
Keifer Sykes,MIL,1,10.0,1.0,5.0
Keifer Sykes,MIN,1,3.0,0.0,0.0
Keifer Sykes,NYK,1,22.0,4.0,6.0
Keifer Sykes,ORL,2,0.0,3.0,0.5
Keifer Sykes,PHX,2,4.5,1.5,1.0
Keifer Sykes,POR,1,7.0,2.0,2.0
Keifer Sykes,SAS,1,9.0,0.0,3.0
Keifer Sykes,TOR,1,4.0,0.0,1.0
Keifer Sykes,UTA,1,7.0,5.0,4.0
Keifer Sykes,WAS,1,0.0,1.0,2.0
Keion Brooks Jr.,BKN,1,14.0,5.0,0.0
Keion Brooks Jr.,CHA,1,17.0,8.0,2.0
Keion Brooks Jr.,DEN,1,0.0,0.0,0.0
Keion Brooks Jr.,DET,1,5.0,1.0,0.0
Keion Brooks Jr.,GSW,1,11.0,3.0,1.0
Keion Brooks Jr.,LAC,1,6.0,2.0,1.0
Keion Brooks Jr.,LAL,1,9.0,4.0,1.0
Keion Brooks Jr.,MIA,1,14.0,3.0,1.0
Keion Brooks Jr.,MIL,2,16.5,8.0,0.5
Keion Brooks Jr.,MIN,1,4.0,5.0,2.0
Keion Brooks Jr.,OKC,2,9.5,4.5,1.5
Keion Brooks Jr.,PHI,1,10.0,2.0,1.0
Keita Bates-Diop,ATL,7,3.0,1.4,0.8
Keita Bates-Diop,BKN,5,4.6,3.8,0.4
Keita Bates-Diop,BOS,5,4.2,3.4,0.6
Keita Bates-Diop,CHA,4,4.5,2.75,1.5
Keita Bates-Diop,CHI,5,6.6,2.8,1.8
Keita Bates-Diop,CLE,4,6.5,2.75,0.5
Keita Bates-Diop,DAL,6,10.2,4.0,1.2
Keita Bates-Diop,DEN,7,6.2,3.0,0.4
Keita Bates-Diop,DET,4,6.75,4.75,2.25
Keita Bates-Diop,GSW,7,7.0,3.8,0.6
Keita Bates-Diop,HOU,5,10.4,4.0,2.0
Keita Bates-Diop,IND,7,3.2,2.4,1.0
Keita Bates-Diop,LAC,7,7.4,2.8,0.8
Keita Bates-Diop,LAL,9,5.2,2.8,0.8
Keita Bates-Diop,MEM,8,6.0,2.6,0.8
Keita Bates-Diop,MIA,4,8.75,4.75,1.75
Keita Bates-Diop,MIL,4,4.5,2.0,1.0
Keita Bates-Diop,MIN,7,11.4,3.0,1.6
Keita Bates-Diop,NOP,8,5.6,2.2,0.8
Keita Bates-Diop,NYK,6,3.4,3.4,0.6
Keita Bates-Diop,OKC,6,7.0,4.6,1.8
Keita Bates-Diop,ORL,6,4.6,2.0,1.2
Keita Bates-Diop,PHI,6,5.2,2.2,0.6
Keita Bates-Diop,PHX,5,9.6,4.6,1.4
Keita Bates-Diop,POR,11,7.0,2.4,1.8
Keita Bates-Diop,SAC,6,7.6,4.6,2.4
Keita Bates-Diop,SAS,2,7.5,1.0,0.0
Keita Bates-Diop,TOR,5,8.6,3.6,0.6
Keita Bates-Diop,UTA,8,7.2,2.8,1.2
Keita Bates-Diop,WAS,5,8.6,4.2,1.0
Kel'el Ware,ATL,8,12.4,10.4,0.4
Kel'el Ware,BKN,6,13.2,11.2,1.4
Kel'el Ware,BOS,7,8.8,6.2,0.4
Kel'el Ware,CHA,7,10.0,7.0,1.4
Kel'el Ware,CHI,7,12.6,6.4,1.2
Kel'el Ware,CLE,5,12.2,11.2,2.0
Kel'el Ware,DAL,3,19.666666666666668,12.333333333333334,1.0
Kel'el Ware,DEN,4,10.25,7.25,0.25
Kel'el Ware,DET,5,9.4,8.0,0.0
Kel'el Ware,GSW,4,10.5,8.5,0.75
Kel'el Ware,HOU,4,9.0,9.25,1.0
Kel'el Ware,IND,6,11.0,5.0,0.6
Kel'el Ware,LAC,4,9.75,8.5,0.5
Kel'el Ware,LAL,3,9.666666666666666,8.0,1.0
Kel'el Ware,MEM,4,15.5,12.5,0.5
Kel'el Ware,MIL,7,10.0,9.6,1.2
Kel'el Ware,MIN,3,7.333333333333333,6.333333333333333,1.0
Kel'el Ware,NOP,4,13.0,10.0,1.0
Kel'el Ware,NYK,6,14.8,11.4,0.4
Kel'el Ware,OKC,3,7.333333333333333,5.333333333333333,0.0
Kel'el Ware,ORL,9,6.4,6.4,0.4
Kel'el Ware,PHI,7,12.4,11.8,1.2
Kel'el Ware,PHX,2,8.5,4.0,0.5
Kel'el Ware,POR,3,12.0,10.333333333333334,0.3333333333333333
Kel'el Ware,SAC,2,5.5,4.5,0.5
Kel'el Ware,SAS,4,9.5,8.5,2.0
Kel'el Ware,TOR,5,5.4,8.0,0.8
Kel'el Ware,UTA,3,9.333333333333334,5.666666666666667,0.6666666666666666
Kel'el Ware,WAS,6,14.8,11.2,1.4
Kelan Martin,ATL,1,2.0,1.0,0.0
Kelan Martin,CHA,3,5.333333333333333,1.3333333333333333,0.6666666666666666
Kelan Martin,CHI,2,4.5,1.0,1.0
Kelan Martin,DAL,1,8.0,3.0,1.0
Kelan Martin,DEN,1,5.0,4.0,0.0
Kelan Martin,DET,2,1.0,2.0,1.0
Kelan Martin,GSW,1,4.0,1.0,0.0
Kelan Martin,HOU,1,0.0,0.0,0.0
Kelan Martin,IND,1,0.0,1.0,0.0
Kelan Martin,LAL,1,2.0,2.0,0.0
Kelan Martin,MIA,2,3.0,2.5,0.5
Kelan Martin,MIL,2,8.0,3.5,0.0
Kelan Martin,MIN,1,8.0,1.0,0.0
Kelan Martin,NOP,1,12.0,2.0,3.0
Kelan Martin,NYK,3,5.666666666666667,1.3333333333333333,0.3333333333333333
Kelan Martin,PHI,1,13.0,4.0,1.0
Kelan Martin,POR,1,8.0,0.0,1.0
Kelan Martin,SAC,1,0.0,0.0,0.0
Kelan Martin,SAS,1,8.0,0.0,3.0
Kelan Martin,TOR,1,15.0,3.0,1.0
Kelan Martin,UTA,1,14.0,4.0,2.0
Kelan Martin,WAS,1,6.0,3.0,1.0
Keldon Johnson,ATL,10,11.4,4.6,1.6
Keldon Johnson,BKN,9,17.2,5.8,0.6
Keldon Johnson,BOS,7,11.8,5.0,1.6
Keldon Johnson,CHA,10,11.6,3.2,1.4
Keldon Johnson,CHI,11,18.0,4.2,1.6
Keldon Johnson,CLE,10,12.6,5.8,0.6
Keldon Johnson,DAL,19,13.2,5.2,2.0
Keldon Johnson,DEN,14,11.4,6.2,1.4
Keldon Johnson,DET,8,14.4,3.6,2.4
Keldon Johnson,GSW,15,12.6,6.2,1.8
Keldon Johnson,HOU,17,15.8,5.0,2.6
Keldon Johnson,IND,8,14.0,4.2,1.6
Keldon Johnson,LAC,17,10.4,5.0,0.8
Keldon Johnson,LAL,19,14.6,4.6,1.0
Keldon Johnson,MEM,18,14.4,6.2,2.0
Keldon Johnson,MIA,9,13.2,4.6,0.6
Keldon Johnson,MIL,9,17.0,6.6,2.2
Keldon Johnson,MIN,16,16.6,4.2,1.2
Keldon Johnson,NOP,16,13.2,6.2,2.0
Keldon Johnson,NYK,9,9.4,5.8,1.2
Keldon Johnson,OKC,16,14.2,4.6,0.6
Keldon Johnson,ORL,8,11.2,5.8,1.4
Keldon Johnson,PHI,9,10.8,5.6,1.4
Keldon Johnson,PHX,16,12.0,3.8,1.6
Keldon Johnson,POR,17,9.8,6.6,1.2
Keldon Johnson,SAC,15,15.0,4.6,0.6
Keldon Johnson,TOR,9,10.8,4.2,2.4
Keldon Johnson,UTA,15,14.4,5.4,2.4
Keldon Johnson,WAS,10,9.4,6.4,1.6
Keljin Blevins,BOS,1,3.0,0.0,1.0
Keljin Blevins,CHI,1,0.0,0.0,1.0
Keljin Blevins,DAL,2,1.0,0.0,0.0
Keljin Blevins,DEN,2,4.0,1.5,0.5
Keljin Blevins,DET,1,0.0,0.0,0.0
Keljin Blevins,GSW,1,0.0,0.0,0.0
Keljin Blevins,HOU,2,3.5,3.5,2.0
Keljin Blevins,IND,1,0.0,1.0,0.0
Keljin Blevins,LAL,1,8.0,3.0,0.0
Keljin Blevins,MIL,1,2.0,0.0,1.0
Keljin Blevins,MIN,2,5.5,1.5,2.5
Keljin Blevins,NOP,2,4.5,2.5,0.0
Keljin Blevins,NYK,1,0.0,1.0,0.0
Keljin Blevins,OKC,3,4.333333333333333,3.3333333333333335,0.3333333333333333
Keljin Blevins,ORL,2,0.0,1.0,0.0
Keljin Blevins,PHX,1,5.0,1.0,0.0
Keljin Blevins,SAS,4,3.75,1.25,0.25
Keljin Blevins,UTA,2,6.0,2.0,2.0
Keljin Blevins,WAS,1,0.0,0.0,0.0
Kelly Olynyk,ATL,10,7.8,3.6,2.6
Kelly Olynyk,BKN,12,6.6,2.6,3.6
Kelly Olynyk,BOS,10,5.8,2.8,1.8
Kelly Olynyk,CHA,6,12.0,6.6,3.4
Kelly Olynyk,CHI,8,9.8,3.6,3.4
Kelly Olynyk,CLE,6,4.6,2.8,2.4
Kelly Olynyk,DAL,10,7.4,2.8,2.6
Kelly Olynyk,DEN,7,12.2,4.6,2.8
Kelly Olynyk,DET,7,10.2,4.2,5.6
Kelly Olynyk,GSW,6,9.6,5.4,2.8
Kelly Olynyk,HOU,10,4.2,4.2,2.6
Kelly Olynyk,IND,11,7.8,2.8,2.4
Kelly Olynyk,LAC,9,8.8,3.0,2.0
Kelly Olynyk,LAL,12,7.4,2.8,2.2
Kelly Olynyk,MEM,15,6.2,2.4,2.0
Kelly Olynyk,MIA,8,8.0,6.0,4.0
Kelly Olynyk,MIL,11,7.0,2.8,1.8
Kelly Olynyk,MIN,11,7.6,3.4,1.6
Kelly Olynyk,NOP,10,9.0,3.6,3.4
Kelly Olynyk,NYK,12,6.0,3.4,1.4
Kelly Olynyk,OKC,11,5.4,2.0,2.8
Kelly Olynyk,ORL,8,8.6,4.0,2.6
Kelly Olynyk,PHI,9,10.2,4.6,5.4
Kelly Olynyk,PHX,10,5.8,4.6,2.8
Kelly Olynyk,POR,9,7.4,5.8,4.6
Kelly Olynyk,SAC,11,6.2,4.4,5.8
Kelly Olynyk,SAS,7,11.6,8.6,4.0
Kelly Olynyk,TOR,5,8.0,5.6,5.2
Kelly Olynyk,UTA,4,8.0,3.5,2.25
Kelly Olynyk,WAS,7,13.6,5.6,4.2
Kelly Oubre Jr.,ATL,11,17.4,5.2,2.2
Kelly Oubre Jr.,BKN,13,18.4,5.0,0.8
Kelly Oubre Jr.,BOS,15,14.0,5.8,1.8
Kelly Oubre Jr.,CHA,10,17.2,4.4,1.4
Kelly Oubre Jr.,CHI,11,17.4,7.2,2.0
Kelly Oubre Jr.,CLE,16,13.2,5.0,1.8
Kelly Oubre Jr.,DAL,5,17.2,5.2,2.4
Kelly Oubre Jr.,DEN,7,17.4,4.2,2.6
Kelly Oubre Jr.,DET,16,9.4,5.4,1.6
Kelly Oubre Jr.,GSW,7,15.8,4.4,1.8
Kelly Oubre Jr.,HOU,7,14.6,3.2,1.2
Kelly Oubre Jr.,IND,13,15.0,6.6,2.8
Kelly Oubre Jr.,LAC,8,14.8,4.6,3.2
Kelly Oubre Jr.,LAL,6,15.0,5.8,2.8
Kelly Oubre Jr.,MEM,8,18.6,6.0,1.6
Kelly Oubre Jr.,MIA,15,14.6,8.6,1.4
Kelly Oubre Jr.,MIL,12,13.6,4.4,1.2
Kelly Oubre Jr.,MIN,8,15.6,3.6,1.0
Kelly Oubre Jr.,NOP,8,18.6,6.4,2.2
Kelly Oubre Jr.,NYK,15,12.8,7.0,2.0
Kelly Oubre Jr.,OKC,5,11.6,4.0,1.0
Kelly Oubre Jr.,ORL,15,13.0,6.8,2.0
Kelly Oubre Jr.,PHI,6,17.4,4.4,1.2
Kelly Oubre Jr.,PHX,9,18.8,6.0,1.8
Kelly Oubre Jr.,POR,8,17.2,4.6,1.0
Kelly Oubre Jr.,SAC,6,17.6,5.6,2.2
Kelly Oubre Jr.,SAS,7,12.4,5.8,1.6
Kelly Oubre Jr.,TOR,13,12.8,5.0,0.8
Kelly Oubre Jr.,UTA,7,15.8,3.4,2.2
Kelly Oubre Jr.,WAS,15,12.4,5.8,2.2
Kemba Walker,ATL,1,10.0,10.0,12.0
Kemba Walker,BKN,1,9.0,0.0,3.0
Kemba Walker,BOS,3,13.666666666666666,4.666666666666667,2.0
Kemba Walker,CHA,1,26.0,3.0,3.0
Kemba Walker,CHI,3,12.0,2.6666666666666665,3.6666666666666665
Kemba Walker,CLE,2,20.0,3.0,4.0
Kemba Walker,DEN,1,2.0,2.0,8.0
Kemba Walker,DET,2,11.5,5.0,3.5
Kemba Walker,GSW,1,8.0,3.0,6.0
Kemba Walker,HOU,3,4.666666666666667,0.6666666666666666,1.6666666666666667
Kemba Walker,IND,2,10.0,2.5,3.0
Kemba Walker,LAL,2,6.5,2.5,4.0
Kemba Walker,MEM,1,0.0,3.0,2.0
Kemba Walker,MIA,1,7.0,0.0,0.0
Kemba Walker,MIL,3,5.0,2.0,3.3333333333333335
Kemba Walker,MIN,4,11.75,3.0,2.25
Kemba Walker,NOP,2,12.0,3.0,3.5
Kemba Walker,NYK,1,1.0,0.0,0.0
Kemba Walker,OKC,1,9.0,3.0,5.0
Kemba Walker,ORL,3,8.666666666666666,0.3333333333333333,2.0
Kemba Walker,PHI,2,13.5,3.0,5.0
Kemba Walker,PHX,1,17.0,3.0,2.0
Kemba Walker,POR,2,14.5,2.0,2.0
Kemba Walker,SAC,1,0.0,3.0,1.0
Kemba Walker,TOR,1,15.0,3.0,3.0
Kemba Walker,WAS,1,44.0,9.0,8.0
Kendall Brown,ATL,2,2.0,0.5,0.5
Kendall Brown,BKN,2,1.0,0.0,0.5
Kendall Brown,BOS,1,0.0,0.0,0.0
Kendall Brown,CHA,1,2.0,0.0,1.0
Kendall Brown,CHI,1,3.0,1.0,0.0
Kendall Brown,DAL,1,0.0,0.0,0.0
Kendall Brown,DET,1,2.0,1.0,1.0
Kendall Brown,GSW,1,3.0,5.0,2.0
Kendall Brown,LAC,2,0.0,0.0,0.5
Kendall Brown,MIN,2,1.0,0.0,0.0
Kendall Brown,NOP,1,0.0,0.0,0.0
Kendall Brown,PHI,1,0.0,0.0,0.0
Kendall Brown,POR,1,0.0,0.0,0.0
Kendall Brown,SAS,1,0.0,0.0,0.0
Kendall Brown,TOR,1,0.0,0.0,0.0
Kendall Brown,UTA,2,6.0,1.5,0.5
Kendrick Nunn,ATL,3,15.333333333333334,2.0,2.3333333333333335
Kendrick Nunn,BKN,2,2.5,1.0,1.5
Kendrick Nunn,BOS,2,7.5,0.5,1.0
Kendrick Nunn,CHA,2,5.5,2.5,1.0
Kendrick Nunn,CHI,1,4.0,1.0,1.0
Kendrick Nunn,CLE,4,3.25,1.0,1.25
Kendrick Nunn,DAL,2,7.0,0.5,0.5
Kendrick Nunn,DEN,5,6.8,1.0,0.6
Kendrick Nunn,DET,3,3.3333333333333335,0.3333333333333333,0.3333333333333333
Kendrick Nunn,GSW,2,13.0,2.5,4.0
Kendrick Nunn,HOU,3,13.0,3.6666666666666665,2.6666666666666665
Kendrick Nunn,IND,2,7.5,2.5,3.0
Kendrick Nunn,LAC,2,0.0,1.0,2.5
Kendrick Nunn,MEM,1,11.0,5.0,0.0
Kendrick Nunn,MIA,2,8.0,2.5,1.5
Kendrick Nunn,MIL,3,9.0,3.3333333333333335,2.3333333333333335
Kendrick Nunn,MIN,2,6.0,2.0,1.0
Kendrick Nunn,NOP,1,12.0,2.0,0.0
Kendrick Nunn,NYK,2,7.0,1.5,1.0
Kendrick Nunn,ORL,3,7.0,1.3333333333333333,0.6666666666666666
Kendrick Nunn,PHI,2,3.5,1.5,1.5
Kendrick Nunn,PHX,2,10.5,0.5,1.0
Kendrick Nunn,POR,5,5.0,2.0,1.6
Kendrick Nunn,SAC,4,4.5,0.25,0.25
Kendrick Nunn,SAS,4,10.25,2.0,1.5
Kendrick Nunn,TOR,4,5.25,0.75,0.25
Kendrick Nunn,UTA,2,9.0,0.5,0.5
Kennedy Chandler,ATL,1,8.0,6.0,7.0
Kennedy Chandler,BKN,1,6.0,3.0,3.0
Kennedy Chandler,CHA,2,2.5,2.0,2.5
Kennedy Chandler,CHI,1,0.0,0.0,0.0
Kennedy Chandler,CLE,1,12.0,4.0,5.0
Kennedy Chandler,DAL,2,0.0,0.0,1.0
Kennedy Chandler,DEN,5,6.8,1.8,2.8
Kennedy Chandler,DET,1,0.0,1.0,0.0
Kennedy Chandler,GSW,2,0.0,0.0,0.5
Kennedy Chandler,HOU,2,3.0,1.0,3.5
Kennedy Chandler,IND,1,0.0,0.0,0.0
Kennedy Chandler,LAC,1,4.0,2.0,3.0
Kennedy Chandler,LAL,1,0.0,0.0,0.0
Kennedy Chandler,MEM,1,26.0,5.0,10.0
Kennedy Chandler,MIA,2,7.0,1.5,4.0
Kennedy Chandler,MIL,2,2.0,1.5,2.5
Kennedy Chandler,MIN,1,0.0,0.0,0.0
Kennedy Chandler,NOP,4,8.25,2.25,2.5
Kennedy Chandler,OKC,2,3.5,0.5,2.5
Kennedy Chandler,PHI,1,19.0,5.0,4.0
Kennedy Chandler,PHX,3,6.0,1.3333333333333333,3.3333333333333335
Kennedy Chandler,SAC,3,1.3333333333333333,0.3333333333333333,0.6666666666666666
Kennedy Chandler,SAS,1,2.0,2.0,4.0
Kennedy Chandler,TOR,1,13.0,5.0,9.0
Kennedy Chandler,UTA,3,3.0,0.6666666666666666,2.6666666666666665
Kennedy Chandler,WAS,2,9.5,2.0,5.0
Kenneth Lofton Jr.,ATL,1,4.0,1.0,1.0
Kenneth Lofton Jr.,BOS,1,6.0,2.0,1.0
Kenneth Lofton Jr.,CHI,2,0.0,1.5,0.0
Kenneth Lofton Jr.,DAL,4,1.5,1.5,0.25
Kenneth Lofton Jr.,DEN,2,1.0,0.0,1.5
Kenneth Lofton Jr.,DET,1,0.0,1.0,0.0
Kenneth Lofton Jr.,GSW,4,3.5,0.75,1.75
Kenneth Lofton Jr.,HOU,4,8.25,3.75,3.0
Kenneth Lofton Jr.,LAC,3,12.333333333333334,4.666666666666667,3.0
Kenneth Lofton Jr.,LAL,2,0.0,0.0,0.0
Kenneth Lofton Jr.,MIA,2,6.0,1.5,1.5
Kenneth Lofton Jr.,MIL,1,3.0,1.0,0.0
Kenneth Lofton Jr.,MIN,3,2.3333333333333335,0.3333333333333333,0.6666666666666666
Kenneth Lofton Jr.,NOP,2,4.0,3.0,2.5
Kenneth Lofton Jr.,OKC,1,42.0,14.0,0.0
Kenneth Lofton Jr.,PHX,1,2.0,0.0,0.0
Kenneth Lofton Jr.,POR,2,4.0,1.5,1.5
Kenneth Lofton Jr.,SAC,3,0.6666666666666666,0.0,0.0
Kenneth Lofton Jr.,SAS,2,6.5,4.0,1.5
Kenneth Lofton Jr.,UTA,3,5.666666666666667,2.6666666666666665,0.6666666666666666
Kenneth Lofton Jr.,WAS,1,0.0,0.0,1.0
Kenrich Williams,ATL,4,4.5,4.0,3.75
Kenrich Williams,BKN,6,4.0,3.0,1.2
Kenrich Williams,BOS,7,6.4,3.0,1.2
Kenrich Williams,CHA,7,8.6,2.4,1.0
Kenrich Williams,CHI,8,6.4,4.4,1.4
Kenrich Williams,CLE,6,5.2,2.8,1.6
Kenrich Williams,DAL,15,5.6,2.8,1.0
Kenrich Williams,DEN,12,4.4,4.0,1.0
Kenrich Williams,DET,7,5.8,3.6,0.4
Kenrich Williams,GSW,13,4.8,2.6,1.4
Kenrich Williams,HOU,16,5.4,2.6,0.6
Kenrich Williams,IND,7,9.8,6.6,2.8
Kenrich Williams,LAC,11,3.4,1.8,1.0
Kenrich Williams,LAL,14,3.4,1.6,0.6
Kenrich Williams,MEM,12,9.2,4.8,1.6
Kenrich Williams,MIA,7,5.2,3.4,1.4
Kenrich Williams,MIL,9,7.2,5.6,2.6
Kenrich Williams,MIN,16,2.2,2.2,0.8
Kenrich Williams,NOP,13,8.4,3.4,2.0
Kenrich Williams,NYK,9,4.4,2.4,0.4
Kenrich Williams,ORL,5,6.4,5.0,1.4
Kenrich Williams,PHI,10,4.8,2.2,0.8
Kenrich Williams,PHX,13,7.8,4.0,2.4
Kenrich Williams,POR,14,6.2,3.0,0.8
Kenrich Williams,SAC,12,9.0,4.6,2.8
Kenrich Williams,SAS,13,9.2,3.8,1.2
Kenrich Williams,TOR,9,8.0,4.2,1.4
Kenrich Williams,UTA,13,9.0,3.2,2.6
Kenrich Williams,WAS,8,8.4,4.0,1.0
Kent Bazemore,ATL,2,0.0,2.0,1.5
Kent Bazemore,BKN,1,0.0,0.0,0.0
Kent Bazemore,BOS,2,2.5,0.5,0.5
Kent Bazemore,CHA,2,6.5,2.0,0.5
Kent Bazemore,CHI,1,2.0,1.0,0.0
Kent Bazemore,CLE,1,4.0,2.0,2.0
Kent Bazemore,DAL,3,2.0,1.3333333333333333,0.6666666666666666
Kent Bazemore,DEN,1,6.0,2.0,1.0
Kent Bazemore,GSW,2,4.0,2.0,0.0
Kent Bazemore,HOU,3,5.333333333333333,2.6666666666666665,0.6666666666666666
Kent Bazemore,LAC,2,3.5,3.0,2.0
Kent Bazemore,MEM,2,5.5,1.0,1.0
Kent Bazemore,MIA,1,2.0,2.0,0.0
Kent Bazemore,MIL,1,0.0,3.0,0.0
Kent Bazemore,MIN,2,5.5,4.5,1.5
Kent Bazemore,NOP,1,3.0,0.0,1.0
Kent Bazemore,OKC,3,5.333333333333333,2.0,2.0
Kent Bazemore,PHI,1,0.0,0.0,1.0
Kent Bazemore,PHX,2,2.0,1.0,0.5
Kent Bazemore,POR,3,2.3333333333333335,1.3333333333333333,0.6666666666666666
Kent Bazemore,SAC,1,3.0,1.0,1.0
Kent Bazemore,SAS,1,5.0,3.0,1.0
Kent Bazemore,UTA,1,3.0,1.0,0.0
Kentavious Caldwell-Pope,ATL,13,7.6,2.8,1.4
Kentavious Caldwell-Pope,BKN,12,12.8,1.8,2.2
Kentavious Caldwell-Pope,BOS,12,4.8,2.8,1.4
Kentavious Caldwell-Pope,CHA,12,2.8,2.4,2.0
Kentavious Caldwell-Pope,CHI,10,13.0,1.4,1.4
Kentavious Caldwell-Pope,CLE,12,11.8,1.2,2.6
Kentavious Caldwell-Pope,DAL,13,7.8,2.6,1.0
Kentavious Caldwell-Pope,DEN,6,8.8,2.4,2.6
Kentavious Caldwell-Pope,DET,12,11.2,2.4,1.0
Kentavious Caldwell-Pope,GSW,13,8.8,2.6,2.2
Kentavious Caldwell-Pope,HOU,14,7.8,1.8,1.4
Kentavious Caldwell-Pope,IND,12,10.2,3.8,2.2
Kentavious Caldwell-Pope,LAC,15,6.8,3.2,2.6
Kentavious Caldwell-Pope,LAL,11,13.6,3.0,2.2
Kentavious Caldwell-Pope,MEM,11,8.8,2.4,2.4
Kentavious Caldwell-Pope,MIA,12,10.2,1.8,2.6
Kentavious Caldwell-Pope,MIL,11,8.0,1.8,1.6
Kentavious Caldwell-Pope,MIN,13,10.0,2.0,2.0
Kentavious Caldwell-Pope,NOP,15,8.4,2.6,2.6
Kentavious Caldwell-Pope,NYK,10,8.4,2.2,1.4
Kentavious Caldwell-Pope,OKC,14,8.8,2.8,3.0
Kentavious Caldwell-Pope,ORL,10,6.4,2.2,2.4
Kentavious Caldwell-Pope,PHI,9,7.6,2.4,1.6
Kentavious Caldwell-Pope,PHX,11,11.0,2.4,3.2
Kentavious Caldwell-Pope,POR,14,10.2,2.6,1.2
Kentavious Caldwell-Pope,SAC,11,9.2,2.6,3.0
Kentavious Caldwell-Pope,SAS,14,7.6,2.6,2.4
Kentavious Caldwell-Pope,TOR,13,14.2,1.4,1.8
Kentavious Caldwell-Pope,UTA,12,7.8,1.6,3.2
Kentavious Caldwell-Pope,WAS,10,8.8,2.4,2.6
Keon Ellis,ATL,5,14.4,2.2,1.0
Keon Ellis,BKN,6,7.4,2.0,1.2
Keon Ellis,BOS,8,8.4,2.4,1.8
Keon Ellis,CHA,4,4.0,1.75,1.0
Keon Ellis,CHI,4,6.0,1.75,1.0
Keon Ellis,CLE,4,6.5,1.75,1.75
Keon Ellis,DAL,11,8.8,2.6,1.0
Keon Ellis,DEN,13,9.6,2.8,1.4
Keon Ellis,DET,6,5.6,2.6,0.6
Keon Ellis,GSW,9,5.8,1.8,2.0
Keon Ellis,HOU,11,3.6,1.8,0.0
Keon Ellis,IND,5,5.6,1.8,0.8
Keon Ellis,LAC,8,4.4,1.2,1.2
Keon Ellis,LAL,10,5.8,1.0,0.4
Keon Ellis,MEM,8,9.2,1.6,3.2
Keon Ellis,MIA,5,10.8,2.8,1.6
Keon Ellis,MIL,8,9.0,3.8,2.2
Keon Ellis,MIN,9,7.0,1.8,1.2
Keon Ellis,NOP,11,11.2,3.6,1.0
Keon Ellis,NYK,7,4.4,1.4,0.4
Keon Ellis,OKC,11,7.6,2.0,1.4
Keon Ellis,ORL,5,10.6,3.2,2.2
Keon Ellis,PHI,7,9.8,1.6,1.0
Keon Ellis,PHX,12,9.0,1.8,1.0
Keon Ellis,POR,9,6.6,2.8,1.2
Keon Ellis,SAC,1,6.0,3.0,3.0
Keon Ellis,SAS,8,5.2,1.6,1.4
Keon Ellis,TOR,3,7.333333333333333,1.6666666666666667,1.0
Keon Ellis,UTA,11,7.0,1.8,1.8
Keon Ellis,WAS,6,6.2,2.4,1.2
Keon Johnson,ATL,5,8.0,3.2,1.8
Keon Johnson,BKN,2,8.0,2.5,3.0
Keon Johnson,BOS,8,11.6,3.4,1.2
Keon Johnson,CHA,6,6.4,3.2,1.8
Keon Johnson,CHI,4,8.5,2.5,3.0
Keon Johnson,CLE,5,6.2,4.2,1.4
Keon Johnson,DAL,6,9.0,2.0,2.0
Keon Johnson,DEN,8,7.0,1.2,1.4
Keon Johnson,DET,5,6.0,2.8,1.4
Keon Johnson,GSW,4,7.0,1.75,1.25
Keon Johnson,HOU,7,9.8,3.4,2.4
Keon Johnson,IND,6,7.8,3.2,2.0
Keon Johnson,LAC,2,9.5,0.5,1.0
Keon Johnson,LAL,3,11.0,1.3333333333333333,1.6666666666666667
Keon Johnson,MEM,5,7.2,4.2,1.8
Keon Johnson,MIA,4,12.5,4.25,2.0
Keon Johnson,MIL,5,7.8,3.2,0.6
Keon Johnson,MIN,7,9.0,3.4,2.4
Keon Johnson,NOP,7,6.4,2.0,3.8
Keon Johnson,NYK,6,6.0,3.2,2.2
Keon Johnson,OKC,8,8.2,1.0,2.8
Keon Johnson,ORL,6,9.4,2.8,1.0
Keon Johnson,PHI,4,8.75,4.75,3.75
Keon Johnson,PHX,7,8.6,2.8,1.8
Keon Johnson,POR,2,15.0,4.5,2.0
Keon Johnson,SAC,5,7.6,1.8,2.0
Keon Johnson,SAS,7,11.6,2.8,1.4
Keon Johnson,TOR,7,8.2,2.2,1.8
Keon Johnson,UTA,5,8.4,3.2,3.0
Keon Johnson,WAS,5,11.0,2.6,2.8
Keshad Johnson,ATL,3,5.666666666666667,1.6666666666666667,1.0
Keshad Johnson,BKN,1,0.0,1.0,0.0
Keshad Johnson,BOS,3,1.6666666666666667,0.0,0.0
Keshad Johnson,CHA,2,8.5,2.5,0.5
Keshad Johnson,CHI,2,11.5,7.5,1.0
Keshad Johnson,CLE,1,1.0,0.0,0.0
Keshad Johnson,DAL,1,7.0,3.0,0.0
Keshad Johnson,DEN,3,0.6666666666666666,1.0,0.0
Keshad Johnson,GSW,2,0.0,0.5,0.0
Keshad Johnson,IND,3,4.333333333333333,2.3333333333333335,0.3333333333333333
Keshad Johnson,LAL,1,0.0,2.0,0.0
Keshad Johnson,MEM,2,3.5,3.0,0.0
Keshad Johnson,MIL,1,2.0,2.0,0.0
Keshad Johnson,MIN,1,0.0,2.0,0.0
Keshad Johnson,NOP,1,10.0,2.0,0.0
Keshad Johnson,NYK,2,0.0,1.5,0.0
Keshad Johnson,OKC,1,0.0,0.0,0.0
Keshad Johnson,PHI,3,1.3333333333333333,0.6666666666666666,0.0
Keshad Johnson,POR,1,0.0,1.0,0.0
Keshad Johnson,SAC,1,3.0,5.0,0.0
Keshad Johnson,SAS,2,2.0,1.0,1.0
Keshad Johnson,TOR,4,4.25,1.25,0.25
Keshad Johnson,UTA,2,6.0,2.0,0.5
Keshad Johnson,WAS,5,7.0,2.8,0.2
Keshon Gilbert,BKN,1,4.0,3.0,2.0
Keshon Gilbert,CLE,1,2.0,1.0,0.0
Keshon Gilbert,MIA,2,5.5,0.5,5.0
Kessler Edwards,ATL,1,9.0,3.0,0.0
Kessler Edwards,BKN,3,5.333333333333333,1.0,0.6666666666666666
Kessler Edwards,BOS,9,4.2,2.6,0.8
Kessler Edwards,CHA,4,2.0,0.75,0.0
Kessler Edwards,CHI,5,2.6,0.8,0.2
Kessler Edwards,CLE,5,6.2,2.8,0.4
Kessler Edwards,DAL,6,1.8,1.2,0.4
Kessler Edwards,DEN,5,3.6,3.2,0.4
Kessler Edwards,DET,3,0.0,0.3333333333333333,1.0
Kessler Edwards,GSW,8,2.0,3.4,1.6
Kessler Edwards,HOU,5,4.2,2.8,0.8
Kessler Edwards,IND,5,5.0,4.0,0.4
Kessler Edwards,LAC,8,1.4,0.2,0.0
Kessler Edwards,LAL,6,1.2,0.6,0.0
Kessler Edwards,MEM,4,4.0,2.25,0.75
Kessler Edwards,MIA,4,7.0,3.5,0.75
Kessler Edwards,MIL,7,2.6,0.8,0.6
Kessler Edwards,MIN,6,3.8,1.4,0.6
Kessler Edwards,NOP,10,2.8,1.8,0.6
Kessler Edwards,NYK,7,0.0,1.0,0.4
Kessler Edwards,OKC,5,3.2,1.2,0.4
Kessler Edwards,ORL,2,11.5,5.5,2.0
Kessler Edwards,PHI,7,1.4,2.4,0.2
Kessler Edwards,PHX,10,2.0,0.8,0.4
Kessler Edwards,POR,10,0.0,1.2,0.6
Kessler Edwards,SAC,6,4.2,2.6,1.0
Kessler Edwards,SAS,6,9.6,5.0,0.8
Kessler Edwards,TOR,5,6.2,3.4,0.6
Kessler Edwards,UTA,9,0.6,0.0,0.0
Kessler Edwards,WAS,7,4.0,3.4,1.4
Kevin Durant,ATL,11,25.8,4.4,5.0
Kevin Durant,BKN,6,25.6,6.4,5.4
Kevin Durant,BOS,8,27.2,4.6,2.2
Kevin Durant,CHA,13,26.4,6.6,3.4
Kevin Durant,CHI,12,32.8,7.4,6.0
Kevin Durant,CLE,10,29.4,5.2,5.2
Kevin Durant,DAL,16,23.2,5.2,6.2
Kevin Durant,DEN,12,21.8,6.4,4.8
Kevin Durant,DET,11,34.6,5.6,4.2
Kevin Durant,GSW,10,25.0,7.2,4.0
Kevin Durant,HOU,8,24.2,7.0,3.6
Kevin Durant,IND,11,30.4,7.8,5.2
Kevin Durant,LAC,13,23.8,5.4,3.4
Kevin Durant,LAL,13,21.0,6.0,3.6
Kevin Durant,MEM,13,26.0,6.2,5.8
Kevin Durant,MIA,8,25.6,5.8,4.6
Kevin Durant,MIL,10,25.4,7.0,5.2
Kevin Durant,MIN,11,30.2,6.0,5.6
Kevin Durant,NOP,13,23.8,5.0,5.4
Kevin Durant,NYK,7,29.4,7.4,8.0
Kevin Durant,OKC,8,21.6,5.4,2.8
Kevin Durant,ORL,7,33.2,5.8,4.8
Kevin Durant,PHI,11,29.0,6.4,4.6
Kevin Durant,PHX,4,29.25,6.75,5.5
Kevin Durant,POR,15,28.8,6.8,3.4
Kevin Durant,SAC,10,22.8,5.0,6.6
Kevin Durant,SAS,13,22.2,3.4,4.2
Kevin Durant,TOR,12,24.8,4.6,2.2
Kevin Durant,UTA,11,25.0,6.2,6.8
Kevin Durant,WAS,10,24.6,5.4,3.0
Kevin Huerter,ATL,10,11.4,3.0,2.6
Kevin Huerter,BKN,12,9.2,3.6,2.8
Kevin Huerter,BOS,9,7.2,2.6,1.2
Kevin Huerter,CHA,13,7.6,4.0,3.6
Kevin Huerter,CHI,7,11.0,2.2,3.2
Kevin Huerter,CLE,10,14.0,3.2,2.6
Kevin Huerter,DAL,9,11.2,3.6,4.2
Kevin Huerter,DEN,12,8.2,1.8,2.2
Kevin Huerter,DET,12,10.0,3.8,2.4
Kevin Huerter,GSW,12,10.6,4.8,2.0
Kevin Huerter,HOU,11,8.8,2.2,2.4
Kevin Huerter,IND,13,11.0,3.6,2.2
Kevin Huerter,LAC,13,9.2,2.8,2.8
Kevin Huerter,LAL,17,10.2,2.4,2.8
Kevin Huerter,MEM,12,7.8,3.8,2.0
Kevin Huerter,MIA,15,10.6,5.4,3.8
Kevin Huerter,MIL,10,12.8,5.0,3.2
Kevin Huerter,MIN,16,7.4,2.8,1.4
Kevin Huerter,NOP,13,15.0,3.2,1.4
Kevin Huerter,NYK,11,8.0,2.2,1.4
Kevin Huerter,OKC,12,4.8,2.2,1.8
Kevin Huerter,ORL,11,12.2,3.8,3.2
Kevin Huerter,PHI,12,11.2,3.4,3.0
Kevin Huerter,PHX,14,15.6,4.0,3.2
Kevin Huerter,POR,12,7.0,1.4,2.2
Kevin Huerter,SAC,4,19.0,5.75,4.25
Kevin Huerter,SAS,13,9.6,3.6,3.0
Kevin Huerter,TOR,12,10.2,1.8,1.4
Kevin Huerter,UTA,13,15.4,6.0,2.2
Kevin Huerter,WAS,11,6.8,2.8,3.0
Kevin Knox II,ATL,5,3.8,1.8,0.2
Kevin Knox II,BKN,3,8.666666666666666,2.3333333333333335,0.0
Kevin Knox II,BOS,6,1.8,1.2,0.2
Kevin Knox II,CHA,5,7.0,2.8,1.0
Kevin Knox II,CHI,5,6.8,1.6,0.4
Kevin Knox II,CLE,7,5.8,4.0,0.4
Kevin Knox II,DAL,4,2.5,2.5,0.25
Kevin Knox II,DEN,3,9.666666666666666,3.6666666666666665,0.6666666666666666
Kevin Knox II,DET,1,2.0,1.0,0.0
Kevin Knox II,GSW,4,10.0,2.0,1.25
Kevin Knox II,HOU,6,7.2,3.0,0.4
Kevin Knox II,IND,3,0.6666666666666666,0.3333333333333333,0.3333333333333333
Kevin Knox II,LAC,4,8.25,3.75,1.0
Kevin Knox II,LAL,4,3.0,1.0,0.5
Kevin Knox II,MEM,4,6.25,3.75,0.25
Kevin Knox II,MIA,3,3.3333333333333335,1.0,0.0
Kevin Knox II,MIL,7,3.2,2.0,0.0
Kevin Knox II,MIN,4,7.75,2.0,0.75
Kevin Knox II,NOP,5,7.8,3.6,1.0
Kevin Knox II,NYK,6,5.2,1.0,0.4
Kevin Knox II,OKC,4,10.25,3.0,0.25
Kevin Knox II,ORL,7,1.6,1.4,0.2
Kevin Knox II,PHI,5,5.2,1.6,0.6
Kevin Knox II,PHX,4,4.75,2.0,0.5
Kevin Knox II,POR,3,2.0,2.0,0.3333333333333333
Kevin Knox II,SAC,8,6.8,4.0,1.4
Kevin Knox II,SAS,5,8.8,2.0,0.6
Kevin Knox II,TOR,4,7.75,2.5,0.5
Kevin Knox II,UTA,4,11.0,3.0,0.75
Kevin Knox II,WAS,5,2.2,0.6,0.2
Kevin Love,ATL,11,3.8,3.0,1.6
Kevin Love,BKN,8,7.4,7.8,1.8
Kevin Love,BOS,6,7.2,6.6,1.4
Kevin Love,CHA,10,6.0,5.4,1.6
Kevin Love,CHI,13,12.8,7.6,2.0
Kevin Love,CLE,6,8.4,5.6,1.4
Kevin Love,DAL,8,12.4,8.4,1.2
Kevin Love,DEN,3,14.666666666666666,7.0,2.6666666666666665
Kevin Love,DET,11,7.4,5.0,1.8
Kevin Love,GSW,7,9.2,7.2,2.8
Kevin Love,HOU,8,5.4,5.0,1.4
Kevin Love,IND,11,8.8,4.4,2.8
Kevin Love,LAC,7,10.4,6.6,2.2
Kevin Love,LAL,9,5.8,6.6,2.2
Kevin Love,MEM,8,8.4,4.4,1.8
Kevin Love,MIA,3,18.666666666666668,7.666666666666667,2.0
Kevin Love,MIL,13,6.6,6.6,2.0
Kevin Love,MIN,10,5.4,3.2,1.0
Kevin Love,NOP,6,6.2,7.4,2.6
Kevin Love,NYK,13,6.0,3.8,1.8
Kevin Love,OKC,6,6.0,2.8,1.2
Kevin Love,ORL,13,9.0,6.4,1.0
Kevin Love,PHI,12,4.8,8.2,2.2
Kevin Love,PHX,7,9.0,5.0,1.0
Kevin Love,POR,3,5.333333333333333,5.0,1.3333333333333333
Kevin Love,SAC,7,10.0,6.8,1.6
Kevin Love,SAS,7,7.2,5.2,0.6
Kevin Love,TOR,13,4.6,3.0,1.2
Kevin Love,UTA,6,9.6,7.0,1.4
Kevin Love,WAS,6,9.6,8.4,1.4
Kevin McCullar Jr.,ATL,3,4.333333333333333,4.333333333333333,2.6666666666666665
Kevin McCullar Jr.,BKN,1,4.0,8.0,2.0
Kevin McCullar Jr.,BOS,1,0.0,0.0,0.0
Kevin McCullar Jr.,CHA,1,14.0,2.0,1.0
Kevin McCullar Jr.,DAL,1,2.0,0.0,0.0
Kevin McCullar Jr.,DEN,1,0.0,1.0,2.0
Kevin McCullar Jr.,DET,2,3.0,2.5,2.5
Kevin McCullar Jr.,GSW,1,0.0,0.0,0.0
Kevin McCullar Jr.,IND,2,1.0,1.0,0.0
Kevin McCullar Jr.,MIN,1,0.0,0.0,0.0
Kevin McCullar Jr.,NOP,1,2.0,0.0,1.0
Kevin McCullar Jr.,PHI,3,2.3333333333333335,0.6666666666666666,0.0
Kevin McCullar Jr.,PHX,2,0.0,0.0,0.5
Kevin McCullar Jr.,SAS,2,1.5,1.0,1.0
Kevin McCullar Jr.,TOR,2,1.5,0.5,0.0
Kevin McCullar Jr.,UTA,1,0.0,0.0,0.0
Kevin Pangos,ATL,1,8.0,1.0,4.0
Kevin Pangos,BOS,1,5.0,0.0,0.0
Kevin Pangos,CHA,1,0.0,0.0,0.0
Kevin Pangos,CHI,2,0.0,0.0,1.5
Kevin Pangos,DAL,1,0.0,0.0,1.0
Kevin Pangos,DEN,1,0.0,0.0,0.0
Kevin Pangos,DET,1,3.0,1.0,0.0
Kevin Pangos,GSW,1,1.0,0.0,0.0
Kevin Pangos,HOU,2,1.0,0.0,0.5
Kevin Pangos,IND,2,3.5,1.5,2.0
Kevin Pangos,LAC,1,0.0,0.0,0.0
Kevin Pangos,MIA,1,0.0,0.0,1.0
Kevin Pangos,MIL,2,0.0,0.5,0.5
Kevin Pangos,MIN,1,5.0,1.0,0.0
Kevin Pangos,NOP,1,0.0,1.0,2.0
Kevin Pangos,SAS,1,0.0,0.0,0.0
Kevin Pangos,TOR,1,6.0,0.0,6.0
Kevin Pangos,UTA,1,0.0,1.0,0.0
Kevin Pangos,WAS,2,1.0,1.0,3.5
Kevin Porter Jr.,ATL,8,17.0,4.4,5.6
Kevin Porter Jr.,BKN,5,18.6,5.2,6.0
Kevin Porter Jr.,BOS,7,14.6,5.8,7.2
Kevin Porter Jr.,CHA,5,16.2,4.8,8.2
Kevin Porter Jr.,CHI,6,14.2,5.2,6.0
Kevin Porter Jr.,CLE,5,13.8,3.4,5.6
Kevin Porter Jr.,DAL,12,15.4,5.0,5.2
Kevin Porter Jr.,DEN,12,10.2,4.0,4.4
Kevin Porter Jr.,DET,5,25.0,3.6,5.2
Kevin Porter Jr.,GSW,11,6.8,2.0,3.4
Kevin Porter Jr.,HOU,4,9.5,1.25,2.25
Kevin Porter Jr.,IND,5,18.2,5.0,5.0
Kevin Porter Jr.,LAC,4,17.0,4.75,4.25
Kevin Porter Jr.,LAL,11,12.4,3.0,2.6
Kevin Porter Jr.,MEM,9,14.8,7.0,5.6
Kevin Porter Jr.,MIA,8,15.8,5.8,5.2
Kevin Porter Jr.,MIL,3,14.666666666666666,5.333333333333333,5.666666666666667
Kevin Porter Jr.,MIN,11,15.2,6.4,6.8
Kevin Porter Jr.,NOP,12,17.6,4.6,6.2
Kevin Porter Jr.,NYK,4,15.5,4.5,6.0
Kevin Porter Jr.,OKC,9,10.0,3.0,3.4
Kevin Porter Jr.,ORL,8,19.8,5.2,6.2
Kevin Porter Jr.,PHI,6,13.0,5.0,4.6
Kevin Porter Jr.,PHX,11,6.0,3.4,2.0
Kevin Porter Jr.,POR,7,11.4,4.8,4.6
Kevin Porter Jr.,SAC,9,14.6,3.2,4.2
Kevin Porter Jr.,SAS,12,7.2,4.2,5.4
Kevin Porter Jr.,TOR,7,17.4,4.2,8.8
Kevin Porter Jr.,UTA,9,18.4,6.6,4.6
Kevin Porter Jr.,WAS,8,14.2,2.8,3.2
Kevon Harris,ATL,4,2.25,0.5,0.0
Kevon Harris,BKN,2,7.0,2.5,0.0
Kevon Harris,BOS,3,2.6666666666666665,2.0,0.3333333333333333
Kevon Harris,CHA,2,2.5,1.5,1.0
Kevon Harris,CLE,3,3.6666666666666665,1.3333333333333333,0.3333333333333333
Kevon Harris,DAL,1,12.0,3.0,1.0
Kevon Harris,GSW,1,12.0,5.0,0.0
Kevon Harris,HOU,2,4.0,2.0,1.0
Kevon Harris,IND,2,1.0,4.0,0.5
Kevon Harris,LAC,2,2.0,1.5,0.5
Kevon Harris,LAL,1,2.0,2.0,0.0
Kevon Harris,MIA,1,22.0,8.0,2.0
Kevon Harris,MIN,2,4.5,1.0,0.5
Kevon Harris,NYK,1,4.0,1.0,1.0
Kevon Harris,OKC,1,0.0,1.0,0.0
Kevon Harris,PHI,1,0.0,1.0,0.0
Kevon Harris,SAC,1,4.0,3.0,0.0
Kevon Harris,SAS,1,0.0,0.0,1.0
Kevon Harris,TOR,3,3.6666666666666665,2.0,0.6666666666666666
Kevon Harris,WAS,2,4.0,2.5,0.5
Kevon Looney,ATL,10,1.2,4.6,0.6
Kevon Looney,BKN,8,5.8,6.2,1.4
Kevon Looney,BOS,9,3.4,6.2,1.4
Kevon Looney,CHA,9,3.6,4.6,1.4
Kevon Looney,CHI,8,5.2,7.8,2.2
Kevon Looney,CLE,7,4.8,11.4,3.0
Kevon Looney,DAL,16,5.6,6.2,2.4
Kevon Looney,DEN,15,3.6,6.4,2.0
Kevon Looney,DET,9,5.6,5.8,1.2
Kevon Looney,GSW,1,4.0,5.0,1.0
Kevon Looney,HOU,16,3.2,8.4,1.2
Kevon Looney,IND,7,4.0,4.6,1.2
Kevon Looney,LAC,15,5.6,5.4,2.4
Kevon Looney,LAL,16,2.8,1.8,1.2
Kevon Looney,MEM,14,4.4,3.4,1.2
Kevon Looney,MIA,8,5.0,5.6,1.0
Kevon Looney,MIL,8,4.2,5.6,2.0
Kevon Looney,MIN,15,4.6,6.0,2.6
Kevon Looney,NOP,14,3.2,5.6,1.2
Kevon Looney,NYK,8,2.4,4.8,1.6
Kevon Looney,OKC,14,7.0,7.0,2.4
Kevon Looney,ORL,8,3.6,9.2,2.2
Kevon Looney,PHI,8,6.2,5.6,2.2
Kevon Looney,PHX,16,3.6,4.8,1.0
Kevon Looney,POR,16,2.6,6.2,1.8
Kevon Looney,SAC,16,4.2,4.2,0.8
Kevon Looney,SAS,13,5.4,4.8,1.0
Kevon Looney,TOR,8,6.8,6.0,1.6
Kevon Looney,UTA,15,6.4,9.0,2.8
Kevon Looney,WAS,8,6.8,9.2,1.8
Keyontae Johnson,CHA,1,0.0,0.0,0.0
Keyontae Johnson,DEN,1,0.0,0.0,0.0
Keyontae Johnson,DET,1,5.0,2.0,0.0
Keyontae Johnson,HOU,1,2.0,1.0,0.0
Keyontae Johnson,NOP,1,0.0,0.0,0.0
Keyontae Johnson,POR,2,2.0,2.0,1.5
Keyontae Johnson,SAS,1,0.0,0.0,1.0
Keyontae Johnson,WAS,1,0.0,3.0,0.0
Keyonte George,ATL,4,23.25,3.75,4.75
Keyonte George,BKN,3,25.333333333333332,4.0,6.666666666666667
Keyonte George,BOS,5,25.0,4.0,5.0
Keyonte George,CHA,6,18.2,3.0,5.4
Keyonte George,CHI,5,22.4,2.0,5.6
Keyonte George,CLE,3,16.333333333333332,4.666666666666667,6.333333333333333
Keyonte George,DAL,11,21.4,3.6,6.0
Keyonte George,DEN,10,20.8,3.8,4.6
Keyonte George,DET,5,19.0,3.6,4.4
Keyonte George,GSW,11,22.0,3.6,6.2
Keyonte George,HOU,9,17.8,3.4,4.8
Keyonte George,IND,5,13.4,4.6,7.4
Keyonte George,LAC,9,13.6,3.6,6.4
Keyonte George,LAL,10,25.2,4.4,8.4
Keyonte George,MEM,8,17.8,2.8,5.4
Keyonte George,MIA,4,20.5,4.5,4.0
Keyonte George,MIL,5,17.0,5.0,3.6
Keyonte George,MIN,10,21.4,3.8,5.4
Keyonte George,NOP,8,21.2,2.8,5.0
Keyonte George,NYK,6,14.6,1.8,4.8
Keyonte George,OKC,11,17.0,4.0,7.2
Keyonte George,ORL,5,13.8,2.8,5.2
Keyonte George,PHI,4,18.0,3.75,2.75
Keyonte George,PHX,9,17.6,5.4,7.2
Keyonte George,POR,8,20.0,4.4,5.4
Keyonte George,SAC,8,20.8,3.4,5.8
Keyonte George,SAS,9,25.2,3.4,5.8
Keyonte George,TOR,2,13.5,4.5,7.0
Keyonte George,WAS,3,8.333333333333334,3.0,4.0
Khaman Maluach,BOS,2,3.5,2.5,0.0
Khaman Maluach,CHA,2,2.5,4.5,0.0
Khaman Maluach,CHI,1,2.0,4.0,0.0
Khaman Maluach,CLE,2,0.0,0.5,0.0
Khaman Maluach,DAL,1,4.0,14.0,0.0
Khaman Maluach,DEN,3,4.0,1.0,0.3333333333333333
Khaman Maluach,DET,1,0.0,0.0,0.0
Khaman Maluach,HOU,3,0.6666666666666666,1.0,0.0
Khaman Maluach,IND,2,3.0,2.5,0.0
Khaman Maluach,LAC,3,0.3333333333333333,0.3333333333333333,0.0
Khaman Maluach,LAL,3,2.0,1.3333333333333333,0.0
Khaman Maluach,MEM,2,3.0,6.0,0.5
Khaman Maluach,MIA,1,2.0,1.0,0.0
Khaman Maluach,MIL,2,5.0,1.0,0.0
Khaman Maluach,MIN,1,2.0,2.0,0.0
Khaman Maluach,NOP,2,2.0,3.0,0.5
Khaman Maluach,OKC,3,8.666666666666666,7.666666666666667,0.3333333333333333
Khaman Maluach,ORL,1,0.0,0.0,0.0
Khaman Maluach,POR,1,7.0,7.0,0.0
Khaman Maluach,SAC,1,4.0,2.0,0.0
Khaman Maluach,SAS,3,4.0,3.6666666666666665,0.3333333333333333
Khaman Maluach,TOR,2,4.5,4.0,0.5
Khaman Maluach,UTA,2,6.0,4.5,0.0
Khaman Maluach,WAS,2,0.0,0.5,0.0
Khem Birch,ATL,5,2.4,2.6,0.4
Khem Birch,BKN,4,3.75,2.25,0.0
Khem Birch,BOS,1,2.0,6.0,0.0
Khem Birch,CHA,2,0.5,3.5,1.0
Khem Birch,CHI,3,7.333333333333333,3.6666666666666665,1.6666666666666667
Khem Birch,CLE,4,3.25,5.0,1.75
Khem Birch,DAL,2,5.0,1.5,1.0
Khem Birch,DEN,2,6.0,4.5,2.0
Khem Birch,DET,4,2.0,2.25,1.0
Khem Birch,GSW,2,3.5,2.5,0.5
Khem Birch,HOU,2,5.0,4.0,1.5
Khem Birch,IND,3,6.0,4.666666666666667,1.0
Khem Birch,LAC,3,5.0,4.333333333333333,0.6666666666666666
Khem Birch,LAL,2,1.5,2.5,0.5
Khem Birch,MEM,1,2.0,1.0,0.0
Khem Birch,MIA,3,1.3333333333333333,1.6666666666666667,0.3333333333333333
Khem Birch,MIL,1,0.0,6.0,1.0
Khem Birch,MIN,2,4.0,2.5,0.0
Khem Birch,NOP,3,4.666666666666667,3.3333333333333335,0.3333333333333333
Khem Birch,NYK,3,5.333333333333333,4.666666666666667,2.0
Khem Birch,OKC,1,0.0,1.0,1.0
Khem Birch,ORL,6,2.6,1.8,0.2
Khem Birch,PHI,4,2.0,4.0,0.5
Khem Birch,PHX,2,5.0,6.0,1.5
Khem Birch,POR,1,6.0,4.0,1.0
Khem Birch,SAC,2,6.0,5.5,0.5
Khem Birch,SAS,3,2.6666666666666665,3.6666666666666665,0.6666666666666666
Khem Birch,UTA,2,8.5,3.5,1.0
Khem Birch,WAS,2,9.0,7.0,1.0
Khris Middleton,ATL,8,12.0,4.6,4.8
Khris Middleton,BKN,15,9.6,4.0,2.4
Khris Middleton,BOS,12,13.6,4.6,5.4
Khris Middleton,CHA,10,13.0,4.6,2.4
Khris Middleton,CHI,10,14.4,5.6,3.8
Khris Middleton,CLE,10,8.2,4.0,3.6
Khris Middleton,DAL,5,15.6,3.8,6.2
Khris Middleton,DEN,9,12.0,4.8,3.2
Khris Middleton,DET,10,14.6,4.0,3.2
Khris Middleton,GSW,6,16.6,3.2,5.4
Khris Middleton,HOU,6,12.0,2.2,3.2
Khris Middleton,IND,14,15.8,5.2,5.4
Khris Middleton,LAC,7,7.6,2.8,2.8
Khris Middleton,LAL,7,13.4,3.2,3.6
Khris Middleton,MEM,8,16.2,2.8,2.8
Khris Middleton,MIA,9,14.8,4.8,3.8
Khris Middleton,MIL,6,11.8,4.8,4.2
Khris Middleton,MIN,6,13.0,5.4,2.2
Khris Middleton,NOP,4,6.5,4.25,3.0
Khris Middleton,NYK,9,15.4,2.6,4.0
Khris Middleton,OKC,6,12.8,4.4,6.0
Khris Middleton,ORL,17,9.0,3.2,2.6
Khris Middleton,PHI,7,11.4,4.8,5.2
Khris Middleton,PHX,8,9.4,3.2,3.4
Khris Middleton,POR,9,6.6,4.2,2.8
Khris Middleton,SAC,6,21.4,4.6,6.0
Khris Middleton,SAS,8,14.4,3.6,3.4
Khris Middleton,TOR,13,7.0,2.8,2.8
Khris Middleton,UTA,4,20.5,3.75,5.25
Khris Middleton,WAS,5,16.0,5.4,5.8
Killian Hayes,ATL,9,11.6,3.2,4.8
Killian Hayes,BKN,8,6.6,4.0,5.0
Killian Hayes,BOS,8,12.0,2.8,5.2
Killian Hayes,CHA,10,7.2,4.0,6.0
Killian Hayes,CHI,9,10.4,3.4,4.8
Killian Hayes,CLE,10,7.2,2.2,3.8
Killian Hayes,DAL,5,10.4,3.4,5.0
Killian Hayes,DEN,6,5.4,1.2,6.4
Killian Hayes,DET,1,4.0,4.0,3.0
Killian Hayes,GSW,8,10.8,2.4,6.2
Killian Hayes,HOU,7,6.8,2.2,5.4
Killian Hayes,IND,11,11.6,2.2,6.2
Killian Hayes,LAC,4,6.75,3.25,4.25
Killian Hayes,LAL,5,7.2,2.2,7.2
Killian Hayes,MEM,6,6.4,1.8,4.6
Killian Hayes,MIA,6,9.0,2.2,7.2
Killian Hayes,MIL,10,6.8,2.8,4.8
Killian Hayes,MIN,4,9.5,2.0,7.25
Killian Hayes,NOP,7,10.6,3.4,7.0
Killian Hayes,NYK,6,11.0,2.6,6.2
Killian Hayes,OKC,7,9.4,3.0,5.2
Killian Hayes,ORL,10,10.6,2.8,4.0
Killian Hayes,PHI,12,9.0,4.2,4.4
Killian Hayes,PHX,6,9.2,2.8,4.8
Killian Hayes,POR,5,9.6,4.0,3.2
Killian Hayes,SAC,5,6.4,3.0,5.8
Killian Hayes,SAS,4,8.25,3.5,7.25
Killian Hayes,TOR,9,3.2,2.6,5.0
Killian Hayes,UTA,5,5.8,3.6,5.0
Killian Hayes,WAS,10,6.6,2.4,4.8
Killian Tillie,ATL,1,7.0,0.0,2.0
Killian Tillie,BKN,1,0.0,4.0,0.0
Killian Tillie,CLE,1,5.0,3.0,1.0
Killian Tillie,DAL,3,4.333333333333333,1.0,1.0
Killian Tillie,DET,1,5.0,5.0,0.0
Killian Tillie,HOU,1,12.0,3.0,2.0
Killian Tillie,IND,1,0.0,0.0,1.0
Killian Tillie,LAC,2,4.5,0.0,0.0
Killian Tillie,LAL,3,1.6666666666666667,2.6666666666666665,0.6666666666666666
Killian Tillie,MIA,2,0.0,1.5,0.0
Killian Tillie,MIN,1,3.0,0.0,0.0
Killian Tillie,NOP,1,0.0,2.0,0.0
Killian Tillie,OKC,2,3.0,2.0,0.0
Killian Tillie,ORL,2,0.0,1.0,0.5
Killian Tillie,PHI,1,6.0,4.0,2.0
Killian Tillie,PHX,1,6.0,3.0,1.0
Killian Tillie,POR,3,0.6666666666666666,1.0,0.0
Killian Tillie,SAC,3,5.666666666666667,1.0,0.3333333333333333
Killian Tillie,SAS,3,3.6666666666666665,2.3333333333333335,1.6666666666666667
Killian Tillie,UTA,1,5.0,1.0,0.0
Killian Tillie,WAS,2,3.0,1.0,0.5
Kira Lewis Jr.,ATL,3,2.6666666666666665,1.3333333333333333,2.6666666666666665
Kira Lewis Jr.,BKN,2,2.0,0.5,0.5
Kira Lewis Jr.,BOS,1,2.0,0.0,0.0
Kira Lewis Jr.,CHA,1,0.0,0.0,1.0
Kira Lewis Jr.,CHI,1,7.0,2.0,3.0
Kira Lewis Jr.,CLE,2,5.0,0.5,1.5
Kira Lewis Jr.,DAL,10,1.8,0.6,1.4
Kira Lewis Jr.,DEN,2,3.5,0.0,1.5
Kira Lewis Jr.,DET,1,6.0,3.0,4.0
Kira Lewis Jr.,GSW,6,7.6,1.2,1.6
Kira Lewis Jr.,HOU,2,10.0,3.5,3.0
Kira Lewis Jr.,IND,2,9.5,2.0,0.5
Kira Lewis Jr.,LAC,3,6.0,1.3333333333333333,2.3333333333333335
Kira Lewis Jr.,LAL,5,1.0,1.0,0.8
Kira Lewis Jr.,MEM,1,0.0,0.0,0.0
Kira Lewis Jr.,MIA,1,3.0,0.0,1.0
Kira Lewis Jr.,MIL,1,15.0,6.0,3.0
Kira Lewis Jr.,MIN,5,2.4,1.4,2.4
Kira Lewis Jr.,NYK,3,7.333333333333333,2.0,1.0
Kira Lewis Jr.,OKC,5,4.2,0.8,1.4
Kira Lewis Jr.,PHI,1,5.0,4.0,5.0
Kira Lewis Jr.,PHX,1,4.0,0.0,2.0
Kira Lewis Jr.,POR,3,4.333333333333333,0.3333333333333333,1.0
Kira Lewis Jr.,SAC,6,6.6,1.4,1.4
Kira Lewis Jr.,SAS,3,3.0,0.6666666666666666,0.6666666666666666
Kira Lewis Jr.,UTA,3,6.0,0.3333333333333333,0.6666666666666666
Kira Lewis Jr.,WAS,3,0.6666666666666666,1.3333333333333333,0.3333333333333333
Klay Thompson,ATL,8,17.8,2.2,1.8
Klay Thompson,BKN,9,13.6,2.4,2.2
Klay Thompson,BOS,9,12.0,1.8,1.4
Klay Thompson,CHA,6,16.6,2.8,1.4
Klay Thompson,CHI,8,16.0,2.0,1.2
Klay Thompson,CLE,7,10.6,3.6,2.0
Klay Thompson,DAL,9,10.0,3.4,1.2
Klay Thompson,DEN,15,12.8,3.0,0.8
Klay Thompson,DET,8,13.6,3.2,2.4
Klay Thompson,GSW,7,11.2,3.2,1.4
Klay Thompson,HOU,14,8.2,4.2,1.6
Klay Thompson,IND,6,15.0,2.4,2.0
Klay Thompson,LAC,18,14.6,1.8,1.4
Klay Thompson,LAL,18,8.4,1.8,1.0
Klay Thompson,MEM,13,11.2,2.4,2.0
Klay Thompson,MIA,7,17.2,3.2,1.8
Klay Thompson,MIL,9,16.2,2.6,3.8
Klay Thompson,MIN,14,8.4,1.2,1.2
Klay Thompson,NOP,12,13.6,3.6,1.6
Klay Thompson,NYK,8,13.4,3.4,2.6
Klay Thompson,OKC,14,8.6,3.6,1.2
Klay Thompson,ORL,8,15.6,2.8,1.8
Klay Thompson,PHI,7,14.0,2.8,1.2
Klay Thompson,PHX,14,17.4,4.2,2.6
Klay Thompson,POR,14,11.0,2.0,2.2
Klay Thompson,SAC,14,10.0,2.8,0.6
Klay Thompson,SAS,14,14.4,2.2,2.8
Klay Thompson,TOR,8,11.2,3.4,1.6
Klay Thompson,UTA,13,20.2,1.8,3.2
Klay Thompson,WAS,8,17.4,3.0,2.4
Kobe Brown,ATL,5,3.4,2.4,0.6
Kobe Brown,BKN,4,1.75,2.25,1.0
Kobe Brown,BOS,5,3.4,3.4,1.6
Kobe Brown,CHA,7,4.0,3.0,1.2
Kobe Brown,CHI,4,6.25,4.0,3.0
Kobe Brown,CLE,4,6.0,1.75,1.5
Kobe Brown,DAL,6,4.6,3.8,0.8
Kobe Brown,DEN,4,3.5,2.25,0.5
Kobe Brown,DET,4,6.0,2.75,0.75
Kobe Brown,GSW,4,1.0,0.75,0.75
Kobe Brown,HOU,5,4.6,3.8,1.2
Kobe Brown,IND,3,0.0,0.6666666666666666,0.3333333333333333
Kobe Brown,LAC,2,8.0,3.0,2.5
Kobe Brown,LAL,8,2.8,0.4,0.6
Kobe Brown,MEM,8,7.2,1.8,0.6
Kobe Brown,MIA,4,5.0,2.25,2.25
Kobe Brown,MIL,2,4.5,3.0,2.5
Kobe Brown,MIN,3,0.6666666666666666,2.6666666666666665,0.3333333333333333
Kobe Brown,NOP,4,0.75,0.5,0.25
Kobe Brown,NYK,7,5.8,3.6,0.2
Kobe Brown,OKC,5,0.4,1.0,0.8
Kobe Brown,ORL,3,5.333333333333333,2.6666666666666665,0.6666666666666666
Kobe Brown,PHI,6,4.8,3.6,1.8
Kobe Brown,PHX,7,2.6,2.6,1.6
Kobe Brown,POR,5,4.0,2.0,0.4
Kobe Brown,SAC,6,3.4,2.2,0.4
Kobe Brown,SAS,5,3.8,0.8,0.4
Kobe Brown,TOR,2,0.0,0.5,0.0
Kobe Brown,UTA,8,2.4,0.6,0.4
Kobe Brown,WAS,5,5.2,3.8,0.4
Kobe Bufkin,ATL,1,3.0,1.0,1.0
Kobe Bufkin,BKN,2,7.5,2.5,3.0
Kobe Bufkin,BOS,1,2.0,0.0,0.0
Kobe Bufkin,CHA,4,5.5,1.75,1.25
Kobe Bufkin,CHI,2,2.5,2.0,2.0
Kobe Bufkin,CLE,3,3.6666666666666665,1.3333333333333333,1.3333333333333333
Kobe Bufkin,DAL,4,3.25,2.0,1.25
Kobe Bufkin,DEN,2,4.0,2.5,1.5
Kobe Bufkin,DET,1,9.0,1.0,1.0
Kobe Bufkin,GSW,3,5.333333333333333,1.3333333333333333,1.0
Kobe Bufkin,HOU,1,3.0,3.0,0.0
Kobe Bufkin,IND,2,1.0,0.5,0.5
Kobe Bufkin,LAL,1,3.0,1.0,1.0
Kobe Bufkin,MIA,1,4.0,4.0,3.0
Kobe Bufkin,MIL,2,1.5,1.5,1.0
Kobe Bufkin,MIN,3,2.6666666666666665,1.0,0.0
Kobe Bufkin,NOP,1,10.0,2.0,1.0
Kobe Bufkin,OKC,1,9.0,3.0,4.0
Kobe Bufkin,ORL,1,2.0,1.0,3.0
Kobe Bufkin,POR,1,9.0,1.0,1.0
Kobe Bufkin,SAC,2,3.5,1.0,0.0
Kobe Bufkin,SAS,1,7.0,2.0,1.0
Kobe Bufkin,TOR,1,0.0,0.0,0.0
Kobe Bufkin,UTA,1,7.0,2.0,5.0
Kobe Bufkin,WAS,1,2.0,0.0,0.0
Kobe Sanders,ATL,1,17.0,3.0,4.0
Kobe Sanders,BKN,2,7.0,4.0,3.0
Kobe Sanders,BOS,2,5.5,3.5,1.0
Kobe Sanders,CHA,2,9.5,2.0,1.5
Kobe Sanders,CHI,2,9.5,4.0,3.0
Kobe Sanders,CLE,2,4.5,1.5,1.5
Kobe Sanders,DAL,3,4.666666666666667,2.6666666666666665,1.3333333333333333
Kobe Sanders,DEN,2,8.5,1.5,2.5
Kobe Sanders,DET,2,0.0,1.5,1.0
Kobe Sanders,GSW,3,13.0,4.0,2.0
Kobe Sanders,HOU,4,4.5,1.5,1.75
Kobe Sanders,IND,1,6.0,0.0,2.0
Kobe Sanders,LAL,3,7.0,2.0,0.6666666666666666
Kobe Sanders,MEM,4,5.75,2.75,0.5
Kobe Sanders,MIA,1,10.0,4.0,2.0
Kobe Sanders,MIL,2,11.0,1.5,2.0
Kobe Sanders,MIN,4,5.75,1.5,0.75
Kobe Sanders,NOP,3,5.666666666666667,0.6666666666666666,1.6666666666666667
Kobe Sanders,NYK,1,0.0,1.0,3.0
Kobe Sanders,OKC,2,11.0,3.0,2.5
Kobe Sanders,ORL,2,6.5,2.0,1.0
Kobe Sanders,PHI,2,17.0,2.0,2.0
Kobe Sanders,PHX,2,7.0,1.0,2.0
Kobe Sanders,POR,3,3.6666666666666665,1.3333333333333333,1.0
Kobe Sanders,SAC,3,8.333333333333334,3.6666666666666665,2.6666666666666665
Kobe Sanders,SAS,3,7.0,2.3333333333333335,1.3333333333333333
Kobe Sanders,TOR,2,9.5,1.5,0.0
Kobe Sanders,UTA,3,6.0,3.3333333333333335,2.3333333333333335
Kobe Sanders,WAS,2,9.5,2.0,0.5
Kobi Simmons,BKN,1,7.0,2.0,0.0
Kobi Simmons,CHI,1,0.0,0.0,1.0
Kobi Simmons,CLE,1,0.0,2.0,3.0
Kobi Simmons,HOU,1,0.0,1.0,0.0
Kobi Simmons,LAL,1,5.0,3.0,3.0
Kobi Simmons,NYK,1,2.0,1.0,6.0
Kobi Simmons,PHI,1,6.0,1.0,3.0
Kobi Simmons,TOR,2,2.5,0.5,0.5
Koby Brea,BOS,1,3.0,0.0,1.0
Koby Brea,CHA,1,0.0,0.0,0.0
Koby Brea,DEN,1,0.0,1.0,1.0
Koby Brea,HOU,1,0.0,0.0,0.0
Koby Brea,LAL,1,3.0,1.0,1.0
Koby Brea,MEM,1,3.0,0.0,2.0
Koby Brea,OKC,2,13.0,3.0,1.5
Koby Brea,POR,1,3.0,0.0,0.0
Koby Brea,SAS,1,4.0,0.0,1.0
Koby Brea,TOR,1,0.0,0.0,0.0
Koby Brea,UTA,1,3.0,0.0,1.0
Kon Knueppel,ATL,4,24.25,6.25,4.5
Kon Knueppel,BKN,3,12.333333333333334,6.0,1.6666666666666667
Kon Knueppel,BOS,3,15.333333333333334,4.333333333333333,2.3333333333333335
Kon Knueppel,CHI,4,21.0,4.0,4.0
Kon Knueppel,CLE,4,25.75,5.5,2.25
Kon Knueppel,DAL,2,23.5,5.0,4.0
Kon Knueppel,DEN,2,14.0,4.0,3.5
Kon Knueppel,DET,3,16.333333333333332,5.333333333333333,3.0
Kon Knueppel,GSW,2,22.0,8.0,5.0
Kon Knueppel,HOU,2,19.5,4.5,3.0
Kon Knueppel,IND,4,23.5,6.0,4.0
Kon Knueppel,LAC,2,22.0,3.0,2.5
Kon Knueppel,LAL,2,19.0,8.5,6.5
Kon Knueppel,MEM,2,9.5,2.0,5.5
Kon Knueppel,MIA,4,24.5,3.75,3.25
Kon Knueppel,MIL,3,24.666666666666668,4.333333333333333,2.3333333333333335
Kon Knueppel,MIN,2,8.0,6.0,2.5
Kon Knueppel,NOP,2,18.5,10.5,2.0
Kon Knueppel,NYK,4,14.75,6.25,4.75
Kon Knueppel,OKC,2,15.5,4.5,4.0
Kon Knueppel,ORL,4,12.75,5.5,2.5
Kon Knueppel,PHI,3,12.333333333333334,7.333333333333333,3.0
Kon Knueppel,PHX,2,17.5,2.0,3.0
Kon Knueppel,POR,2,12.5,6.0,1.5
Kon Knueppel,SAC,2,19.0,5.5,3.0
Kon Knueppel,SAS,2,16.5,6.0,3.5
Kon Knueppel,TOR,4,19.0,6.0,3.75
Kon Knueppel,UTA,2,18.0,3.0,5.5
Kon Knueppel,WAS,4,20.75,5.0,2.75
Kris Dunn,ATL,6,4.6,2.0,1.2
Kris Dunn,BKN,8,5.8,2.2,2.0
Kris Dunn,BOS,7,5.2,4.0,4.0
Kris Dunn,CHA,5,5.6,2.8,4.0
Kris Dunn,CHI,6,6.0,3.2,4.2
Kris Dunn,CLE,6,5.6,3.4,2.6
Kris Dunn,DAL,12,4.8,2.8,3.4
Kris Dunn,DEN,11,3.4,2.8,3.4
Kris Dunn,DET,7,6.4,2.4,4.6
Kris Dunn,GSW,10,10.4,3.2,4.4
Kris Dunn,HOU,13,10.2,2.2,4.8
Kris Dunn,IND,7,3.4,4.4,3.2
Kris Dunn,LAC,2,7.0,1.0,2.0
Kris Dunn,LAL,13,10.8,3.0,4.2
Kris Dunn,MEM,8,7.8,3.4,2.6
Kris Dunn,MIA,7,5.6,2.0,4.4
Kris Dunn,MIL,6,5.8,3.4,6.4
Kris Dunn,MIN,9,7.0,4.2,4.6
Kris Dunn,NOP,12,8.0,3.6,2.2
Kris Dunn,NYK,7,5.8,3.8,3.8
Kris Dunn,OKC,17,7.6,3.2,3.8
Kris Dunn,ORL,7,6.2,3.0,2.0
Kris Dunn,PHI,6,5.8,2.2,4.2
Kris Dunn,PHX,11,7.8,2.4,3.2
Kris Dunn,POR,11,6.2,3.6,2.2
Kris Dunn,SAC,13,9.4,4.2,2.4
Kris Dunn,SAS,14,5.8,2.6,2.8
Kris Dunn,TOR,5,7.2,5.0,5.2
Kris Dunn,UTA,7,4.6,4.0,2.6
Kris Dunn,WAS,5,4.4,3.0,3.4
Kris Murray,ATL,5,3.0,2.4,1.2
Kris Murray,BKN,6,9.0,2.8,2.0
Kris Murray,BOS,5,3.8,4.2,1.4
Kris Murray,CHA,5,3.2,4.0,1.0
Kris Murray,CHI,5,7.8,3.8,2.0
Kris Murray,CLE,2,2.5,2.5,1.5
Kris Murray,DAL,9,3.0,2.2,1.4
Kris Murray,DEN,10,3.4,2.6,1.8
Kris Murray,DET,4,7.0,4.0,1.75
Kris Murray,GSW,8,6.2,2.8,2.0
Kris Murray,HOU,7,7.8,3.4,1.0
Kris Murray,IND,4,4.0,3.0,1.0
Kris Murray,LAC,10,6.0,5.6,2.6
Kris Murray,LAL,9,4.2,4.4,1.2
Kris Murray,MEM,5,4.4,3.4,1.2
Kris Murray,MIA,4,6.75,3.5,2.25
Kris Murray,MIL,4,2.75,2.75,0.75
Kris Murray,MIN,10,7.6,2.8,0.4
Kris Murray,NOP,11,5.6,4.8,1.2
Kris Murray,NYK,4,5.5,2.5,0.5
Kris Murray,OKC,11,6.8,4.0,1.0
Kris Murray,ORL,5,5.8,3.2,0.6
Kris Murray,PHI,4,1.5,2.0,0.75
Kris Murray,PHX,7,5.4,3.0,1.0
Kris Murray,SAC,10,5.0,2.0,1.0
Kris Murray,SAS,7,6.8,3.0,1.8
Kris Murray,TOR,4,4.25,3.0,1.0
Kris Murray,UTA,9,3.2,1.8,1.6
Kris Murray,WAS,4,9.75,5.75,1.5
Kristaps Porziņģis,ATL,7,26.6,5.8,2.0
Kristaps Porziņģis,BKN,12,19.0,6.2,2.6
Kristaps Porziņģis,BOS,7,18.6,7.2,2.4
Kristaps Porziņģis,CHA,8,21.0,8.0,2.4
Kristaps Porziņģis,CHI,11,24.0,6.4,1.8
Kristaps Porziņģis,CLE,11,19.0,8.6,2.6
Kristaps Porziņģis,DAL,5,21.0,6.2,3.4
Kristaps Porziņģis,DEN,8,23.6,7.2,2.0
Kristaps Porziņģis,DET,11,16.0,5.2,1.2
Kristaps Porziņģis,GSW,6,26.4,7.2,3.4
Kristaps Porziņģis,HOU,7,17.2,6.8,2.6
Kristaps Porziņģis,IND,12,13.2,6.8,2.4
Kristaps Porziņģis,LAC,8,19.4,7.8,2.8
Kristaps Porziņģis,LAL,8,23.0,9.0,3.0
Kristaps Porziņģis,MEM,8,23.0,7.0,2.4
Kristaps Porziņģis,MIA,7,19.2,7.6,1.6
Kristaps Porziņģis,MIL,7,18.0,6.6,3.2
Kristaps Porziņģis,MIN,7,22.2,4.0,1.8
Kristaps Porziņģis,NOP,8,19.4,7.2,3.2
Kristaps Porziņģis,NYK,12,17.8,6.2,2.4
Kristaps Porziņģis,OKC,8,20.6,9.2,2.4
Kristaps Porziņģis,ORL,10,15.8,4.8,1.2
Kristaps Porziņģis,PHI,9,19.2,6.2,2.2
Kristaps Porziņģis,PHX,6,21.6,8.2,1.6
Kristaps Porziņģis,POR,5,25.6,8.8,3.4
Kristaps Porziņģis,SAC,9,16.4,8.0,2.4
Kristaps Porziņģis,SAS,7,18.6,7.4,2.0
Kristaps Porziņģis,TOR,12,15.8,5.8,2.2
Kristaps Porziņģis,UTA,4,26.0,8.5,3.25
Kristaps Porziņģis,WAS,7,25.0,6.8,2.0
Kyle Anderson,ATL,10,5.2,1.6,2.2
Kyle Anderson,BKN,8,5.8,4.0,3.6
Kyle Anderson,BOS,9,10.6,4.2,2.6
Kyle Anderson,CHA,10,3.8,1.8,3.0
Kyle Anderson,CHI,8,6.2,4.0,4.2
Kyle Anderson,CLE,7,7.0,5.6,4.6
Kyle Anderson,DAL,12,4.4,3.8,3.2
Kyle Anderson,DEN,12,6.6,3.2,3.8
Kyle Anderson,DET,7,5.2,4.2,4.0
Kyle Anderson,GSW,16,6.6,4.6,3.4
Kyle Anderson,HOU,17,7.0,2.6,3.4
Kyle Anderson,IND,9,4.8,3.6,4.8
Kyle Anderson,LAC,16,9.2,4.0,2.4
Kyle Anderson,LAL,11,6.2,4.0,4.2
Kyle Anderson,MEM,13,7.8,3.0,2.6
Kyle Anderson,MIA,5,7.4,2.2,3.0
Kyle Anderson,MIL,7,7.0,4.8,3.8
Kyle Anderson,MIN,10,3.6,1.8,1.8
Kyle Anderson,NOP,14,4.6,3.0,2.4
Kyle Anderson,NYK,9,5.4,1.6,2.0
Kyle Anderson,OKC,13,4.0,3.6,2.8
Kyle Anderson,ORL,7,6.8,3.0,2.0
Kyle Anderson,PHI,10,6.0,2.8,2.8
Kyle Anderson,PHX,14,5.0,2.6,3.0
Kyle Anderson,POR,15,5.6,4.6,3.0
Kyle Anderson,SAC,10,9.8,3.8,6.2
Kyle Anderson,SAS,10,5.0,3.2,2.4
Kyle Anderson,TOR,9,5.8,3.8,3.8
Kyle Anderson,UTA,13,8.2,3.6,2.8
Kyle Anderson,WAS,10,5.4,3.6,3.2
Kyle Filipowski,ATL,4,8.75,10.75,1.75
Kyle Filipowski,BKN,3,13.666666666666666,8.333333333333334,3.0
Kyle Filipowski,BOS,4,8.25,5.0,0.0
Kyle Filipowski,CHA,4,7.5,6.5,1.75
Kyle Filipowski,CHI,4,10.5,6.5,2.0
Kyle Filipowski,CLE,4,10.5,7.5,2.0
Kyle Filipowski,DAL,6,13.6,7.2,1.8
Kyle Filipowski,DEN,7,18.4,8.6,3.2
Kyle Filipowski,DET,3,10.333333333333334,5.333333333333333,1.0
Kyle Filipowski,GSW,7,10.6,6.4,2.0
Kyle Filipowski,HOU,7,12.0,7.6,2.8
Kyle Filipowski,IND,4,12.75,9.75,3.0
Kyle Filipowski,LAC,7,10.8,7.6,2.6
Kyle Filipowski,LAL,5,5.0,5.0,1.8
Kyle Filipowski,MEM,6,13.8,6.6,2.4
Kyle Filipowski,MIA,4,8.25,7.25,2.0
Kyle Filipowski,MIL,4,9.0,6.75,2.5
Kyle Filipowski,MIN,8,9.8,5.4,3.2
Kyle Filipowski,NOP,6,11.2,9.2,3.2
Kyle Filipowski,NYK,3,9.0,7.0,3.3333333333333335
Kyle Filipowski,OKC,7,15.2,9.8,2.2
Kyle Filipowski,ORL,4,6.75,4.25,2.0
Kyle Filipowski,PHI,4,10.75,7.0,2.75
Kyle Filipowski,PHX,7,9.2,6.0,1.4
Kyle Filipowski,POR,7,15.4,8.4,3.6
Kyle Filipowski,SAC,7,6.8,3.4,2.0
Kyle Filipowski,SAS,6,7.2,5.6,3.0
Kyle Filipowski,TOR,4,11.75,7.25,2.75
Kyle Filipowski,WAS,3,21.333333333333332,10.333333333333334,1.6666666666666667
Kyle Guy,ATL,2,2.5,0.0,0.5
Kyle Guy,BOS,1,4.0,1.0,0.0
Kyle Guy,CHA,1,0.0,0.0,1.0
Kyle Guy,CHI,1,1.0,0.0,0.0
Kyle Guy,GSW,1,14.0,2.0,1.0
Kyle Guy,HOU,2,8.5,3.0,2.0
Kyle Guy,LAL,1,3.0,0.0,0.0
Kyle Guy,NOP,1,0.0,0.0,0.0
Kyle Guy,NYK,1,0.0,0.0,0.0
Kyle Guy,OKC,1,0.0,2.0,0.0
Kyle Guy,PHI,1,0.0,0.0,0.0
Kyle Guy,PHX,1,2.0,0.0,3.0
Kyle Guy,POR,2,7.0,1.0,1.0
Kyle Guy,SAC,1,7.0,2.0,4.0
Kyle Guy,SAS,1,3.0,2.0,0.0
Kyle Guy,WAS,1,4.0,0.0,1.0
Kyle Kuzma,ATL,18,15.8,4.6,1.4
Kyle Kuzma,BKN,15,16.4,4.6,4.6
Kyle Kuzma,BOS,11,18.8,4.6,1.4
Kyle Kuzma,CHA,15,16.6,5.6,2.8
Kyle Kuzma,CHI,14,13.8,5.6,3.6
Kyle Kuzma,CLE,15,11.6,4.6,2.6
Kyle Kuzma,DAL,10,16.0,5.8,1.6
Kyle Kuzma,DEN,8,15.8,8.8,3.6
Kyle Kuzma,DET,15,12.8,2.8,1.8
Kyle Kuzma,GSW,9,17.6,4.8,2.4
Kyle Kuzma,HOU,7,14.2,4.0,1.4
Kyle Kuzma,IND,16,11.0,5.4,2.4
Kyle Kuzma,LAC,9,15.8,5.0,1.2
Kyle Kuzma,LAL,11,10.4,3.2,1.6
Kyle Kuzma,MEM,8,14.6,8.6,3.6
Kyle Kuzma,MIA,15,11.4,4.8,2.4
Kyle Kuzma,MIL,6,19.8,7.0,6.4
Kyle Kuzma,MIN,10,14.8,7.0,2.4
Kyle Kuzma,NOP,11,16.6,4.2,3.8
Kyle Kuzma,NYK,14,14.2,4.0,2.4
Kyle Kuzma,OKC,10,10.6,3.0,1.8
Kyle Kuzma,ORL,12,14.2,5.8,2.4
Kyle Kuzma,PHI,17,15.4,5.6,4.2
Kyle Kuzma,PHX,11,22.0,4.4,3.4
Kyle Kuzma,POR,6,22.8,7.4,3.4
Kyle Kuzma,SAC,10,16.6,6.4,3.0
Kyle Kuzma,SAS,7,14.6,7.6,3.6
Kyle Kuzma,TOR,12,12.8,5.8,1.4
Kyle Kuzma,UTA,7,19.8,4.6,4.2
Kyle Kuzma,WAS,5,11.6,5.6,4.4
Kyle Lowry,ATL,8,6.2,2.6,4.2
Kyle Lowry,BKN,15,1.6,1.8,3.4
Kyle Lowry,BOS,10,5.8,4.2,4.4
Kyle Lowry,CHA,16,3.2,3.0,2.8
Kyle Lowry,CHI,11,7.0,1.6,2.4
Kyle Lowry,CLE,10,13.6,1.8,3.8
Kyle Lowry,DAL,5,10.8,4.2,5.8
Kyle Lowry,DEN,5,4.6,2.2,5.4
Kyle Lowry,DET,11,3.2,1.8,2.4
Kyle Lowry,GSW,5,13.8,3.4,7.4
Kyle Lowry,HOU,3,6.0,3.0,3.0
Kyle Lowry,IND,8,10.8,4.0,2.8
Kyle Lowry,LAC,5,9.2,1.6,3.4
Kyle Lowry,LAL,7,5.0,3.2,4.2
Kyle Lowry,MEM,7,10.6,5.2,4.2
Kyle Lowry,MIA,5,6.4,2.8,2.4
Kyle Lowry,MIL,11,5.6,1.6,1.6
Kyle Lowry,MIN,5,12.6,5.4,7.4
Kyle Lowry,NOP,4,11.0,5.75,6.0
Kyle Lowry,NYK,10,5.0,2.4,3.6
Kyle Lowry,OKC,4,11.25,2.75,6.25
Kyle Lowry,ORL,10,3.2,1.0,2.6
Kyle Lowry,PHI,5,13.0,4.0,5.8
Kyle Lowry,PHX,7,9.8,2.8,5.4
Kyle Lowry,POR,5,9.0,2.4,4.8
Kyle Lowry,SAC,8,7.6,2.4,3.4
Kyle Lowry,SAS,4,8.25,2.5,6.25
Kyle Lowry,TOR,10,6.4,1.6,3.6
Kyle Lowry,UTA,6,7.4,2.8,3.6
Kyle Lowry,WAS,7,15.8,6.0,7.6
Kylor Kelley,CLE,1,12.0,11.0,1.0
Kylor Kelley,DET,1,4.0,2.0,0.0
Kylor Kelley,GSW,2,1.0,0.5,0.5
Kylor Kelley,MIA,2,4.5,4.0,0.5
Kylor Kelley,MIL,1,2.0,7.0,1.0
Kylor Kelley,OKC,1,3.0,5.0,1.0
Kylor Kelley,PHI,1,1.0,1.0,0.0
Kylor Kelley,SAC,1,0.0,0.0,0.0
Kylor Kelley,WAS,1,1.0,4.0,0.0
Kyrie Irving,ATL,6,32.0,6.6,4.4
Kyrie Irving,BKN,2,26.5,4.5,5.5
Kyrie Irving,BOS,8,20.6,4.2,3.6
Kyrie Irving,CHA,10,22.4,5.6,6.0
Kyrie Irving,CHI,5,13.8,4.6,4.2
Kyrie Irving,CLE,4,26.75,5.75,6.25
Kyrie Irving,DAL,1,39.0,7.0,4.0
Kyrie Irving,DEN,6,23.8,4.6,5.8
Kyrie Irving,DET,5,30.2,4.2,4.2
Kyrie Irving,GSW,9,25.4,5.2,5.0
Kyrie Irving,HOU,7,25.8,5.4,4.8
Kyrie Irving,IND,10,22.2,5.2,4.8
Kyrie Irving,LAC,4,23.0,4.75,4.25
Kyrie Irving,LAL,6,26.8,7.0,4.6
Kyrie Irving,MEM,7,19.0,5.6,2.2
Kyrie Irving,MIA,7,25.4,3.0,5.6
Kyrie Irving,MIL,6,28.0,6.0,4.2
Kyrie Irving,MIN,6,36.2,5.2,5.4
Kyrie Irving,NOP,10,30.6,4.8,6.0
Kyrie Irving,NYK,5,27.8,6.0,7.6
Kyrie Irving,OKC,7,25.0,3.0,6.4
Kyrie Irving,ORL,4,29.5,4.0,5.0
Kyrie Irving,PHI,8,29.6,5.8,5.4
Kyrie Irving,PHX,7,26.0,4.4,5.2
Kyrie Irving,POR,7,26.0,5.0,3.2
Kyrie Irving,SAC,9,22.8,3.6,3.8
Kyrie Irving,SAS,8,24.2,5.8,4.8
Kyrie Irving,TOR,7,27.8,3.8,4.4
Kyrie Irving,UTA,9,22.0,6.0,6.8
Kyrie Irving,WAS,7,23.0,4.6,4.4
Kyshawn George,ATL,5,10.6,3.4,3.6
Kyshawn George,BKN,3,19.333333333333332,5.333333333333333,4.333333333333333
Kyshawn George,BOS,4,7.75,2.75,1.5
Kyshawn George,CHA,8,8.0,4.8,5.4
Kyshawn George,CHI,5,11.2,5.2,2.6
Kyshawn George,CLE,5,10.2,4.4,2.8
Kyshawn George,DAL,3,15.666666666666666,5.0,2.6666666666666665
Kyshawn George,DEN,3,22.666666666666668,8.0,6.333333333333333
Kyshawn George,DET,5,8.6,3.8,3.6
Kyshawn George,GSW,2,13.5,4.5,2.5
Kyshawn George,HOU,4,12.25,3.5,4.25
Kyshawn George,IND,6,8.6,5.4,3.4
Kyshawn George,LAC,4,12.0,3.75,3.0
Kyshawn George,LAL,3,9.666666666666666,3.0,3.6666666666666665
Kyshawn George,MEM,2,22.5,6.5,5.0
Kyshawn George,MIA,4,8.5,5.0,2.5
Kyshawn George,MIL,6,12.8,6.0,4.0
Kyshawn George,MIN,3,14.666666666666666,4.666666666666667,4.0
Kyshawn George,NOP,3,7.0,4.333333333333333,1.3333333333333333
Kyshawn George,NYK,6,11.0,5.0,2.4
Kyshawn George,OKC,3,10.333333333333334,4.0,3.0
Kyshawn George,ORL,4,12.0,4.0,3.25
Kyshawn George,PHI,4,11.75,6.25,4.0
Kyshawn George,PHX,3,11.333333333333334,4.0,3.3333333333333335
Kyshawn George,POR,3,12.333333333333334,5.666666666666667,2.3333333333333335
Kyshawn George,SAC,3,9.0,4.0,2.6666666666666665
Kyshawn George,SAS,4,12.0,5.0,5.5
Kyshawn George,TOR,7,11.0,3.6,2.4
Kyshawn George,UTA,1,23.0,7.0,2.0
LJ Cryer,ATL,1,12.0,2.0,0.0
LJ Cryer,BKN,1,0.0,2.0,2.0
LJ Cryer,CHI,1,17.0,1.0,2.0
LJ Cryer,CLE,1,12.0,1.0,0.0
LJ Cryer,DAL,1,14.0,4.0,1.0
LJ Cryer,DEN,1,0.0,0.0,2.0
LJ Cryer,DET,1,10.0,0.0,1.0
LJ Cryer,HOU,1,12.0,3.0,1.0
LJ Cryer,LAL,1,8.0,1.0,2.0
LJ Cryer,MIA,1,3.0,0.0,0.0
LJ Cryer,MIN,2,5.5,1.5,0.0
LJ Cryer,NYK,1,3.0,1.0,0.0
LJ Cryer,OKC,1,6.0,2.0,0.0
LJ Cryer,SAS,1,17.0,1.0,3.0
LJ Cryer,TOR,1,0.0,0.0,0.0
LJ Cryer,UTA,1,11.0,5.0,2.0
LJ Cryer,WAS,1,12.0,2.0,2.0
LaMarcus Aldridge,ATL,2,12.5,3.5,2.0
LaMarcus Aldridge,BOS,3,13.333333333333334,6.0,1.3333333333333333
LaMarcus Aldridge,CHA,1,9.0,8.0,0.0
LaMarcus Aldridge,CHI,2,19.5,7.0,0.0
LaMarcus Aldridge,CLE,3,19.333333333333332,7.666666666666667,1.0
LaMarcus Aldridge,DAL,1,15.0,5.0,1.0
LaMarcus Aldridge,DEN,1,18.0,8.0,0.0
LaMarcus Aldridge,DET,3,15.666666666666666,4.333333333333333,0.6666666666666666
LaMarcus Aldridge,GSW,2,5.5,3.0,1.0
LaMarcus Aldridge,HOU,1,0.0,3.0,1.0
LaMarcus Aldridge,IND,2,17.0,5.5,0.0
LaMarcus Aldridge,LAC,1,10.0,9.0,0.0
LaMarcus Aldridge,LAL,1,9.0,6.0,0.0
LaMarcus Aldridge,MIA,2,5.5,3.5,0.5
LaMarcus Aldridge,MIL,3,4.666666666666667,2.3333333333333335,0.3333333333333333
LaMarcus Aldridge,MIN,2,9.5,3.5,1.5
LaMarcus Aldridge,NOP,1,7.0,6.0,1.0
LaMarcus Aldridge,NYK,3,8.666666666666666,5.666666666666667,0.6666666666666666
LaMarcus Aldridge,OKC,1,15.0,8.0,2.0
LaMarcus Aldridge,ORL,2,18.0,6.5,0.0
LaMarcus Aldridge,PHI,2,17.5,6.5,0.0
LaMarcus Aldridge,PHX,1,18.0,6.0,0.0
LaMarcus Aldridge,SAC,1,19.0,8.0,0.0
LaMarcus Aldridge,SAS,1,16.0,7.0,2.0
LaMarcus Aldridge,TOR,3,11.0,6.0,3.0
LaMarcus Aldridge,WAS,2,21.5,5.0,2.0
LaMelo Ball,ATL,11,26.0,3.2,8.2
LaMelo Ball,BKN,10,12.6,3.4,7.8
LaMelo Ball,BOS,13,28.0,4.4,4.6
LaMelo Ball,CHI,9,18.8,5.0,7.4
LaMelo Ball,CLE,10,16.0,3.0,6.6
LaMelo Ball,DAL,5,21.4,5.8,9.4
LaMelo Ball,DEN,5,19.4,5.2,7.6
LaMelo Ball,DET,13,23.0,4.4,7.0
LaMelo Ball,GSW,6,21.8,7.0,4.6
LaMelo Ball,HOU,9,20.6,5.6,7.6
LaMelo Ball,IND,12,24.0,5.4,8.0
LaMelo Ball,LAC,6,21.4,6.2,7.8
LaMelo Ball,LAL,7,22.2,5.2,6.4
LaMelo Ball,MEM,6,23.0,4.0,5.6
LaMelo Ball,MIA,16,20.8,5.0,9.6
LaMelo Ball,MIL,12,26.0,4.2,8.0
LaMelo Ball,MIN,8,23.6,5.6,7.4
LaMelo Ball,NOP,5,22.4,5.6,7.4
LaMelo Ball,NYK,10,22.2,6.2,6.6
LaMelo Ball,OKC,4,18.5,6.5,6.5
LaMelo Ball,ORL,14,20.0,5.4,7.8
LaMelo Ball,PHI,7,22.2,4.8,8.6
LaMelo Ball,PHX,6,22.2,5.6,7.2
LaMelo Ball,POR,6,17.6,4.6,5.2
LaMelo Ball,SAC,5,22.0,5.2,9.4
LaMelo Ball,SAS,8,22.4,4.0,8.6
LaMelo Ball,TOR,10,15.8,3.8,5.8
LaMelo Ball,UTA,4,21.5,5.25,7.5
LaMelo Ball,WAS,15,27.6,6.4,8.6
Lachlan Olbrich,BKN,2,0.0,1.0,1.0
Lachlan Olbrich,BOS,2,3.5,2.0,1.0
Lachlan Olbrich,CHA,1,0.0,0.0,0.0
Lachlan Olbrich,DAL,2,5.0,8.0,5.5
Lachlan Olbrich,DEN,1,0.0,0.0,0.0
Lachlan Olbrich,DET,1,2.0,5.0,1.0
Lachlan Olbrich,GSW,1,0.0,3.0,0.0
Lachlan Olbrich,IND,3,3.3333333333333335,3.6666666666666665,0.3333333333333333
Lachlan Olbrich,LAC,2,0.0,0.5,0.5
Lachlan Olbrich,LAL,2,2.0,0.5,0.5
Lachlan Olbrich,MEM,2,4.0,3.5,1.0
Lachlan Olbrich,MIA,2,5.5,3.5,1.0
Lachlan Olbrich,MIL,2,1.0,3.5,0.0
Lachlan Olbrich,NYK,1,8.0,2.0,1.0
Lachlan Olbrich,OKC,2,1.5,1.5,1.0
Lachlan Olbrich,ORL,2,3.0,6.5,3.5
Lachlan Olbrich,PHI,1,2.0,2.0,0.0
Lachlan Olbrich,PHX,2,2.5,5.5,2.5
Lachlan Olbrich,SAC,1,0.0,0.0,0.0
Lachlan Olbrich,SAS,1,0.0,1.0,0.0
Lachlan Olbrich,TOR,2,1.0,1.0,0.5
Lachlan Olbrich,WAS,2,4.5,7.0,1.5
Lamar Stevens,ATL,7,6.4,4.6,0.8
Lamar Stevens,BKN,6,7.8,3.0,0.8
Lamar Stevens,BOS,2,4.0,4.0,0.5
Lamar Stevens,CHA,8,5.6,3.6,0.6
Lamar Stevens,CHI,7,3.8,2.0,0.8
Lamar Stevens,CLE,3,9.0,4.0,1.6666666666666667
Lamar Stevens,DAL,4,17.0,5.5,1.25
Lamar Stevens,DEN,6,7.6,1.8,1.2
Lamar Stevens,DET,9,9.0,3.6,0.6
Lamar Stevens,GSW,2,11.0,3.5,0.5
Lamar Stevens,HOU,6,5.6,3.2,0.2
Lamar Stevens,IND,9,2.6,2.6,1.0
Lamar Stevens,LAC,6,6.0,3.8,1.0
Lamar Stevens,LAL,5,6.4,4.2,0.8
Lamar Stevens,MEM,5,3.0,2.4,0.6
Lamar Stevens,MIA,9,4.6,2.8,0.4
Lamar Stevens,MIL,9,7.4,5.2,0.6
Lamar Stevens,MIN,7,3.8,2.4,0.6
Lamar Stevens,NOP,5,5.0,3.4,0.4
Lamar Stevens,NYK,7,3.4,4.0,0.2
Lamar Stevens,OKC,7,6.2,2.2,0.2
Lamar Stevens,ORL,10,5.6,2.6,0.6
Lamar Stevens,PHI,7,8.4,2.8,0.6
Lamar Stevens,PHX,4,4.75,3.0,1.0
Lamar Stevens,POR,5,9.4,1.6,0.6
Lamar Stevens,SAC,4,4.5,3.0,0.5
Lamar Stevens,SAS,6,1.6,1.8,0.4
Lamar Stevens,TOR,4,6.0,3.25,1.0
Lamar Stevens,UTA,5,8.4,4.4,0.4
Lamar Stevens,WAS,6,5.4,2.6,0.4
Lance Stephenson,ATL,2,18.5,5.5,5.5
Lance Stephenson,BKN,2,20.0,1.5,5.0
Lance Stephenson,BOS,3,10.333333333333334,4.0,6.0
Lance Stephenson,CHA,1,14.0,6.0,10.0
Lance Stephenson,CHI,3,3.0,1.0,1.6666666666666667
Lance Stephenson,CLE,4,5.0,1.25,2.25
Lance Stephenson,DAL,1,2.0,2.0,3.0
Lance Stephenson,DEN,1,5.0,1.0,1.0
Lance Stephenson,DET,2,1.0,2.0,1.0
Lance Stephenson,GSW,1,4.0,1.0,3.0
Lance Stephenson,HOU,1,2.0,3.0,6.0
Lance Stephenson,LAC,2,6.0,1.5,4.5
Lance Stephenson,LAL,1,0.0,0.0,0.0
Lance Stephenson,MEM,2,15.0,1.5,2.0
Lance Stephenson,MIL,1,8.0,4.0,4.0
Lance Stephenson,MIN,1,21.0,3.0,4.0
Lance Stephenson,NOP,1,7.0,4.0,5.0
Lance Stephenson,NYK,2,3.5,3.0,2.0
Lance Stephenson,OKC,2,10.5,3.5,4.0
Lance Stephenson,ORL,3,7.333333333333333,4.0,3.6666666666666665
Lance Stephenson,PHI,3,7.0,2.0,2.3333333333333335
Lance Stephenson,PHX,2,11.0,3.0,0.5
Lance Stephenson,POR,1,2.0,6.0,11.0
Lance Stephenson,SAC,1,10.0,1.0,1.0
Lance Stephenson,TOR,1,8.0,3.0,0.0
Lance Stephenson,UTA,1,16.0,6.0,14.0
Lance Stephenson,WAS,1,11.0,6.0,4.0
Landry Shamet,ATL,8,4.8,1.8,1.2
Landry Shamet,BKN,8,11.6,1.4,1.2
Landry Shamet,BOS,10,3.6,2.4,0.8
Landry Shamet,CHA,6,10.0,0.6,1.2
Landry Shamet,CHI,8,8.8,1.2,0.6
Landry Shamet,CLE,12,6.6,2.2,0.4
Landry Shamet,DAL,9,7.2,1.4,0.6
Landry Shamet,DEN,10,8.0,1.4,1.6
Landry Shamet,DET,9,6.4,2.0,1.4
Landry Shamet,GSW,11,7.8,0.8,0.2
Landry Shamet,HOU,8,8.4,1.4,1.4
Landry Shamet,IND,6,9.4,2.0,1.2
Landry Shamet,LAC,9,8.2,1.8,1.6
Landry Shamet,LAL,12,8.4,1.0,0.8
Landry Shamet,MEM,9,8.6,1.6,1.8
Landry Shamet,MIA,10,12.0,1.8,1.6
Landry Shamet,MIL,7,11.8,1.0,1.2
Landry Shamet,MIN,7,11.0,0.6,0.8
Landry Shamet,NOP,8,4.4,0.8,2.2
Landry Shamet,NYK,5,7.6,2.0,1.8
Landry Shamet,OKC,11,6.8,1.8,1.0
Landry Shamet,ORL,9,4.0,1.2,1.2
Landry Shamet,PHI,8,10.0,1.8,1.6
Landry Shamet,PHX,3,7.666666666666667,1.3333333333333333,0.3333333333333333
Landry Shamet,POR,8,6.8,1.8,1.2
Landry Shamet,SAC,9,7.0,2.0,0.8
Landry Shamet,SAS,10,4.4,1.4,1.8
Landry Shamet,TOR,9,7.8,1.4,0.6
Landry Shamet,UTA,10,2.6,1.4,1.8
Landry Shamet,WAS,7,6.8,1.4,0.8
Langston Galloway,BKN,1,2.0,3.0,4.0
Langston Galloway,CHA,2,0.0,3.5,1.5
Langston Galloway,LAC,1,3.0,1.0,1.0
Langston Galloway,LAL,1,2.0,2.0,1.0
Langston Galloway,ORL,1,4.0,4.0,3.0
Langston Galloway,PHI,1,3.0,1.0,0.0
Larry Nance Jr.,ATL,8,4.4,2.6,1.8
Larry Nance Jr.,BKN,6,5.6,6.8,0.6
Larry Nance Jr.,BOS,7,5.4,2.2,1.8
Larry Nance Jr.,CHA,6,4.8,3.8,1.2
Larry Nance Jr.,CHI,6,7.4,3.2,1.2
Larry Nance Jr.,CLE,5,3.0,4.8,2.4
Larry Nance Jr.,DAL,7,8.8,5.8,1.4
Larry Nance Jr.,DEN,9,10.2,4.8,1.2
Larry Nance Jr.,DET,8,8.2,3.8,1.8
Larry Nance Jr.,GSW,8,8.6,5.4,1.2
Larry Nance Jr.,HOU,8,1.8,3.6,1.4
Larry Nance Jr.,IND,8,4.8,3.8,1.4
Larry Nance Jr.,LAC,14,6.4,3.0,1.8
Larry Nance Jr.,LAL,11,6.0,5.8,2.8
Larry Nance Jr.,MEM,12,5.4,6.0,1.6
Larry Nance Jr.,MIA,8,6.6,6.8,1.2
Larry Nance Jr.,MIL,6,7.0,4.0,1.8
Larry Nance Jr.,MIN,7,5.8,4.0,1.2
Larry Nance Jr.,NOP,2,12.0,6.0,1.0
Larry Nance Jr.,NYK,5,4.4,4.6,1.0
Larry Nance Jr.,OKC,4,5.25,4.5,2.0
Larry Nance Jr.,ORL,5,3.4,2.0,1.4
Larry Nance Jr.,PHI,6,4.8,3.0,0.4
Larry Nance Jr.,PHX,11,6.0,5.8,2.2
Larry Nance Jr.,POR,9,1.2,3.0,0.6
Larry Nance Jr.,SAC,9,3.4,4.0,0.8
Larry Nance Jr.,SAS,8,7.8,6.2,2.2
Larry Nance Jr.,TOR,9,3.2,2.6,1.2
Larry Nance Jr.,UTA,9,7.4,6.2,1.2
Larry Nance Jr.,WAS,10,6.4,3.6,1.4
Lauri Markkanen,ATL,9,25.8,5.6,1.0
Lauri Markkanen,BKN,9,21.4,8.6,1.8
Lauri Markkanen,BOS,5,18.8,8.4,2.4
Lauri Markkanen,CHA,8,24.2,10.4,3.4
Lauri Markkanen,CHI,8,30.4,5.4,2.0
Lauri Markkanen,CLE,5,25.8,10.2,1.2
Lauri Markkanen,DAL,14,23.0,8.4,2.8
Lauri Markkanen,DEN,8,22.8,9.0,1.8
Lauri Markkanen,DET,8,30.2,6.8,1.2
Lauri Markkanen,GSW,9,20.6,7.4,2.4
Lauri Markkanen,HOU,9,24.2,7.6,0.8
Lauri Markkanen,IND,9,26.8,6.4,1.6
Lauri Markkanen,LAC,12,18.8,6.4,2.4
Lauri Markkanen,LAL,13,24.4,5.4,1.8
Lauri Markkanen,MEM,11,22.4,7.4,1.4
Lauri Markkanen,MIA,10,18.4,5.2,2.4
Lauri Markkanen,MIL,8,17.4,7.4,2.2
Lauri Markkanen,MIN,10,17.2,5.0,1.6
Lauri Markkanen,NOP,6,23.2,8.4,2.4
Lauri Markkanen,NYK,8,21.0,8.0,1.4
Lauri Markkanen,OKC,11,16.6,7.0,1.4
Lauri Markkanen,ORL,9,22.0,6.6,0.8
Lauri Markkanen,PHI,7,23.0,8.8,1.6
Lauri Markkanen,PHX,15,29.4,7.0,1.6
Lauri Markkanen,POR,10,24.8,6.4,1.4
Lauri Markkanen,SAC,12,22.6,5.0,2.2
Lauri Markkanen,SAS,11,23.0,5.8,2.2
Lauri Markkanen,TOR,9,23.6,8.6,2.8
Lauri Markkanen,UTA,2,14.5,5.5,0.5
Lauri Markkanen,WAS,6,20.2,6.2,2.4
Lawson Lovering,DEN,1,3.0,4.0,0.0
Lawson Lovering,UTA,1,11.0,11.0,3.0
LeBron James,ATL,8,29.0,7.6,9.4
LeBron James,BKN,7,26.4,6.8,6.6
LeBron James,BOS,8,23.8,10.0,7.2
LeBron James,CHA,7,24.0,6.2,8.6
LeBron James,CHI,9,20.2,5.4,7.6
LeBron James,CLE,10,19.6,4.6,6.6
LeBron James,DAL,15,23.0,7.8,8.4
LeBron James,DEN,12,19.0,7.0,6.6
LeBron James,DET,9,20.4,6.6,8.8
LeBron James,GSW,15,28.6,8.8,9.4
LeBron James,HOU,16,19.2,4.8,4.8
LeBron James,IND,8,20.8,8.8,8.2
LeBron James,LAC,18,22.8,4.6,7.0
LeBron James,MEM,15,27.0,8.4,9.2
LeBron James,MIA,7,22.4,7.0,7.8
LeBron James,MIL,3,27.0,7.333333333333333,9.666666666666666
LeBron James,MIN,10,22.8,8.2,5.8
LeBron James,NOP,15,26.6,6.0,6.8
LeBron James,NYK,7,27.0,8.8,8.4
LeBron James,OKC,11,18.8,6.0,5.6
LeBron James,ORL,9,22.4,7.4,5.4
LeBron James,PHI,8,23.6,7.8,8.8
LeBron James,PHX,17,20.4,3.4,6.0
LeBron James,POR,10,32.2,6.0,6.8
LeBron James,SAC,16,24.2,4.2,5.2
LeBron James,SAS,10,19.6,10.6,9.6
LeBron James,TOR,8,20.2,6.0,10.6
LeBron James,UTA,14,18.4,5.2,8.6
LeBron James,WAS,10,22.2,6.6,10.2
Leaky Black,ATL,1,4.0,7.0,0.0
Leaky Black,BKN,1,8.0,5.0,1.0
Leaky Black,BOS,1,4.0,3.0,0.0
Leaky Black,CHI,3,6.666666666666667,5.0,0.3333333333333333
Leaky Black,CLE,2,5.5,3.5,3.0
Leaky Black,DAL,1,0.0,0.0,0.0
Leaky Black,DET,1,3.0,2.0,0.0
Leaky Black,GSW,1,4.0,8.0,4.0
Leaky Black,HOU,1,1.0,4.0,0.0
Leaky Black,IND,2,0.0,1.5,1.0
Leaky Black,LAL,1,2.0,5.0,2.0
Leaky Black,MIA,4,2.0,0.5,0.75
Leaky Black,MIL,1,4.0,6.0,2.0
Leaky Black,MIN,1,7.0,3.0,1.0
Leaky Black,NOP,2,5.0,2.0,1.0
Leaky Black,NYK,4,2.0,2.0,0.5
Leaky Black,OKC,1,11.0,1.0,2.0
Leaky Black,ORL,2,10.0,6.5,2.0
Leaky Black,PHI,1,2.0,1.0,2.0
Leaky Black,POR,2,4.5,4.5,1.5
Leaky Black,SAC,1,0.0,0.0,0.0
Leaky Black,SAS,1,2.0,0.0,0.0
Leaky Black,TOR,2,3.5,3.5,2.0
Leaky Black,UTA,3,10.0,3.3333333333333335,1.3333333333333333
Leaky Black,WAS,1,0.0,0.0,1.0
Leandro Bolmaro,ATL,1,2.0,3.0,0.0
Leandro Bolmaro,BKN,1,4.0,5.0,2.0
Leandro Bolmaro,BOS,1,2.0,1.0,2.0
Leandro Bolmaro,CHA,2,1.0,1.0,1.0
Leandro Bolmaro,CHI,1,11.0,3.0,4.0
Leandro Bolmaro,CLE,2,2.0,1.5,0.5
Leandro Bolmaro,DAL,3,0.0,1.0,0.3333333333333333
Leandro Bolmaro,DEN,4,0.5,0.5,1.25
Leandro Bolmaro,DET,1,0.0,0.0,0.0
Leandro Bolmaro,GSW,1,0.0,0.0,0.0
Leandro Bolmaro,HOU,1,2.0,0.0,0.0
Leandro Bolmaro,IND,1,0.0,5.0,0.0
Leandro Bolmaro,LAC,5,0.6,0.8,0.4
Leandro Bolmaro,LAL,4,0.5,0.5,0.25
Leandro Bolmaro,MEM,1,5.0,4.0,0.0
Leandro Bolmaro,MIL,2,0.0,0.5,0.0
Leandro Bolmaro,MIN,1,0.0,2.0,0.0
Leandro Bolmaro,NOP,2,0.0,0.5,0.5
Leandro Bolmaro,OKC,2,3.0,0.5,0.5
Leandro Bolmaro,ORL,1,0.0,1.0,0.0
Leandro Bolmaro,PHI,1,3.0,3.0,1.0
Leandro Bolmaro,PHX,1,1.0,0.0,0.0
Leandro Bolmaro,POR,3,0.6666666666666666,0.3333333333333333,0.6666666666666666
Leandro Bolmaro,SAC,1,0.0,0.0,0.0
Leandro Bolmaro,TOR,1,0.0,1.0,0.0
Leandro Bolmaro,UTA,3,1.0,0.6666666666666666,1.0
Leandro Bolmaro,WAS,2,1.0,0.0,0.0
Leonard Miller,ATL,2,4.5,0.0,0.0
Leonard Miller,BKN,3,0.6666666666666666,0.3333333333333333,0.0
Leonard Miller,BOS,1,5.0,3.0,0.0
Leonard Miller,CHA,1,5.0,2.0,0.0
Leonard Miller,CHI,2,2.5,1.5,0.0
Leonard Miller,CLE,3,4.666666666666667,2.0,0.0
Leonard Miller,DAL,2,8.5,5.0,2.5
Leonard Miller,DEN,5,0.6,0.8,0.2
Leonard Miller,DET,3,0.0,0.0,0.3333333333333333
Leonard Miller,GSW,2,8.5,6.5,0.5
Leonard Miller,HOU,1,17.0,9.0,3.0
Leonard Miller,IND,1,11.0,6.0,0.0
Leonard Miller,LAC,2,7.0,5.0,1.5
Leonard Miller,LAL,3,5.666666666666667,3.6666666666666665,0.3333333333333333
Leonard Miller,MEM,4,4.75,3.25,0.75
Leonard Miller,MIA,2,3.0,2.0,0.0
Leonard Miller,MIL,3,8.0,2.6666666666666665,1.3333333333333333
Leonard Miller,NYK,2,8.0,3.5,0.0
Leonard Miller,OKC,5,6.0,2.2,0.0
Leonard Miller,ORL,2,7.5,4.5,2.0
Leonard Miller,PHI,3,5.666666666666667,3.6666666666666665,0.6666666666666666
Leonard Miller,PHX,5,6.6,4.6,0.4
Leonard Miller,POR,3,5.0,1.6666666666666667,1.3333333333333333
Leonard Miller,SAC,3,1.0,0.6666666666666666,0.3333333333333333
Leonard Miller,SAS,3,7.0,2.3333333333333335,1.6666666666666667
Leonard Miller,TOR,2,9.0,2.5,1.0
Leonard Miller,UTA,3,4.0,2.0,0.6666666666666666
Leonard Miller,WAS,5,9.0,4.6,0.8
Lester Quinones,ATL,2,9.5,4.0,0.0
Lester Quinones,BKN,2,3.0,4.5,2.5
Lester Quinones,BOS,1,17.0,5.0,0.0
Lester Quinones,CHA,3,3.3333333333333335,2.0,0.6666666666666666
Lester Quinones,CHI,1,0.0,0.0,0.0
Lester Quinones,DAL,1,0.0,0.0,1.0
Lester Quinones,DEN,1,6.0,3.0,1.0
Lester Quinones,DET,1,0.0,0.0,0.0
Lester Quinones,HOU,1,9.0,0.0,0.0
Lester Quinones,IND,1,6.0,5.0,5.0
Lester Quinones,LAC,3,3.0,1.0,0.6666666666666666
Lester Quinones,LAL,4,3.0,1.0,0.5
Lester Quinones,MEM,3,4.666666666666667,2.6666666666666665,1.0
Lester Quinones,MIA,3,3.0,0.3333333333333333,1.3333333333333333
Lester Quinones,MIL,5,9.4,3.0,2.4
Lester Quinones,NOP,2,4.0,0.5,0.5
Lester Quinones,NYK,1,0.0,0.0,0.0
Lester Quinones,OKC,3,6.0,1.6666666666666667,2.0
Lester Quinones,PHI,3,7.0,0.6666666666666666,1.3333333333333333
Lester Quinones,PHX,1,6.0,3.0,0.0
Lester Quinones,POR,1,9.0,1.0,1.0
Lester Quinones,SAC,1,0.0,1.0,1.0
Lester Quinones,SAS,2,1.0,1.0,0.0
Lester Quinones,TOR,2,5.5,2.5,0.5
Lester Quinones,UTA,4,4.5,1.0,2.25
Lester Quinones,WAS,2,1.5,1.5,1.0
Liam McNeeley,ATL,1,6.0,2.0,0.0
Liam McNeeley,BKN,1,8.0,2.0,1.0
Liam McNeeley,BOS,1,10.0,6.0,0.0
Liam McNeeley,CHI,2,0.0,1.5,0.5
Liam McNeeley,CLE,1,7.0,1.0,1.0
Liam McNeeley,DEN,1,13.0,4.0,2.0
Liam McNeeley,GSW,1,0.0,1.0,1.0
Liam McNeeley,IND,1,2.0,1.0,1.0
Liam McNeeley,LAC,1,3.0,6.0,1.0
Liam McNeeley,LAL,1,7.0,1.0,0.0
Liam McNeeley,MEM,1,0.0,1.0,0.0
Liam McNeeley,MIA,2,7.0,2.5,0.5
Liam McNeeley,MIL,3,4.0,3.3333333333333335,1.3333333333333333
Liam McNeeley,MIN,1,0.0,1.0,0.0
Liam McNeeley,NOP,1,2.0,2.0,1.0
Liam McNeeley,NYK,3,4.333333333333333,1.6666666666666667,0.6666666666666666
Liam McNeeley,OKC,1,3.0,0.0,1.0
Liam McNeeley,ORL,1,6.0,3.0,4.0
Liam McNeeley,SAC,1,7.0,6.0,0.0
Liam McNeeley,TOR,3,5.333333333333333,3.6666666666666665,0.0
Liam McNeeley,UTA,1,3.0,1.0,1.0
Liam McNeeley,WAS,2,0.0,0.5,1.0
Liam Robbins,ATL,1,0.0,0.0,0.0
Liam Robbins,CHI,2,0.0,1.0,0.0
Liam Robbins,CLE,1,0.0,2.0,1.0
Liam Robbins,MEM,1,2.0,0.0,0.0
Liam Robbins,NYK,2,1.0,2.0,0.0
Liam Robbins,ORL,1,3.0,1.0,0.0
Liam Robbins,SAC,1,0.0,0.0,0.0
Liam Robbins,SAS,1,0.0,1.0,0.0
Liam Robbins,TOR,2,0.5,1.0,0.5
Liam Robbins,UTA,1,1.0,0.0,0.0
Lindell Wigginton,BKN,1,0.0,0.0,0.0
Lindell Wigginton,CHA,1,3.0,1.0,0.0
Lindell Wigginton,CHI,1,0.0,0.0,0.0
Lindell Wigginton,CLE,1,18.0,3.0,8.0
Lindell Wigginton,DEN,1,7.0,0.0,0.0
Lindell Wigginton,DET,3,2.6666666666666665,0.6666666666666666,1.0
Lindell Wigginton,GSW,1,2.0,1.0,0.0
Lindell Wigginton,HOU,1,0.0,0.0,0.0
Lindell Wigginton,IND,2,7.0,1.0,0.5
Lindell Wigginton,LAC,2,5.0,1.5,2.0
Lindell Wigginton,LAL,1,0.0,0.0,0.0
Lindell Wigginton,MEM,2,14.0,2.5,6.0
Lindell Wigginton,NYK,1,0.0,0.0,0.0
Lindell Wigginton,OKC,1,0.0,1.0,1.0
Lindell Wigginton,ORL,1,0.0,0.0,0.0
Lindell Wigginton,PHI,1,2.0,5.0,0.0
Lindell Wigginton,PHX,2,2.5,1.5,1.0
Lindell Wigginton,POR,2,8.0,2.0,2.0
Lindell Wigginton,SAS,1,2.0,0.0,0.0
Lindell Wigginton,TOR,2,8.5,0.5,0.5
Lindell Wigginton,UTA,1,4.0,1.0,1.0
Lindy Waters III,ATL,4,13.0,2.75,0.75
Lindy Waters III,BKN,7,4.4,0.8,0.2
Lindy Waters III,BOS,6,2.6,1.4,0.8
Lindy Waters III,CHA,3,6.666666666666667,3.6666666666666665,1.0
Lindy Waters III,CHI,7,1.2,0.8,0.8
Lindy Waters III,CLE,4,1.75,1.0,0.0
Lindy Waters III,DAL,5,8.2,2.4,1.2
Lindy Waters III,DEN,7,1.2,0.6,0.0
Lindy Waters III,DET,4,7.25,2.25,1.0
Lindy Waters III,GSW,3,5.0,1.3333333333333333,0.3333333333333333
Lindy Waters III,HOU,6,3.2,1.4,1.4
Lindy Waters III,IND,6,8.0,3.0,1.8
Lindy Waters III,LAC,7,1.2,1.4,0.4
Lindy Waters III,LAL,8,1.8,1.2,0.4
Lindy Waters III,MEM,10,6.0,1.8,1.0
Lindy Waters III,MIA,4,5.0,2.0,0.25
Lindy Waters III,MIL,6,6.8,1.6,0.6
Lindy Waters III,MIN,10,1.0,2.0,2.0
Lindy Waters III,NOP,11,1.8,0.8,2.0
Lindy Waters III,NYK,2,1.5,0.0,0.0
Lindy Waters III,OKC,5,2.6,1.4,0.6
Lindy Waters III,ORL,6,3.0,1.8,0.4
Lindy Waters III,PHI,7,5.2,1.0,0.4
Lindy Waters III,PHX,9,2.8,3.4,0.6
Lindy Waters III,POR,10,5.6,1.4,0.6
Lindy Waters III,SAC,7,6.2,2.6,1.4
Lindy Waters III,SAS,9,4.6,1.4,0.4
Lindy Waters III,TOR,5,4.0,2.4,0.4
Lindy Waters III,UTA,12,2.8,0.2,0.4
Lindy Waters III,WAS,6,2.4,0.6,0.4
Lonnie Walker IV,ATL,7,8.8,3.0,1.8
Lonnie Walker IV,BKN,5,13.6,1.6,1.2
Lonnie Walker IV,BOS,8,13.8,3.2,2.4
Lonnie Walker IV,CHA,4,11.5,2.5,1.5
Lonnie Walker IV,CHI,9,14.0,3.0,1.4
Lonnie Walker IV,CLE,6,7.4,1.4,1.8
Lonnie Walker IV,DAL,6,7.6,2.6,2.0
Lonnie Walker IV,DEN,7,11.6,2.8,1.4
Lonnie Walker IV,DET,5,13.4,2.0,0.8
Lonnie Walker IV,GSW,9,5.4,0.0,1.0
Lonnie Walker IV,HOU,5,4.8,1.2,1.2
Lonnie Walker IV,IND,6,10.2,3.8,1.4
Lonnie Walker IV,LAC,6,14.2,1.8,0.6
Lonnie Walker IV,LAL,5,12.4,1.4,2.8
Lonnie Walker IV,MEM,8,11.8,2.8,1.6
Lonnie Walker IV,MIA,9,14.0,1.6,1.2
Lonnie Walker IV,MIL,7,10.8,3.2,1.8
Lonnie Walker IV,MIN,8,7.8,2.2,2.0
Lonnie Walker IV,NOP,8,9.2,1.0,0.6
Lonnie Walker IV,NYK,8,8.4,3.0,1.4
Lonnie Walker IV,OKC,8,12.2,2.0,1.2
Lonnie Walker IV,ORL,6,6.8,1.2,0.6
Lonnie Walker IV,PHI,7,18.4,4.2,2.2
Lonnie Walker IV,PHX,8,16.8,2.6,2.6
Lonnie Walker IV,POR,8,9.8,2.4,0.6
Lonnie Walker IV,SAC,6,18.6,2.8,1.6
Lonnie Walker IV,SAS,6,8.0,2.0,1.2
Lonnie Walker IV,TOR,7,8.2,1.8,1.8
Lonnie Walker IV,UTA,6,17.0,4.0,3.0
Lonnie Walker IV,WAS,6,18.6,2.2,1.2
Lonzo Ball,ATL,2,5.5,5.5,3.5
Lonzo Ball,BKN,5,7.0,5.2,5.4
Lonzo Ball,BOS,6,3.8,2.8,3.8
Lonzo Ball,CHA,6,6.8,4.0,4.6
Lonzo Ball,CHI,3,4.0,4.666666666666667,4.333333333333333
Lonzo Ball,CLE,1,19.0,4.0,7.0
Lonzo Ball,DAL,2,15.0,6.0,5.5
Lonzo Ball,DEN,4,12.75,5.0,3.0
Lonzo Ball,DET,5,11.2,4.4,2.8
Lonzo Ball,GSW,3,9.666666666666666,2.6666666666666665,3.3333333333333335
Lonzo Ball,HOU,4,11.75,3.25,3.75
Lonzo Ball,IND,4,3.5,4.25,3.0
Lonzo Ball,LAC,3,10.0,4.333333333333333,3.0
Lonzo Ball,LAL,3,15.333333333333334,5.333333333333333,4.666666666666667
Lonzo Ball,MEM,2,7.5,4.0,5.5
Lonzo Ball,MIA,5,11.0,5.4,4.2
Lonzo Ball,MIL,3,8.666666666666666,4.666666666666667,4.333333333333333
Lonzo Ball,NOP,3,11.0,6.666666666666667,7.0
Lonzo Ball,NYK,7,6.6,3.2,5.0
Lonzo Ball,OKC,2,3.0,2.5,1.0
Lonzo Ball,ORL,5,5.6,4.2,3.8
Lonzo Ball,PHI,8,4.8,2.8,3.2
Lonzo Ball,PHX,2,3.0,4.5,3.0
Lonzo Ball,POR,3,7.666666666666667,4.666666666666667,2.6666666666666665
Lonzo Ball,SAC,1,15.0,1.0,3.0
Lonzo Ball,SAS,2,3.5,5.0,3.5
Lonzo Ball,TOR,6,8.6,4.6,5.2
Lonzo Ball,UTA,1,11.0,5.0,2.0
Lonzo Ball,WAS,4,10.0,4.25,4.5
Lou Williams,BKN,3,4.666666666666667,3.0,1.6666666666666667
Lou Williams,BOS,3,4.333333333333333,1.6666666666666667,2.6666666666666665
Lou Williams,CHA,4,5.75,2.25,1.75
Lou Williams,CHI,2,2.5,1.0,0.5
Lou Williams,CLE,2,9.0,2.0,3.5
Lou Williams,DEN,1,2.0,0.0,2.0
Lou Williams,DET,2,11.0,1.5,1.5
Lou Williams,GSW,1,5.0,3.0,0.0
Lou Williams,HOU,1,12.0,1.0,2.0
Lou Williams,IND,3,6.666666666666667,2.3333333333333335,1.6666666666666667
Lou Williams,LAC,1,2.0,0.0,1.0
Lou Williams,LAL,1,9.0,1.0,4.0
Lou Williams,MEM,2,5.0,1.5,0.5
Lou Williams,MIA,1,9.0,0.0,2.0
Lou Williams,MIL,3,7.666666666666667,1.0,2.0
Lou Williams,MIN,2,6.0,1.0,2.0
Lou Williams,NOP,1,7.0,1.0,2.0
Lou Williams,NYK,2,6.0,3.5,4.0
Lou Williams,OKC,2,5.0,0.5,3.0
Lou Williams,ORL,3,11.333333333333334,2.0,1.6666666666666667
Lou Williams,PHI,2,8.0,1.0,0.0
Lou Williams,PHX,1,4.0,0.0,0.0
Lou Williams,POR,2,2.0,1.0,3.0
Lou Williams,SAC,2,9.0,2.0,3.5
Lou Williams,SAS,1,12.0,1.0,1.0
Lou Williams,TOR,3,3.3333333333333335,1.3333333333333333,2.6666666666666665
Lou Williams,UTA,2,4.5,1.0,1.0
Lou Williams,WAS,3,6.333333333333333,1.6666666666666667,0.6666666666666666
Louis King,ATL,1,2.0,2.0,0.0
Louis King,BKN,2,11.5,2.0,1.5
Louis King,BOS,1,6.0,1.0,1.0
Louis King,LAC,1,8.0,2.0,1.0
Louis King,LAL,1,4.0,1.0,0.0
Louis King,MEM,2,8.5,2.5,0.0
Louis King,MIN,1,2.0,1.0,3.0
Louis King,NYK,1,3.0,0.0,3.0
Louis King,TOR,1,0.0,0.0,0.0
Lucas Williamson,CLE,1,17.0,5.0,4.0
Lucas Williamson,DEN,1,16.0,6.0,1.0
Lucas Williamson,HOU,1,15.0,6.0,3.0
Lucas Williamson,MIL,1,5.0,4.0,4.0
Lucas Williamson,NYK,1,2.0,0.0,1.0
Lucas Williamson,TOR,1,5.0,4.0,2.0
Lucas Williamson,UTA,1,13.0,13.0,3.0
Luguentz Dort,ATL,9,12.2,3.2,1.4
Luguentz Dort,BKN,9,8.6,2.8,2.6
Luguentz Dort,BOS,9,12.4,5.2,0.4
Luguentz Dort,CHA,7,8.8,4.0,1.2
Luguentz Dort,CHI,10,5.4,2.8,1.2
Luguentz Dort,CLE,9,14.6,3.6,2.8
Luguentz Dort,DAL,16,9.2,4.8,1.4
Luguentz Dort,DEN,18,10.2,4.8,0.6
Luguentz Dort,DET,9,6.4,4.2,1.8
Luguentz Dort,GSW,14,8.2,5.0,1.8
Luguentz Dort,HOU,18,6.8,3.0,2.8
Luguentz Dort,IND,9,13.2,5.0,0.8
Luguentz Dort,LAC,15,6.2,2.2,0.6
Luguentz Dort,LAL,15,11.0,2.2,1.4
Luguentz Dort,MEM,12,8.2,3.8,2.8
Luguentz Dort,MIA,9,9.2,3.6,0.6
Luguentz Dort,MIL,8,10.4,2.4,1.4
Luguentz Dort,MIN,17,5.8,2.4,1.2
Luguentz Dort,NOP,14,12.0,4.0,1.6
Luguentz Dort,NYK,9,9.8,2.8,1.2
Luguentz Dort,ORL,8,7.8,3.6,1.4
Luguentz Dort,PHI,9,6.6,3.0,1.0
Luguentz Dort,PHX,16,9.4,2.2,0.6
Luguentz Dort,POR,15,7.4,4.4,1.4
Luguentz Dort,SAC,14,12.0,6.0,1.4
Luguentz Dort,SAS,14,8.2,6.0,1.8
Luguentz Dort,TOR,9,14.4,5.8,2.4
Luguentz Dort,UTA,14,7.8,3.6,1.4
Luguentz Dort,WAS,9,6.8,2.6,0.8
Luka Dončić,ATL,8,33.8,7.8,9.0
Luka Dončić,BKN,9,34.2,10.8,7.2
Luka Dončić,BOS,8,30.4,10.4,6.6
Luka Dončić,CHA,8,30.6,8.8,7.6
Luka Dončić,CHI,10,36.6,8.4,9.6
Luka Dončić,CLE,7,37.0,6.2,8.8
Luka Dončić,DAL,4,33.0,9.0,10.0
Luka Dončić,DEN,16,31.6,10.6,8.8
Luka Dončić,DET,7,37.8,7.0,8.4
Luka Dončić,GSW,14,32.8,9.0,8.6
Luka Dončić,HOU,14,32.0,6.8,7.4
Luka Dončić,IND,10,38.8,7.8,9.0
Luka Dončić,LAC,15,30.8,7.4,8.6
Luka Dončić,LAL,8,31.4,10.8,10.6
Luka Dončić,MEM,12,36.0,9.4,7.0
Luka Dončić,MIA,8,39.0,9.6,8.2
Luka Dončić,MIL,8,37.0,9.4,7.6
Luka Dončić,MIN,12,27.8,9.6,6.8
Luka Dončić,NOP,17,30.0,7.4,8.4
Luka Dončić,NYK,8,39.2,11.8,9.0
Luka Dončić,OKC,12,20.0,6.4,6.0
Luka Dončić,ORL,10,32.8,7.8,10.4
Luka Dončić,PHI,8,24.4,9.6,6.8
Luka Dončić,PHX,14,34.2,8.0,6.8
Luka Dončić,POR,10,35.2,7.6,9.0
Luka Dončić,SAC,10,31.6,7.4,8.4
Luka Dončić,SAS,16,29.0,7.8,10.2
Luka Dončić,TOR,8,28.0,8.2,10.2
Luka Dončić,UTA,16,29.0,7.2,8.0
Luka Dončić,WAS,8,30.2,10.8,10.8
Luka Garza,ATL,7,9.6,4.8,2.2
Luka Garza,BKN,8,5.6,2.8,1.0
Luka Garza,BOS,2,3.0,1.0,0.0
Luka Garza,CHA,5,3.6,1.8,0.6
Luka Garza,CHI,8,3.2,1.6,0.2
Luka Garza,CLE,5,6.2,2.0,1.2
Luka Garza,DAL,4,8.5,2.0,0.5
Luka Garza,DEN,11,3.6,2.6,0.2
Luka Garza,DET,5,3.6,1.4,0.4
Luka Garza,GSW,6,5.4,3.0,0.4
Luka Garza,HOU,8,6.0,3.2,0.6
Luka Garza,IND,7,7.4,5.0,1.2
Luka Garza,LAC,6,7.2,2.6,0.6
Luka Garza,LAL,6,1.4,0.4,0.4
Luka Garza,MEM,8,7.2,3.0,0.6
Luka Garza,MIA,6,6.6,2.8,0.2
Luka Garza,MIL,8,5.6,4.0,0.6
Luka Garza,MIN,2,4.0,3.0,1.0
Luka Garza,NOP,5,9.4,3.0,0.6
Luka Garza,NYK,5,3.0,2.8,0.6
Luka Garza,OKC,6,6.2,3.6,0.2
Luka Garza,ORL,5,13.2,5.2,1.0
Luka Garza,PHI,9,3.6,3.0,0.4
Luka Garza,PHX,9,3.6,1.8,0.0
Luka Garza,POR,9,3.2,1.6,0.4
Luka Garza,SAC,5,6.2,3.8,0.8
Luka Garza,SAS,8,4.4,1.6,0.2
Luka Garza,TOR,5,8.2,4.0,1.0
Luka Garza,UTA,9,10.4,2.6,0.8
Luka Garza,WAS,6,4.4,1.4,1.2
Luka Samanic,BKN,3,4.666666666666667,1.3333333333333333,0.3333333333333333
Luka Samanic,BOS,3,5.666666666666667,4.666666666666667,0.3333333333333333
Luka Samanic,CHI,2,5.0,2.0,1.0
Luka Samanic,CLE,1,12.0,5.0,1.0
Luka Samanic,DAL,3,1.3333333333333333,0.6666666666666666,0.0
Luka Samanic,DEN,4,11.5,5.75,1.5
Luka Samanic,DET,1,2.0,5.0,0.0
Luka Samanic,GSW,3,4.666666666666667,2.0,0.6666666666666666
Luka Samanic,HOU,1,22.0,6.0,2.0
Luka Samanic,IND,1,0.0,1.0,0.0
Luka Samanic,LAC,2,5.5,3.5,1.0
Luka Samanic,LAL,4,6.0,2.5,1.5
Luka Samanic,MEM,1,5.0,2.0,0.0
Luka Samanic,MIA,1,0.0,0.0,0.0
Luka Samanic,MIN,2,2.5,3.0,0.0
Luka Samanic,NOP,1,0.0,0.0,0.0
Luka Samanic,OKC,4,6.25,3.0,1.25
Luka Samanic,ORL,1,8.0,4.0,0.0
Luka Samanic,PHX,2,2.5,0.5,0.0
Luka Samanic,POR,2,1.0,1.5,0.0
Luka Samanic,SAC,1,2.0,0.0,0.0
Luka Samanic,SAS,4,2.25,3.5,1.0
Luka Samanic,TOR,1,4.0,1.0,0.0
Luka Samanic,WAS,2,2.5,1.0,1.0
Luke Kennard,ATL,5,12.0,3.8,3.0
Luke Kennard,BKN,7,12.2,1.8,2.0
Luke Kennard,BOS,10,6.4,2.0,0.6
Luke Kennard,CHA,9,11.0,2.2,2.4
Luke Kennard,CHI,10,4.4,2.2,2.0
Luke Kennard,CLE,9,7.8,1.6,1.6
Luke Kennard,DAL,15,8.8,5.8,4.2
Luke Kennard,DEN,13,6.6,1.8,2.2
Luke Kennard,DET,10,3.6,2.2,3.0
Luke Kennard,GSW,14,13.0,1.8,3.8
Luke Kennard,HOU,16,6.2,2.0,1.6
Luke Kennard,IND,9,10.6,2.8,2.0
Luke Kennard,LAC,12,10.8,3.0,2.2
Luke Kennard,LAL,14,6.0,1.8,3.0
Luke Kennard,MEM,4,12.0,2.75,1.25
Luke Kennard,MIA,10,7.8,3.0,1.8
Luke Kennard,MIL,6,11.0,3.4,4.8
Luke Kennard,MIN,10,12.2,3.8,3.2
Luke Kennard,NOP,12,13.2,1.8,2.8
Luke Kennard,NYK,9,7.8,1.6,2.6
Luke Kennard,OKC,16,8.2,2.2,4.2
Luke Kennard,ORL,10,7.8,2.0,1.4
Luke Kennard,PHI,7,8.4,2.6,3.2
Luke Kennard,PHX,11,8.4,2.2,2.4
Luke Kennard,POR,12,6.0,2.0,4.4
Luke Kennard,SAC,9,12.0,3.4,5.2
Luke Kennard,SAS,13,10.0,2.8,3.2
Luke Kennard,TOR,9,11.0,2.2,5.0
Luke Kennard,UTA,11,11.4,2.0,2.4
Luke Kennard,WAS,9,13.4,2.6,3.6
Luke Kornet,ATL,11,6.4,5.6,1.2
Luke Kornet,BKN,14,6.6,5.4,1.8
Luke Kornet,BOS,3,3.0,3.3333333333333335,1.3333333333333333
Luke Kornet,CHA,14,9.6,5.8,1.8
Luke Kornet,CHI,13,6.4,4.4,1.2
Luke Kornet,CLE,9,3.6,5.0,1.4
Luke Kornet,DAL,7,3.8,6.0,3.4
Luke Kornet,DEN,9,4.4,3.6,1.6
Luke Kornet,DET,10,5.0,4.8,1.0
Luke Kornet,GSW,8,6.0,3.6,1.4
Luke Kornet,HOU,9,7.4,5.6,2.2
Luke Kornet,IND,13,6.0,7.2,2.0
Luke Kornet,LAC,5,7.0,4.4,1.8
Luke Kornet,LAL,7,6.6,5.4,0.6
Luke Kornet,MEM,7,2.6,5.6,2.2
Luke Kornet,MIA,10,5.8,5.0,1.8
Luke Kornet,MIL,11,3.8,1.8,0.6
Luke Kornet,MIN,8,7.0,6.0,1.2
Luke Kornet,NOP,7,8.8,7.4,2.0
Luke Kornet,NYK,12,6.6,6.0,1.8
Luke Kornet,OKC,11,5.6,8.0,1.6
Luke Kornet,ORL,10,5.4,4.6,1.6
Luke Kornet,PHI,13,5.8,4.2,2.2
Luke Kornet,PHX,9,6.6,5.6,1.0
Luke Kornet,POR,9,10.8,6.6,3.6
Luke Kornet,SAC,8,8.0,8.0,2.2
Luke Kornet,SAS,5,7.8,6.8,2.2
Luke Kornet,TOR,13,3.6,4.4,1.2
Luke Kornet,UTA,9,7.0,8.0,2.2
Luke Kornet,WAS,14,11.2,9.6,2.0
Luke Travers,BKN,1,0.0,2.0,0.0
Luke Travers,BOS,1,0.0,0.0,0.0
Luke Travers,CHA,1,0.0,1.0,0.0
Luke Travers,CHI,2,2.0,1.5,0.5
Luke Travers,DET,1,0.0,0.0,0.0
Luke Travers,GSW,1,2.0,2.0,0.0
Luke Travers,IND,2,3.0,5.5,1.5
Luke Travers,LAC,1,3.0,2.0,1.0
Luke Travers,MIA,2,2.0,2.0,0.0
Luke Travers,MIL,1,0.0,1.0,0.0
Luke Travers,MIN,1,0.0,1.0,0.0
Luke Travers,NOP,1,4.0,2.0,3.0
Luke Travers,NYK,1,0.0,0.0,0.0
Luke Travers,ORL,1,4.0,2.0,2.0
Luke Travers,SAS,1,2.0,1.0,2.0
Luke Travers,TOR,5,1.4,2.0,0.6
Luke Travers,WAS,1,4.0,2.0,2.0
MJ Walker,BOS,1,0.0,0.0,0.0
MJ Walker,CHA,1,0.0,1.0,1.0
Mac McClung,ATL,3,6.333333333333333,1.0,0.0
Mac McClung,BKN,1,20.0,9.0,9.0
Mac McClung,DAL,2,10.0,1.0,0.5
Mac McClung,DEN,1,6.0,3.0,1.0
Mac McClung,IND,1,8.0,2.0,0.0
Mac McClung,MEM,1,0.0,1.0,2.0
Mac McClung,MIL,1,0.0,0.0,0.0
Mac McClung,NYK,1,0.0,0.0,1.0
Mac McClung,ORL,1,7.0,1.0,1.0
Mac McClung,PHX,1,9.0,0.0,1.0
Mac McClung,TOR,1,4.0,1.0,1.0
Mac McClung,WAS,3,2.3333333333333335,0.6666666666666666,2.0
Malachi Flynn,ATL,8,17.0,3.8,4.0
Malachi Flynn,BKN,9,6.0,1.8,1.6
Malachi Flynn,BOS,9,6.4,0.8,1.6
Malachi Flynn,CHA,10,2.4,1.0,1.2
Malachi Flynn,CHI,6,5.0,1.2,0.8
Malachi Flynn,CLE,6,3.8,1.6,0.8
Malachi Flynn,DAL,4,5.0,1.25,2.75
Malachi Flynn,DEN,3,2.6666666666666665,1.0,0.6666666666666666
Malachi Flynn,DET,7,8.0,2.4,2.0
Malachi Flynn,GSW,4,6.25,1.75,1.25
Malachi Flynn,HOU,4,2.5,2.0,1.75
Malachi Flynn,IND,10,5.2,1.8,1.4
Malachi Flynn,LAC,2,6.0,0.5,0.5
Malachi Flynn,LAL,3,2.6666666666666665,0.6666666666666666,0.0
Malachi Flynn,MEM,8,6.4,1.2,3.0
Malachi Flynn,MIA,6,2.2,0.6,1.0
Malachi Flynn,MIL,4,7.25,3.5,3.25
Malachi Flynn,MIN,4,4.75,2.5,1.0
Malachi Flynn,NOP,3,5.666666666666667,1.3333333333333333,2.3333333333333335
Malachi Flynn,NYK,11,6.4,2.4,2.6
Malachi Flynn,OKC,3,4.0,0.6666666666666666,0.6666666666666666
Malachi Flynn,ORL,6,6.2,1.2,1.0
Malachi Flynn,PHI,9,5.4,1.6,1.8
Malachi Flynn,PHX,4,2.75,2.75,1.0
Malachi Flynn,POR,5,2.6,1.0,0.6
Malachi Flynn,SAC,2,7.0,0.5,1.0
Malachi Flynn,SAS,5,3.4,1.4,2.2
Malachi Flynn,TOR,1,3.0,1.0,1.0
Malachi Flynn,UTA,6,1.0,0.6,1.8
Malachi Flynn,WAS,8,3.4,1.0,1.2
Malachi Smith,ATL,1,15.0,2.0,0.0
Malachi Smith,CHA,1,2.0,0.0,2.0
Malachi Smith,GSW,1,12.0,3.0,1.0
Malachi Smith,IND,1,11.0,8.0,6.0
Malachi Smith,MIL,2,15.0,6.5,7.0
Malachi Smith,NYK,1,7.0,2.0,4.0
Malachi Smith,OKC,1,0.0,0.0,0.0
Malachi Smith,PHI,1,4.0,3.0,1.0
Malachi Smith,POR,2,4.0,3.0,3.5
Malachi Smith,SAC,2,12.5,2.5,2.5
Malachi Smith,TOR,1,8.0,5.0,6.0
Malachi Smith,WAS,1,2.0,4.0,3.0
Malaki Branham,ATL,6,3.0,1.6,1.6
Malaki Branham,BKN,5,5.0,2.2,1.8
Malaki Branham,BOS,7,6.2,1.4,0.6
Malaki Branham,CHA,6,4.0,1.6,1.6
Malaki Branham,CHI,5,10.4,2.4,1.8
Malaki Branham,CLE,3,7.0,0.6666666666666666,1.6666666666666667
Malaki Branham,DAL,11,8.2,3.0,1.2
Malaki Branham,DEN,6,11.6,2.0,1.8
Malaki Branham,DET,6,8.2,1.8,1.0
Malaki Branham,GSW,8,10.6,2.0,2.0
Malaki Branham,HOU,12,6.8,1.8,1.2
Malaki Branham,IND,6,5.8,1.0,1.6
Malaki Branham,LAC,11,4.2,0.6,0.2
Malaki Branham,LAL,11,8.0,1.2,0.2
Malaki Branham,MEM,11,3.2,0.8,0.4
Malaki Branham,MIA,5,6.0,0.6,1.8
Malaki Branham,MIL,5,5.0,2.2,1.2
Malaki Branham,MIN,8,4.4,1.4,0.4
Malaki Branham,NOP,9,8.4,1.6,1.6
Malaki Branham,NYK,5,7.0,1.8,1.0
Malaki Branham,OKC,10,6.8,1.8,1.2
Malaki Branham,ORL,5,3.0,2.0,1.8
Malaki Branham,PHI,4,16.0,3.5,3.5
Malaki Branham,PHX,10,5.2,1.0,1.2
Malaki Branham,POR,10,7.8,1.2,1.8
Malaki Branham,SAC,9,9.2,1.0,1.4
Malaki Branham,SAS,1,9.0,4.0,0.0
Malaki Branham,TOR,8,7.4,1.0,0.8
Malaki Branham,UTA,9,8.0,2.2,1.8
Malaki Branham,WAS,4,7.75,3.0,1.25
Malcolm Brogdon,ATL,3,17.333333333333332,4.333333333333333,6.0
Malcolm Brogdon,BKN,6,13.4,3.2,3.0
Malcolm Brogdon,BOS,3,14.666666666666666,5.666666666666667,2.6666666666666665
Malcolm Brogdon,CHA,9,14.2,3.0,5.0
Malcolm Brogdon,CHI,8,15.4,4.8,5.0
Malcolm Brogdon,CLE,7,11.6,3.0,3.6
Malcolm Brogdon,DAL,7,9.8,3.0,2.6
Malcolm Brogdon,DEN,3,13.333333333333334,4.333333333333333,5.0
Malcolm Brogdon,DET,7,13.0,2.8,3.4
Malcolm Brogdon,GSW,6,11.0,4.0,5.0
Malcolm Brogdon,HOU,4,17.5,3.0,4.75
Malcolm Brogdon,IND,6,21.0,3.0,6.2
Malcolm Brogdon,LAC,3,18.333333333333332,2.3333333333333335,5.666666666666667
Malcolm Brogdon,LAL,5,20.2,5.2,5.4
Malcolm Brogdon,MEM,4,15.5,7.0,7.5
Malcolm Brogdon,MIA,6,9.8,3.6,2.6
Malcolm Brogdon,MIL,10,16.0,6.6,5.8
Malcolm Brogdon,MIN,5,11.0,4.6,3.2
Malcolm Brogdon,NOP,5,12.2,3.2,4.0
Malcolm Brogdon,NYK,10,14.2,2.6,3.4
Malcolm Brogdon,OKC,4,15.5,5.25,4.75
Malcolm Brogdon,ORL,5,17.8,5.8,2.8
Malcolm Brogdon,PHI,7,16.8,5.2,4.2
Malcolm Brogdon,PHX,5,14.2,2.8,4.0
Malcolm Brogdon,POR,1,5.0,9.0,2.0
Malcolm Brogdon,SAC,4,9.0,3.0,3.25
Malcolm Brogdon,SAS,5,22.0,3.8,6.8
Malcolm Brogdon,TOR,5,20.4,4.8,5.4
Malcolm Brogdon,UTA,6,17.8,3.0,5.2
Malcolm Brogdon,WAS,7,17.4,3.4,3.6
Malcolm Cazalon,PHX,1,0.0,0.0,0.0
Malcolm Hill,BOS,3,1.6666666666666667,0.6666666666666666,0.3333333333333333
Malcolm Hill,CHA,1,6.0,2.0,0.0
Malcolm Hill,CHI,2,8.5,3.0,0.5
Malcolm Hill,CLE,1,0.0,0.0,0.0
Malcolm Hill,DET,1,0.0,0.0,0.0
Malcolm Hill,IND,2,2.5,2.0,0.0
Malcolm Hill,MEM,1,12.0,8.0,1.0
Malcolm Hill,MIA,1,0.0,0.0,1.0
Malcolm Hill,MIL,2,2.5,1.0,0.0
Malcolm Hill,MIN,2,1.0,2.5,1.5
Malcolm Hill,NYK,1,0.0,0.0,0.0
Malcolm Hill,OKC,2,5.0,2.0,0.5
Malcolm Hill,ORL,1,2.0,0.0,0.0
Malcolm Hill,PHI,1,5.0,3.0,0.0
Malcolm Hill,PHX,1,8.0,2.0,0.0
Malcolm Hill,POR,1,0.0,0.0,0.0
Malcolm Hill,TOR,1,0.0,0.0,0.0
Malevy Leons,ATL,1,2.0,1.0,0.0
Malevy Leons,BOS,1,0.0,1.0,0.0
Malevy Leons,CHI,1,0.0,1.0,0.0
Malevy Leons,DEN,1,2.0,0.0,0.0
Malevy Leons,DET,1,5.0,1.0,1.0
Malevy Leons,HOU,2,0.5,0.5,0.0
Malevy Leons,LAC,3,2.6666666666666665,1.0,0.6666666666666666
Malevy Leons,LAL,2,9.0,2.5,1.5
Malevy Leons,MEM,1,9.0,8.0,2.0
Malevy Leons,MIA,1,0.0,2.0,0.0
Malevy Leons,MIN,2,6.0,3.5,1.0
Malevy Leons,NOP,1,0.0,0.0,0.0
Malevy Leons,NYK,1,2.0,5.0,2.0
Malevy Leons,OKC,1,3.0,1.0,2.0
Malevy Leons,ORL,1,0.0,1.0,0.0
Malevy Leons,PHI,1,0.0,1.0,0.0
Malevy Leons,PHX,1,0.0,1.0,0.0
Malevy Leons,POR,1,1.0,1.0,1.0
Malevy Leons,SAC,2,4.5,3.5,1.5
Malevy Leons,SAS,1,5.0,4.0,5.0
Malevy Leons,TOR,1,0.0,1.0,0.0
Malevy Leons,UTA,2,0.0,1.0,0.5
Malevy Leons,WAS,2,4.0,1.0,0.0
Malik Beasley,ATL,11,18.6,3.4,1.8
Malik Beasley,BKN,9,18.4,2.0,1.6
Malik Beasley,BOS,9,15.2,3.6,1.4
Malik Beasley,CHA,11,13.8,2.6,1.8
Malik Beasley,CHI,14,16.4,3.4,2.0
Malik Beasley,CLE,12,11.2,3.0,1.8
Malik Beasley,DAL,13,10.2,4.4,0.4
Malik Beasley,DEN,11,12.6,3.4,2.0
Malik Beasley,DET,7,16.0,5.6,2.0
Malik Beasley,GSW,14,13.0,3.2,1.2
Malik Beasley,HOU,11,12.8,1.4,0.8
Malik Beasley,IND,12,14.0,1.8,1.0
Malik Beasley,LAC,13,10.4,1.8,0.8
Malik Beasley,LAL,10,15.4,3.6,1.0
Malik Beasley,MEM,13,9.0,3.0,1.6
Malik Beasley,MIA,10,16.8,2.4,1.8
Malik Beasley,MIL,7,18.4,3.4,1.2
Malik Beasley,MIN,9,15.2,3.2,1.4
Malik Beasley,NOP,13,15.2,3.2,2.0
Malik Beasley,NYK,13,14.4,1.6,1.6
Malik Beasley,OKC,10,12.2,1.4,1.0
Malik Beasley,ORL,11,10.0,3.8,1.4
Malik Beasley,PHI,8,18.2,3.6,2.4
Malik Beasley,PHX,11,18.4,2.6,1.6
Malik Beasley,POR,12,11.6,3.8,0.6
Malik Beasley,SAC,9,17.2,3.2,2.6
Malik Beasley,SAS,8,11.8,2.8,1.6
Malik Beasley,TOR,10,15.2,3.2,2.2
Malik Beasley,UTA,10,17.4,3.2,2.4
Malik Beasley,WAS,10,12.4,4.4,1.4
Malik Fitts,ATL,1,0.0,0.0,0.0
Malik Fitts,CHI,1,0.0,0.0,0.0
Malik Fitts,DEN,1,0.0,0.0,0.0
Malik Fitts,DET,1,0.0,0.0,0.0
Malik Fitts,GSW,1,0.0,1.0,0.0
Malik Fitts,HOU,1,0.0,1.0,0.0
Malik Fitts,IND,1,0.0,1.0,0.0
Malik Fitts,MEM,1,7.0,3.0,2.0
Malik Fitts,MIN,2,0.0,0.5,0.0
Malik Fitts,OKC,1,0.0,1.0,0.0
Malik Fitts,POR,1,0.0,0.0,0.0
Malik Fitts,SAC,1,3.0,1.0,0.0
Malik Fitts,TOR,1,6.0,7.0,0.0
Malik Fitts,WAS,1,5.0,1.0,3.0
Malik Monk,ATL,8,11.2,2.6,6.8
Malik Monk,BKN,7,19.2,3.6,7.2
Malik Monk,BOS,8,10.0,1.8,4.0
Malik Monk,CHA,8,12.6,3.0,6.6
Malik Monk,CHI,9,21.6,3.6,5.2
Malik Monk,CLE,9,15.4,4.6,4.6
Malik Monk,DAL,13,11.8,2.8,5.4
Malik Monk,DEN,15,16.4,3.0,5.2
Malik Monk,DET,10,13.6,1.6,2.8
Malik Monk,GSW,19,10.2,2.4,2.0
Malik Monk,HOU,18,13.0,3.4,3.0
Malik Monk,IND,10,9.2,4.0,3.0
Malik Monk,LAC,15,11.4,1.4,2.2
Malik Monk,LAL,15,16.4,2.2,4.2
Malik Monk,MEM,18,14.8,2.2,4.2
Malik Monk,MIA,10,12.8,2.0,3.8
Malik Monk,MIL,6,19.0,4.6,4.6
Malik Monk,MIN,16,13.2,2.8,3.0
Malik Monk,NOP,15,15.4,3.6,6.6
Malik Monk,NYK,8,19.6,3.0,4.8
Malik Monk,OKC,15,14.6,2.6,3.4
Malik Monk,ORL,10,9.2,1.0,3.4
Malik Monk,PHI,9,14.2,2.6,5.4
Malik Monk,PHX,15,13.8,3.2,3.2
Malik Monk,POR,15,20.2,3.6,3.4
Malik Monk,SAC,4,22.0,5.0,3.5
Malik Monk,SAS,13,18.8,5.2,5.6
Malik Monk,TOR,10,17.2,3.6,3.0
Malik Monk,UTA,14,12.2,3.6,3.0
Malik Monk,WAS,10,12.8,2.2,3.2
Malik Newman,WAS,1,8.0,1.0,1.0
Malik Williams,BKN,1,7.0,14.0,1.0
Malik Williams,IND,1,6.0,9.0,0.0
Malik Williams,MIA,2,3.0,4.0,0.0
Malik Williams,MIL,1,0.0,0.0,0.0
Malik Williams,MIN,1,0.0,5.0,1.0
Malik Williams,WAS,1,0.0,2.0,0.0
Mamadi Diakite,ATL,1,2.0,1.0,0.0
Mamadi Diakite,BKN,1,2.0,0.0,0.0
Mamadi Diakite,BOS,1,3.0,2.0,1.0
Mamadi Diakite,CHA,3,6.333333333333333,2.0,1.3333333333333333
Mamadi Diakite,CHI,2,1.0,1.5,0.0
Mamadi Diakite,CLE,2,2.0,6.0,0.0
Mamadi Diakite,DAL,2,2.0,6.0,0.0
Mamadi Diakite,DET,4,1.75,1.25,0.0
Mamadi Diakite,GSW,1,6.0,5.0,0.0
Mamadi Diakite,HOU,2,1.5,0.5,0.0
Mamadi Diakite,IND,2,2.0,1.0,0.0
Mamadi Diakite,LAL,1,0.0,0.0,0.0
Mamadi Diakite,MIA,1,2.0,0.0,0.0
Mamadi Diakite,MIL,2,5.0,0.5,0.0
Mamadi Diakite,MIN,1,0.0,0.0,0.0
Mamadi Diakite,NYK,2,0.0,1.0,0.0
Mamadi Diakite,ORL,2,6.5,4.0,0.5
Mamadi Diakite,PHI,2,4.0,2.5,1.0
Mamadi Diakite,PHX,1,2.0,0.0,0.0
Mamadi Diakite,POR,2,7.5,5.0,1.0
Mamadi Diakite,SAC,2,4.5,4.0,0.0
Mamadi Diakite,SAS,1,8.0,3.0,0.0
Mamadi Diakite,TOR,1,0.0,1.0,0.0
Mamadi Diakite,WAS,2,1.0,3.0,1.0
Maozinha Pereira,DEN,1,5.0,5.0,0.0
Maozinha Pereira,DET,1,17.0,9.0,0.0
Maozinha Pereira,GSW,1,2.0,0.0,0.0
Maozinha Pereira,LAL,1,4.0,1.0,0.0
Maozinha Pereira,ORL,1,7.0,8.0,1.0
Maozinha Pereira,PHI,1,13.0,11.0,1.0
Maozinha Pereira,SAS,1,0.0,3.0,0.0
MarJon Beauchamp,ATL,6,8.6,2.6,1.4
MarJon Beauchamp,BKN,8,4.4,3.0,0.8
MarJon Beauchamp,BOS,5,3.2,1.4,0.0
MarJon Beauchamp,CHA,6,2.6,1.6,0.2
MarJon Beauchamp,CHI,11,0.4,0.4,0.0
MarJon Beauchamp,CLE,8,5.0,1.8,0.6
MarJon Beauchamp,DAL,1,0.0,0.0,0.0
MarJon Beauchamp,DEN,3,8.0,1.6666666666666667,0.3333333333333333
MarJon Beauchamp,DET,7,9.0,2.8,1.0
MarJon Beauchamp,GSW,2,1.5,1.5,0.0
MarJon Beauchamp,HOU,3,2.3333333333333335,1.6666666666666667,1.0
MarJon Beauchamp,IND,8,6.4,3.0,0.4
MarJon Beauchamp,LAC,3,3.3333333333333335,0.0,0.6666666666666666
MarJon Beauchamp,LAL,1,3.0,1.0,0.0
MarJon Beauchamp,MEM,4,6.75,2.75,1.5
MarJon Beauchamp,MIA,7,2.2,2.4,0.4
MarJon Beauchamp,MIL,1,3.0,1.0,0.0
MarJon Beauchamp,MIN,3,7.0,2.6666666666666665,0.3333333333333333
MarJon Beauchamp,NOP,3,4.0,1.0,0.3333333333333333
MarJon Beauchamp,NYK,8,3.4,1.8,0.4
MarJon Beauchamp,OKC,6,9.4,4.4,1.4
MarJon Beauchamp,ORL,5,4.6,1.8,0.0
MarJon Beauchamp,PHI,5,0.8,1.0,0.2
MarJon Beauchamp,POR,6,4.0,2.4,1.2
MarJon Beauchamp,SAC,3,3.0,1.6666666666666667,0.6666666666666666
MarJon Beauchamp,SAS,6,3.4,1.6,0.0
MarJon Beauchamp,TOR,6,4.8,1.6,1.0
MarJon Beauchamp,UTA,7,2.8,1.4,1.0
MarJon Beauchamp,WAS,7,2.6,1.0,0.6
Marcus Bagley,ATL,1,20.0,10.0,5.0
Marcus Bagley,CHI,1,10.0,15.0,1.0
Marcus Bagley,MIA,2,4.0,5.5,0.0
Marcus Bagley,MIN,1,6.0,5.0,1.0
Marcus Bagley,NOP,1,2.0,2.0,0.0
Marcus Bagley,NYK,1,9.0,8.0,0.0
Marcus Bagley,TOR,1,4.0,7.0,0.0
Marcus Bagley,WAS,2,4.0,6.0,1.5
Marcus Garrett,ATL,2,8.0,2.0,4.0
Marcus Garrett,CHI,1,0.0,0.0,2.0
Marcus Garrett,DET,2,3.5,1.0,0.0
Marcus Garrett,IND,1,2.0,5.0,2.0
Marcus Garrett,LAC,1,7.0,1.0,2.0
Marcus Garrett,MIL,1,0.0,0.0,2.0
Marcus Garrett,NOP,1,0.0,0.0,0.0
Marcus Garrett,ORL,3,0.3333333333333333,2.6666666666666665,0.0
Marcus Garrett,PHI,1,0.0,2.0,0.0
Marcus Garrett,SAS,1,5.0,1.0,3.0
Marcus Garrett,WAS,2,1.5,3.0,0.5
Marcus Morris Sr.,ATL,6,9.6,3.4,1.0
Marcus Morris Sr.,BKN,5,9.2,3.2,1.8
Marcus Morris Sr.,BOS,6,12.2,5.0,1.4
Marcus Morris Sr.,CHA,7,5.8,2.0,0.2
Marcus Morris Sr.,CHI,3,8.666666666666666,2.6666666666666665,1.6666666666666667
Marcus Morris Sr.,CLE,2,10.0,3.0,0.5
Marcus Morris Sr.,DAL,8,10.0,3.8,2.8
Marcus Morris Sr.,DEN,9,10.6,2.4,1.2
Marcus Morris Sr.,DET,7,10.2,4.6,1.0
Marcus Morris Sr.,GSW,7,9.8,2.8,0.8
Marcus Morris Sr.,HOU,8,13.8,5.6,1.8
Marcus Morris Sr.,IND,6,10.6,3.8,1.8
Marcus Morris Sr.,LAC,1,2.0,1.0,0.0
Marcus Morris Sr.,LAL,9,9.8,3.0,0.6
Marcus Morris Sr.,MEM,4,11.5,3.5,2.25
Marcus Morris Sr.,MIA,5,7.2,3.2,1.4
Marcus Morris Sr.,MIL,3,17.0,4.333333333333333,2.3333333333333335
Marcus Morris Sr.,MIN,7,9.2,3.2,0.6
Marcus Morris Sr.,NOP,5,11.0,4.0,1.6
Marcus Morris Sr.,NYK,5,7.2,3.4,1.2
Marcus Morris Sr.,OKC,3,4.333333333333333,4.0,2.0
Marcus Morris Sr.,ORL,4,9.75,5.25,0.75
Marcus Morris Sr.,PHI,5,7.4,4.4,1.4
Marcus Morris Sr.,PHX,8,9.4,3.2,1.6
Marcus Morris Sr.,POR,4,10.25,3.0,1.75
Marcus Morris Sr.,SAC,7,7.0,3.0,0.8
Marcus Morris Sr.,SAS,4,13.0,4.0,4.0
Marcus Morris Sr.,TOR,5,12.6,4.4,3.6
Marcus Morris Sr.,UTA,9,10.2,3.0,1.6
Marcus Morris Sr.,WAS,6,9.6,4.8,0.6
Marcus Sasser,ATL,6,6.0,1.6,2.2
Marcus Sasser,BKN,10,9.8,1.4,2.6
Marcus Sasser,BOS,5,9.0,2.0,4.4
Marcus Sasser,CHA,7,2.4,1.6,2.6
Marcus Sasser,CHI,8,4.8,0.6,1.2
Marcus Sasser,CLE,9,3.0,0.8,3.0
Marcus Sasser,DAL,4,11.0,2.75,2.75
Marcus Sasser,DEN,4,5.0,0.75,1.25
Marcus Sasser,GSW,3,3.3333333333333335,2.0,2.3333333333333335
Marcus Sasser,HOU,3,5.666666666666667,1.3333333333333333,3.6666666666666665
Marcus Sasser,IND,9,4.8,0.8,1.4
Marcus Sasser,LAC,3,8.666666666666666,1.0,3.0
Marcus Sasser,LAL,3,10.333333333333334,2.0,6.0
Marcus Sasser,MEM,5,9.4,2.0,2.6
Marcus Sasser,MIA,7,7.2,2.2,3.0
Marcus Sasser,MIL,9,5.8,0.2,2.6
Marcus Sasser,MIN,6,2.8,1.4,2.6
Marcus Sasser,NOP,6,8.4,1.4,2.2
Marcus Sasser,NYK,6,8.2,0.2,2.8
Marcus Sasser,OKC,3,10.0,1.6666666666666667,3.3333333333333335
Marcus Sasser,ORL,7,4.6,1.4,2.2
Marcus Sasser,PHI,8,8.4,1.0,3.6
Marcus Sasser,PHX,3,12.333333333333334,2.6666666666666665,4.0
Marcus Sasser,POR,3,9.666666666666666,2.6666666666666665,7.333333333333333
Marcus Sasser,SAC,5,6.6,1.2,2.4
Marcus Sasser,SAS,5,10.0,2.0,2.8
Marcus Sasser,TOR,9,5.6,1.0,1.2
Marcus Sasser,UTA,3,6.0,1.3333333333333333,2.3333333333333335
Marcus Sasser,WAS,7,5.2,0.8,2.6
Marcus Smart,ATL,8,11.4,2.4,3.8
Marcus Smart,BKN,11,4.8,1.4,1.8
Marcus Smart,BOS,2,1.5,1.5,3.0
Marcus Smart,CHA,9,11.6,3.2,5.4
Marcus Smart,CHI,7,8.8,1.8,4.6
Marcus Smart,CLE,8,10.8,3.4,3.8
Marcus Smart,DAL,9,13.6,4.0,5.0
Marcus Smart,DEN,9,16.4,2.2,3.0
Marcus Smart,DET,10,14.2,3.8,5.0
Marcus Smart,GSW,8,11.8,3.6,3.0
Marcus Smart,HOU,8,7.0,1.6,2.0
Marcus Smart,IND,7,12.0,2.4,4.4
Marcus Smart,LAC,9,10.2,2.2,2.0
Marcus Smart,LAL,7,14.4,2.6,4.2
Marcus Smart,MEM,6,10.0,4.4,6.6
Marcus Smart,MIA,11,9.4,2.2,3.6
Marcus Smart,MIL,8,11.8,2.6,5.0
Marcus Smart,MIN,5,6.6,2.8,4.8
Marcus Smart,NOP,7,12.0,3.8,5.0
Marcus Smart,NYK,10,12.2,2.8,3.2
Marcus Smart,OKC,5,12.8,2.8,5.4
Marcus Smart,ORL,10,8.2,2.4,2.4
Marcus Smart,PHI,7,11.0,2.6,4.0
Marcus Smart,PHX,8,13.2,3.8,6.0
Marcus Smart,POR,9,12.0,1.6,3.4
Marcus Smart,SAC,10,7.8,3.0,3.4
Marcus Smart,SAS,8,12.6,4.0,2.8
Marcus Smart,TOR,11,5.8,2.8,2.4
Marcus Smart,UTA,12,6.6,1.8,3.2
Marcus Smart,WAS,9,10.6,2.4,4.6
Mark Sears,CHA,2,3.5,0.0,0.5
Mark Sears,CLE,1,0.0,0.0,0.0
Mark Sears,DET,1,0.0,1.0,1.0
Mark Sears,LAL,1,4.0,1.0,0.0
Mark Sears,POR,1,3.0,0.0,0.0
Mark Sears,TOR,1,8.0,0.0,0.0
Mark Williams,ATL,8,9.0,8.6,2.0
Mark Williams,BKN,6,16.6,9.4,0.6
Mark Williams,BOS,6,10.0,10.2,1.4
Mark Williams,CHA,1,12.0,4.0,1.0
Mark Williams,CHI,8,18.0,11.4,2.0
Mark Williams,CLE,5,11.4,8.0,1.4
Mark Williams,DAL,7,16.2,10.4,1.8
Mark Williams,DEN,2,13.0,10.0,1.5
Mark Williams,DET,7,6.6,5.4,1.2
Mark Williams,GSW,7,9.8,9.6,1.4
Mark Williams,HOU,7,10.8,6.8,1.0
Mark Williams,IND,3,16.666666666666668,9.0,0.6666666666666666
Mark Williams,LAC,5,11.8,8.8,2.2
Mark Williams,LAL,8,12.4,7.2,0.8
Mark Williams,MEM,5,16.0,9.6,1.8
Mark Williams,MIA,7,15.6,8.8,1.0
Mark Williams,MIL,4,6.5,8.5,1.25
Mark Williams,MIN,5,14.4,7.0,1.2
Mark Williams,NOP,3,12.0,9.333333333333334,1.0
Mark Williams,NYK,8,12.2,9.0,1.2
Mark Williams,OKC,6,9.6,7.2,0.6
Mark Williams,ORL,6,9.6,7.8,1.2
Mark Williams,PHI,4,6.5,6.5,1.25
Mark Williams,PHX,4,12.5,9.5,2.25
Mark Williams,POR,6,14.0,7.2,1.0
Mark Williams,SAC,4,13.0,11.25,1.0
Mark Williams,SAS,6,11.6,9.6,1.4
Mark Williams,TOR,4,10.25,7.75,1.5
Mark Williams,UTA,5,18.8,9.4,0.6
Mark Williams,WAS,9,18.0,9.8,2.6
Markelle Fultz,ATL,7,10.0,3.6,3.6
Markelle Fultz,BKN,5,8.8,4.0,4.0
Markelle Fultz,BOS,4,9.0,3.5,4.0
Markelle Fultz,CHA,7,6.2,3.2,2.2
Markelle Fultz,CHI,4,11.75,5.75,4.25
Markelle Fultz,CLE,5,13.0,2.2,5.0
Markelle Fultz,DAL,1,6.0,1.0,4.0
Markelle Fultz,DEN,3,9.333333333333334,5.333333333333333,3.3333333333333335
Markelle Fultz,DET,7,9.8,2.2,3.4
Markelle Fultz,GSW,5,7.2,1.4,2.0
Markelle Fultz,HOU,4,11.0,2.25,2.0
Markelle Fultz,IND,5,10.8,2.4,3.8
Markelle Fultz,LAC,5,8.2,2.6,2.2
Markelle Fultz,LAL,3,14.0,3.3333333333333335,7.0
Markelle Fultz,MEM,5,9.4,3.0,5.0
Markelle Fultz,MIA,8,9.4,2.0,4.2
Markelle Fultz,MIL,6,9.0,2.4,2.2
Markelle Fultz,MIN,4,10.75,3.25,4.25
Markelle Fultz,NOP,5,7.2,1.8,2.8
Markelle Fultz,NYK,6,8.2,2.2,4.6
Markelle Fultz,OKC,4,6.75,4.25,3.0
Markelle Fultz,ORL,2,3.0,2.0,2.5
Markelle Fultz,PHI,5,9.8,2.4,6.0
Markelle Fultz,PHX,5,10.8,2.8,4.2
Markelle Fultz,POR,5,8.6,2.8,5.2
Markelle Fultz,SAC,3,12.0,1.3333333333333333,3.3333333333333335
Markelle Fultz,SAS,5,6.8,4.8,4.4
Markelle Fultz,TOR,7,10.2,3.0,3.6
Markelle Fultz,UTA,5,8.4,1.6,4.0
Markelle Fultz,WAS,7,14.2,4.0,3.8
Markieff Morris,BKN,1,2.0,3.0,0.0
Markieff Morris,BOS,2,4.5,3.5,0.5
Markieff Morris,CHA,4,3.5,2.25,1.0
Markieff Morris,CHI,4,4.25,1.0,1.0
Markieff Morris,CLE,1,5.0,1.0,1.0
Markieff Morris,DAL,1,9.0,3.0,2.0
Markieff Morris,DEN,3,6.333333333333333,3.6666666666666665,1.3333333333333333
Markieff Morris,DET,5,4.8,1.8,0.4
Markieff Morris,GSW,2,4.5,1.0,1.0
Markieff Morris,HOU,2,2.0,1.0,0.0
Markieff Morris,IND,9,4.2,2.4,1.0
Markieff Morris,LAC,2,0.0,1.0,0.0
Markieff Morris,LAL,4,2.5,1.75,1.5
Markieff Morris,MEM,6,4.8,2.8,0.8
Markieff Morris,MIA,1,0.0,0.0,0.0
Markieff Morris,MIL,3,6.666666666666667,3.0,1.6666666666666667
Markieff Morris,MIN,3,2.6666666666666665,1.6666666666666667,0.6666666666666666
Markieff Morris,NOP,3,1.0,0.6666666666666666,0.0
Markieff Morris,NYK,4,3.75,0.75,0.0
Markieff Morris,OKC,4,6.25,2.75,1.75
Markieff Morris,ORL,1,16.0,3.0,1.0
Markieff Morris,PHI,3,2.0,1.3333333333333333,0.3333333333333333
Markieff Morris,PHX,2,1.5,1.0,0.5
Markieff Morris,POR,4,6.5,3.25,2.75
Markieff Morris,SAC,2,2.5,0.5,1.0
Markieff Morris,SAS,3,5.333333333333333,4.0,1.3333333333333333
Markieff Morris,TOR,4,6.25,2.25,1.75
Markieff Morris,UTA,4,3.75,1.0,1.5
Markieff Morris,WAS,6,1.8,1.0,0.2
Marko Simonovic,ATL,1,2.0,0.0,0.0
Marko Simonovic,BKN,1,4.0,0.0,0.0
Marko Simonovic,CHA,1,0.0,1.0,0.0
Marko Simonovic,CLE,1,0.0,0.0,0.0
Marko Simonovic,DEN,1,0.0,0.0,0.0
Marko Simonovic,DET,3,1.3333333333333333,1.3333333333333333,0.0
Marko Simonovic,GSW,1,8.0,4.0,0.0
Marko Simonovic,HOU,1,2.0,1.0,0.0
Marko Simonovic,IND,1,1.0,1.0,0.0
Marko Simonovic,MEM,1,0.0,0.0,0.0
Marko Simonovic,MIA,1,2.0,1.0,0.0
Marko Simonovic,MIL,2,0.0,0.0,0.0
Marko Simonovic,WAS,1,0.0,0.0,0.0
Markquis Nowell,MIL,1,2.0,2.0,2.0
Markus Howard,BKN,1,0.0,0.0,0.0
Markus Howard,BOS,1,6.0,2.0,0.0
Markus Howard,CHI,1,2.0,0.0,0.0
Markus Howard,CLE,1,0.0,0.0,0.0
Markus Howard,DAL,1,0.0,0.0,0.0
Markus Howard,GSW,1,0.0,0.0,0.0
Markus Howard,HOU,1,0.0,0.0,0.0
Markus Howard,IND,1,0.0,0.0,0.0
Markus Howard,LAL,1,25.0,3.0,1.0
Markus Howard,MEM,1,0.0,0.0,0.0
Markus Howard,MIA,2,0.0,0.0,0.0
Markus Howard,MIL,2,8.5,0.0,1.0
Markus Howard,MIN,2,10.5,1.0,1.0
Markus Howard,NOP,1,0.0,0.0,0.0
Markus Howard,NYK,1,2.0,1.0,0.0
Markus Howard,ORL,1,3.0,1.0,0.0
Markus Howard,PHI,1,3.0,1.0,0.0
Markus Howard,PHX,1,7.0,0.0,0.0
Markus Howard,POR,4,1.75,0.25,0.5
Markus Howard,SAC,1,0.0,0.0,0.0
Markus Howard,SAS,2,10.5,0.5,0.0
Markus Howard,TOR,1,0.0,0.0,0.0
Markus Howard,WAS,2,6.0,0.0,0.0
Marques Bolden,ATL,1,2.0,2.0,0.0
Marques Bolden,BOS,2,5.0,5.0,1.0
Marques Bolden,CHA,1,0.0,2.0,0.0
Marques Bolden,CLE,1,14.0,8.0,2.0
Marques Bolden,DAL,1,0.0,0.0,0.0
Marques Bolden,HOU,1,0.0,0.0,0.0
Marques Bolden,MIL,1,0.0,1.0,0.0
Marques Bolden,ORL,1,4.0,3.0,0.0
Marques Bolden,POR,1,7.0,8.0,0.0
Marques Bolden,TOR,1,0.0,0.0,0.0
Marquese Chriss,ATL,1,2.0,5.0,0.0
Marquese Chriss,CHA,1,10.0,9.0,1.0
Marquese Chriss,CHI,1,2.0,3.0,0.0
Marquese Chriss,CLE,1,2.0,2.0,1.0
Marquese Chriss,DEN,1,2.0,0.0,0.0
Marquese Chriss,DET,2,6.0,2.0,0.0
Marquese Chriss,GSW,2,1.5,2.0,0.5
Marquese Chriss,HOU,2,3.0,2.0,0.5
Marquese Chriss,IND,1,4.0,8.0,3.0
Marquese Chriss,LAC,1,0.0,2.0,0.0
Marquese Chriss,LAL,1,1.0,4.0,1.0
Marquese Chriss,MEM,2,7.5,3.0,0.5
Marquese Chriss,MIL,2,7.5,2.5,0.0
Marquese Chriss,MIN,2,4.0,4.0,0.0
Marquese Chriss,NYK,1,6.0,0.0,1.0
Marquese Chriss,OKC,2,10.5,4.5,0.5
Marquese Chriss,ORL,2,8.0,2.5,0.5
Marquese Chriss,PHI,2,1.0,2.0,0.5
Marquese Chriss,POR,2,3.5,2.0,1.0
Marquese Chriss,SAC,1,8.0,7.0,0.0
Marquese Chriss,SAS,1,6.0,3.0,0.0
Marquese Chriss,UTA,2,2.0,2.5,0.0
Marquese Chriss,WAS,1,2.0,2.0,2.0
Marvin Bagley III,ATL,13,3.8,3.8,1.6
Marvin Bagley III,BKN,7,12.2,5.4,0.6
Marvin Bagley III,BOS,10,5.6,5.6,0.8
Marvin Bagley III,CHA,8,7.4,2.2,0.4
Marvin Bagley III,CHI,8,11.0,4.2,0.4
Marvin Bagley III,CLE,17,5.4,6.0,0.8
Marvin Bagley III,DAL,8,14.6,8.4,1.4
Marvin Bagley III,DEN,8,8.6,5.0,1.8
Marvin Bagley III,DET,6,11.6,6.4,0.8
Marvin Bagley III,GSW,4,10.25,2.75,1.5
Marvin Bagley III,HOU,6,8.6,2.6,1.2
Marvin Bagley III,IND,7,11.0,7.2,1.0
Marvin Bagley III,LAC,11,11.8,7.2,1.0
Marvin Bagley III,LAL,9,10.6,3.6,0.4
Marvin Bagley III,MEM,8,14.0,7.6,1.4
Marvin Bagley III,MIA,8,6.8,4.6,1.4
Marvin Bagley III,MIL,9,8.0,3.8,1.2
Marvin Bagley III,MIN,7,10.2,7.6,0.6
Marvin Bagley III,NOP,4,7.25,7.5,0.75
Marvin Bagley III,NYK,7,9.4,5.4,0.8
Marvin Bagley III,OKC,7,9.2,5.8,1.0
Marvin Bagley III,ORL,7,6.6,2.6,0.6
Marvin Bagley III,PHI,9,8.8,6.0,1.2
Marvin Bagley III,PHX,7,10.2,6.2,1.2
Marvin Bagley III,POR,8,10.4,5.2,1.4
Marvin Bagley III,SAC,5,12.2,6.2,0.6
Marvin Bagley III,SAS,5,13.4,6.4,2.2
Marvin Bagley III,TOR,9,8.4,6.2,1.4
Marvin Bagley III,UTA,6,14.2,5.4,1.4
Marvin Bagley III,WAS,3,16.666666666666668,6.0,1.6666666666666667
Mason Jones,BOS,1,0.0,1.0,1.0
Mason Jones,CHA,1,4.0,0.0,0.0
Mason Jones,DAL,1,6.0,1.0,1.0
Mason Jones,DEN,2,5.0,4.5,3.5
Mason Jones,GSW,1,3.0,0.0,1.0
Mason Jones,LAC,1,0.0,0.0,0.0
Mason Jones,NYK,1,2.0,0.0,0.0
Mason Jones,OKC,2,9.0,3.0,1.5
Mason Jones,ORL,1,9.0,1.0,0.0
Mason Jones,PHX,2,1.5,0.5,2.0
Mason Jones,POR,1,0.0,0.0,0.0
Mason Jones,SAS,3,0.6666666666666666,0.3333333333333333,0.0
Mason Jones,UTA,2,0.0,2.0,1.5
Mason Plumlee,ATL,12,3.2,5.2,3.0
Mason Plumlee,BKN,9,10.8,7.6,2.4
Mason Plumlee,BOS,10,7.2,8.2,2.0
Mason Plumlee,CHA,3,0.6666666666666666,6.333333333333333,2.0
Mason Plumlee,CHI,8,11.4,6.8,2.4
Mason Plumlee,CLE,10,4.4,3.8,1.4
Mason Plumlee,DAL,5,5.0,3.6,1.8
Mason Plumlee,DEN,12,5.2,5.4,1.4
Mason Plumlee,DET,10,5.4,6.0,1.6
Mason Plumlee,GSW,13,3.4,4.8,2.4
Mason Plumlee,HOU,7,6.8,8.2,2.2
Mason Plumlee,IND,8,8.2,6.6,2.4
Mason Plumlee,LAC,10,4.6,5.4,1.4
Mason Plumlee,LAL,12,2.8,5.4,0.8
Mason Plumlee,MEM,13,7.0,6.6,2.0
Mason Plumlee,MIA,10,6.0,7.2,2.2
Mason Plumlee,MIL,9,7.4,6.6,2.8
Mason Plumlee,MIN,9,3.0,4.8,2.2
Mason Plumlee,NOP,11,5.6,6.4,1.4
Mason Plumlee,NYK,9,5.8,4.4,1.8
Mason Plumlee,OKC,10,4.2,4.0,1.6
Mason Plumlee,ORL,12,8.2,7.6,2.2
Mason Plumlee,PHI,9,3.2,3.6,1.0
Mason Plumlee,PHX,8,6.0,4.8,2.6
Mason Plumlee,POR,13,2.6,6.4,1.6
Mason Plumlee,SAC,9,5.2,6.6,2.6
Mason Plumlee,SAS,7,6.2,5.6,2.0
Mason Plumlee,TOR,10,5.0,5.6,1.0
Mason Plumlee,UTA,11,4.6,8.0,0.8
Mason Plumlee,WAS,13,4.2,8.0,1.2
Matas Buzelis,ATL,6,15.2,3.8,0.6
Matas Buzelis,BKN,6,14.0,4.6,2.6
Matas Buzelis,BOS,7,15.2,4.8,2.6
Matas Buzelis,CHA,8,15.4,4.2,2.0
Matas Buzelis,CLE,8,13.8,4.0,1.4
Matas Buzelis,DAL,3,18.666666666666668,8.0,2.6666666666666665
Matas Buzelis,DEN,4,13.25,5.0,2.25
Matas Buzelis,DET,8,17.6,6.0,1.6
Matas Buzelis,GSW,4,19.0,4.25,2.0
Matas Buzelis,HOU,4,15.0,4.0,1.0
Matas Buzelis,IND,8,14.4,8.8,2.2
Matas Buzelis,LAC,4,12.25,5.25,2.0
Matas Buzelis,LAL,4,19.0,5.0,1.75
Matas Buzelis,MEM,4,18.0,5.0,1.25
Matas Buzelis,MIA,7,12.4,5.8,2.2
Matas Buzelis,MIL,8,14.4,4.6,1.8
Matas Buzelis,MIN,4,10.25,4.75,1.5
Matas Buzelis,NOP,5,8.6,4.4,1.2
Matas Buzelis,NYK,7,11.6,5.0,0.4
Matas Buzelis,OKC,4,10.75,5.5,1.0
Matas Buzelis,ORL,7,14.0,6.2,3.2
Matas Buzelis,PHI,7,12.4,5.4,1.8
Matas Buzelis,PHX,2,10.0,1.5,1.0
Matas Buzelis,POR,4,12.5,6.75,2.25
Matas Buzelis,SAC,4,14.25,4.0,1.5
Matas Buzelis,SAS,4,9.5,4.75,1.0
Matas Buzelis,TOR,7,12.0,5.2,1.6
Matas Buzelis,UTA,4,10.5,4.5,1.25
Matas Buzelis,WAS,5,11.0,4.6,1.0
Matisse Thybulle,ATL,10,7.0,3.0,2.4
Matisse Thybulle,BKN,9,6.2,0.6,1.2
Matisse Thybulle,BOS,10,6.8,1.8,0.4
Matisse Thybulle,CHA,8,4.0,2.6,0.8
Matisse Thybulle,CHI,9,4.8,1.8,0.8
Matisse Thybulle,CLE,8,9.0,2.4,1.4
Matisse Thybulle,DAL,7,6.0,3.2,0.6
Matisse Thybulle,DEN,9,5.6,2.2,1.6
Matisse Thybulle,DET,10,2.8,1.4,2.6
Matisse Thybulle,GSW,9,7.6,2.6,0.8
Matisse Thybulle,HOU,6,6.2,2.4,0.8
Matisse Thybulle,IND,8,3.0,1.2,1.0
Matisse Thybulle,LAC,9,7.0,1.2,0.6
Matisse Thybulle,LAL,9,9.6,3.4,2.0
Matisse Thybulle,MEM,9,4.8,3.8,1.2
Matisse Thybulle,MIA,5,2.6,1.0,1.8
Matisse Thybulle,MIL,7,5.0,2.4,0.4
Matisse Thybulle,MIN,10,3.4,1.6,0.8
Matisse Thybulle,NOP,9,9.0,3.2,1.4
Matisse Thybulle,NYK,10,4.0,3.2,1.2
Matisse Thybulle,OKC,9,7.6,2.8,1.6
Matisse Thybulle,ORL,6,3.6,3.0,0.8
Matisse Thybulle,PHI,4,3.75,1.5,0.75
Matisse Thybulle,PHX,7,2.8,2.2,0.2
Matisse Thybulle,POR,3,4.333333333333333,0.6666666666666666,0.3333333333333333
Matisse Thybulle,SAC,11,7.6,2.2,2.0
Matisse Thybulle,SAS,8,4.4,1.6,1.4
Matisse Thybulle,TOR,8,6.0,2.0,1.6
Matisse Thybulle,UTA,11,6.0,2.2,2.4
Matisse Thybulle,WAS,9,4.2,3.0,1.6
Matt Hurt,BKN,2,2.5,3.5,0.0
Matt Hurt,BOS,1,7.0,4.0,2.0
Matt Hurt,GSW,1,0.0,0.0,0.0
Matt Hurt,PHI,1,0.0,1.0,0.0
Matt Hurt,POR,2,5.0,1.0,0.5
Matt Hurt,SAC,1,10.0,2.0,1.0
Matt Mooney,ATL,1,0.0,0.0,0.0
Matt Ryan,ATL,1,4.0,2.0,1.0
Matt Ryan,BKN,1,3.0,1.0,0.0
Matt Ryan,BOS,2,0.0,0.0,0.5
Matt Ryan,CHA,1,0.0,0.0,0.0
Matt Ryan,CHI,4,3.5,1.25,0.25
Matt Ryan,CLE,3,3.6666666666666665,1.0,1.3333333333333333
Matt Ryan,DAL,3,6.666666666666667,2.6666666666666665,0.6666666666666666
Matt Ryan,DEN,8,9.4,0.4,1.2
Matt Ryan,DET,3,10.0,0.6666666666666666,0.6666666666666666
Matt Ryan,GSW,2,7.5,1.5,1.0
Matt Ryan,HOU,3,1.0,1.0,0.0
Matt Ryan,IND,2,0.0,0.5,0.0
Matt Ryan,LAC,4,2.0,0.25,0.0
Matt Ryan,LAL,2,0.0,0.0,0.0
Matt Ryan,MEM,3,4.0,0.6666666666666666,0.6666666666666666
Matt Ryan,MIA,2,4.5,1.5,1.0
Matt Ryan,MIL,4,5.25,1.25,0.0
Matt Ryan,MIN,3,8.666666666666666,2.6666666666666665,0.6666666666666666
Matt Ryan,NOP,3,7.333333333333333,1.0,0.3333333333333333
Matt Ryan,NYK,2,4.5,2.0,2.0
Matt Ryan,OKC,3,2.3333333333333335,1.3333333333333333,0.3333333333333333
Matt Ryan,ORL,4,2.5,0.0,0.0
Matt Ryan,PHI,1,0.0,0.0,0.0
Matt Ryan,POR,4,0.75,0.5,0.25
Matt Ryan,SAC,2,0.0,0.5,0.0
Matt Ryan,SAS,3,0.0,0.3333333333333333,0.6666666666666666
Matt Ryan,TOR,4,2.25,1.0,0.75
Matt Ryan,UTA,3,1.6666666666666667,1.6666666666666667,0.0
Matt Ryan,WAS,2,0.0,0.0,0.0
Matt Thomas,ATL,2,7.0,1.0,1.0
Matt Thomas,BKN,2,4.0,0.5,0.0
Matt Thomas,BOS,1,5.0,2.0,0.0
Matt Thomas,CHA,1,3.0,0.0,0.0
Matt Thomas,CLE,1,8.0,1.0,2.0
Matt Thomas,DAL,2,0.0,0.0,1.0
Matt Thomas,DEN,1,3.0,3.0,0.0
Matt Thomas,DET,1,10.0,2.0,0.0
Matt Thomas,GSW,2,4.0,1.5,1.5
Matt Thomas,IND,4,7.0,2.0,0.75
Matt Thomas,LAL,1,0.0,0.0,0.0
Matt Thomas,MEM,2,6.5,0.5,1.0
Matt Thomas,MIA,1,4.0,1.0,0.0
Matt Thomas,MIL,1,11.0,3.0,0.0
Matt Thomas,NOP,1,0.0,0.0,0.0
Matt Thomas,OKC,2,1.5,1.5,0.5
Matt Thomas,ORL,3,3.3333333333333335,1.0,0.0
Matt Thomas,PHI,1,5.0,6.0,1.0
Matt Thomas,PHX,2,6.5,1.0,1.0
Matt Thomas,POR,1,9.0,2.0,0.0
Matt Thomas,SAC,1,3.0,1.0,1.0
Matt Thomas,SAS,2,0.0,0.5,0.0
Matt Thomas,TOR,3,1.0,1.3333333333333333,0.3333333333333333
Matt Thomas,UTA,1,0.0,1.0,0.0
Matt Thomas,WAS,1,0.0,0.0,0.0
Matthew Dellavedova,ATL,1,0.0,0.0,0.0
Matthew Dellavedova,BKN,1,0.0,0.0,4.0
Matthew Dellavedova,BOS,2,2.0,0.0,2.0
Matthew Dellavedova,CHA,1,3.0,0.0,3.0
Matthew Dellavedova,CLE,1,3.0,1.0,4.0
Matthew Dellavedova,DET,1,0.0,0.0,1.0
Matthew Dellavedova,HOU,3,1.6666666666666667,0.3333333333333333,1.3333333333333333
Matthew Dellavedova,IND,2,0.0,0.0,0.5
Matthew Dellavedova,LAC,1,3.0,1.0,1.0
Matthew Dellavedova,LAL,2,0.0,0.0,0.0
Matthew Dellavedova,MEM,3,0.0,0.3333333333333333,0.3333333333333333
Matthew Dellavedova,MIA,1,5.0,2.0,1.0
Matthew Dellavedova,MIL,1,0.0,0.0,0.0
Matthew Dellavedova,NOP,2,3.5,1.5,4.0
Matthew Dellavedova,NYK,1,2.0,0.0,4.0
Matthew Dellavedova,OKC,1,4.0,0.0,1.0
Matthew Dellavedova,ORL,1,3.0,0.0,1.0
Matthew Dellavedova,PHX,1,0.0,0.0,0.0
Matthew Dellavedova,POR,2,0.0,0.5,0.5
Matthew Dellavedova,SAS,1,0.0,1.0,0.0
Matthew Dellavedova,UTA,2,2.5,1.0,1.0
Matthew Dellavedova,WAS,1,3.0,0.0,0.0
Maurice Harkless,ATL,2,5.0,2.0,0.0
Maurice Harkless,BKN,2,5.5,3.0,1.0
Maurice Harkless,BOS,2,1.5,1.0,0.0
Maurice Harkless,CHA,2,5.0,2.0,0.5
Maurice Harkless,CHI,2,2.0,2.0,0.5
Maurice Harkless,CLE,1,0.0,0.0,0.0
Maurice Harkless,DAL,1,2.0,5.0,0.0
Maurice Harkless,DEN,3,5.0,1.6666666666666667,0.3333333333333333
Maurice Harkless,GSW,3,11.0,2.6666666666666665,1.3333333333333333
Maurice Harkless,HOU,1,5.0,2.0,1.0
Maurice Harkless,IND,1,0.0,2.0,1.0
Maurice Harkless,LAC,1,4.0,2.0,1.0
Maurice Harkless,LAL,3,3.0,2.6666666666666665,0.3333333333333333
Maurice Harkless,MEM,2,6.5,3.0,0.0
Maurice Harkless,MIA,1,0.0,0.0,0.0
Maurice Harkless,MIL,1,0.0,1.0,0.0
Maurice Harkless,MIN,1,6.0,0.0,0.0
Maurice Harkless,NOP,2,1.5,5.0,1.0
Maurice Harkless,NYK,1,6.0,3.0,0.0
Maurice Harkless,OKC,2,9.0,6.0,1.0
Maurice Harkless,PHI,2,1.0,0.5,0.0
Maurice Harkless,PHX,2,1.0,2.0,0.5
Maurice Harkless,POR,2,9.5,3.0,0.0
Maurice Harkless,SAS,2,5.0,1.5,1.0
Maurice Harkless,UTA,3,4.333333333333333,2.0,0.6666666666666666
Maurice Harkless,WAS,2,9.5,4.0,0.5
Max Christie,ATL,8,9.6,2.8,1.2
Max Christie,BKN,10,12.0,5.2,1.4
Max Christie,BOS,5,10.4,4.0,2.6
Max Christie,CHA,7,9.6,3.4,2.2
Max Christie,CHI,5,4.8,1.0,1.0
Max Christie,CLE,7,6.4,0.8,1.8
Max Christie,DAL,6,6.2,2.0,0.8
Max Christie,DEN,8,7.4,1.0,1.0
Max Christie,DET,6,9.2,3.6,1.4
Max Christie,GSW,12,13.6,4.2,2.4
Max Christie,HOU,12,12.0,3.8,1.8
Max Christie,IND,5,9.6,2.8,2.0
Max Christie,LAC,13,7.8,4.0,0.8
Max Christie,LAL,6,15.0,1.6,2.6
Max Christie,MEM,13,13.4,2.4,1.0
Max Christie,MIA,9,14.2,4.4,2.8
Max Christie,MIL,7,7.2,2.6,1.6
Max Christie,MIN,8,6.6,3.0,1.0
Max Christie,NOP,9,13.0,3.4,0.8
Max Christie,NYK,6,13.6,3.6,1.6
Max Christie,OKC,8,10.2,2.8,0.0
Max Christie,ORL,6,8.6,3.4,1.8
Max Christie,PHI,9,10.8,4.4,2.2
Max Christie,PHX,12,9.8,3.4,3.0
Max Christie,POR,11,15.2,3.4,3.0
Max Christie,SAC,16,10.6,4.2,2.8
Max Christie,SAS,14,13.6,2.2,2.8
Max Christie,TOR,8,9.2,3.4,1.2
Max Christie,UTA,10,11.8,3.2,2.6
Max Christie,WAS,7,7.8,3.4,1.6
Max Shulga,ATL,1,0.0,0.0,0.0
Max Shulga,CHA,1,0.0,0.0,0.0
Max Shulga,GSW,1,0.0,0.0,1.0
Max Shulga,HOU,1,0.0,0.0,0.0
Max Shulga,MIA,1,0.0,0.0,0.0
Max Shulga,MIL,1,0.0,0.0,0.0
Max Shulga,MIN,1,4.0,1.0,1.0
Max Shulga,NOP,1,0.0,2.0,0.0
Max Shulga,ORL,1,3.0,3.0,0.0
Max Shulga,SAS,1,0.0,0.0,0.0
Max Shulga,WAS,1,0.0,0.0,0.0
Max Strus,ATL,14,9.0,4.0,3.4
Max Strus,BKN,12,9.6,4.8,1.8
Max Strus,BOS,10,7.8,6.0,1.8
Max Strus,CHA,11,9.0,4.8,3.6
Max Strus,CHI,14,7.6,4.4,3.8
Max Strus,CLE,7,9.6,2.0,2.0
Max Strus,DAL,8,12.8,5.2,4.4
Max Strus,DEN,6,13.4,4.6,2.4
Max Strus,DET,12,12.6,5.4,2.8
Max Strus,GSW,7,16.4,4.4,2.6
Max Strus,HOU,6,12.4,3.4,3.2
Max Strus,IND,13,7.4,4.2,3.8
Max Strus,LAC,8,14.8,5.2,4.4
Max Strus,LAL,7,10.4,4.0,2.8
Max Strus,MEM,8,10.2,6.0,3.8
Max Strus,MIA,5,13.0,4.6,2.6
Max Strus,MIL,15,11.4,5.2,2.8
Max Strus,MIN,4,15.5,5.5,1.75
Max Strus,NOP,6,8.2,4.0,4.0
Max Strus,NYK,13,9.4,3.4,4.0
Max Strus,OKC,8,12.4,5.0,3.2
Max Strus,ORL,14,13.2,3.6,4.0
Max Strus,PHI,12,13.0,3.6,4.2
Max Strus,PHX,7,10.2,4.6,3.2
Max Strus,POR,8,11.6,3.2,3.6
Max Strus,SAC,7,14.8,4.0,3.8
Max Strus,SAS,7,9.4,4.4,3.4
Max Strus,TOR,13,13.2,5.2,4.8
Max Strus,UTA,7,8.4,3.4,3.0
Max Strus,WAS,11,8.2,5.0,3.2
Maxi Kleber,ATL,5,4.0,3.8,1.0
Maxi Kleber,BKN,7,5.4,2.6,1.4
Maxi Kleber,BOS,6,1.8,1.2,0.8
Maxi Kleber,CHA,6,7.4,4.2,0.8
Maxi Kleber,CHI,3,6.666666666666667,3.3333333333333335,1.0
Maxi Kleber,CLE,5,5.0,3.6,0.6
Maxi Kleber,DAL,3,2.3333333333333335,0.6666666666666666,1.0
Maxi Kleber,DEN,7,5.0,2.6,1.6
Maxi Kleber,DET,6,3.2,2.6,0.6
Maxi Kleber,GSW,10,1.8,2.6,1.0
Maxi Kleber,HOU,8,4.8,3.8,1.4
Maxi Kleber,IND,6,5.8,4.0,1.0
Maxi Kleber,LAC,9,0.6,1.8,0.2
Maxi Kleber,LAL,6,6.4,4.4,2.4
Maxi Kleber,MEM,11,2.8,4.2,1.6
Maxi Kleber,MIA,5,6.8,3.6,1.2
Maxi Kleber,MIL,5,7.6,2.4,2.0
Maxi Kleber,MIN,6,6.0,3.4,1.4
Maxi Kleber,NOP,9,2.0,2.8,0.6
Maxi Kleber,NYK,7,3.4,1.8,0.8
Maxi Kleber,OKC,15,1.6,2.4,1.0
Maxi Kleber,ORL,6,3.4,2.8,0.6
Maxi Kleber,PHI,6,6.8,4.2,3.2
Maxi Kleber,PHX,11,4.8,2.4,1.0
Maxi Kleber,POR,7,3.6,4.6,1.4
Maxi Kleber,SAC,9,2.8,3.0,1.2
Maxi Kleber,SAS,8,3.4,3.0,1.0
Maxi Kleber,TOR,5,4.4,3.6,2.2
Maxi Kleber,UTA,13,1.8,3.0,0.2
Maxi Kleber,WAS,6,3.4,3.2,0.8
Maxime Raynaud,ATL,2,12.5,7.0,0.5
Maxime Raynaud,BKN,2,17.5,9.0,2.0
Maxime Raynaud,BOS,2,13.0,11.0,1.0
Maxime Raynaud,CHA,2,10.0,6.5,1.0
Maxime Raynaud,CHI,1,26.0,11.0,2.0
Maxime Raynaud,CLE,2,7.0,4.0,0.0
Maxime Raynaud,DAL,3,18.333333333333332,7.0,1.0
Maxime Raynaud,DEN,2,10.5,6.0,1.0
Maxime Raynaud,DET,2,5.0,6.0,1.0
Maxime Raynaud,GSW,4,13.5,6.5,1.75
Maxime Raynaud,HOU,4,15.0,9.25,1.5
Maxime Raynaud,IND,2,15.5,9.5,2.5
Maxime Raynaud,LAC,4,14.5,9.25,1.5
Maxime Raynaud,LAL,3,14.333333333333334,9.0,1.3333333333333333
Maxime Raynaud,MEM,4,9.25,6.75,1.5
Maxime Raynaud,MIA,2,9.5,9.0,0.5
Maxime Raynaud,MIL,2,3.0,4.5,0.5
Maxime Raynaud,MIN,3,4.666666666666667,2.6666666666666665,0.0
Maxime Raynaud,NOP,3,19.666666666666668,11.0,2.0
Maxime Raynaud,NYK,2,7.0,3.5,0.0
Maxime Raynaud,OKC,2,7.5,7.0,0.5
Maxime Raynaud,ORL,2,13.5,10.5,3.5
Maxime Raynaud,PHI,2,19.0,5.5,1.0
Maxime Raynaud,PHX,4,7.0,5.25,2.0
Maxime Raynaud,POR,4,18.25,10.0,1.5
Maxime Raynaud,SAS,2,24.0,10.5,3.0
Maxime Raynaud,TOR,2,7.0,7.5,1.0
Maxime Raynaud,UTA,3,11.333333333333334,6.666666666666667,0.6666666666666666
Maxime Raynaud,WAS,2,9.0,7.0,3.0
Maxwell Lewis,ATL,4,3.75,1.0,1.25
Maxwell Lewis,BKN,2,0.0,0.0,0.0
Maxwell Lewis,BOS,3,6.0,2.0,0.3333333333333333
Maxwell Lewis,CHI,1,0.0,0.0,0.0
Maxwell Lewis,CLE,2,0.0,0.5,0.0
Maxwell Lewis,DAL,2,8.5,2.5,1.0
Maxwell Lewis,DEN,2,0.0,0.0,0.0
Maxwell Lewis,DET,3,1.0,1.0,0.6666666666666666
Maxwell Lewis,GSW,1,2.0,0.0,1.0
Maxwell Lewis,HOU,3,0.0,0.3333333333333333,0.0
Maxwell Lewis,IND,3,3.3333333333333335,1.3333333333333333,1.0
Maxwell Lewis,LAC,2,3.5,1.0,0.5
Maxwell Lewis,MEM,2,0.0,0.0,0.0
Maxwell Lewis,MIA,1,0.0,0.0,0.0
Maxwell Lewis,MIN,5,2.8,1.6,0.8
Maxwell Lewis,NOP,3,5.0,2.0,1.0
Maxwell Lewis,OKC,2,0.0,0.0,0.0
Maxwell Lewis,ORL,1,0.0,0.0,0.0
Maxwell Lewis,PHI,3,0.0,0.3333333333333333,0.0
Maxwell Lewis,POR,4,0.0,0.75,0.25
Maxwell Lewis,SAC,3,0.0,0.0,0.0
Maxwell Lewis,SAS,3,0.0,0.6666666666666666,0.0
Maxwell Lewis,TOR,5,4.6,1.8,0.4
Maxwell Lewis,WAS,2,1.5,2.0,0.0
McKinley Wright IV,BKN,1,0.0,0.0,1.0
McKinley Wright IV,BOS,1,2.0,1.0,1.0
McKinley Wright IV,CHI,2,6.5,1.0,2.5
McKinley Wright IV,CLE,1,0.0,1.0,1.0
McKinley Wright IV,DEN,1,11.0,0.0,4.0
McKinley Wright IV,GSW,2,3.5,1.5,2.5
McKinley Wright IV,HOU,4,1.75,1.25,1.0
McKinley Wright IV,IND,1,2.0,0.0,3.0
McKinley Wright IV,LAC,2,0.0,1.5,0.5
McKinley Wright IV,LAL,2,4.5,0.5,1.0
McKinley Wright IV,MEM,3,5.0,4.0,3.3333333333333335
McKinley Wright IV,NOP,1,4.0,2.0,1.0
McKinley Wright IV,NYK,1,0.0,0.0,1.0
McKinley Wright IV,OKC,1,0.0,0.0,0.0
McKinley Wright IV,POR,2,3.0,2.0,4.0
McKinley Wright IV,SAC,1,5.0,1.0,3.0
McKinley Wright IV,SAS,3,9.333333333333334,3.0,2.3333333333333335
McKinley Wright IV,UTA,2,5.0,1.5,2.0
McKinley Wright IV,WAS,1,0.0,0.0,0.0
Melvin Frazier Jr.,LAC,1,8.0,4.0,1.0
Melvin Frazier Jr.,LAL,1,16.0,4.0,0.0
Melvin Frazier Jr.,UTA,1,8.0,5.0,0.0
Meyers Leonard,BKN,1,3.0,1.0,0.0
Meyers Leonard,CHI,1,0.0,2.0,0.0
Meyers Leonard,IND,1,10.0,3.0,0.0
Meyers Leonard,MEM,1,9.0,7.0,0.0
Meyers Leonard,MIA,1,5.0,6.0,0.0
Meyers Leonard,ORL,2,1.5,1.5,0.0
Meyers Leonard,PHX,1,3.0,0.0,0.0
Meyers Leonard,TOR,1,10.0,12.0,1.0
Mfiondu Kabengele,ATL,1,4.0,4.0,0.0
Mfiondu Kabengele,CHA,1,2.0,4.0,0.0
Mfiondu Kabengele,ORL,1,0.0,1.0,0.0
Mfiondu Kabengele,TOR,1,0.0,1.0,0.0
Micah Peavy,ATL,2,7.5,4.0,3.5
Micah Peavy,BKN,1,2.0,1.0,2.0
Micah Peavy,BOS,2,2.0,2.0,0.5
Micah Peavy,CHI,2,8.0,2.5,1.5
Micah Peavy,CLE,1,5.0,2.0,0.0
Micah Peavy,DAL,4,1.0,2.25,0.5
Micah Peavy,DEN,3,4.666666666666667,1.6666666666666667,0.6666666666666666
Micah Peavy,DET,2,8.5,3.5,1.0
Micah Peavy,GSW,2,3.5,3.0,1.0
Micah Peavy,HOU,2,3.5,2.0,1.5
Micah Peavy,IND,1,8.0,1.0,0.0
Micah Peavy,LAC,1,0.0,0.0,0.0
Micah Peavy,LAL,3,6.0,1.3333333333333333,0.6666666666666666
Micah Peavy,MEM,3,5.333333333333333,2.0,1.0
Micah Peavy,MIA,1,4.0,1.0,1.0
Micah Peavy,MIL,1,2.0,2.0,0.0
Micah Peavy,MIN,4,7.25,2.25,1.5
Micah Peavy,NYK,1,3.0,0.0,0.0
Micah Peavy,OKC,3,6.333333333333333,1.6666666666666667,2.0
Micah Peavy,ORL,2,2.5,3.0,2.0
Micah Peavy,PHI,1,5.0,0.0,1.0
Micah Peavy,PHX,3,1.3333333333333333,0.3333333333333333,0.0
Micah Peavy,POR,4,2.25,3.25,2.0
Micah Peavy,SAC,3,3.3333333333333335,1.0,1.0
Micah Peavy,SAS,3,1.3333333333333333,2.6666666666666665,0.0
Micah Peavy,TOR,2,2.0,0.5,0.0
Micah Peavy,UTA,2,10.0,2.5,1.0
Micah Peavy,WAS,2,5.5,0.5,0.5
Micah Potter,ATL,4,4.5,2.5,0.5
Micah Potter,BKN,4,11.25,8.25,1.25
Micah Potter,BOS,5,7.6,2.8,0.6
Micah Potter,CHA,5,7.6,3.2,0.2
Micah Potter,CHI,3,5.666666666666667,4.666666666666667,2.0
Micah Potter,CLE,3,14.333333333333334,7.0,2.0
Micah Potter,DAL,4,2.5,2.5,1.25
Micah Potter,DEN,3,7.666666666666667,9.666666666666666,1.6666666666666667
Micah Potter,DET,4,4.75,6.0,2.0
Micah Potter,GSW,4,7.75,6.0,1.5
Micah Potter,HOU,5,2.0,2.4,1.6
Micah Potter,IND,2,6.0,5.0,0.5
Micah Potter,LAC,5,7.2,5.6,0.4
Micah Potter,LAL,4,3.5,2.5,0.75
Micah Potter,MEM,2,9.0,4.5,0.0
Micah Potter,MIA,5,7.4,3.2,0.4
Micah Potter,MIL,5,4.2,2.2,0.6
Micah Potter,MIN,3,6.666666666666667,3.6666666666666665,2.0
Micah Potter,NOP,1,8.0,6.0,3.0
Micah Potter,NYK,2,6.0,1.5,1.5
Micah Potter,OKC,4,4.0,6.5,0.5
Micah Potter,ORL,5,6.2,4.0,1.6
Micah Potter,PHI,5,9.0,3.0,1.2
Micah Potter,PHX,3,5.333333333333333,2.6666666666666665,0.6666666666666666
Micah Potter,POR,5,6.8,4.8,0.8
Micah Potter,SAC,4,4.75,4.25,0.0
Micah Potter,SAS,5,6.4,2.2,0.6
Micah Potter,TOR,3,3.3333333333333335,4.333333333333333,0.6666666666666666
Micah Potter,WAS,4,9.0,5.0,1.25
Michael Carter-Williams,BKN,1,6.0,5.0,1.0
Michael Carter-Williams,CLE,1,2.0,0.0,3.0
Michael Carter-Williams,DET,1,1.0,0.0,0.0
Michael Carter-Williams,MIA,1,8.0,0.0,3.0
Michael Foster Jr.,BKN,1,0.0,0.0,0.0
Michael Porter Jr.,ATL,7,23.4,6.0,3.0
Michael Porter Jr.,BKN,6,17.0,6.0,2.0
Michael Porter Jr.,BOS,10,23.2,5.8,2.4
Michael Porter Jr.,CHA,7,18.0,8.0,3.0
Michael Porter Jr.,CHI,8,22.0,7.4,1.6
Michael Porter Jr.,CLE,10,22.6,5.8,2.2
Michael Porter Jr.,DAL,14,22.8,4.6,2.4
Michael Porter Jr.,DEN,2,32.5,10.5,4.0
Michael Porter Jr.,DET,9,26.2,6.4,1.0
Michael Porter Jr.,GSW,11,20.4,8.4,3.0
Michael Porter Jr.,HOU,11,16.4,6.2,0.8
Michael Porter Jr.,IND,7,19.2,8.0,3.2
Michael Porter Jr.,LAC,13,16.2,5.4,3.4
Michael Porter Jr.,LAL,10,16.6,7.4,2.2
Michael Porter Jr.,MEM,11,12.8,7.0,2.0
Michael Porter Jr.,MIA,9,19.8,7.2,3.0
Michael Porter Jr.,MIL,6,14.2,8.0,3.2
Michael Porter Jr.,MIN,13,18.4,6.6,2.8
Michael Porter Jr.,NOP,11,27.6,7.8,2.2
Michael Porter Jr.,NYK,9,16.0,5.4,0.6
Michael Porter Jr.,OKC,11,20.4,9.0,2.4
Michael Porter Jr.,ORL,9,22.4,6.2,2.2
Michael Porter Jr.,PHI,8,21.6,8.4,1.2
Michael Porter Jr.,PHX,11,24.2,4.6,3.2
Michael Porter Jr.,POR,9,18.2,7.4,2.6
Michael Porter Jr.,SAC,9,15.8,8.0,0.8
Michael Porter Jr.,SAS,12,20.8,7.4,1.6
Michael Porter Jr.,TOR,9,20.4,8.2,3.4
Michael Porter Jr.,UTA,12,18.4,5.4,2.4
Michael Porter Jr.,WAS,7,22.0,8.4,3.8
Mikal Bridges,ATL,17,15.6,3.8,4.8
Mikal Bridges,BKN,12,10.4,3.2,3.0
Mikal Bridges,BOS,17,17.0,4.4,3.2
Mikal Bridges,CHA,14,12.8,2.6,2.6
Mikal Bridges,CHI,14,13.8,4.6,5.0
Mikal Bridges,CLE,17,14.2,3.2,4.6
Mikal Bridges,DAL,12,18.4,3.0,2.8
Mikal Bridges,DEN,13,11.0,2.8,4.4
Mikal Bridges,DET,16,16.2,1.6,2.2
Mikal Bridges,GSW,13,15.0,4.0,3.2
Mikal Bridges,HOU,15,14.8,4.0,2.8
Mikal Bridges,IND,13,14.2,5.4,3.6
Mikal Bridges,LAC,12,17.4,6.0,5.6
Mikal Bridges,LAL,12,9.0,2.8,3.4
Mikal Bridges,MEM,13,20.6,4.2,4.0
Mikal Bridges,MIA,17,22.0,3.2,4.0
Mikal Bridges,MIL,13,16.0,4.0,5.0
Mikal Bridges,MIN,14,17.4,4.0,4.8
Mikal Bridges,NOP,14,16.8,2.6,4.2
Mikal Bridges,NYK,10,19.0,3.4,3.8
Mikal Bridges,OKC,11,14.2,3.4,1.6
Mikal Bridges,ORL,17,15.2,4.6,3.2
Mikal Bridges,PHI,17,15.6,4.4,5.0
Mikal Bridges,PHX,6,17.0,4.6,3.2
Mikal Bridges,POR,13,22.0,3.6,5.2
Mikal Bridges,SAC,12,17.4,3.8,4.6
Mikal Bridges,SAS,12,21.4,4.6,4.2
Mikal Bridges,TOR,17,16.6,2.4,3.6
Mikal Bridges,UTA,13,16.4,3.4,1.8
Mikal Bridges,WAS,15,17.4,3.6,5.0
Mike Conley,ATL,11,7.2,3.2,4.6
Mike Conley,BKN,10,8.2,2.6,4.8
Mike Conley,BOS,6,7.0,3.0,2.6
Mike Conley,CHA,8,12.2,3.4,4.6
Mike Conley,CHI,9,9.2,2.2,6.0
Mike Conley,CLE,8,11.0,1.8,4.0
Mike Conley,DAL,18,7.8,2.0,4.2
Mike Conley,DEN,17,6.4,1.2,4.2
Mike Conley,DET,9,8.6,1.0,4.4
Mike Conley,GSW,16,4.0,1.8,2.8
Mike Conley,HOU,16,8.2,2.4,4.2
Mike Conley,IND,8,7.0,3.0,4.2
Mike Conley,LAC,15,8.0,2.4,1.6
Mike Conley,LAL,17,5.8,2.8,4.8
Mike Conley,MEM,15,3.2,2.0,4.6
Mike Conley,MIA,9,8.2,2.2,3.4
Mike Conley,MIL,8,9.4,3.8,5.0
Mike Conley,MIN,6,16.4,4.0,6.8
Mike Conley,NOP,17,6.2,1.8,3.6
Mike Conley,NYK,9,7.4,0.6,3.4
Mike Conley,OKC,9,7.6,1.2,3.2
Mike Conley,ORL,5,8.2,3.2,5.8
Mike Conley,PHI,10,6.8,2.4,5.2
Mike Conley,PHX,14,5.0,1.6,3.2
Mike Conley,POR,14,8.4,2.6,3.6
Mike Conley,SAC,17,7.2,2.0,4.8
Mike Conley,SAS,15,5.4,2.4,3.4
Mike Conley,TOR,5,11.4,2.6,5.4
Mike Conley,UTA,10,2.0,1.2,2.4
Mike Conley,WAS,9,11.0,2.6,4.2
Mike Muscala,ATL,7,11.0,4.4,2.0
Mike Muscala,BKN,4,8.25,1.5,0.75
Mike Muscala,BOS,2,1.0,1.5,0.0
Mike Muscala,CHA,4,5.75,2.75,1.25
Mike Muscala,CHI,2,11.0,3.0,0.0
Mike Muscala,CLE,8,4.0,3.6,0.6
Mike Muscala,DAL,8,2.6,3.2,0.4
Mike Muscala,DEN,4,8.5,3.75,0.75
Mike Muscala,DET,2,9.5,3.5,0.0
Mike Muscala,GSW,5,4.2,3.8,0.8
Mike Muscala,HOU,5,9.2,3.0,0.0
Mike Muscala,IND,8,1.6,1.6,0.4
Mike Muscala,LAC,5,4.6,4.4,1.4
Mike Muscala,LAL,5,5.8,2.8,0.4
Mike Muscala,MEM,9,2.8,2.4,0.8
Mike Muscala,MIA,4,3.5,2.5,0.5
Mike Muscala,MIL,9,3.2,1.2,0.8
Mike Muscala,MIN,6,4.8,4.2,0.8
Mike Muscala,NOP,5,7.6,2.8,1.0
Mike Muscala,NYK,6,3.2,2.6,0.6
Mike Muscala,OKC,2,1.5,2.0,0.0
Mike Muscala,ORL,2,5.5,1.5,0.0
Mike Muscala,PHI,8,0.8,1.8,0.2
Mike Muscala,PHX,5,6.0,3.8,1.0
Mike Muscala,POR,7,5.8,1.6,0.8
Mike Muscala,SAC,7,4.6,2.6,0.4
Mike Muscala,SAS,5,10.8,3.6,1.0
Mike Muscala,TOR,6,5.8,4.4,0.6
Mike Muscala,UTA,3,4.333333333333333,3.0,0.3333333333333333
Mike Muscala,WAS,6,3.2,2.2,1.0
Miles Bridges,ATL,12,24.2,6.0,3.4
Miles Bridges,BKN,12,15.6,7.4,3.0
Miles Bridges,BOS,12,11.2,6.4,3.2
Miles Bridges,CHI,15,20.8,7.0,3.8
Miles Bridges,CLE,12,21.0,6.6,3.2
Miles Bridges,DAL,7,18.6,6.6,4.8
Miles Bridges,DEN,8,23.4,9.4,4.6
Miles Bridges,DET,11,17.0,6.4,2.8
Miles Bridges,GSW,7,18.8,8.0,2.6
Miles Bridges,HOU,5,19.0,7.0,2.8
Miles Bridges,IND,11,17.6,4.8,2.8
Miles Bridges,LAC,8,19.4,5.8,3.0
Miles Bridges,LAL,8,31.0,6.0,3.4
Miles Bridges,MEM,8,18.2,5.4,3.8
Miles Bridges,MIA,14,14.8,8.2,3.0
Miles Bridges,MIL,14,19.0,5.6,3.2
Miles Bridges,MIN,8,23.2,7.2,4.4
Miles Bridges,NOP,8,18.4,5.6,2.4
Miles Bridges,NYK,12,12.8,5.2,2.0
Miles Bridges,OKC,8,17.2,7.4,4.2
Miles Bridges,ORL,14,12.8,6.6,2.2
Miles Bridges,PHI,13,15.6,6.2,3.2
Miles Bridges,PHX,8,20.0,6.6,2.8
Miles Bridges,POR,6,14.8,6.8,4.6
Miles Bridges,SAC,8,20.8,5.0,3.4
Miles Bridges,SAS,8,21.0,6.0,3.4
Miles Bridges,TOR,12,19.0,5.4,3.8
Miles Bridges,UTA,8,24.2,9.0,5.4
Miles Bridges,WAS,13,18.8,6.6,6.6
Miles Kelly,BKN,2,2.5,0.0,0.0
Miles Kelly,BOS,1,0.0,3.0,1.0
Miles Kelly,CHI,1,5.0,3.0,2.0
Miles Kelly,DEN,1,0.0,1.0,0.0
Miles Kelly,GSW,1,0.0,0.0,0.0
Miles Kelly,MEM,1,9.0,5.0,4.0
Miles Kelly,MIN,2,1.0,3.0,0.5
Miles Kelly,NYK,1,0.0,1.0,1.0
Miles Kelly,SAS,1,5.0,2.0,1.0
Miles Kelly,TOR,1,0.0,0.0,0.0
Miles Kelly,UTA,2,8.5,1.5,1.0
Miles McBride,ATL,12,6.2,1.6,2.2
Miles McBride,BKN,14,9.4,3.0,3.8
Miles McBride,BOS,14,6.0,3.0,3.0
Miles McBride,CHA,15,14.8,2.4,3.4
Miles McBride,CHI,13,9.4,2.8,2.2
Miles McBride,CLE,11,12.4,2.0,2.2
Miles McBride,DAL,9,9.4,2.6,2.4
Miles McBride,DEN,5,9.8,2.4,2.2
Miles McBride,DET,12,10.0,2.0,2.8
Miles McBride,GSW,8,18.6,3.0,3.6
Miles McBride,HOU,8,2.8,0.6,1.2
Miles McBride,IND,12,10.4,1.8,0.8
Miles McBride,LAC,6,7.4,1.4,2.6
Miles McBride,LAL,5,6.0,2.4,1.2
Miles McBride,MEM,7,14.2,3.6,3.4
Miles McBride,MIA,12,13.2,3.0,2.2
Miles McBride,MIL,11,9.4,2.0,1.2
Miles McBride,MIN,6,6.8,1.6,2.4
Miles McBride,NOP,8,8.2,2.2,3.0
Miles McBride,OKC,5,7.2,2.4,2.4
Miles McBride,ORL,13,8.6,2.4,2.2
Miles McBride,PHI,13,12.6,2.8,2.0
Miles McBride,PHX,8,10.8,0.8,1.8
Miles McBride,POR,7,11.8,1.4,2.2
Miles McBride,SAC,10,11.2,3.2,4.2
Miles McBride,SAS,8,9.4,2.2,2.4
Miles McBride,TOR,12,13.4,3.0,4.0
Miles McBride,UTA,3,7.333333333333333,1.0,1.3333333333333333
Miles McBride,WAS,10,4.8,1.4,3.0
Miles Norris,CHA,1,1.0,4.0,0.0
Miles Norris,ORL,1,6.0,3.0,0.0
Miles Norris,PHI,1,0.0,2.0,0.0
Mitchell Robinson,ATL,10,7.0,11.8,1.0
Mitchell Robinson,BKN,8,9.2,8.6,0.2
Mitchell Robinson,BOS,14,4.4,6.4,0.6
Mitchell Robinson,CHA,11,4.8,8.8,0.6
Mitchell Robinson,CHI,12,4.2,5.8,0.6
Mitchell Robinson,CLE,10,6.6,11.8,1.0
Mitchell Robinson,DAL,6,9.6,11.0,0.4
Mitchell Robinson,DEN,4,8.75,7.0,1.25
Mitchell Robinson,DET,10,4.6,8.0,0.4
Mitchell Robinson,GSW,6,5.8,8.4,0.2
Mitchell Robinson,HOU,6,7.4,7.2,0.2
Mitchell Robinson,IND,10,10.6,15.0,1.4
Mitchell Robinson,LAC,6,7.0,10.2,0.6
Mitchell Robinson,LAL,5,3.6,6.2,0.2
Mitchell Robinson,MEM,5,10.0,8.2,1.2
Mitchell Robinson,MIA,13,5.2,7.8,1.2
Mitchell Robinson,MIL,13,2.2,6.0,1.6
Mitchell Robinson,MIN,6,5.6,8.6,0.4
Mitchell Robinson,NOP,5,11.0,11.2,0.0
Mitchell Robinson,OKC,4,7.25,8.75,0.25
Mitchell Robinson,ORL,10,4.2,9.0,0.4
Mitchell Robinson,PHI,10,10.8,10.2,0.6
Mitchell Robinson,PHX,8,4.8,9.4,1.4
Mitchell Robinson,POR,8,3.0,6.0,1.4
Mitchell Robinson,SAC,8,5.6,8.8,0.8
Mitchell Robinson,SAS,8,7.2,9.0,0.2
Mitchell Robinson,TOR,10,4.0,7.4,1.0
Mitchell Robinson,UTA,4,8.25,11.0,1.75
Mitchell Robinson,WAS,9,7.6,9.2,1.4
Miye Oni,ATL,2,0.0,0.5,0.5
Miye Oni,IND,1,0.0,1.0,1.0
Miye Oni,LAC,1,0.0,0.0,0.0
Miye Oni,MIN,2,0.0,0.5,0.5
Miye Oni,NOP,1,0.0,1.0,1.0
Miye Oni,OKC,1,0.0,0.0,0.0
Miye Oni,PHI,2,1.0,1.0,0.0
Miye Oni,POR,2,0.0,0.5,0.0
Miye Oni,SAC,2,0.0,0.0,0.0
Miye Oni,TOR,1,0.0,0.0,0.0
Miye Oni,WAS,1,3.0,0.0,1.0
Mo Bamba,ATL,9,3.8,3.6,1.4
Mo Bamba,BKN,8,5.0,4.4,0.2
Mo Bamba,BOS,9,6.8,6.6,0.6
Mo Bamba,CHA,8,9.0,6.6,0.8
Mo Bamba,CHI,8,7.2,5.2,0.6
Mo Bamba,CLE,6,9.2,6.4,1.6
Mo Bamba,DAL,9,3.4,5.4,0.6
Mo Bamba,DEN,6,2.8,3.6,0.0
Mo Bamba,DET,10,2.8,2.6,0.6
Mo Bamba,GSW,8,2.6,4.2,0.4
Mo Bamba,HOU,5,8.8,4.8,1.2
Mo Bamba,IND,6,14.8,7.6,0.8
Mo Bamba,LAC,6,7.0,7.4,0.6
Mo Bamba,LAL,6,7.4,5.0,0.8
Mo Bamba,MEM,6,2.0,1.8,0.4
Mo Bamba,MIA,6,10.6,6.0,1.2
Mo Bamba,MIL,4,3.75,4.5,1.75
Mo Bamba,MIN,9,2.2,1.8,0.4
Mo Bamba,NOP,6,3.4,3.8,0.4
Mo Bamba,NYK,9,2.6,1.8,0.4
Mo Bamba,OKC,6,9.4,6.4,1.0
Mo Bamba,ORL,5,1.8,3.8,0.6
Mo Bamba,PHI,9,5.2,3.6,1.0
Mo Bamba,PHX,7,4.0,3.0,0.6
Mo Bamba,POR,6,4.8,4.8,0.8
Mo Bamba,SAC,6,8.4,6.0,0.4
Mo Bamba,SAS,6,6.8,5.4,0.4
Mo Bamba,TOR,7,7.8,7.6,1.8
Mo Bamba,UTA,8,5.0,6.0,0.6
Mo Bamba,WAS,9,6.6,6.0,1.0
Mohamed Diawara,ATL,2,2.5,4.5,1.5
Mohamed Diawara,BKN,4,5.0,2.75,1.5
Mohamed Diawara,BOS,2,5.0,1.5,0.5
Mohamed Diawara,CHA,4,3.25,1.25,2.25
Mohamed Diawara,CHI,2,3.0,0.5,1.0
Mohamed Diawara,CLE,2,5.0,0.5,0.5
Mohamed Diawara,DAL,2,1.0,0.5,0.0
Mohamed Diawara,DEN,2,4.5,0.5,1.0
Mohamed Diawara,DET,3,1.3333333333333333,1.3333333333333333,0.3333333333333333
Mohamed Diawara,GSW,2,1.5,0.0,0.0
Mohamed Diawara,HOU,2,1.0,0.0,0.5
Mohamed Diawara,IND,4,3.0,2.75,1.0
Mohamed Diawara,LAC,2,2.5,2.0,1.0
Mohamed Diawara,LAL,2,3.5,0.0,1.0
Mohamed Diawara,MEM,1,4.0,0.0,0.0
Mohamed Diawara,MIA,2,1.5,0.5,0.0
Mohamed Diawara,MIL,2,5.0,1.5,1.0
Mohamed Diawara,MIN,2,2.5,0.5,0.0
Mohamed Diawara,NOP,2,10.0,0.5,0.5
Mohamed Diawara,OKC,2,4.5,1.5,0.0
Mohamed Diawara,ORL,3,0.0,1.3333333333333333,0.6666666666666666
Mohamed Diawara,PHI,3,4.666666666666667,1.6666666666666667,0.6666666666666666
Mohamed Diawara,PHX,2,1.5,2.0,1.0
Mohamed Diawara,POR,2,5.0,2.0,1.0
Mohamed Diawara,SAC,1,0.0,2.0,0.0
Mohamed Diawara,SAS,2,10.0,2.5,0.5
Mohamed Diawara,TOR,5,2.2,1.0,0.2
Mohamed Diawara,UTA,2,6.0,1.5,2.0
Mohamed Diawara,WAS,3,5.666666666666667,0.6666666666666666,0.6666666666666666
Monte Morris,ATL,6,6.4,3.4,3.2
Monte Morris,BKN,7,7.6,3.2,4.4
Monte Morris,BOS,5,9.4,3.8,4.8
Monte Morris,CHA,6,8.6,4.4,4.0
Monte Morris,CHI,6,14.2,2.8,4.4
Monte Morris,CLE,8,7.0,1.4,3.6
Monte Morris,DAL,6,8.8,2.4,4.2
Monte Morris,DEN,9,5.4,2.2,1.6
Monte Morris,DET,8,4.0,2.0,1.6
Monte Morris,GSW,11,6.2,2.0,2.2
Monte Morris,HOU,4,7.75,2.5,2.0
Monte Morris,IND,9,8.2,1.8,2.6
Monte Morris,LAC,10,3.2,1.0,1.0
Monte Morris,LAL,8,4.0,1.2,1.8
Monte Morris,MEM,8,11.0,3.2,3.8
Monte Morris,MIA,4,10.75,4.0,4.75
Monte Morris,MIL,5,10.6,2.8,5.2
Monte Morris,MIN,7,10.6,2.2,4.4
Monte Morris,NOP,7,13.4,1.8,4.6
Monte Morris,NYK,5,9.8,2.4,3.6
Monte Morris,OKC,8,9.2,2.2,3.0
Monte Morris,ORL,8,6.4,2.2,3.0
Monte Morris,PHI,7,10.2,2.4,4.0
Monte Morris,PHX,8,6.4,2.6,3.8
Monte Morris,POR,12,4.8,1.4,2.6
Monte Morris,SAC,9,9.2,1.4,2.6
Monte Morris,SAS,8,7.0,2.8,3.8
Monte Morris,TOR,4,8.75,2.0,3.0
Monte Morris,UTA,13,2.4,0.6,1.6
Monte Morris,WAS,5,9.0,2.8,3.2
Montrezl Harrell,ATL,5,15.4,7.8,1.6
Montrezl Harrell,BKN,7,6.6,4.0,1.0
Montrezl Harrell,BOS,6,7.4,5.0,0.2
Montrezl Harrell,CHA,4,16.0,9.25,1.75
Montrezl Harrell,CHI,4,8.5,3.75,0.5
Montrezl Harrell,CLE,4,10.5,7.75,1.5
Montrezl Harrell,DAL,3,8.0,3.3333333333333335,1.6666666666666667
Montrezl Harrell,DEN,4,5.5,3.25,1.25
Montrezl Harrell,DET,6,11.0,3.4,1.6
Montrezl Harrell,GSW,1,0.0,2.0,0.0
Montrezl Harrell,HOU,2,2.0,0.5,0.0
Montrezl Harrell,IND,4,12.25,4.25,1.25
Montrezl Harrell,LAC,3,5.0,3.3333333333333335,1.0
Montrezl Harrell,LAL,2,1.0,1.0,0.0
Montrezl Harrell,MEM,3,14.666666666666666,7.0,1.3333333333333333
Montrezl Harrell,MIA,5,14.0,5.2,1.4
Montrezl Harrell,MIL,6,6.0,2.0,0.4
Montrezl Harrell,MIN,3,14.0,4.0,2.0
Montrezl Harrell,NOP,6,9.0,3.8,1.8
Montrezl Harrell,NYK,6,5.8,3.0,1.2
Montrezl Harrell,OKC,5,8.4,3.8,0.8
Montrezl Harrell,ORL,7,9.4,4.4,1.2
Montrezl Harrell,PHI,4,13.25,4.0,2.75
Montrezl Harrell,PHX,2,13.5,7.0,2.5
Montrezl Harrell,POR,2,10.5,5.5,1.0
Montrezl Harrell,SAC,3,10.333333333333334,4.0,1.3333333333333333
Montrezl Harrell,SAS,4,6.75,5.0,2.25
Montrezl Harrell,TOR,8,9.2,3.8,1.8
Montrezl Harrell,UTA,5,7.8,4.4,1.8
Montrezl Harrell,WAS,4,6.0,2.5,1.0
Moritz Wagner,ATL,10,7.8,5.4,0.4
Moritz Wagner,BKN,13,9.8,4.2,0.8
Moritz Wagner,BOS,9,10.2,2.8,1.0
Moritz Wagner,CHA,14,12.2,3.8,1.0
Moritz Wagner,CHI,11,9.4,3.8,1.6
Moritz Wagner,CLE,15,7.4,4.2,0.2
Moritz Wagner,DAL,6,13.0,4.0,1.0
Moritz Wagner,DEN,5,12.6,4.6,1.4
Moritz Wagner,DET,14,9.8,4.2,1.8
Moritz Wagner,GSW,5,6.0,4.0,2.6
Moritz Wagner,HOU,5,7.4,3.8,1.2
Moritz Wagner,IND,9,11.2,3.2,1.4
Moritz Wagner,LAC,7,12.8,5.2,1.4
Moritz Wagner,LAL,6,10.6,4.2,2.2
Moritz Wagner,MEM,7,6.4,3.0,0.0
Moritz Wagner,MIA,13,4.0,2.8,0.4
Moritz Wagner,MIL,15,10.4,4.0,1.2
Moritz Wagner,MIN,7,11.8,4.4,1.2
Moritz Wagner,NOP,7,14.2,2.6,1.4
Moritz Wagner,NYK,11,14.6,6.4,1.0
Moritz Wagner,OKC,8,8.6,3.6,0.6
Moritz Wagner,PHI,12,11.4,5.0,1.8
Moritz Wagner,PHX,8,9.2,5.4,1.2
Moritz Wagner,POR,5,13.0,4.6,1.0
Moritz Wagner,SAC,7,5.8,3.4,1.8
Moritz Wagner,SAS,6,11.6,4.2,0.8
Moritz Wagner,TOR,11,7.8,3.0,0.8
Moritz Wagner,UTA,6,11.8,5.8,0.8
Moritz Wagner,WAS,14,12.0,5.0,0.6
Moses Brown,ATL,4,7.5,6.0,0.0
Moses Brown,BKN,3,0.6666666666666666,0.0,0.0
Moses Brown,BOS,2,2.0,1.5,0.0
Moses Brown,CHA,4,8.0,6.0,0.0
Moses Brown,CHI,2,0.0,0.5,0.0
Moses Brown,CLE,2,7.5,9.0,0.0
Moses Brown,DAL,2,7.0,6.0,0.0
Moses Brown,DEN,6,4.6,4.0,0.2
Moses Brown,DET,5,1.6,2.6,0.2
Moses Brown,GSW,2,8.5,6.5,0.0
Moses Brown,HOU,9,4.8,5.0,0.0
Moses Brown,IND,2,7.5,2.0,0.5
Moses Brown,LAC,3,5.0,7.0,0.6666666666666666
Moses Brown,LAL,3,1.0,0.6666666666666666,0.0
Moses Brown,MEM,4,4.0,2.0,0.0
Moses Brown,MIA,3,2.0,1.0,0.0
Moses Brown,MIL,4,7.25,4.25,0.0
Moses Brown,MIN,5,4.8,3.2,0.6
Moses Brown,NOP,6,3.0,1.6,0.4
Moses Brown,NYK,2,8.0,7.5,0.0
Moses Brown,OKC,5,4.6,2.4,0.0
Moses Brown,ORL,5,5.0,4.8,0.2
Moses Brown,PHI,3,7.0,5.666666666666667,0.0
Moses Brown,PHX,4,2.25,4.75,0.25
Moses Brown,POR,3,2.6666666666666665,2.3333333333333335,0.0
Moses Brown,SAC,7,3.6,5.4,0.2
Moses Brown,SAS,3,3.3333333333333335,4.333333333333333,0.0
Moses Brown,TOR,2,0.0,0.5,0.0
Moses Brown,UTA,3,2.0,2.0,0.0
Moses Brown,WAS,3,6.333333333333333,2.0,0.3333333333333333
Moses Moody,ATL,6,6.4,2.4,1.6
Moses Moody,BKN,7,7.0,2.8,0.8
Moses Moody,BOS,8,10.8,3.8,1.4
Moses Moody,CHA,9,10.4,3.2,1.6
Moses Moody,CHI,6,8.8,3.2,1.6
Moses Moody,CLE,7,10.0,2.8,1.0
Moses Moody,DAL,14,15.0,3.4,1.8
Moses Moody,DEN,12,11.0,3.4,1.8
Moses Moody,DET,8,7.0,3.2,1.8
Moses Moody,HOU,14,7.4,3.4,1.0
Moses Moody,IND,9,6.0,1.4,1.2
Moses Moody,LAC,19,7.6,2.0,1.4
Moses Moody,LAL,13,14.8,3.2,2.4
Moses Moody,MEM,12,13.4,1.8,1.6
Moses Moody,MIA,9,8.2,2.8,2.0
Moses Moody,MIL,8,7.0,3.8,1.0
Moses Moody,MIN,12,10.6,4.2,1.2
Moses Moody,NOP,17,15.4,3.0,1.0
Moses Moody,NYK,8,11.8,2.0,1.0
Moses Moody,OKC,15,6.2,1.6,0.4
Moses Moody,ORL,9,13.0,2.8,1.6
Moses Moody,PHI,8,11.2,2.0,1.0
Moses Moody,PHX,14,8.6,5.2,1.8
Moses Moody,POR,15,10.4,2.0,1.4
Moses Moody,SAC,15,17.0,2.2,3.4
Moses Moody,SAS,14,13.4,4.2,2.0
Moses Moody,TOR,9,7.0,3.8,0.8
Moses Moody,UTA,11,15.2,3.6,1.2
Moses Moody,WAS,7,8.2,2.2,0.6
Moses Wright,HOU,1,3.0,1.0,0.0
Moses Wright,LAL,1,0.0,0.0,0.0
Moses Wright,SAC,1,0.0,0.0,1.0
Moses Wright,SAS,1,2.0,2.0,1.0
Mouhamadou Gueye,BKN,2,2.5,2.5,0.5
Mouhamadou Gueye,DAL,1,11.0,3.0,4.0
Mouhamadou Gueye,LAL,1,6.0,2.0,2.0
Mouhamadou Gueye,MIN,1,3.0,6.0,0.0
Mouhamadou Gueye,NOP,1,0.0,2.0,0.0
Mouhamadou Gueye,NYK,1,2.0,2.0,1.0
Mouhamadou Gueye,OKC,1,0.0,0.0,0.0
Mouhamadou Gueye,ORL,1,5.0,3.0,2.0
Mouhamadou Gueye,PHI,1,3.0,1.0,1.0
Mouhamadou Gueye,SAC,1,3.0,2.0,0.0
Mouhamadou Gueye,SAS,1,2.0,3.0,0.0
Mouhamadou Gueye,WAS,1,2.0,0.0,0.0
Mouhamed Gueye,BKN,6,4.6,4.2,1.0
Mouhamed Gueye,BOS,5,3.0,3.6,1.2
Mouhamed Gueye,CHA,6,4.8,2.0,0.6
Mouhamed Gueye,CHI,2,3.0,1.0,0.0
Mouhamed Gueye,CLE,5,6.4,3.2,1.0
Mouhamed Gueye,DAL,2,10.0,5.0,0.0
Mouhamed Gueye,DEN,3,1.0,2.0,0.0
Mouhamed Gueye,DET,5,4.4,3.2,0.2
Mouhamed Gueye,GSW,3,7.666666666666667,6.333333333333333,0.6666666666666666
Mouhamed Gueye,HOU,4,4.25,4.0,0.75
Mouhamed Gueye,IND,6,7.6,4.2,0.6
Mouhamed Gueye,LAC,3,2.3333333333333335,4.333333333333333,0.6666666666666666
Mouhamed Gueye,LAL,2,13.0,5.5,4.0
Mouhamed Gueye,MEM,2,5.0,2.5,2.5
Mouhamed Gueye,MIA,5,4.8,3.2,1.0
Mouhamed Gueye,MIL,7,6.8,4.8,0.4
Mouhamed Gueye,MIN,5,3.2,3.4,0.6
Mouhamed Gueye,NOP,2,6.5,8.5,3.0
Mouhamed Gueye,NYK,4,2.0,1.75,0.5
Mouhamed Gueye,OKC,4,3.75,3.0,1.25
Mouhamed Gueye,ORL,8,4.2,3.4,1.2
Mouhamed Gueye,PHI,7,5.2,5.2,0.6
Mouhamed Gueye,PHX,2,0.5,2.0,0.5
Mouhamed Gueye,POR,3,2.6666666666666665,2.3333333333333335,0.6666666666666666
Mouhamed Gueye,SAC,2,6.0,5.0,2.0
Mouhamed Gueye,SAS,2,2.0,2.0,0.0
Mouhamed Gueye,TOR,4,0.5,3.25,0.5
Mouhamed Gueye,UTA,3,6.0,3.0,0.6666666666666666
Mouhamed Gueye,WAS,4,4.75,5.75,0.5
Moussa Cisse,BKN,1,2.0,6.0,0.0
Moussa Cisse,BOS,2,5.0,6.0,0.5
Moussa Cisse,CHA,1,3.0,5.0,0.0
Moussa Cisse,CHI,2,11.0,15.0,0.5
Moussa Cisse,GSW,1,1.0,1.0,0.0
Moussa Cisse,HOU,3,2.3333333333333335,1.3333333333333333,0.3333333333333333
Moussa Cisse,LAC,2,6.5,2.5,0.0
Moussa Cisse,MEM,3,6.0,6.666666666666667,0.3333333333333333
Moussa Cisse,MIA,1,0.0,1.0,0.0
Moussa Cisse,MIL,2,7.5,8.5,0.0
Moussa Cisse,MIN,1,5.0,10.0,0.0
Moussa Cisse,NOP,2,0.0,1.5,0.5
Moussa Cisse,NYK,2,7.5,4.5,0.5
Moussa Cisse,OKC,2,0.0,7.5,0.0
Moussa Cisse,PHX,2,7.5,9.0,0.0
Moussa Cisse,POR,1,5.0,1.0,0.0
Moussa Cisse,SAC,2,1.0,3.5,0.0
Moussa Cisse,SAS,3,2.3333333333333335,4.333333333333333,0.0
Moussa Cisse,UTA,3,8.333333333333334,10.0,0.6666666666666666
Moussa Cisse,WAS,2,2.5,4.5,0.5
Moussa Diabaté,ATL,8,6.4,7.8,1.4
Moussa Diabaté,BKN,7,14.0,10.4,0.8
Moussa Diabaté,BOS,7,5.2,6.6,2.4
Moussa Diabaté,CHI,8,5.0,5.6,1.4
Moussa Diabaté,CLE,6,4.4,6.4,0.8
Moussa Diabaté,DAL,7,7.2,4.6,0.6
Moussa Diabaté,DEN,4,6.75,5.5,1.25
Moussa Diabaté,DET,6,3.0,6.4,0.6
Moussa Diabaté,GSW,5,1.4,2.6,1.2
Moussa Diabaté,HOU,3,7.666666666666667,7.333333333333333,1.3333333333333333
Moussa Diabaté,IND,5,8.0,9.2,1.6
Moussa Diabaté,LAC,4,9.0,9.75,1.5
Moussa Diabaté,LAL,4,5.0,3.25,0.75
Moussa Diabaté,MEM,6,8.8,8.0,1.4
Moussa Diabaté,MIA,9,7.6,8.4,1.0
Moussa Diabaté,MIL,7,9.2,11.4,2.0
Moussa Diabaté,MIN,4,6.75,6.75,1.5
Moussa Diabaté,NOP,6,5.0,6.8,1.4
Moussa Diabaté,NYK,8,3.8,6.2,1.6
Moussa Diabaté,OKC,5,7.4,7.0,2.8
Moussa Diabaté,ORL,8,6.6,5.4,1.2
Moussa Diabaté,PHI,7,7.8,5.6,0.4
Moussa Diabaté,PHX,3,4.666666666666667,7.333333333333333,1.3333333333333333
Moussa Diabaté,POR,7,6.6,6.8,2.6
Moussa Diabaté,SAC,5,10.0,8.8,0.8
Moussa Diabaté,SAS,8,5.6,6.8,3.0
Moussa Diabaté,TOR,6,6.6,7.4,1.2
Moussa Diabaté,UTA,5,9.0,7.6,0.2
Moussa Diabaté,WAS,9,8.8,10.2,0.8
Mychal Mulder,ATL,2,3.5,1.0,0.0
Mychal Mulder,BKN,2,3.5,2.0,0.0
Mychal Mulder,BOS,1,0.0,1.0,1.0
Mychal Mulder,CHA,2,4.5,1.0,0.0
Mychal Mulder,CHI,1,0.0,0.0,0.0
Mychal Mulder,CLE,1,0.0,2.0,0.0
Mychal Mulder,DEN,1,0.0,0.0,0.0
Mychal Mulder,DET,1,3.0,1.0,0.0
Mychal Mulder,GSW,1,3.0,3.0,0.0
Mychal Mulder,HOU,1,0.0,1.0,0.0
Mychal Mulder,MIA,1,3.0,2.0,2.0
Mychal Mulder,MIL,2,13.0,2.0,0.0
Mychal Mulder,ORL,1,11.0,2.0,2.0
Myles Powell,BOS,2,0.0,0.0,0.0
Myles Powell,CHA,1,2.0,0.0,0.0
Myles Powell,HOU,1,6.0,4.0,2.0
Myles Powell,LAL,1,0.0,1.0,0.0
Myles Powell,ORL,2,0.0,0.0,0.0
Myles Powell,SAS,1,2.0,0.0,0.0
Myles Powell,WAS,3,1.0,0.3333333333333333,0.3333333333333333
Myles Turner,ATL,12,12.2,6.4,1.4
Myles Turner,BKN,14,15.4,5.8,1.4
Myles Turner,BOS,16,6.6,3.6,1.4
Myles Turner,CHA,17,15.6,5.0,1.6
Myles Turner,CHI,18,14.8,5.6,0.8
Myles Turner,CLE,15,13.0,4.8,1.2
Myles Turner,DAL,8,16.6,7.2,1.6
Myles Turner,DEN,9,20.4,4.4,1.2
Myles Turner,DET,13,16.8,3.6,1.4
Myles Turner,GSW,8,15.6,7.4,1.8
Myles Turner,HOU,8,15.6,5.4,1.4
Myles Turner,IND,4,10.25,6.75,1.0
Myles Turner,LAC,6,16.4,3.2,1.4
Myles Turner,LAL,8,11.4,7.2,1.6
Myles Turner,MEM,6,14.2,7.2,1.4
Myles Turner,MIA,17,15.2,5.0,1.8
Myles Turner,MIL,15,14.6,7.0,1.8
Myles Turner,MIN,6,13.4,6.6,1.2
Myles Turner,NOP,9,14.2,6.6,1.2
Myles Turner,NYK,13,14.6,5.6,1.6
Myles Turner,OKC,5,14.0,5.0,1.4
Myles Turner,ORL,13,9.8,5.2,1.8
Myles Turner,PHI,14,20.0,6.8,1.8
Myles Turner,PHX,9,14.6,5.4,1.4
Myles Turner,POR,8,15.4,8.2,0.8
Myles Turner,SAC,7,14.2,5.8,0.6
Myles Turner,SAS,8,12.8,4.8,1.2
Myles Turner,TOR,15,13.4,6.6,2.0
Myles Turner,UTA,8,14.2,4.6,0.4
Myles Turner,WAS,15,13.6,8.6,2.4
Myron Gardner,ATL,3,6.333333333333333,3.3333333333333335,1.3333333333333333
Myron Gardner,BKN,2,1.5,0.5,0.0
Myron Gardner,BOS,2,2.5,1.5,0.5
Myron Gardner,CHA,3,3.0,3.0,1.0
Myron Gardner,CHI,3,6.666666666666667,6.333333333333333,0.6666666666666666
Myron Gardner,CLE,1,3.0,0.0,1.0
Myron Gardner,DEN,1,0.0,3.0,0.0
Myron Gardner,DET,1,4.0,6.0,2.0
Myron Gardner,GSW,1,5.0,1.0,0.0
Myron Gardner,HOU,1,8.0,2.0,3.0
Myron Gardner,IND,3,1.3333333333333333,3.0,0.0
Myron Gardner,LAC,1,0.0,0.0,0.0
Myron Gardner,MEM,1,5.0,3.0,2.0
Myron Gardner,MIL,2,1.5,2.5,0.0
Myron Gardner,MIN,2,5.5,0.5,1.5
Myron Gardner,NOP,2,6.0,6.5,1.5
Myron Gardner,OKC,2,5.5,2.5,0.5
Myron Gardner,ORL,1,0.0,1.0,0.0
Myron Gardner,PHI,1,0.0,0.0,0.0
Myron Gardner,PHX,1,2.0,1.0,1.0
Myron Gardner,POR,1,7.0,3.0,1.0
Myron Gardner,SAC,1,5.0,1.0,3.0
Myron Gardner,SAS,1,9.0,2.0,0.0
Myron Gardner,TOR,3,0.6666666666666666,0.6666666666666666,0.3333333333333333
Myron Gardner,UTA,2,1.0,3.0,2.5
Myron Gardner,WAS,3,4.666666666666667,5.333333333333333,2.6666666666666665
N'Faly Dante,DEN,1,2.0,4.0,0.0
N'Faly Dante,IND,1,2.0,0.0,0.0
N'Faly Dante,LAC,1,4.0,2.0,0.0
N'Faly Dante,LAL,2,4.0,3.0,0.5
N'Faly Dante,OKC,2,5.5,6.5,0.5
N'Faly Dante,ORL,1,0.0,3.0,0.0
Nae'Qwan Tomlin,ATL,2,4.5,3.0,0.5
Nae'Qwan Tomlin,BKN,2,1.5,1.0,0.0
Nae'Qwan Tomlin,BOS,1,7.0,2.0,0.0
Nae'Qwan Tomlin,CHA,4,5.75,3.5,0.75
Nae'Qwan Tomlin,CHI,3,5.666666666666667,1.3333333333333333,1.0
Nae'Qwan Tomlin,DAL,2,6.0,1.0,0.5
Nae'Qwan Tomlin,DEN,2,6.0,3.5,0.0
Nae'Qwan Tomlin,DET,2,3.5,3.0,0.0
Nae'Qwan Tomlin,GSW,1,6.0,12.0,1.0
Nae'Qwan Tomlin,HOU,1,10.0,2.0,0.0
Nae'Qwan Tomlin,IND,5,8.4,5.0,0.8
Nae'Qwan Tomlin,LAC,2,6.0,1.5,1.5
Nae'Qwan Tomlin,LAL,2,8.5,3.5,2.0
Nae'Qwan Tomlin,MEM,2,6.0,6.5,1.5
Nae'Qwan Tomlin,MIA,3,5.0,3.3333333333333335,1.0
Nae'Qwan Tomlin,MIL,2,2.0,2.0,0.5
Nae'Qwan Tomlin,MIN,2,3.0,1.0,1.5
Nae'Qwan Tomlin,NOP,2,1.0,0.0,0.0
Nae'Qwan Tomlin,NYK,3,2.3333333333333335,2.0,0.0
Nae'Qwan Tomlin,OKC,2,3.0,5.0,0.5
Nae'Qwan Tomlin,ORL,4,4.75,1.75,1.25
Nae'Qwan Tomlin,PHI,4,2.75,1.75,0.75
Nae'Qwan Tomlin,PHX,2,7.0,4.5,1.0
Nae'Qwan Tomlin,POR,2,9.5,2.5,0.5
Nae'Qwan Tomlin,SAC,2,5.0,3.0,1.0
Nae'Qwan Tomlin,SAS,2,9.5,1.0,1.0
Nae'Qwan Tomlin,TOR,2,16.0,5.0,0.0
Nae'Qwan Tomlin,UTA,2,8.5,3.0,1.5
Nae'Qwan Tomlin,WAS,4,10.0,4.5,1.5
Naji Marshall,ATL,9,10.6,3.6,4.0
Naji Marshall,BKN,10,18.0,4.4,5.0
Naji Marshall,BOS,8,10.2,4.0,2.6
Naji Marshall,CHA,8,7.6,4.2,3.0
Naji Marshall,CHI,8,9.2,3.4,1.8
Naji Marshall,CLE,7,15.0,5.8,3.4
Naji Marshall,DAL,11,9.2,3.8,2.2
Naji Marshall,DEN,16,16.2,4.4,3.8
Naji Marshall,DET,8,12.6,5.4,2.0
Naji Marshall,GSW,13,15.8,6.0,3.8
Naji Marshall,HOU,17,12.6,3.8,2.8
Naji Marshall,IND,9,12.2,4.2,2.8
Naji Marshall,LAC,17,17.8,4.4,2.0
Naji Marshall,LAL,16,18.4,6.0,4.6
Naji Marshall,MEM,16,9.8,5.0,3.0
Naji Marshall,MIA,8,14.0,6.2,2.0
Naji Marshall,MIL,8,9.2,4.8,2.0
Naji Marshall,MIN,14,9.6,3.8,1.4
Naji Marshall,NOP,8,15.6,6.6,4.8
Naji Marshall,NYK,8,21.4,5.4,2.0
Naji Marshall,OKC,10,14.6,4.6,1.6
Naji Marshall,ORL,8,6.6,4.0,3.6
Naji Marshall,PHI,10,18.0,5.2,3.4
Naji Marshall,PHX,15,19.8,5.0,3.4
Naji Marshall,POR,13,12.0,4.4,3.2
Naji Marshall,SAC,17,17.8,6.0,3.8
Naji Marshall,SAS,18,15.8,3.6,3.0
Naji Marshall,TOR,8,9.2,3.2,3.6
Naji Marshall,UTA,16,14.6,3.4,3.2
Naji Marshall,WAS,7,14.8,5.0,3.4
Nassir Little,ATL,3,10.0,3.6666666666666665,0.6666666666666666
Nassir Little,BKN,5,6.2,3.4,1.2
Nassir Little,BOS,3,3.3333333333333335,4.0,0.6666666666666666
Nassir Little,CHA,4,4.0,5.0,1.75
Nassir Little,CHI,3,3.3333333333333335,3.6666666666666665,0.0
Nassir Little,CLE,4,3.25,2.75,0.25
Nassir Little,DAL,6,3.8,0.6,0.2
Nassir Little,DEN,6,8.4,3.0,0.6
Nassir Little,DET,2,4.5,2.5,0.5
Nassir Little,GSW,6,9.4,3.6,1.0
Nassir Little,HOU,4,8.5,8.0,1.75
Nassir Little,IND,1,7.0,4.0,0.0
Nassir Little,LAC,7,2.2,0.8,0.2
Nassir Little,LAL,9,4.2,1.0,0.6
Nassir Little,MEM,7,4.6,4.0,1.4
Nassir Little,MIA,4,4.5,1.75,0.75
Nassir Little,MIL,3,4.666666666666667,1.0,1.0
Nassir Little,MIN,5,7.2,2.2,0.4
Nassir Little,NOP,5,6.4,3.0,1.6
Nassir Little,NYK,4,4.0,2.25,0.5
Nassir Little,OKC,3,14.333333333333334,4.0,0.6666666666666666
Nassir Little,ORL,3,8.0,5.333333333333333,2.3333333333333335
Nassir Little,PHI,6,5.2,2.6,0.0
Nassir Little,PHX,6,8.2,3.6,1.4
Nassir Little,POR,2,8.5,3.5,0.0
Nassir Little,SAC,10,5.2,1.2,0.0
Nassir Little,SAS,4,5.0,1.75,1.25
Nassir Little,TOR,3,11.666666666666666,3.6666666666666665,2.0
Nassir Little,UTA,8,6.4,2.2,1.0
Nassir Little,WAS,5,4.8,3.2,1.4
Nate Hinton,BKN,1,0.0,0.0,0.0
Nate Hinton,CHA,1,2.0,3.0,1.0
Nate Hinton,CHI,1,0.0,0.0,0.0
Nate Hinton,DAL,2,1.5,2.0,0.5
Nate Hinton,DEN,1,3.0,1.0,0.0
Nate Hinton,LAC,1,2.0,5.0,4.0
Nate Hinton,LAL,2,0.0,1.0,0.0
Nate Hinton,MEM,1,10.0,3.0,2.0
Nate Hinton,MIA,1,0.0,3.0,0.0
Nate Hinton,MIN,1,5.0,1.0,2.0
Nate Hinton,NOP,1,0.0,0.0,0.0
Nate Hinton,ORL,1,0.0,0.0,0.0
Nate Hinton,SAC,2,3.0,0.0,0.0
Nate Hinton,TOR,1,2.0,0.0,0.0
Nate Williams,ATL,2,13.5,3.0,1.0
Nate Williams,BOS,3,4.0,1.6666666666666667,0.3333333333333333
Nate Williams,CHI,2,3.0,1.5,0.0
Nate Williams,CLE,1,0.0,0.0,0.0
Nate Williams,DAL,2,1.0,0.5,1.0
Nate Williams,DEN,4,4.5,1.75,1.0
Nate Williams,GSW,4,8.0,2.0,1.5
Nate Williams,HOU,1,2.0,3.0,0.0
Nate Williams,IND,2,0.5,0.0,0.0
Nate Williams,LAC,5,10.6,1.6,0.8
Nate Williams,LAL,4,10.25,1.75,1.75
Nate Williams,MEM,4,2.25,0.75,1.25
Nate Williams,MIA,1,2.0,2.0,0.0
Nate Williams,MIN,1,7.0,5.0,0.0
Nate Williams,NOP,2,1.5,0.5,0.5
Nate Williams,NYK,2,1.0,0.5,0.0
Nate Williams,OKC,3,3.3333333333333335,0.3333333333333333,0.3333333333333333
Nate Williams,ORL,3,1.3333333333333333,0.0,0.0
Nate Williams,PHI,1,2.0,1.0,1.0
Nate Williams,PHX,1,0.0,0.0,0.0
Nate Williams,POR,3,0.0,0.6666666666666666,0.0
Nate Williams,SAS,3,12.0,2.6666666666666665,1.6666666666666667
Nate Williams,UTA,3,6.333333333333333,2.3333333333333335,0.3333333333333333
Nate Williams,WAS,4,1.25,0.5,0.0
Nathan Knight,ATL,1,0.0,1.0,0.0
Nathan Knight,BKN,2,1.5,3.5,0.0
Nathan Knight,BOS,3,8.333333333333334,4.333333333333333,1.3333333333333333
Nathan Knight,CHA,1,2.0,0.0,0.0
Nathan Knight,CHI,2,16.5,5.0,3.0
Nathan Knight,CLE,1,4.0,3.0,0.0
Nathan Knight,DAL,3,2.3333333333333335,2.6666666666666665,0.3333333333333333
Nathan Knight,DEN,5,5.8,2.8,1.0
Nathan Knight,DET,1,5.0,2.0,0.0
Nathan Knight,GSW,4,0.75,1.25,0.0
Nathan Knight,HOU,4,7.0,2.25,0.25
Nathan Knight,IND,1,0.0,0.0,0.0
Nathan Knight,LAC,4,2.0,1.25,0.5
Nathan Knight,LAL,4,3.75,3.0,0.0
Nathan Knight,MEM,3,5.333333333333333,1.6666666666666667,1.0
Nathan Knight,MIL,2,3.0,0.0,0.0
Nathan Knight,NOP,4,1.75,0.0,0.5
Nathan Knight,NYK,2,4.0,4.0,1.0
Nathan Knight,OKC,5,3.2,2.4,0.6
Nathan Knight,ORL,3,0.6666666666666666,1.0,0.0
Nathan Knight,PHX,1,0.0,2.0,0.0
Nathan Knight,POR,2,4.0,1.5,0.5
Nathan Knight,SAC,4,1.0,0.25,0.0
Nathan Knight,SAS,4,2.25,0.5,0.0
Nathan Knight,TOR,2,6.0,2.5,0.0
Nathan Knight,UTA,6,5.0,2.0,1.0
Nathan Knight,WAS,1,2.0,1.0,0.0
Nathan Mensah,CHI,3,2.3333333333333335,2.3333333333333335,0.0
Nathan Mensah,DEN,2,1.0,2.5,0.0
Nathan Mensah,DET,1,0.0,2.0,0.0
Nathan Mensah,HOU,1,0.0,0.0,1.0
Nathan Mensah,IND,2,2.0,1.0,0.0
Nathan Mensah,LAC,1,0.0,1.0,0.0
Nathan Mensah,LAL,1,2.0,1.0,0.0
Nathan Mensah,MIA,1,2.0,2.0,0.0
Nathan Mensah,MIL,1,4.0,4.0,0.0
Nathan Mensah,MIN,1,2.0,3.0,1.0
Nathan Mensah,NOP,2,3.0,4.5,0.0
Nathan Mensah,NYK,1,0.0,1.0,0.0
Nathan Mensah,OKC,1,0.0,1.0,0.0
Nathan Mensah,PHI,2,1.0,5.5,1.5
Nathan Mensah,SAC,2,1.0,2.5,0.5
Nathan Mensah,SAS,2,0.0,5.0,1.5
Nathan Mensah,TOR,1,0.0,1.0,0.0
Naz Reid,ATL,9,14.0,4.4,2.0
Naz Reid,BKN,9,12.0,4.6,1.8
Naz Reid,BOS,9,13.0,7.0,2.0
Naz Reid,CHA,10,13.4,5.8,1.2
Naz Reid,CHI,10,18.6,5.6,3.8
Naz Reid,CLE,9,15.6,4.4,3.4
Naz Reid,DAL,18,18.0,7.6,2.0
Naz Reid,DEN,17,13.8,6.0,2.4
Naz Reid,DET,10,11.8,5.0,2.0
Naz Reid,GSW,19,12.0,6.0,3.2
Naz Reid,HOU,16,18.0,8.8,2.6
Naz Reid,IND,9,17.4,5.4,1.4
Naz Reid,LAC,18,14.8,7.0,1.8
Naz Reid,LAL,15,7.2,6.6,1.2
Naz Reid,MEM,18,12.6,6.8,2.0
Naz Reid,MIA,10,17.2,4.2,2.2
Naz Reid,MIL,10,15.6,6.0,2.0
Naz Reid,NOP,16,13.6,5.4,5.0
Naz Reid,NYK,10,8.8,5.8,1.0
Naz Reid,OKC,19,14.6,6.0,2.0
Naz Reid,ORL,10,12.2,5.6,1.6
Naz Reid,PHI,9,13.4,5.2,1.2
Naz Reid,PHX,14,8.4,6.2,3.2
Naz Reid,POR,17,12.6,4.8,1.8
Naz Reid,SAC,18,18.0,7.8,2.4
Naz Reid,SAS,15,12.6,5.4,2.2
Naz Reid,TOR,10,12.8,5.8,1.4
Naz Reid,UTA,19,8.2,7.0,3.0
Naz Reid,WAS,10,12.0,4.4,1.0
Neemias Queta,ATL,7,6.2,6.8,1.2
Neemias Queta,BKN,9,8.0,5.6,1.8
Neemias Queta,BOS,1,6.0,2.0,0.0
Neemias Queta,CHA,9,8.0,4.4,1.8
Neemias Queta,CHI,6,5.4,4.4,0.6
Neemias Queta,CLE,4,7.5,8.25,1.75
Neemias Queta,DAL,3,10.0,8.333333333333334,1.3333333333333333
Neemias Queta,DEN,6,6.4,7.2,0.4
Neemias Queta,DET,7,4.8,4.8,1.4
Neemias Queta,GSW,6,8.8,6.2,1.0
Neemias Queta,HOU,6,5.6,6.0,1.0
Neemias Queta,IND,9,10.8,7.0,1.6
Neemias Queta,LAC,7,10.6,7.2,1.8
Neemias Queta,LAL,7,6.6,5.4,1.6
Neemias Queta,MEM,6,7.6,7.2,0.8
Neemias Queta,MIA,10,8.8,8.2,1.8
Neemias Queta,MIL,7,10.4,7.4,1.2
Neemias Queta,MIN,3,10.333333333333334,11.0,0.3333333333333333
Neemias Queta,NOP,4,5.5,6.75,0.75
Neemias Queta,NYK,7,8.2,7.2,0.8
Neemias Queta,OKC,2,8.5,7.5,1.0
Neemias Queta,ORL,7,7.4,5.2,1.0
Neemias Queta,PHI,10,12.8,9.6,1.8
Neemias Queta,PHX,5,6.2,5.4,1.8
Neemias Queta,POR,4,5.0,4.25,1.75
Neemias Queta,SAC,5,6.2,6.0,0.4
Neemias Queta,SAS,5,5.0,5.4,0.6
Neemias Queta,TOR,9,12.2,6.8,1.6
Neemias Queta,UTA,5,5.8,4.0,0.6
Neemias Queta,WAS,10,12.4,5.6,2.4
Nemanja Bjelica,ATL,1,7.0,2.0,0.0
Nemanja Bjelica,BKN,1,0.0,2.0,1.0
Nemanja Bjelica,BOS,1,7.0,4.0,3.0
Nemanja Bjelica,CHA,2,5.0,2.0,1.5
Nemanja Bjelica,CHI,2,6.0,7.0,5.5
Nemanja Bjelica,CLE,2,7.0,3.0,1.5
Nemanja Bjelica,DAL,4,4.75,5.0,2.0
Nemanja Bjelica,DEN,4,2.75,4.5,2.5
Nemanja Bjelica,DET,2,11.0,7.5,1.0
Nemanja Bjelica,HOU,2,5.5,3.0,2.5
Nemanja Bjelica,IND,2,5.5,4.0,1.0
Nemanja Bjelica,LAC,4,4.5,3.25,1.75
Nemanja Bjelica,LAL,3,8.333333333333334,6.333333333333333,3.3333333333333335
Nemanja Bjelica,MEM,4,6.25,4.75,1.5
Nemanja Bjelica,MIA,2,9.5,4.5,2.5
Nemanja Bjelica,MIL,2,3.0,3.0,4.0
Nemanja Bjelica,MIN,3,6.666666666666667,2.3333333333333335,2.3333333333333335
Nemanja Bjelica,NOP,3,8.666666666666666,5.333333333333333,3.6666666666666665
Nemanja Bjelica,NYK,2,8.0,4.0,3.5
Nemanja Bjelica,OKC,2,4.0,5.0,1.5
Nemanja Bjelica,ORL,2,5.5,3.5,1.0
Nemanja Bjelica,PHI,2,2.5,1.5,1.0
Nemanja Bjelica,PHX,4,6.75,4.5,2.25
Nemanja Bjelica,POR,3,5.666666666666667,3.3333333333333335,2.0
Nemanja Bjelica,SAC,3,8.333333333333334,6.0,3.0
Nemanja Bjelica,SAS,3,10.0,4.0,2.6666666666666665
Nemanja Bjelica,TOR,2,5.5,2.0,1.5
Nemanja Bjelica,UTA,3,4.333333333333333,3.6666666666666665,1.6666666666666667
Nemanja Bjelica,WAS,1,7.0,5.0,3.0
Nerlens Noel,BKN,1,0.0,3.0,0.0
Nerlens Noel,BOS,2,3.5,5.0,0.5
Nerlens Noel,CHI,1,6.0,5.0,2.0
Nerlens Noel,CLE,4,2.25,6.5,0.25
Nerlens Noel,DAL,1,4.0,6.0,0.0
Nerlens Noel,DEN,2,3.0,2.5,0.5
Nerlens Noel,DET,1,2.0,3.0,2.0
Nerlens Noel,GSW,1,3.0,7.0,0.0
Nerlens Noel,HOU,3,1.3333333333333333,4.666666666666667,0.3333333333333333
Nerlens Noel,IND,1,2.0,6.0,2.0
Nerlens Noel,LAC,1,8.0,7.0,0.0
Nerlens Noel,LAL,3,3.0,3.6666666666666665,0.6666666666666666
Nerlens Noel,MEM,1,0.0,2.0,1.0
Nerlens Noel,MIL,7,2.8,4.0,1.4
Nerlens Noel,MIN,1,2.0,5.0,2.0
Nerlens Noel,NOP,1,4.0,1.0,1.0
Nerlens Noel,ORL,1,1.0,0.0,0.0
Nerlens Noel,PHI,3,5.666666666666667,3.6666666666666665,0.3333333333333333
Nerlens Noel,PHX,2,3.0,3.5,0.0
Nerlens Noel,POR,1,0.0,0.0,0.0
Nerlens Noel,SAC,1,2.0,5.0,5.0
Nerlens Noel,SAS,1,2.0,9.0,3.0
Nerlens Noel,TOR,1,6.0,2.0,0.0
Nerlens Noel,UTA,1,0.0,3.0,0.0
Nic Claxton,ATL,16,12.8,6.0,2.2
Nic Claxton,BOS,15,12.2,8.8,4.6
Nic Claxton,CHA,15,11.6,5.8,2.8
Nic Claxton,CHI,11,15.8,10.2,5.4
Nic Claxton,CLE,13,9.0,7.2,3.6
Nic Claxton,DAL,10,13.6,6.8,4.8
Nic Claxton,DEN,7,11.2,10.2,3.6
Nic Claxton,DET,16,8.0,5.2,2.6
Nic Claxton,GSW,8,13.0,7.8,3.6
Nic Claxton,HOU,10,11.6,6.6,2.6
Nic Claxton,IND,13,10.6,9.8,3.0
Nic Claxton,LAC,9,8.6,5.6,2.2
Nic Claxton,LAL,10,11.0,6.4,2.0
Nic Claxton,MEM,9,11.0,6.4,3.2
Nic Claxton,MIA,14,12.2,8.0,3.0
Nic Claxton,MIL,13,13.4,7.0,3.0
Nic Claxton,MIN,8,15.8,7.6,4.4
Nic Claxton,NOP,8,11.6,7.2,3.6
Nic Claxton,NYK,16,8.8,4.4,1.4
Nic Claxton,OKC,6,13.0,10.4,2.2
Nic Claxton,ORL,15,9.8,5.8,1.4
Nic Claxton,PHI,18,15.2,8.6,2.8
Nic Claxton,PHX,8,11.2,8.2,4.2
Nic Claxton,POR,9,13.2,8.6,1.8
Nic Claxton,SAC,7,8.4,9.0,2.0
Nic Claxton,SAS,9,10.0,8.6,2.2
Nic Claxton,TOR,17,16.2,9.4,2.8
Nic Claxton,UTA,10,10.6,9.0,2.6
Nic Claxton,WAS,13,11.6,7.4,3.2
Nick Richards,ATL,12,9.2,8.4,1.0
Nick Richards,BKN,9,7.8,7.4,0.6
Nick Richards,BOS,10,5.4,5.2,0.2
Nick Richards,CHA,1,6.0,5.0,0.0
Nick Richards,CHI,12,9.4,6.4,0.6
Nick Richards,CLE,12,8.4,5.8,0.4
Nick Richards,DAL,7,10.0,8.6,0.8
Nick Richards,DEN,10,8.4,5.6,0.0
Nick Richards,DET,12,13.4,8.6,1.6
Nick Richards,GSW,8,8.4,8.6,0.6
Nick Richards,HOU,12,6.8,7.4,0.2
Nick Richards,IND,11,8.4,8.4,0.8
Nick Richards,LAC,12,7.0,4.8,0.2
Nick Richards,LAL,7,8.2,6.0,0.6
Nick Richards,MEM,11,5.0,5.0,0.6
Nick Richards,MIA,11,5.2,7.2,0.4
Nick Richards,MIL,10,9.8,8.6,0.4
Nick Richards,MIN,8,4.0,4.8,0.8
Nick Richards,NOP,9,8.6,9.6,1.4
Nick Richards,NYK,11,8.2,7.0,0.8
Nick Richards,OKC,10,4.2,6.4,0.4
Nick Richards,ORL,8,6.6,4.4,0.8
Nick Richards,PHI,13,12.8,8.2,1.0
Nick Richards,PHX,9,7.2,9.0,0.6
Nick Richards,POR,6,9.2,7.8,0.6
Nick Richards,SAC,8,7.2,6.6,1.0
Nick Richards,SAS,7,6.6,5.6,0.6
Nick Richards,TOR,11,10.8,7.4,1.0
Nick Richards,UTA,8,11.2,9.4,0.8
Nick Richards,WAS,12,9.2,10.6,0.6
Nick Smith Jr.,ATL,8,6.4,2.0,2.4
Nick Smith Jr.,BKN,5,9.4,2.0,2.4
Nick Smith Jr.,BOS,5,8.8,2.0,1.2
Nick Smith Jr.,CHA,1,0.0,0.0,0.0
Nick Smith Jr.,CHI,5,10.6,3.0,1.8
Nick Smith Jr.,CLE,6,11.0,2.6,1.4
Nick Smith Jr.,DAL,4,7.75,1.75,2.25
Nick Smith Jr.,DEN,4,14.75,2.0,2.25
Nick Smith Jr.,DET,4,2.25,1.0,1.0
Nick Smith Jr.,GSW,4,6.75,0.5,0.75
Nick Smith Jr.,HOU,2,7.0,0.5,0.0
Nick Smith Jr.,IND,4,2.0,1.0,0.75
Nick Smith Jr.,LAC,4,7.75,1.5,1.0
Nick Smith Jr.,LAL,4,6.75,2.0,3.75
Nick Smith Jr.,MEM,4,6.25,0.75,2.25
Nick Smith Jr.,MIA,5,6.6,1.6,1.0
Nick Smith Jr.,MIL,4,10.25,1.75,1.5
Nick Smith Jr.,MIN,4,7.25,1.75,1.5
Nick Smith Jr.,NOP,4,6.75,2.25,1.75
Nick Smith Jr.,NYK,7,6.6,1.4,1.0
Nick Smith Jr.,OKC,3,12.333333333333334,0.0,1.6666666666666667
Nick Smith Jr.,ORL,5,4.6,0.8,1.6
Nick Smith Jr.,PHI,4,4.0,1.0,1.25
Nick Smith Jr.,PHX,7,7.0,2.0,1.0
Nick Smith Jr.,POR,6,12.6,2.2,3.8
Nick Smith Jr.,SAC,5,10.2,1.4,1.0
Nick Smith Jr.,SAS,7,11.2,2.2,2.4
Nick Smith Jr.,TOR,6,11.8,1.8,2.8
Nick Smith Jr.,UTA,5,3.6,0.2,2.8
Nick Smith Jr.,WAS,5,8.6,2.0,1.6
Nickeil Alexander-Walker,ATL,8,6.8,3.4,2.0
Nickeil Alexander-Walker,BKN,12,16.8,2.8,3.6
Nickeil Alexander-Walker,BOS,12,16.0,2.8,4.0
Nickeil Alexander-Walker,CHA,10,15.4,4.4,4.6
Nickeil Alexander-Walker,CHI,11,12.8,2.2,2.0
Nickeil Alexander-Walker,CLE,11,19.0,3.4,2.2
Nickeil Alexander-Walker,DAL,13,15.4,2.2,2.8
Nickeil Alexander-Walker,DEN,16,18.2,4.8,3.2
Nickeil Alexander-Walker,DET,11,20.8,2.8,2.2
Nickeil Alexander-Walker,GSW,16,13.4,1.6,1.0
Nickeil Alexander-Walker,HOU,13,14.0,4.2,3.0
Nickeil Alexander-Walker,IND,10,15.4,4.0,3.2
Nickeil Alexander-Walker,LAC,17,14.4,4.6,2.0
Nickeil Alexander-Walker,LAL,14,14.2,2.8,2.2
Nickeil Alexander-Walker,MEM,14,12.0,3.2,3.8
Nickeil Alexander-Walker,MIA,8,15.6,3.4,2.8
Nickeil Alexander-Walker,MIL,11,16.8,3.6,3.0
Nickeil Alexander-Walker,MIN,8,11.8,3.8,4.0
Nickeil Alexander-Walker,NOP,13,11.0,3.6,3.2
Nickeil Alexander-Walker,NYK,11,20.4,2.2,1.8
Nickeil Alexander-Walker,OKC,14,20.0,4.0,2.8
Nickeil Alexander-Walker,ORL,10,24.8,3.2,2.6
Nickeil Alexander-Walker,PHI,12,18.2,4.4,5.6
Nickeil Alexander-Walker,PHX,13,14.0,2.4,3.4
Nickeil Alexander-Walker,POR,15,13.6,3.8,4.4
Nickeil Alexander-Walker,SAC,14,14.0,3.4,4.2
Nickeil Alexander-Walker,SAS,14,18.8,2.6,3.2
Nickeil Alexander-Walker,TOR,10,16.2,3.8,2.8
Nickeil Alexander-Walker,UTA,13,13.8,3.4,4.4
Nickeil Alexander-Walker,WAS,12,12.2,3.0,4.2
Nicolas Batum,ATL,10,5.8,3.6,1.4
Nicolas Batum,BKN,9,3.4,3.4,1.6
Nicolas Batum,BOS,8,4.0,3.4,0.8
Nicolas Batum,CHA,10,7.0,4.4,1.8
Nicolas Batum,CHI,11,1.8,3.0,1.8
Nicolas Batum,CLE,11,3.6,3.8,1.6
Nicolas Batum,DAL,14,3.8,3.4,0.2
Nicolas Batum,DEN,15,5.4,2.0,1.0
Nicolas Batum,DET,11,5.6,2.8,0.6
Nicolas Batum,GSW,13,4.2,3.2,1.4
Nicolas Batum,HOU,14,5.4,2.2,0.6
Nicolas Batum,IND,9,2.6,2.6,0.2
Nicolas Batum,LAC,1,9.0,4.0,3.0
Nicolas Batum,LAL,17,3.0,2.2,0.6
Nicolas Batum,MEM,14,3.2,1.8,1.2
Nicolas Batum,MIA,10,2.4,2.4,2.0
Nicolas Batum,MIL,8,2.8,2.6,1.4
Nicolas Batum,MIN,13,3.0,3.2,0.6
Nicolas Batum,NOP,12,5.2,3.2,1.4
Nicolas Batum,NYK,12,5.8,1.6,0.4
Nicolas Batum,OKC,15,2.4,1.0,0.8
Nicolas Batum,ORL,9,2.6,3.4,0.8
Nicolas Batum,PHI,8,5.8,2.6,1.4
Nicolas Batum,PHX,16,3.6,3.4,1.0
Nicolas Batum,POR,15,1.8,2.0,0.4
Nicolas Batum,SAC,13,4.8,3.0,0.8
Nicolas Batum,SAS,17,5.4,2.8,0.4
Nicolas Batum,TOR,8,9.2,3.2,1.4
Nicolas Batum,UTA,15,6.2,2.6,0.4
Nicolas Batum,WAS,11,4.4,3.2,1.0
Nigel Hayes-Davis,BKN,1,1.0,1.0,0.0
Nigel Hayes-Davis,CLE,2,2.5,1.5,0.0
Nigel Hayes-Davis,DEN,2,2.0,3.5,1.0
Nigel Hayes-Davis,DET,1,0.0,2.0,0.0
Nigel Hayes-Davis,GSW,1,0.0,0.0,0.0
Nigel Hayes-Davis,HOU,2,1.5,1.0,0.0
Nigel Hayes-Davis,IND,1,0.0,1.0,1.0
Nigel Hayes-Davis,LAC,2,3.5,1.0,0.0
Nigel Hayes-Davis,LAL,2,2.0,1.0,1.0
Nigel Hayes-Davis,MEM,1,4.0,0.0,2.0
Nigel Hayes-Davis,MIA,1,0.0,1.0,0.0
Nigel Hayes-Davis,NOP,1,2.0,1.0,0.0
Nigel Hayes-Davis,OKC,2,0.0,1.5,0.0
Nigel Hayes-Davis,POR,1,0.0,3.0,0.0
Nigel Hayes-Davis,SAC,2,0.0,1.0,0.0
Nigel Hayes-Davis,SAS,1,0.0,1.0,0.0
Nigel Hayes-Davis,UTA,2,1.0,0.5,0.0
Nigel Hayes-Davis,WAS,2,1.0,0.5,0.0
Nik Stauskas,CHA,1,0.0,0.0,0.0
Nik Stauskas,DEN,1,0.0,0.0,0.0
Nik Stauskas,DET,1,1.0,0.0,0.0
Nik Stauskas,GSW,1,3.0,0.0,0.0
Nik Stauskas,HOU,1,6.0,2.0,1.0
Nik Stauskas,SAC,2,2.5,0.5,0.0
Nik Stauskas,UTA,1,3.0,0.0,1.0
Nikola Jokić,ATL,9,31.0,12.4,10.2
Nikola Jokić,BKN,8,28.6,14.4,11.6
Nikola Jokić,BOS,8,29.2,12.4,9.4
Nikola Jokić,CHA,9,23.2,12.0,10.4
Nikola Jokić,CHI,8,24.6,13.8,11.8
Nikola Jokić,CLE,9,24.0,15.2,11.6
Nikola Jokić,DAL,15,22.0,16.0,13.0
Nikola Jokić,DET,9,19.4,10.6,9.6
Nikola Jokić,GSW,16,28.0,13.8,9.6
Nikola Jokić,HOU,15,26.4,10.2,8.8
Nikola Jokić,IND,8,29.2,11.8,13.8
Nikola Jokić,LAC,16,30.4,12.4,6.0
Nikola Jokić,LAL,14,25.2,12.2,10.0
Nikola Jokić,MEM,16,22.4,14.2,11.8
Nikola Jokić,MIA,10,24.0,11.4,10.8
Nikola Jokić,MIL,6,31.2,11.6,10.2
Nikola Jokić,MIN,19,40.8,14.0,11.0
Nikola Jokić,NOP,15,28.2,11.6,10.4
Nikola Jokić,NYK,9,27.4,9.8,7.8
Nikola Jokić,OKC,17,26.0,13.8,10.4
Nikola Jokić,ORL,10,26.8,12.0,11.0
Nikola Jokić,PHI,9,22.8,12.8,9.4
Nikola Jokić,PHX,14,24.0,14.4,14.6
Nikola Jokić,POR,17,27.2,13.2,10.6
Nikola Jokić,SAC,18,33.8,11.8,9.4
Nikola Jokić,SAS,17,32.2,10.8,9.2
Nikola Jokić,TOR,9,31.2,12.8,8.8
Nikola Jokić,UTA,19,22.2,14.2,9.6
Nikola Jokić,WAS,8,38.0,14.4,9.4
Nikola Jović,ATL,6,8.6,3.8,1.4
Nikola Jović,BKN,5,9.8,4.0,3.8
Nikola Jović,BOS,4,4.0,4.0,0.25
Nikola Jović,CHA,5,7.6,4.2,2.6
Nikola Jović,CHI,4,7.5,2.0,1.0
Nikola Jović,CLE,6,8.6,4.2,2.8
Nikola Jović,DAL,5,3.2,2.2,1.4
Nikola Jović,DEN,6,11.4,3.2,3.0
Nikola Jović,DET,7,4.4,3.4,1.4
Nikola Jović,GSW,5,9.6,3.0,2.8
Nikola Jović,HOU,4,8.0,5.5,3.25
Nikola Jović,IND,6,11.2,3.8,3.0
Nikola Jović,LAC,4,3.75,2.5,2.0
Nikola Jović,LAL,4,9.0,3.75,2.75
Nikola Jović,MEM,1,20.0,6.0,4.0
Nikola Jović,MIL,4,11.0,3.75,1.25
Nikola Jović,MIN,6,11.0,5.6,2.4
Nikola Jović,NOP,5,9.6,3.6,2.4
Nikola Jović,NYK,6,5.8,3.8,3.6
Nikola Jović,OKC,6,8.2,3.4,2.2
Nikola Jović,ORL,8,7.6,3.4,1.4
Nikola Jović,PHI,4,10.0,4.0,3.0
Nikola Jović,PHX,4,5.0,3.5,0.5
Nikola Jović,POR,7,14.4,5.6,5.0
Nikola Jović,SAC,5,7.2,2.2,1.6
Nikola Jović,SAS,5,6.2,2.2,2.0
Nikola Jović,TOR,8,9.2,3.4,1.8
Nikola Jović,UTA,6,11.8,3.4,2.6
Nikola Jović,WAS,8,6.8,4.2,2.6
Nikola Topić,BKN,1,9.0,3.0,2.0
Nikola Topić,CLE,1,2.0,2.0,3.0
Nikola Topić,DEN,1,14.0,2.0,11.0
Nikola Topić,DET,1,0.0,2.0,4.0
Nikola Topić,LAL,2,1.0,1.5,2.5
Nikola Topić,MIL,1,2.0,1.0,1.0
Nikola Topić,PHX,1,18.0,4.0,14.0
Nikola Topić,TOR,1,3.0,0.0,0.0
Nikola Topić,UTA,1,2.0,2.0,4.0
Nikola Vučević,ATL,17,16.8,11.2,5.2
Nikola Vučević,BKN,17,17.4,8.4,3.6
Nikola Vučević,BOS,16,14.4,11.4,4.2
Nikola Vučević,CHA,19,12.6,7.0,3.6
Nikola Vučević,CHI,1,19.0,11.0,3.0
Nikola Vučević,CLE,17,19.6,9.0,3.0
Nikola Vučević,DAL,10,13.4,7.4,2.6
Nikola Vučević,DEN,9,13.8,10.2,4.0
Nikola Vučević,DET,19,16.6,11.4,3.0
Nikola Vučević,GSW,9,14.0,6.4,2.6
Nikola Vučević,HOU,9,14.4,9.8,3.8
Nikola Vučević,IND,16,14.0,7.8,2.8
Nikola Vučević,LAC,7,18.8,8.2,4.0
Nikola Vučević,LAL,9,14.6,9.4,2.6
Nikola Vučević,MEM,8,18.4,9.2,3.6
Nikola Vučević,MIA,17,12.8,7.8,3.8
Nikola Vučević,MIL,19,16.4,8.6,3.4
Nikola Vučević,MIN,9,17.4,7.4,3.4
Nikola Vučević,NOP,11,17.2,9.2,3.4
Nikola Vučević,NYK,16,17.0,8.2,1.8
Nikola Vučević,OKC,8,15.0,10.6,3.0
Nikola Vučević,ORL,16,17.8,10.8,4.2
Nikola Vučević,PHI,14,13.4,9.8,1.0
Nikola Vučević,PHX,9,18.6,8.8,3.0
Nikola Vučević,POR,8,22.2,9.4,2.8
Nikola Vučević,SAC,9,17.8,12.0,4.6
Nikola Vučević,SAS,10,22.8,9.6,4.4
Nikola Vučević,TOR,15,17.0,8.0,3.4
Nikola Vučević,UTA,10,22.4,10.2,3.8
Nikola Vučević,WAS,14,19.4,12.6,5.2
Nique Clifford,ATL,2,6.0,4.0,4.5
Nique Clifford,BKN,2,12.0,5.5,3.0
Nique Clifford,BOS,2,7.5,2.5,1.0
Nique Clifford,CHA,1,18.0,4.0,8.0
Nique Clifford,CHI,1,8.0,6.0,3.0
Nique Clifford,CLE,2,17.0,2.5,2.0
Nique Clifford,DAL,3,8.0,6.0,2.6666666666666665
Nique Clifford,DEN,4,4.25,2.5,1.5
Nique Clifford,DET,2,14.5,2.5,0.5
Nique Clifford,GSW,4,12.5,3.75,3.0
Nique Clifford,HOU,4,7.75,2.5,1.75
Nique Clifford,IND,2,9.5,3.5,1.0
Nique Clifford,LAC,4,15.75,3.0,3.25
Nique Clifford,LAL,3,12.333333333333334,5.0,2.3333333333333335
Nique Clifford,MEM,4,9.75,3.0,3.25
Nique Clifford,MIA,2,12.0,4.5,0.5
Nique Clifford,MIL,2,3.5,2.5,0.5
Nique Clifford,MIN,4,3.25,2.75,1.75
Nique Clifford,NOP,3,13.333333333333334,5.0,5.0
Nique Clifford,NYK,2,3.5,3.5,0.5
Nique Clifford,OKC,2,0.0,1.5,1.0
Nique Clifford,ORL,1,5.0,2.0,1.0
Nique Clifford,PHI,1,2.0,6.0,2.0
Nique Clifford,PHX,4,3.75,4.75,2.0
Nique Clifford,POR,4,11.0,4.0,2.0
Nique Clifford,SAS,3,8.0,4.333333333333333,3.6666666666666665
Nique Clifford,TOR,2,6.5,4.5,3.0
Nique Clifford,UTA,3,5.333333333333333,4.666666666666667,2.6666666666666665
Nique Clifford,WAS,2,7.5,5.0,3.5
Noa Essengue,NOP,1,0.0,0.0,0.0
Noa Essengue,WAS,1,0.0,0.0,0.0
Noah Clowney,ATL,5,9.6,5.0,0.6
Noah Clowney,BOS,7,11.6,3.6,0.8
Noah Clowney,CHA,5,6.4,3.2,1.4
Noah Clowney,CHI,6,15.8,7.2,1.4
Noah Clowney,CLE,8,6.4,2.0,1.6
Noah Clowney,DAL,5,10.8,3.6,1.6
Noah Clowney,DEN,3,12.0,4.666666666666667,1.6666666666666667
Noah Clowney,DET,7,15.4,3.0,1.8
Noah Clowney,GSW,1,11.0,5.0,2.0
Noah Clowney,HOU,2,6.5,1.5,0.5
Noah Clowney,IND,7,13.6,5.2,1.0
Noah Clowney,LAC,2,8.0,2.5,1.0
Noah Clowney,LAL,5,8.8,4.6,1.0
Noah Clowney,MEM,4,11.0,3.75,1.0
Noah Clowney,MIA,6,14.8,5.8,1.6
Noah Clowney,MIL,6,12.0,3.2,1.2
Noah Clowney,MIN,2,13.0,5.5,2.0
Noah Clowney,NOP,3,10.333333333333334,6.666666666666667,2.3333333333333335
Noah Clowney,NYK,8,13.2,3.4,1.4
Noah Clowney,OKC,3,6.666666666666667,3.6666666666666665,0.3333333333333333
Noah Clowney,ORL,5,8.4,3.0,1.4
Noah Clowney,PHI,7,7.4,4.6,1.8
Noah Clowney,PHX,2,11.5,3.0,0.0
Noah Clowney,POR,1,20.0,5.0,2.0
Noah Clowney,SAC,4,11.5,5.0,0.5
Noah Clowney,SAS,4,6.5,2.25,1.0
Noah Clowney,TOR,8,13.8,5.2,1.6
Noah Clowney,UTA,4,10.25,4.25,1.5
Noah Clowney,WAS,5,10.4,3.6,1.0
Noah Penda,ATL,3,2.0,1.6666666666666667,1.0
Noah Penda,BKN,2,6.5,6.5,1.0
Noah Penda,BOS,2,6.5,4.0,2.0
Noah Penda,CHA,4,6.0,1.75,2.0
Noah Penda,CHI,2,2.5,2.5,1.0
Noah Penda,CLE,4,2.25,2.0,1.0
Noah Penda,DAL,2,2.0,2.5,0.5
Noah Penda,DEN,2,2.5,4.5,1.0
Noah Penda,DET,2,2.0,1.0,0.0
Noah Penda,GSW,1,5.0,4.0,0.0
Noah Penda,IND,2,2.0,0.5,0.5
Noah Penda,LAL,1,2.0,3.0,0.0
Noah Penda,MEM,2,7.0,3.5,1.0
Noah Penda,MIA,2,5.0,3.0,1.5
Noah Penda,MIL,3,4.333333333333333,4.333333333333333,2.0
Noah Penda,MIN,2,0.0,3.0,0.5
Noah Penda,NOP,1,9.0,6.0,2.0
Noah Penda,NYK,3,0.6666666666666666,2.6666666666666665,1.0
Noah Penda,OKC,2,5.5,3.5,1.5
Noah Penda,PHI,3,6.0,6.0,1.3333333333333333
Noah Penda,PHX,1,0.0,1.0,1.0
Noah Penda,POR,1,8.0,6.0,2.0
Noah Penda,SAC,1,0.0,0.0,0.0
Noah Penda,SAS,2,3.5,2.0,1.0
Noah Penda,TOR,3,1.3333333333333333,2.3333333333333335,0.6666666666666666
Noah Penda,UTA,2,9.5,7.0,2.0
Noah Penda,WAS,4,4.5,3.5,2.0
Noah Vonleh,BKN,1,0.0,1.0,0.0
Noah Vonleh,CHA,1,2.0,2.0,1.0
Noah Vonleh,CHI,1,2.0,5.0,0.0
Noah Vonleh,CLE,1,2.0,1.0,0.0
Noah Vonleh,DEN,2,0.0,0.5,0.0
Noah Vonleh,DET,2,1.0,4.0,1.0
Noah Vonleh,GSW,1,0.0,0.0,1.0
Noah Vonleh,HOU,1,0.0,0.0,0.0
Noah Vonleh,LAC,1,0.0,2.0,0.0
Noah Vonleh,MEM,1,0.0,2.0,1.0
Noah Vonleh,MIA,1,4.0,5.0,0.0
Noah Vonleh,MIN,1,0.0,0.0,0.0
Noah Vonleh,NYK,1,7.0,7.0,0.0
Noah Vonleh,OKC,2,0.0,0.5,0.5
Noah Vonleh,ORL,1,2.0,3.0,0.0
Noah Vonleh,PHI,1,2.0,2.0,0.0
Noah Vonleh,PHX,1,0.0,4.0,0.0
Noah Vonleh,SAC,1,0.0,0.0,0.0
Noah Vonleh,WAS,2,1.0,2.0,0.5
Nolan Traore,ATL,2,12.0,1.5,4.5
Nolan Traore,BOS,3,9.666666666666666,1.6666666666666667,3.3333333333333335
Nolan Traore,CHA,2,6.5,2.5,2.5
Nolan Traore,CHI,3,12.333333333333334,2.0,7.333333333333333
Nolan Traore,CLE,2,12.5,1.0,3.5
Nolan Traore,DAL,3,4.666666666666667,1.6666666666666667,4.0
Nolan Traore,DEN,2,7.0,2.5,4.0
Nolan Traore,DET,3,3.0,1.3333333333333333,2.0
Nolan Traore,GSW,1,9.0,0.0,0.0
Nolan Traore,HOU,2,3.5,0.5,2.5
Nolan Traore,IND,1,20.0,2.0,8.0
Nolan Traore,LAC,1,5.0,2.0,3.0
Nolan Traore,LAL,2,8.0,3.0,5.5
Nolan Traore,MEM,2,10.5,0.5,5.0
Nolan Traore,MIA,2,11.5,2.5,4.5
Nolan Traore,MIL,3,6.333333333333333,2.3333333333333335,1.6666666666666667
Nolan Traore,MIN,2,2.0,0.5,2.0
Nolan Traore,NOP,1,5.0,1.0,1.0
Nolan Traore,NYK,2,5.5,1.5,5.0
Nolan Traore,OKC,2,15.0,2.0,4.5
Nolan Traore,ORL,2,13.5,3.0,4.5
Nolan Traore,PHI,2,5.5,1.0,2.5
Nolan Traore,PHX,1,10.0,1.0,2.0
Nolan Traore,POR,2,2.0,2.0,3.0
Nolan Traore,SAC,2,17.0,2.5,5.0
Nolan Traore,SAS,1,13.0,2.0,3.0
Nolan Traore,TOR,1,8.0,3.0,2.0
Nolan Traore,UTA,1,7.0,2.0,6.0
Nolan Traore,WAS,3,16.666666666666668,2.0,5.333333333333333
Norchad Omier,DAL,1,2.0,1.0,0.0
Norchad Omier,GSW,1,0.0,1.0,0.0
Norchad Omier,IND,1,2.0,3.0,0.0
Norchad Omier,MIN,1,6.0,0.0,1.0
Norchad Omier,POR,1,2.0,1.0,0.0
Norchad Omier,SAC,1,5.0,1.0,1.0
Norman Powell,ATL,8,19.6,3.2,2.0
Norman Powell,BKN,7,15.0,2.8,2.0
Norman Powell,BOS,7,15.8,2.8,2.2
Norman Powell,CHA,9,18.4,3.0,2.2
Norman Powell,CHI,8,20.6,2.0,1.4
Norman Powell,CLE,12,25.6,2.4,3.0
Norman Powell,DAL,14,20.2,3.4,2.2
Norman Powell,DEN,16,24.4,2.0,2.0
Norman Powell,DET,6,19.4,2.4,1.6
Norman Powell,GSW,15,21.2,3.0,1.4
Norman Powell,HOU,11,12.0,3.2,2.2
Norman Powell,IND,8,18.4,3.6,1.2
Norman Powell,LAC,5,23.0,3.2,2.0
Norman Powell,LAL,15,16.0,2.6,2.0
Norman Powell,MEM,13,20.2,3.8,3.0
Norman Powell,MIA,5,20.4,2.8,1.2
Norman Powell,MIL,8,20.4,5.2,1.4
Norman Powell,MIN,11,20.4,3.4,1.6
Norman Powell,NOP,10,22.6,1.6,1.4
Norman Powell,NYK,8,25.4,3.6,2.2
Norman Powell,OKC,11,17.8,2.6,2.6
Norman Powell,ORL,8,23.8,4.4,2.8
Norman Powell,PHI,9,18.4,2.4,2.4
Norman Powell,PHX,14,21.2,5.2,2.4
Norman Powell,POR,9,24.6,3.2,2.8
Norman Powell,SAC,13,20.8,4.2,1.4
Norman Powell,SAS,13,22.2,4.6,2.2
Norman Powell,TOR,9,16.4,3.0,2.6
Norman Powell,UTA,13,25.6,2.8,2.8
Norman Powell,WAS,4,16.5,4.25,2.5
Norvel Pelle,DET,1,0.0,1.0,0.0
Norvel Pelle,IND,1,4.0,4.0,0.0
Norvel Pelle,TOR,1,2.0,1.0,0.0
OG Anunoby,ATL,14,17.6,7.6,2.6
OG Anunoby,BKN,13,16.8,5.6,2.0
OG Anunoby,BOS,15,10.0,4.2,1.6
OG Anunoby,CHA,12,16.0,4.2,1.6
OG Anunoby,CHI,18,19.8,5.6,2.2
OG Anunoby,CLE,14,15.0,5.8,3.2
OG Anunoby,DAL,9,17.6,5.4,1.8
OG Anunoby,DEN,9,28.6,5.2,3.0
OG Anunoby,DET,11,12.2,2.6,2.0
OG Anunoby,GSW,6,18.4,4.0,1.6
OG Anunoby,HOU,6,18.2,5.8,0.8
OG Anunoby,IND,12,21.2,6.0,2.6
OG Anunoby,LAC,7,19.8,5.0,1.2
OG Anunoby,LAL,6,20.4,4.6,1.4
OG Anunoby,MEM,6,18.6,6.0,3.0
OG Anunoby,MIA,15,13.2,4.2,2.2
OG Anunoby,MIL,12,17.8,3.6,3.4
OG Anunoby,MIN,9,17.8,6.6,2.0
OG Anunoby,NOP,8,15.8,6.0,2.4
OG Anunoby,NYK,8,15.2,6.0,2.2
OG Anunoby,OKC,7,13.4,2.4,1.8
OG Anunoby,ORL,13,14.0,5.2,1.6
OG Anunoby,PHI,16,17.4,6.0,2.8
OG Anunoby,PHX,7,19.0,6.4,2.6
OG Anunoby,POR,10,22.2,7.2,2.6
OG Anunoby,SAC,6,17.8,4.2,3.6
OG Anunoby,SAS,7,13.4,5.2,1.8
OG Anunoby,TOR,8,16.6,4.2,1.8
OG Anunoby,UTA,6,20.2,2.0,1.6
OG Anunoby,WAS,16,17.0,4.4,1.6
Obi Toppin,ATL,15,11.0,4.6,2.2
Obi Toppin,BKN,16,13.4,5.4,1.2
Obi Toppin,BOS,13,12.8,4.0,1.6
Obi Toppin,CHA,15,7.0,3.0,1.2
Obi Toppin,CHI,13,10.2,4.6,2.4
Obi Toppin,CLE,16,12.0,4.0,2.0
Obi Toppin,DAL,6,10.0,4.2,1.8
Obi Toppin,DEN,8,10.6,2.4,0.8
Obi Toppin,DET,15,7.2,2.4,1.2
Obi Toppin,GSW,6,5.2,3.4,0.8
Obi Toppin,HOU,6,8.4,3.2,1.6
Obi Toppin,IND,7,17.2,3.2,2.8
Obi Toppin,LAC,9,9.4,5.2,2.8
Obi Toppin,LAL,10,9.6,3.2,1.2
Obi Toppin,MEM,9,9.6,5.2,2.2
Obi Toppin,MIA,15,12.0,3.0,1.0
Obi Toppin,MIL,16,6.4,2.6,2.2
Obi Toppin,MIN,10,15.8,4.6,1.0
Obi Toppin,NOP,9,10.2,4.0,1.2
Obi Toppin,NYK,7,10.0,2.6,1.8
Obi Toppin,OKC,9,12.4,4.6,2.0
Obi Toppin,ORL,15,6.4,2.4,2.0
Obi Toppin,PHI,15,11.4,5.8,2.2
Obi Toppin,PHX,6,12.2,6.2,1.6
Obi Toppin,POR,9,3.8,2.6,1.2
Obi Toppin,SAC,7,12.6,4.4,1.6
Obi Toppin,SAS,7,10.4,3.2,1.8
Obi Toppin,TOR,13,13.0,4.2,1.6
Obi Toppin,UTA,8,5.8,2.2,1.2
Obi Toppin,WAS,14,16.8,5.8,2.4
Ochai Agbaji,ATL,7,2.6,1.8,1.2
Ochai Agbaji,BKN,13,10.8,3.4,1.6
Ochai Agbaji,BOS,10,7.6,3.2,0.8
Ochai Agbaji,CHA,8,5.8,3.6,1.0
Ochai Agbaji,CHI,5,8.8,1.4,0.6
Ochai Agbaji,CLE,10,8.8,3.6,1.2
Ochai Agbaji,DAL,10,8.4,3.0,0.6
Ochai Agbaji,DEN,10,8.2,4.0,1.4
Ochai Agbaji,DET,7,3.6,2.0,1.4
Ochai Agbaji,GSW,6,7.4,2.6,0.4
Ochai Agbaji,HOU,5,7.6,2.2,0.6
Ochai Agbaji,IND,13,6.6,2.8,0.8
Ochai Agbaji,LAC,7,11.0,3.4,1.8
Ochai Agbaji,LAL,10,5.6,4.0,1.2
Ochai Agbaji,MEM,11,10.2,2.4,1.6
Ochai Agbaji,MIA,12,3.6,2.4,1.0
Ochai Agbaji,MIL,10,4.6,2.8,0.8
Ochai Agbaji,MIN,7,8.8,2.8,1.6
Ochai Agbaji,NOP,8,7.2,2.6,0.8
Ochai Agbaji,NYK,12,4.8,3.2,0.6
Ochai Agbaji,OKC,12,6.4,2.8,0.8
Ochai Agbaji,ORL,8,8.4,3.8,1.0
Ochai Agbaji,PHI,9,5.2,3.2,0.8
Ochai Agbaji,PHX,6,3.8,2.8,0.4
Ochai Agbaji,POR,13,7.0,2.6,1.0
Ochai Agbaji,SAC,11,11.8,2.2,1.2
Ochai Agbaji,SAS,9,4.4,2.8,1.6
Ochai Agbaji,TOR,4,7.0,2.75,0.25
Ochai Agbaji,UTA,1,0.0,1.0,0.0
Ochai Agbaji,WAS,9,9.0,3.0,1.2
Olivier Sarr,ATL,2,10.0,7.0,2.5
Olivier Sarr,CHA,2,5.0,5.5,1.5
Olivier Sarr,CHI,1,4.0,4.0,0.0
Olivier Sarr,DAL,1,8.0,3.0,0.0
Olivier Sarr,DEN,4,3.25,1.5,1.0
Olivier Sarr,DET,4,3.25,3.75,0.75
Olivier Sarr,GSW,1,0.0,2.0,0.0
Olivier Sarr,IND,1,4.0,4.0,2.0
Olivier Sarr,LAC,4,1.75,2.25,0.75
Olivier Sarr,LAL,2,1.5,1.0,0.5
Olivier Sarr,MEM,4,7.5,5.5,0.25
Olivier Sarr,MIA,2,0.5,1.5,0.0
Olivier Sarr,MIL,2,1.5,0.5,0.0
Olivier Sarr,MIN,2,2.5,4.0,0.5
Olivier Sarr,NOP,1,0.0,5.0,0.0
Olivier Sarr,ORL,2,6.0,3.0,1.5
Olivier Sarr,PHX,4,7.25,2.0,0.25
Olivier Sarr,POR,3,9.333333333333334,6.333333333333333,0.3333333333333333
Olivier Sarr,SAC,2,8.0,4.5,0.0
Olivier Sarr,SAS,1,8.0,1.0,0.0
Olivier Sarr,TOR,1,0.0,1.0,0.0
Olivier Sarr,UTA,3,4.333333333333333,4.0,0.0
Olivier Sarr,WAS,1,10.0,6.0,2.0
Olivier-Maxence Prosper,ATL,3,2.6666666666666665,1.3333333333333333,0.6666666666666666
Olivier-Maxence Prosper,BKN,1,15.0,4.0,1.0
Olivier-Maxence Prosper,BOS,5,4.8,2.8,1.6
Olivier-Maxence Prosper,CHA,5,4.6,3.6,0.4
Olivier-Maxence Prosper,CHI,3,10.333333333333334,2.6666666666666665,0.3333333333333333
Olivier-Maxence Prosper,CLE,3,12.666666666666666,4.333333333333333,1.6666666666666667
Olivier-Maxence Prosper,DAL,4,6.75,6.25,0.75
Olivier-Maxence Prosper,DEN,7,9.0,1.8,0.2
Olivier-Maxence Prosper,DET,3,12.333333333333334,3.3333333333333335,1.3333333333333333
Olivier-Maxence Prosper,GSW,5,4.6,1.8,2.0
Olivier-Maxence Prosper,HOU,7,9.0,3.0,0.4
Olivier-Maxence Prosper,IND,2,8.5,2.0,1.5
Olivier-Maxence Prosper,LAC,7,2.2,0.8,0.8
Olivier-Maxence Prosper,LAL,3,1.0,1.6666666666666667,0.3333333333333333
Olivier-Maxence Prosper,MEM,3,4.333333333333333,1.3333333333333333,1.3333333333333333
Olivier-Maxence Prosper,MIA,4,7.75,2.5,1.25
Olivier-Maxence Prosper,MIL,3,8.0,2.0,1.3333333333333333
Olivier-Maxence Prosper,MIN,7,5.8,3.8,1.6
Olivier-Maxence Prosper,NOP,8,3.6,4.2,0.6
Olivier-Maxence Prosper,NYK,2,8.5,2.0,0.5
Olivier-Maxence Prosper,OKC,8,7.0,1.6,0.2
Olivier-Maxence Prosper,ORL,1,0.0,2.0,0.0
Olivier-Maxence Prosper,PHI,3,4.333333333333333,3.6666666666666665,0.0
Olivier-Maxence Prosper,PHX,7,2.0,1.8,0.0
Olivier-Maxence Prosper,POR,12,11.4,5.0,1.0
Olivier-Maxence Prosper,SAC,7,12.0,3.4,0.8
Olivier-Maxence Prosper,SAS,6,5.2,3.0,0.0
Olivier-Maxence Prosper,TOR,3,3.6666666666666665,2.6666666666666665,0.6666666666666666
Olivier-Maxence Prosper,UTA,7,6.2,1.2,0.8
Olivier-Maxence Prosper,WAS,6,6.8,2.0,1.2
Omer Yurtseven,ATL,4,9.0,6.75,2.75
Omer Yurtseven,BKN,6,1.6,1.6,0.2
Omer Yurtseven,BOS,3,2.0,3.0,0.0
Omer Yurtseven,CHA,3,4.333333333333333,4.333333333333333,0.3333333333333333
Omer Yurtseven,CHI,6,3.2,2.2,0.8
Omer Yurtseven,CLE,4,5.75,4.25,0.75
Omer Yurtseven,DAL,6,5.8,4.8,0.6
Omer Yurtseven,DEN,6,4.4,3.4,0.4
Omer Yurtseven,DET,4,6.0,7.75,0.75
Omer Yurtseven,GSW,4,6.5,10.75,1.0
Omer Yurtseven,HOU,3,6.666666666666667,6.333333333333333,0.6666666666666666
Omer Yurtseven,IND,3,6.666666666666667,6.666666666666667,0.3333333333333333
Omer Yurtseven,LAC,2,8.0,8.5,2.0
Omer Yurtseven,LAL,3,7.333333333333333,3.0,0.3333333333333333
Omer Yurtseven,MEM,5,4.0,2.6,0.8
Omer Yurtseven,MIA,1,7.0,5.0,0.0
Omer Yurtseven,MIL,3,4.666666666666667,2.3333333333333335,0.6666666666666666
Omer Yurtseven,MIN,3,5.333333333333333,4.0,0.3333333333333333
Omer Yurtseven,NOP,4,4.0,4.75,0.75
Omer Yurtseven,NYK,4,2.25,2.25,0.0
Omer Yurtseven,OKC,4,2.0,3.0,0.0
Omer Yurtseven,ORL,7,8.8,7.2,0.4
Omer Yurtseven,PHI,5,6.2,3.2,1.0
Omer Yurtseven,PHX,4,4.5,6.25,2.5
Omer Yurtseven,POR,6,3.2,5.0,1.2
Omer Yurtseven,SAC,4,7.0,6.0,0.25
Omer Yurtseven,SAS,4,5.5,2.25,1.0
Omer Yurtseven,TOR,2,5.0,3.0,0.5
Omer Yurtseven,UTA,1,2.0,4.0,0.0
Omer Yurtseven,WAS,8,2.4,3.0,0.6
Onuralp Bitim,ATL,1,0.0,0.0,0.0
Onuralp Bitim,BKN,1,0.0,1.0,1.0
Onuralp Bitim,BOS,2,1.0,0.0,0.5
Onuralp Bitim,CLE,1,10.0,6.0,0.0
Onuralp Bitim,DAL,1,17.0,5.0,1.0
Onuralp Bitim,DEN,1,0.0,0.0,0.0
Onuralp Bitim,DET,1,0.0,0.0,0.0
Onuralp Bitim,GSW,1,6.0,0.0,1.0
Onuralp Bitim,HOU,1,0.0,0.0,0.0
Onuralp Bitim,IND,2,2.5,0.5,1.0
Onuralp Bitim,LAC,2,4.0,0.5,1.0
Onuralp Bitim,MIL,1,6.0,4.0,1.0
Onuralp Bitim,NYK,1,0.0,0.0,0.0
Onuralp Bitim,ORL,1,4.0,0.0,0.0
Onuralp Bitim,POR,1,9.0,4.0,1.0
Onuralp Bitim,SAC,1,1.0,1.0,1.0
Onuralp Bitim,UTA,1,0.0,0.0,0.0
Onuralp Bitim,WAS,3,4.0,3.0,0.6666666666666666
Onyeka Okongwu,BKN,14,13.4,11.2,1.8
Onyeka Okongwu,BOS,15,17.0,9.0,2.6
Onyeka Okongwu,CHA,15,16.2,6.0,1.8
Onyeka Okongwu,CHI,12,14.4,8.6,3.8
Onyeka Okongwu,CLE,15,11.8,5.8,2.2
Onyeka Okongwu,DAL,8,13.2,9.0,2.2
Onyeka Okongwu,DEN,8,11.6,6.6,2.6
Onyeka Okongwu,DET,16,16.4,4.0,3.6
Onyeka Okongwu,GSW,9,15.4,10.4,3.8
Onyeka Okongwu,HOU,8,11.4,9.4,2.0
Onyeka Okongwu,IND,14,14.8,11.8,2.2
Onyeka Okongwu,LAC,9,11.4,7.6,2.6
Onyeka Okongwu,LAL,10,11.8,7.4,2.4
Onyeka Okongwu,MEM,7,14.6,8.0,1.8
Onyeka Okongwu,MIA,16,15.8,7.4,2.6
Onyeka Okongwu,MIL,16,9.6,8.2,2.8
Onyeka Okongwu,MIN,7,12.4,6.8,2.6
Onyeka Okongwu,NOP,5,8.8,3.8,0.8
Onyeka Okongwu,NYK,16,18.6,10.0,2.2
Onyeka Okongwu,OKC,9,17.0,9.8,2.6
Onyeka Okongwu,ORL,16,18.4,7.8,3.6
Onyeka Okongwu,PHI,15,10.4,10.4,3.6
Onyeka Okongwu,PHX,9,18.0,7.6,3.6
Onyeka Okongwu,POR,8,16.2,8.0,2.8
Onyeka Okongwu,SAC,9,10.8,4.2,1.4
Onyeka Okongwu,SAS,8,14.0,8.2,3.2
Onyeka Okongwu,TOR,17,13.0,8.0,2.6
Onyeka Okongwu,UTA,5,16.0,9.6,2.6
Onyeka Okongwu,WAS,15,13.4,7.6,3.8
Orlando Robinson,ATL,3,1.6666666666666667,3.3333333333333335,0.6666666666666666
Orlando Robinson,BKN,4,10.0,7.5,2.0
Orlando Robinson,BOS,5,4.2,2.4,0.4
Orlando Robinson,CHA,8,2.8,4.6,1.0
Orlando Robinson,CHI,7,6.2,3.6,1.6
Orlando Robinson,CLE,7,6.6,4.8,2.0
Orlando Robinson,DAL,2,0.0,2.5,0.0
Orlando Robinson,DEN,3,6.333333333333333,4.666666666666667,0.3333333333333333
Orlando Robinson,DET,2,3.5,4.0,1.0
Orlando Robinson,GSW,2,1.5,1.5,0.0
Orlando Robinson,HOU,3,4.0,6.0,1.0
Orlando Robinson,IND,6,5.6,2.4,1.4
Orlando Robinson,LAC,2,3.5,3.5,0.5
Orlando Robinson,LAL,4,0.5,0.75,0.25
Orlando Robinson,MEM,1,1.0,0.0,0.0
Orlando Robinson,MIA,1,9.0,5.0,4.0
Orlando Robinson,MIL,4,5.25,5.5,2.0
Orlando Robinson,MIN,2,7.5,5.0,2.0
Orlando Robinson,NOP,5,3.0,1.8,1.0
Orlando Robinson,NYK,2,2.0,1.5,0.0
Orlando Robinson,OKC,2,5.0,5.5,2.0
Orlando Robinson,ORL,9,1.6,2.6,0.8
Orlando Robinson,PHI,4,10.5,5.0,3.25
Orlando Robinson,PHX,2,11.0,7.5,2.5
Orlando Robinson,POR,3,8.0,3.0,1.6666666666666667
Orlando Robinson,SAS,4,3.5,2.25,1.25
Orlando Robinson,TOR,4,3.75,3.25,1.25
Orlando Robinson,UTA,6,5.8,5.6,1.8
Orlando Robinson,WAS,8,6.4,6.2,1.2
Oscar Tshiebwe,ATL,2,4.0,1.5,0.5
Oscar Tshiebwe,BKN,1,3.0,5.0,0.0
Oscar Tshiebwe,BOS,1,2.0,0.0,0.0
Oscar Tshiebwe,CHA,1,6.0,11.0,1.0
Oscar Tshiebwe,CLE,1,7.0,7.0,1.0
Oscar Tshiebwe,DEN,5,7.0,8.6,1.0
Oscar Tshiebwe,DET,1,1.0,3.0,1.0
Oscar Tshiebwe,GSW,1,10.0,8.0,1.0
Oscar Tshiebwe,HOU,1,15.0,10.0,1.0
Oscar Tshiebwe,LAC,2,2.0,4.5,1.0
Oscar Tshiebwe,LAL,1,29.0,17.0,3.0
Oscar Tshiebwe,MEM,3,8.0,10.333333333333334,1.0
Oscar Tshiebwe,MIL,3,4.666666666666667,4.0,0.6666666666666666
Oscar Tshiebwe,MIN,3,10.333333333333334,6.666666666666667,1.0
Oscar Tshiebwe,NOP,6,8.8,6.2,0.2
Oscar Tshiebwe,NYK,1,2.0,1.0,1.0
Oscar Tshiebwe,OKC,2,7.0,9.0,1.0
Oscar Tshiebwe,PHI,2,5.0,4.5,0.0
Oscar Tshiebwe,PHX,1,7.0,7.0,1.0
Oscar Tshiebwe,POR,3,8.333333333333334,5.333333333333333,1.3333333333333333
Oscar Tshiebwe,SAC,1,9.0,8.0,1.0
Oscar Tshiebwe,TOR,2,9.0,4.5,1.0
Oscar Tshiebwe,UTA,1,4.0,6.0,0.0
Oscar Tshiebwe,WAS,4,4.75,7.75,1.75
Oshae Brissett,ATL,8,8.0,4.0,1.2
Oshae Brissett,BKN,11,6.6,2.8,1.4
Oshae Brissett,BOS,6,13.2,5.4,0.2
Oshae Brissett,CHA,9,4.6,6.8,0.8
Oshae Brissett,CHI,7,5.6,2.8,0.6
Oshae Brissett,CLE,8,4.6,2.4,0.8
Oshae Brissett,DAL,5,8.0,3.8,1.0
Oshae Brissett,DEN,3,1.3333333333333333,1.6666666666666667,0.6666666666666666
Oshae Brissett,DET,9,4.4,2.4,0.6
Oshae Brissett,GSW,6,7.8,4.8,1.0
Oshae Brissett,HOU,6,10.0,3.6,2.2
Oshae Brissett,IND,5,6.4,3.4,0.0
Oshae Brissett,LAC,5,6.2,3.4,1.0
Oshae Brissett,LAL,4,1.25,2.5,0.5
Oshae Brissett,MEM,5,6.8,2.8,0.6
Oshae Brissett,MIA,9,2.4,3.4,0.6
Oshae Brissett,MIL,10,5.8,2.2,0.8
Oshae Brissett,MIN,4,7.25,5.75,0.5
Oshae Brissett,NOP,4,2.0,4.75,0.0
Oshae Brissett,NYK,6,5.0,2.6,1.0
Oshae Brissett,OKC,6,4.8,6.8,1.4
Oshae Brissett,ORL,8,6.8,1.8,0.6
Oshae Brissett,PHI,7,4.0,1.8,0.8
Oshae Brissett,PHX,4,5.25,2.5,0.25
Oshae Brissett,POR,5,8.6,5.2,1.0
Oshae Brissett,SAC,5,5.8,5.2,0.6
Oshae Brissett,SAS,5,6.2,3.6,0.2
Oshae Brissett,TOR,9,4.6,3.6,0.4
Oshae Brissett,UTA,4,6.5,3.75,1.0
Oshae Brissett,WAS,10,6.0,3.8,0.8
Oso Ighodaro,ATL,4,4.0,4.25,1.25
Oso Ighodaro,BKN,4,2.0,2.0,1.0
Oso Ighodaro,BOS,4,6.5,4.0,3.5
Oso Ighodaro,CHA,4,4.5,5.25,2.25
Oso Ighodaro,CHI,3,6.666666666666667,6.333333333333333,3.0
Oso Ighodaro,CLE,4,2.5,5.0,2.25
Oso Ighodaro,DAL,5,4.0,3.6,1.0
Oso Ighodaro,DEN,6,5.4,3.4,1.2
Oso Ighodaro,DET,3,5.666666666666667,4.333333333333333,0.6666666666666666
Oso Ighodaro,GSW,8,4.8,7.4,0.8
Oso Ighodaro,HOU,6,5.4,4.4,1.8
Oso Ighodaro,IND,3,7.666666666666667,4.333333333333333,1.3333333333333333
Oso Ighodaro,LAC,6,3.0,2.4,0.8
Oso Ighodaro,LAL,8,5.4,4.8,2.4
Oso Ighodaro,MEM,4,5.0,3.5,3.25
Oso Ighodaro,MIA,3,3.6666666666666665,5.333333333333333,1.6666666666666667
Oso Ighodaro,MIL,4,7.5,3.25,1.5
Oso Ighodaro,MIN,7,6.8,4.8,2.4
Oso Ighodaro,NOP,6,5.8,5.4,2.0
Oso Ighodaro,NYK,4,3.0,2.25,1.75
Oso Ighodaro,OKC,8,5.4,5.8,2.8
Oso Ighodaro,ORL,4,8.0,8.5,3.0
Oso Ighodaro,PHI,3,7.666666666666667,4.666666666666667,2.3333333333333335
Oso Ighodaro,POR,5,6.4,2.6,2.0
Oso Ighodaro,SAC,8,10.8,6.0,1.6
Oso Ighodaro,SAS,6,7.4,4.4,4.2
Oso Ighodaro,TOR,4,5.0,5.75,1.25
Oso Ighodaro,UTA,6,6.4,2.6,0.8
Oso Ighodaro,WAS,3,5.333333333333333,5.333333333333333,2.0
Otto Porter Jr.,ATL,1,4.0,3.0,4.0
Otto Porter Jr.,BKN,2,11.0,6.0,1.0
Otto Porter Jr.,BOS,4,3.5,3.25,1.0
Otto Porter Jr.,CHA,3,0.6666666666666666,2.3333333333333335,1.0
Otto Porter Jr.,CHI,4,5.25,3.25,2.75
Otto Porter Jr.,CLE,3,2.0,3.3333333333333335,1.3333333333333333
Otto Porter Jr.,DAL,5,5.2,3.6,0.4
Otto Porter Jr.,DEN,2,5.0,4.0,1.0
Otto Porter Jr.,DET,3,1.3333333333333333,1.3333333333333333,1.3333333333333333
Otto Porter Jr.,HOU,3,14.0,7.333333333333333,0.6666666666666666
Otto Porter Jr.,IND,3,6.333333333333333,5.0,1.0
Otto Porter Jr.,LAC,3,9.666666666666666,8.333333333333334,1.3333333333333333
Otto Porter Jr.,LAL,4,6.75,6.5,1.5
Otto Porter Jr.,MEM,3,8.333333333333334,6.0,2.0
Otto Porter Jr.,MIA,2,5.0,3.5,1.5
Otto Porter Jr.,MIL,3,4.666666666666667,3.0,0.6666666666666666
Otto Porter Jr.,MIN,4,8.75,5.5,1.75
Otto Porter Jr.,NOP,2,6.5,5.0,1.0
Otto Porter Jr.,OKC,4,6.0,1.5,1.0
Otto Porter Jr.,ORL,3,6.333333333333333,6.0,1.0
Otto Porter Jr.,PHI,3,7.333333333333333,3.0,0.0
Otto Porter Jr.,PHX,4,10.75,6.0,1.5
Otto Porter Jr.,POR,3,9.0,6.333333333333333,1.0
Otto Porter Jr.,SAC,2,8.5,7.0,2.5
Otto Porter Jr.,SAS,4,8.25,7.25,1.0
Otto Porter Jr.,TOR,1,15.0,6.0,1.0
Otto Porter Jr.,UTA,4,10.75,6.25,2.25
Otto Porter Jr.,WAS,4,8.0,4.5,1.0
Ousmane Dieng,ATL,6,5.4,2.2,0.2
Ousmane Dieng,BKN,4,9.5,4.5,4.25
Ousmane Dieng,BOS,3,8.0,1.6666666666666667,1.0
Ousmane Dieng,CHA,4,3.25,2.0,1.25
Ousmane Dieng,CHI,3,7.333333333333333,3.0,1.3333333333333333
Ousmane Dieng,CLE,7,7.2,2.4,1.0
Ousmane Dieng,DAL,6,7.8,2.8,2.4
Ousmane Dieng,DEN,10,2.4,1.6,0.2
Ousmane Dieng,DET,5,5.8,2.0,1.8
Ousmane Dieng,GSW,7,2.6,1.8,1.2
Ousmane Dieng,HOU,6,9.4,3.2,3.2
Ousmane Dieng,IND,3,3.0,1.6666666666666667,0.6666666666666666
Ousmane Dieng,LAC,12,3.8,1.6,2.6
Ousmane Dieng,LAL,4,5.0,1.5,0.25
Ousmane Dieng,MEM,8,5.0,2.6,1.6
Ousmane Dieng,MIA,2,5.5,3.0,0.5
Ousmane Dieng,MIL,4,7.25,3.25,2.5
Ousmane Dieng,MIN,5,1.4,2.0,1.0
Ousmane Dieng,NOP,8,3.8,1.6,1.2
Ousmane Dieng,NYK,1,0.0,3.0,2.0
Ousmane Dieng,OKC,1,19.0,11.0,6.0
Ousmane Dieng,ORL,8,4.6,2.6,1.6
Ousmane Dieng,PHI,2,5.5,4.0,5.0
Ousmane Dieng,PHX,9,9.2,4.0,1.4
Ousmane Dieng,POR,9,9.8,3.8,1.6
Ousmane Dieng,SAC,5,2.2,2.2,1.2
Ousmane Dieng,SAS,6,8.2,4.4,1.8
Ousmane Dieng,TOR,4,2.0,2.0,1.25
Ousmane Dieng,UTA,12,8.6,2.8,3.2
Ousmane Dieng,WAS,2,1.0,0.5,0.0
P.J. Tucker,ATL,7,2.0,3.8,0.4
P.J. Tucker,BKN,8,3.4,3.8,1.6
P.J. Tucker,BOS,6,6.8,6.0,1.0
P.J. Tucker,CHA,7,5.6,6.2,1.2
P.J. Tucker,CHI,7,4.6,4.8,1.6
P.J. Tucker,CLE,7,4.6,3.0,1.8
P.J. Tucker,DAL,6,2.2,2.8,0.2
P.J. Tucker,DEN,7,1.6,1.8,0.6
P.J. Tucker,DET,6,4.6,6.6,0.6
P.J. Tucker,GSW,4,5.0,5.0,1.5
P.J. Tucker,HOU,5,2.8,3.6,0.6
P.J. Tucker,IND,5,1.8,5.0,1.6
P.J. Tucker,LAC,4,7.5,5.25,0.5
P.J. Tucker,LAL,6,2.8,3.8,1.4
P.J. Tucker,MEM,6,3.2,3.8,1.6
P.J. Tucker,MIA,3,5.0,3.3333333333333335,0.6666666666666666
P.J. Tucker,MIL,10,2.8,4.2,1.4
P.J. Tucker,MIN,4,2.25,3.5,1.25
P.J. Tucker,NOP,6,3.4,2.6,1.0
P.J. Tucker,NYK,8,5.2,3.2,1.0
P.J. Tucker,OKC,3,2.0,4.666666666666667,0.6666666666666666
P.J. Tucker,ORL,6,3.6,3.0,1.6
P.J. Tucker,PHI,5,5.2,3.2,1.2
P.J. Tucker,PHX,5,8.2,6.0,1.2
P.J. Tucker,POR,7,1.6,4.0,0.6
P.J. Tucker,SAC,4,3.25,2.75,1.0
P.J. Tucker,SAS,7,0.6,2.6,0.4
P.J. Tucker,TOR,8,6.0,4.8,0.8
P.J. Tucker,UTA,6,4.2,4.2,1.2
P.J. Tucker,WAS,7,4.0,4.6,1.0
P.J. Washington,ATL,11,17.0,7.6,2.0
P.J. Washington,BKN,13,13.0,4.6,3.2
P.J. Washington,BOS,11,14.2,5.6,1.6
P.J. Washington,CHA,4,10.25,6.75,2.5
P.J. Washington,CHI,12,12.2,5.8,1.8
P.J. Washington,CLE,10,14.8,6.0,1.6
P.J. Washington,DAL,5,20.2,5.8,1.8
P.J. Washington,DEN,12,13.2,9.4,2.0
P.J. Washington,DET,14,15.4,6.2,2.0
P.J. Washington,GSW,11,12.6,5.4,2.2
P.J. Washington,HOU,13,11.6,5.4,1.2
P.J. Washington,IND,14,17.2,8.6,1.4
P.J. Washington,LAC,9,13.2,7.4,0.8
P.J. Washington,LAL,12,14.2,5.4,1.2
P.J. Washington,MEM,8,15.2,8.4,3.6
P.J. Washington,MIA,15,15.0,7.6,1.6
P.J. Washington,MIL,10,12.0,4.8,1.4
P.J. Washington,MIN,12,16.6,8.0,2.0
P.J. Washington,NOP,13,17.8,8.4,1.4
P.J. Washington,NYK,12,11.0,7.2,3.6
P.J. Washington,OKC,11,17.2,11.4,2.8
P.J. Washington,ORL,9,12.8,4.6,2.4
P.J. Washington,PHI,12,15.4,6.4,1.4
P.J. Washington,PHX,8,8.6,4.0,0.8
P.J. Washington,POR,10,13.8,7.0,1.2
P.J. Washington,SAC,7,16.6,6.4,2.0
P.J. Washington,SAS,11,9.2,5.0,1.6
P.J. Washington,TOR,13,15.2,6.6,2.6
P.J. Washington,UTA,10,15.0,9.0,1.0
P.J. Washington,WAS,12,14.0,7.8,2.8
PJ Dozier,ATL,2,6.0,1.0,0.5
PJ Dozier,BOS,1,0.0,1.0,0.0
PJ Dozier,CHA,1,0.0,0.0,0.0
PJ Dozier,CHI,2,4.5,5.0,1.0
PJ Dozier,CLE,1,2.0,1.0,1.0
PJ Dozier,DAL,2,5.0,2.5,2.0
PJ Dozier,DEN,1,4.0,4.0,6.0
PJ Dozier,GSW,2,3.5,1.0,1.5
PJ Dozier,HOU,3,3.0,1.3333333333333333,1.3333333333333333
PJ Dozier,IND,1,6.0,4.0,2.0
PJ Dozier,LAC,2,1.5,0.0,1.0
PJ Dozier,LAL,1,0.0,2.0,1.0
PJ Dozier,MEM,3,3.0,0.6666666666666666,1.0
PJ Dozier,MIA,1,7.0,8.0,1.0
PJ Dozier,MIN,2,1.0,2.5,0.5
PJ Dozier,NOP,2,1.0,0.5,0.0
PJ Dozier,OKC,1,0.0,0.0,0.0
PJ Dozier,ORL,1,0.0,1.0,0.0
PJ Dozier,PHI,1,0.0,2.0,0.0
PJ Dozier,PHX,2,6.5,6.0,1.0
PJ Dozier,POR,5,3.2,1.8,1.6
PJ Dozier,SAS,4,2.75,0.75,0.75
PJ Dozier,UTA,1,2.0,2.0,0.0
PJ Dozier,WAS,1,2.0,2.0,0.0
PJ Hall,ATL,2,6.5,5.5,0.0
PJ Hall,BOS,1,4.0,3.0,1.0
PJ Hall,CHI,1,10.0,6.0,0.0
PJ Hall,CLE,1,2.0,4.0,1.0
PJ Hall,DAL,1,0.0,0.0,0.0
PJ Hall,GSW,2,4.5,4.0,1.0
PJ Hall,HOU,2,2.0,3.0,1.0
PJ Hall,IND,2,1.0,2.0,0.5
PJ Hall,LAL,3,2.3333333333333335,1.3333333333333333,0.3333333333333333
PJ Hall,MEM,1,0.0,0.0,0.0
PJ Hall,MIA,2,3.5,2.0,0.5
PJ Hall,MIL,2,3.5,5.0,0.5
PJ Hall,MIN,2,2.0,1.5,0.0
PJ Hall,NOP,1,0.0,1.0,0.0
PJ Hall,NYK,1,0.0,0.0,0.0
PJ Hall,OKC,2,6.5,2.5,0.5
PJ Hall,ORL,3,2.6666666666666665,2.3333333333333335,0.0
PJ Hall,PHI,1,4.0,3.0,1.0
PJ Hall,PHX,2,1.0,1.5,0.0
PJ Hall,POR,2,3.0,0.0,0.5
PJ Hall,TOR,1,8.0,7.0,0.0
PJ Hall,UTA,2,3.5,1.5,0.0
PJ Hall,WAS,1,2.0,5.0,1.0
Pacôme Dadiet,ATL,1,0.0,1.0,1.0
Pacôme Dadiet,BKN,6,1.2,1.4,0.4
Pacôme Dadiet,BOS,2,1.5,1.5,0.5
Pacôme Dadiet,CHA,3,4.0,1.6666666666666667,0.6666666666666666
Pacôme Dadiet,CHI,2,2.5,0.5,0.0
Pacôme Dadiet,CLE,1,7.0,1.0,0.0
Pacôme Dadiet,DAL,2,0.0,0.0,0.5
Pacôme Dadiet,DEN,2,5.5,1.5,0.0
Pacôme Dadiet,DET,3,3.0,1.3333333333333333,0.3333333333333333
Pacôme Dadiet,GSW,1,2.0,0.0,0.0
Pacôme Dadiet,HOU,1,0.0,1.0,0.0
Pacôme Dadiet,IND,4,1.25,1.0,0.5
Pacôme Dadiet,LAC,1,0.0,1.0,0.0
Pacôme Dadiet,MIA,1,0.0,0.0,0.0
Pacôme Dadiet,MIL,1,0.0,1.0,1.0
Pacôme Dadiet,MIN,4,0.0,0.75,0.5
Pacôme Dadiet,ORL,3,0.6666666666666666,0.0,0.6666666666666666
Pacôme Dadiet,PHX,1,0.0,0.0,0.0
Pacôme Dadiet,POR,1,0.0,0.0,0.0
Pacôme Dadiet,SAC,1,0.0,0.0,0.0
Pacôme Dadiet,TOR,1,2.0,1.0,0.0
Pacôme Dadiet,UTA,2,0.0,0.5,0.0
Pacôme Dadiet,WAS,3,3.0,1.3333333333333333,0.6666666666666666
Paolo Banchero,ATL,14,19.0,9.0,3.8
Paolo Banchero,BKN,8,21.4,7.6,7.2
Paolo Banchero,BOS,12,20.4,6.6,5.8
Paolo Banchero,CHA,13,21.6,6.2,5.8
Paolo Banchero,CHI,11,24.0,8.2,4.2
Paolo Banchero,CLE,13,29.8,8.0,5.0
Paolo Banchero,DAL,6,23.8,8.6,5.6
Paolo Banchero,DEN,8,19.6,9.4,7.2
Paolo Banchero,DET,12,28.0,8.8,4.8
Paolo Banchero,GSW,7,24.4,8.8,5.2
Paolo Banchero,HOU,7,21.6,6.2,5.6
Paolo Banchero,IND,9,33.0,8.8,5.8
Paolo Banchero,LAC,6,18.4,6.2,4.8
Paolo Banchero,LAL,7,23.2,6.8,5.6
Paolo Banchero,MEM,8,18.4,8.6,5.0
Paolo Banchero,MIA,14,21.8,8.8,3.6
Paolo Banchero,MIL,13,22.4,5.8,2.4
Paolo Banchero,MIN,6,25.8,7.2,4.2
Paolo Banchero,NOP,7,26.4,10.2,6.6
Paolo Banchero,NYK,10,20.8,5.6,2.8
Paolo Banchero,OKC,6,23.4,7.2,6.8
Paolo Banchero,PHI,10,20.4,9.8,6.2
Paolo Banchero,PHX,5,23.4,8.8,6.6
Paolo Banchero,POR,8,16.8,6.8,3.8
Paolo Banchero,SAC,8,25.8,5.4,6.6
Paolo Banchero,SAS,7,20.2,8.2,5.4
Paolo Banchero,TOR,13,23.2,8.2,6.4
Paolo Banchero,UTA,7,22.8,8.0,6.8
Paolo Banchero,WAS,15,26.0,9.6,5.4
Paris Bass,CHA,1,4.0,2.0,0.0
Paris Bass,LAC,1,2.0,2.0,0.0
Pascal Siakam,ATL,15,25.4,7.2,3.2
Pascal Siakam,BKN,16,17.6,5.4,4.6
Pascal Siakam,BOS,19,21.2,7.6,4.0
Pascal Siakam,CHA,17,21.2,8.4,3.2
Pascal Siakam,CHI,16,23.6,5.4,3.8
Pascal Siakam,CLE,16,21.4,7.0,3.0
Pascal Siakam,DAL,9,24.4,8.2,4.2
Pascal Siakam,DEN,9,18.0,6.6,3.2
Pascal Siakam,DET,16,27.4,7.4,3.4
Pascal Siakam,GSW,9,22.6,8.6,2.4
Pascal Siakam,HOU,8,23.6,3.6,3.0
Pascal Siakam,IND,5,26.6,9.0,6.0
Pascal Siakam,LAC,9,23.2,7.6,2.0
Pascal Siakam,LAL,11,21.2,7.2,3.2
Pascal Siakam,MEM,9,17.8,5.0,4.0
Pascal Siakam,MIA,16,25.6,8.4,4.4
Pascal Siakam,MIL,15,23.4,7.8,4.2
Pascal Siakam,MIN,8,22.6,7.4,5.2
Pascal Siakam,NOP,11,20.2,5.6,4.6
Pascal Siakam,NYK,15,21.2,6.0,3.0
Pascal Siakam,OKC,9,21.4,9.0,3.2
Pascal Siakam,ORL,14,27.8,5.6,2.2
Pascal Siakam,PHI,17,23.0,6.8,4.2
Pascal Siakam,PHX,10,21.0,8.6,4.0
Pascal Siakam,POR,9,21.6,6.2,3.2
Pascal Siakam,SAC,9,18.6,5.6,4.8
Pascal Siakam,SAS,10,19.8,6.8,4.0
Pascal Siakam,TOR,10,20.0,6.0,2.6
Pascal Siakam,UTA,9,23.4,5.8,4.2
Pascal Siakam,WAS,13,17.4,6.4,3.6
Pat Connaughton,ATL,7,5.0,2.8,2.0
Pat Connaughton,BKN,11,2.4,1.8,1.6
Pat Connaughton,BOS,16,3.6,1.2,0.6
Pat Connaughton,CHA,11,7.8,4.6,2.4
Pat Connaughton,CHI,9,2.8,4.8,1.8
Pat Connaughton,CLE,14,3.6,2.8,1.6
Pat Connaughton,DAL,7,7.4,3.6,1.2
Pat Connaughton,DEN,8,5.2,3.8,3.0
Pat Connaughton,DET,14,10.2,3.0,1.4
Pat Connaughton,GSW,7,3.4,1.6,1.4
Pat Connaughton,HOU,5,9.2,3.2,1.4
Pat Connaughton,IND,13,6.2,2.0,1.2
Pat Connaughton,LAC,8,4.2,3.0,1.4
Pat Connaughton,LAL,9,4.4,3.4,2.6
Pat Connaughton,MEM,8,2.8,3.0,2.0
Pat Connaughton,MIA,14,6.2,4.2,1.2
Pat Connaughton,MIL,2,5.5,1.0,1.5
Pat Connaughton,MIN,6,6.8,3.0,2.4
Pat Connaughton,NOP,8,4.4,2.2,1.6
Pat Connaughton,NYK,12,5.2,4.2,1.4
Pat Connaughton,OKC,7,4.2,1.6,1.2
Pat Connaughton,ORL,16,0.8,0.2,0.6
Pat Connaughton,PHI,10,5.4,3.2,1.8
Pat Connaughton,PHX,8,4.6,2.2,1.2
Pat Connaughton,POR,8,2.4,1.8,0.6
Pat Connaughton,SAC,8,3.4,2.2,1.6
Pat Connaughton,SAS,6,5.8,6.2,1.4
Pat Connaughton,TOR,11,4.0,3.4,1.0
Pat Connaughton,UTA,8,3.8,2.0,0.8
Pat Connaughton,WAS,14,5.0,2.2,1.4
Pat Spencer,ATL,1,18.0,0.0,3.0
Pat Spencer,BKN,3,3.3333333333333335,2.0,2.6666666666666665
Pat Spencer,BOS,3,7.333333333333333,1.6666666666666667,4.0
Pat Spencer,CHA,4,2.0,1.75,0.0
Pat Spencer,CHI,4,7.25,2.25,3.25
Pat Spencer,CLE,3,10.333333333333334,2.6666666666666665,3.6666666666666665
Pat Spencer,DAL,3,0.6666666666666666,1.0,1.6666666666666667
Pat Spencer,DEN,5,3.8,2.2,3.6
Pat Spencer,DET,4,2.0,1.5,1.5
Pat Spencer,HOU,7,4.2,0.8,2.0
Pat Spencer,IND,2,9.5,1.5,1.5
Pat Spencer,LAC,3,5.333333333333333,1.6666666666666667,2.6666666666666665
Pat Spencer,LAL,5,8.6,3.0,3.4
Pat Spencer,MEM,5,6.6,1.6,3.8
Pat Spencer,MIA,4,3.25,2.25,4.0
Pat Spencer,MIL,2,1.0,2.0,0.5
Pat Spencer,MIN,5,6.2,2.6,3.0
Pat Spencer,NOP,6,2.4,0.8,1.6
Pat Spencer,NYK,2,4.5,1.0,2.0
Pat Spencer,OKC,5,9.4,2.4,4.4
Pat Spencer,ORL,1,2.0,2.0,2.0
Pat Spencer,PHI,4,7.25,2.75,2.25
Pat Spencer,PHX,5,8.2,2.6,3.2
Pat Spencer,POR,4,1.5,0.75,0.75
Pat Spencer,SAC,7,4.8,1.0,2.0
Pat Spencer,SAS,4,7.0,3.0,4.0
Pat Spencer,TOR,1,9.0,2.0,5.0
Pat Spencer,UTA,6,2.6,3.0,2.0
Pat Spencer,WAS,3,7.666666666666667,2.6666666666666665,2.0
Patrick Baldwin Jr.,ATL,3,6.0,3.6666666666666665,0.0
Patrick Baldwin Jr.,BKN,5,6.8,2.8,0.4
Patrick Baldwin Jr.,BOS,5,6.0,3.2,1.2
Patrick Baldwin Jr.,CHA,1,5.0,4.0,1.0
Patrick Baldwin Jr.,CHI,7,5.6,3.8,1.2
Patrick Baldwin Jr.,CLE,3,3.6666666666666665,1.6666666666666667,0.3333333333333333
Patrick Baldwin Jr.,DAL,4,2.5,1.5,0.0
Patrick Baldwin Jr.,DEN,1,0.0,2.0,0.0
Patrick Baldwin Jr.,DET,5,3.0,1.6,0.4
Patrick Baldwin Jr.,GSW,1,0.0,1.0,0.0
Patrick Baldwin Jr.,HOU,6,4.4,3.6,1.0
Patrick Baldwin Jr.,IND,2,1.0,0.5,0.0
Patrick Baldwin Jr.,LAC,6,2.0,2.6,0.6
Patrick Baldwin Jr.,LAL,4,5.0,3.25,0.25
Patrick Baldwin Jr.,MEM,4,1.25,1.25,0.0
Patrick Baldwin Jr.,MIA,3,4.666666666666667,1.6666666666666667,0.0
Patrick Baldwin Jr.,MIL,1,6.0,0.0,0.0
Patrick Baldwin Jr.,MIN,4,5.25,2.75,1.0
Patrick Baldwin Jr.,NOP,7,1.6,0.4,0.6
Patrick Baldwin Jr.,NYK,4,0.75,1.0,0.75
Patrick Baldwin Jr.,OKC,5,1.6,0.6,0.0
Patrick Baldwin Jr.,ORL,2,5.0,2.5,0.0
Patrick Baldwin Jr.,PHI,2,5.0,2.0,0.5
Patrick Baldwin Jr.,PHX,2,1.5,1.0,0.5
Patrick Baldwin Jr.,POR,4,2.5,1.5,0.5
Patrick Baldwin Jr.,SAC,2,3.0,1.0,0.0
Patrick Baldwin Jr.,SAS,2,3.5,1.0,0.5
Patrick Baldwin Jr.,TOR,5,3.8,3.2,0.6
Patrick Baldwin Jr.,UTA,2,5.5,1.5,0.0
Patrick Beverley,ATL,8,9.0,2.6,1.8
Patrick Beverley,BKN,6,5.2,2.6,4.0
Patrick Beverley,BOS,8,11.4,4.8,3.0
Patrick Beverley,CHA,8,5.8,3.4,2.8
Patrick Beverley,CHI,6,6.0,2.2,2.4
Patrick Beverley,CLE,4,6.25,2.5,3.75
Patrick Beverley,DAL,5,8.6,4.4,3.0
Patrick Beverley,DEN,12,6.6,2.8,4.2
Patrick Beverley,DET,9,2.2,2.6,3.2
Patrick Beverley,GSW,7,8.0,3.0,3.2
Patrick Beverley,HOU,4,11.75,5.0,3.75
Patrick Beverley,IND,6,4.2,3.6,3.0
Patrick Beverley,LAC,10,7.2,3.4,2.6
Patrick Beverley,LAL,8,8.0,3.6,2.0
Patrick Beverley,MEM,7,5.8,3.6,2.6
Patrick Beverley,MIA,6,7.8,3.2,2.6
Patrick Beverley,MIL,5,5.2,3.6,3.6
Patrick Beverley,MIN,5,4.2,3.4,3.2
Patrick Beverley,NOP,8,5.6,2.4,3.2
Patrick Beverley,NYK,3,4.0,4.666666666666667,4.333333333333333
Patrick Beverley,OKC,6,5.4,2.6,5.6
Patrick Beverley,ORL,6,8.8,5.0,3.2
Patrick Beverley,PHI,6,4.8,2.8,2.2
Patrick Beverley,PHX,7,2.8,3.8,2.4
Patrick Beverley,POR,8,6.2,3.0,2.6
Patrick Beverley,SAC,9,4.0,4.8,3.4
Patrick Beverley,SAS,5,11.4,3.0,5.4
Patrick Beverley,TOR,5,6.4,4.2,2.6
Patrick Beverley,UTA,5,10.4,3.4,4.2
Patrick Beverley,WAS,6,5.0,4.0,3.0
Patrick Williams,ATL,11,7.4,2.4,1.6
Patrick Williams,BKN,11,8.0,3.2,0.8
Patrick Williams,BOS,12,10.8,3.6,3.0
Patrick Williams,CHA,15,9.4,3.6,0.4
Patrick Williams,CLE,13,8.0,1.0,1.8
Patrick Williams,DAL,7,5.0,4.0,1.8
Patrick Williams,DEN,8,7.8,3.6,1.8
Patrick Williams,DET,16,5.2,3.0,0.8
Patrick Williams,GSW,6,7.4,3.2,2.4
Patrick Williams,HOU,7,4.8,1.2,1.0
Patrick Williams,IND,12,2.6,3.0,0.6
Patrick Williams,LAC,5,9.4,5.6,1.2
Patrick Williams,LAL,7,10.6,3.4,2.4
Patrick Williams,MEM,6,9.0,3.4,0.8
Patrick Williams,MIA,14,7.2,3.2,1.0
Patrick Williams,MIL,15,9.0,3.4,1.0
Patrick Williams,MIN,7,7.6,2.4,1.0
Patrick Williams,NOP,10,8.0,2.8,2.0
Patrick Williams,NYK,12,8.4,2.4,4.2
Patrick Williams,OKC,7,8.2,5.0,2.4
Patrick Williams,ORL,10,10.2,4.8,1.6
Patrick Williams,PHI,11,6.6,3.2,2.0
Patrick Williams,PHX,6,7.0,2.8,1.2
Patrick Williams,POR,5,7.6,4.6,0.4
Patrick Williams,SAC,6,8.4,2.8,2.0
Patrick Williams,SAS,7,11.4,2.8,1.8
Patrick Williams,TOR,14,8.0,5.0,1.0
Patrick Williams,UTA,7,9.8,3.4,1.6
Patrick Williams,WAS,10,9.8,4.8,3.4
Patty Mills,ATL,6,7.2,0.6,0.8
Patty Mills,BKN,1,14.0,0.0,0.0
Patty Mills,BOS,6,2.6,1.0,1.8
Patty Mills,CHA,6,8.2,0.8,1.2
Patty Mills,CHI,6,11.2,1.6,1.8
Patty Mills,CLE,9,5.8,1.0,1.8
Patty Mills,DAL,9,3.0,0.2,0.6
Patty Mills,DEN,4,9.25,2.75,3.25
Patty Mills,DET,8,3.2,0.6,1.4
Patty Mills,GSW,8,4.4,1.0,0.8
Patty Mills,HOU,2,9.0,2.0,1.5
Patty Mills,IND,9,6.6,1.4,1.6
Patty Mills,LAC,4,10.25,1.0,1.25
Patty Mills,LAL,6,7.6,0.2,1.4
Patty Mills,MEM,6,2.0,0.8,1.0
Patty Mills,MIA,8,6.4,1.2,1.0
Patty Mills,MIL,7,6.4,2.0,2.4
Patty Mills,MIN,2,22.0,1.5,2.0
Patty Mills,NOP,6,9.6,1.6,1.2
Patty Mills,NYK,8,4.4,0.4,1.0
Patty Mills,OKC,3,16.0,1.0,0.3333333333333333
Patty Mills,ORL,6,12.8,2.0,2.2
Patty Mills,PHI,10,3.6,1.2,1.4
Patty Mills,PHX,5,4.4,1.8,1.4
Patty Mills,POR,4,5.5,0.5,2.0
Patty Mills,SAC,6,3.2,1.0,1.2
Patty Mills,SAS,6,5.0,1.6,1.4
Patty Mills,TOR,9,2.0,1.0,0.6
Patty Mills,UTA,3,8.0,1.3333333333333333,1.0
Patty Mills,WAS,9,5.6,1.8,0.2
Paul George,ATL,5,23.6,5.4,3.8
Paul George,BKN,9,13.4,4.8,3.2
Paul George,BOS,6,18.2,3.8,3.0
Paul George,CHA,10,21.6,6.6,7.0
Paul George,CHI,10,16.6,5.4,2.8
Paul George,CLE,8,22.2,5.8,4.0
Paul George,DAL,8,17.6,6.0,3.2
Paul George,DEN,8,15.6,5.4,3.8
Paul George,DET,8,19.2,4.6,3.8
Paul George,GSW,10,20.0,4.4,5.0
Paul George,HOU,7,16.6,6.6,3.0
Paul George,IND,6,22.4,4.0,3.2
Paul George,LAC,2,13.5,7.0,2.5
Paul George,LAL,9,19.0,5.0,3.6
Paul George,MEM,9,18.6,4.4,2.4
Paul George,MIA,9,14.2,4.0,3.6
Paul George,MIL,8,19.2,5.0,4.2
Paul George,MIN,11,17.0,5.2,3.8
Paul George,NOP,9,23.2,6.4,3.6
Paul George,NYK,10,16.4,6.2,5.0
Paul George,OKC,7,20.8,5.8,4.6
Paul George,ORL,8,17.8,6.2,4.8
Paul George,PHI,4,18.75,6.0,3.25
Paul George,PHX,8,21.8,7.0,3.4
Paul George,POR,10,22.8,5.4,5.0
Paul George,SAC,11,18.2,4.6,3.8
Paul George,SAS,11,21.2,6.0,4.4
Paul George,TOR,6,20.4,3.6,3.8
Paul George,UTA,7,18.6,2.6,1.8
Paul George,WAS,5,26.2,5.4,4.0
Paul Millsap,ATL,2,1.0,3.5,0.5
Paul Millsap,BOS,2,6.0,4.5,0.5
Paul Millsap,CHA,1,5.0,3.0,3.0
Paul Millsap,CHI,2,6.5,4.5,1.0
Paul Millsap,CLE,2,2.0,3.0,0.0
Paul Millsap,DAL,1,0.0,3.0,2.0
Paul Millsap,DET,1,0.0,4.0,0.0
Paul Millsap,HOU,1,10.0,6.0,3.0
Paul Millsap,IND,1,8.0,4.0,0.0
Paul Millsap,LAC,1,2.0,1.0,2.0
Paul Millsap,LAL,1,0.0,1.0,0.0
Paul Millsap,MIA,3,5.333333333333333,4.333333333333333,1.3333333333333333
Paul Millsap,MIL,3,1.3333333333333333,2.3333333333333335,0.3333333333333333
Paul Millsap,MIN,2,3.5,3.0,1.0
Paul Millsap,NOP,1,2.0,0.0,0.0
Paul Millsap,NYK,3,2.6666666666666665,3.3333333333333335,0.6666666666666666
Paul Millsap,OKC,1,8.0,10.0,1.0
Paul Millsap,ORL,1,5.0,5.0,1.0
Paul Millsap,PHI,1,7.0,4.0,0.0
Paul Millsap,PHX,1,2.0,1.0,1.0
Paul Millsap,TOR,1,0.0,2.0,1.0
Paul Millsap,WAS,1,0.0,3.0,2.0
Paul Reed,ATL,16,3.4,1.2,0.4
Paul Reed,BKN,13,4.4,3.8,0.6
Paul Reed,BOS,9,6.0,3.2,1.4
Paul Reed,CHA,14,6.2,2.4,0.4
Paul Reed,CHI,13,12.0,6.8,2.6
Paul Reed,CLE,14,4.6,4.4,1.4
Paul Reed,DAL,7,6.0,5.2,1.2
Paul Reed,DEN,5,12.6,6.0,1.2
Paul Reed,DET,10,4.2,4.4,0.6
Paul Reed,GSW,6,5.0,4.2,1.4
Paul Reed,HOU,7,7.8,4.4,1.6
Paul Reed,IND,12,9.0,4.6,1.4
Paul Reed,LAC,7,5.2,5.0,1.2
Paul Reed,LAL,6,4.8,3.4,1.2
Paul Reed,MEM,8,3.0,3.4,1.6
Paul Reed,MIA,14,8.6,5.4,0.8
Paul Reed,MIL,16,7.0,4.8,2.0
Paul Reed,MIN,8,7.6,6.2,1.6
Paul Reed,NOP,6,7.8,4.4,1.8
Paul Reed,NYK,14,11.4,6.2,1.6
Paul Reed,OKC,9,11.0,7.4,0.6
Paul Reed,ORL,13,3.0,2.6,0.6
Paul Reed,PHI,6,6.4,5.2,1.0
Paul Reed,PHX,7,4.4,3.4,1.6
Paul Reed,POR,6,3.4,3.2,0.8
Paul Reed,SAC,7,6.8,6.0,1.4
Paul Reed,SAS,7,6.8,4.0,1.0
Paul Reed,TOR,15,9.0,3.2,1.8
Paul Reed,UTA,8,5.4,5.0,1.6
Paul Reed,WAS,16,8.4,4.8,0.8
Paul Watson,HOU,2,1.5,4.0,0.5
Paul Watson,LAL,1,0.0,0.0,0.0
Paul Watson,MEM,1,4.0,3.0,2.0
Paul Watson,MIN,1,6.0,2.0,1.0
Paul Watson,NYK,1,2.0,3.0,0.0
Paul Watson,PHX,1,11.0,6.0,2.0
Paul Watson,SAC,1,5.0,4.0,2.0
Paul Watson,TOR,1,0.0,1.0,0.0
Payton Pritchard,ATL,16,18.0,4.0,1.4
Payton Pritchard,BKN,20,19.8,4.2,4.0
Payton Pritchard,CHA,17,19.2,4.4,3.8
Payton Pritchard,CHI,15,14.6,4.0,5.8
Payton Pritchard,CLE,14,17.0,3.0,4.8
Payton Pritchard,DAL,10,16.2,5.6,4.8
Payton Pritchard,DEN,10,6.8,2.4,2.6
Payton Pritchard,DET,18,16.8,5.0,3.6
Payton Pritchard,GSW,9,18.8,3.4,6.4
Payton Pritchard,HOU,8,17.0,2.8,4.0
Payton Pritchard,IND,16,18.8,5.0,5.8
Payton Pritchard,LAC,9,16.6,3.4,3.8
Payton Pritchard,LAL,9,12.6,2.0,3.8
Payton Pritchard,MEM,9,15.2,5.2,3.6
Payton Pritchard,MIA,15,11.8,3.0,3.8
Payton Pritchard,MIL,16,11.8,3.6,5.8
Payton Pritchard,MIN,9,7.8,2.6,3.0
Payton Pritchard,NOP,10,11.0,2.2,4.4
Payton Pritchard,NYK,17,11.0,3.8,5.0
Payton Pritchard,OKC,10,9.4,2.4,3.0
Payton Pritchard,ORL,15,14.0,3.6,6.0
Payton Pritchard,PHI,15,11.0,3.4,4.2
Payton Pritchard,PHX,10,9.4,4.0,3.6
Payton Pritchard,POR,8,22.2,5.2,5.2
Payton Pritchard,SAC,9,19.4,2.6,4.2
Payton Pritchard,SAS,4,8.75,4.5,4.5
Payton Pritchard,TOR,18,22.4,4.8,5.8
Payton Pritchard,UTA,7,14.4,2.8,3.6
Payton Pritchard,WAS,17,15.4,5.8,6.0
Payton Sandfort,BKN,1,3.0,1.0,0.0
Payton Sandfort,CHI,1,1.0,1.0,0.0
Payton Sandfort,DEN,1,8.0,4.0,0.0
Payton Sandfort,PHX,1,23.0,4.0,0.0
Pelle Larsson,ATL,6,10.8,3.2,2.4
Pelle Larsson,BKN,5,4.2,1.2,1.8
Pelle Larsson,BOS,7,8.6,3.0,3.0
Pelle Larsson,CHA,7,12.2,3.0,1.4
Pelle Larsson,CHI,4,18.25,4.75,4.5
Pelle Larsson,CLE,6,9.2,2.6,3.2
Pelle Larsson,DAL,4,7.5,1.75,2.5
Pelle Larsson,DEN,4,3.5,1.75,1.25
Pelle Larsson,DET,4,4.75,2.25,2.25
Pelle Larsson,GSW,4,6.0,2.0,1.75
Pelle Larsson,HOU,2,19.5,4.5,3.5
Pelle Larsson,IND,4,8.75,3.0,2.5
Pelle Larsson,LAC,3,7.333333333333333,0.6666666666666666,2.0
Pelle Larsson,LAL,3,11.0,3.6666666666666665,5.666666666666667
Pelle Larsson,MEM,4,6.25,1.75,2.5
Pelle Larsson,MIL,6,10.6,4.8,3.4
Pelle Larsson,MIN,3,4.0,2.0,1.0
Pelle Larsson,NOP,1,16.0,3.0,6.0
Pelle Larsson,NYK,4,8.0,3.0,1.5
Pelle Larsson,OKC,3,11.666666666666666,3.0,1.6666666666666667
Pelle Larsson,ORL,8,5.0,3.0,1.4
Pelle Larsson,PHI,7,12.2,6.0,4.6
Pelle Larsson,PHX,3,6.0,3.3333333333333335,2.3333333333333335
Pelle Larsson,POR,4,8.75,1.5,2.75
Pelle Larsson,SAC,3,9.666666666666666,3.0,3.6666666666666665
Pelle Larsson,SAS,4,3.5,1.0,1.5
Pelle Larsson,TOR,4,7.5,2.25,0.75
Pelle Larsson,UTA,2,10.5,2.0,2.5
Pelle Larsson,WAS,6,16.2,4.0,4.2
Pete Nance,ATL,5,2.2,1.2,0.8
Pete Nance,BKN,3,2.6666666666666665,2.0,2.0
Pete Nance,BOS,4,7.25,4.5,0.25
Pete Nance,CHA,3,4.333333333333333,1.0,0.0
Pete Nance,CHI,2,7.5,4.0,1.0
Pete Nance,CLE,1,13.0,7.0,1.0
Pete Nance,DAL,1,11.0,6.0,3.0
Pete Nance,DEN,2,0.0,1.5,0.0
Pete Nance,DET,4,6.25,2.5,1.25
Pete Nance,HOU,1,23.0,3.0,0.0
Pete Nance,IND,4,2.25,0.25,0.25
Pete Nance,LAC,2,8.0,4.5,1.5
Pete Nance,LAL,4,0.5,0.25,0.0
Pete Nance,MEM,3,1.6666666666666667,1.3333333333333333,1.3333333333333333
Pete Nance,MIL,2,4.0,3.0,1.0
Pete Nance,MIN,1,5.0,0.0,1.0
Pete Nance,NOP,3,9.333333333333334,4.333333333333333,2.3333333333333335
Pete Nance,NYK,1,0.0,0.0,1.0
Pete Nance,OKC,3,7.333333333333333,4.0,1.3333333333333333
Pete Nance,ORL,3,3.6666666666666665,1.0,0.6666666666666666
Pete Nance,PHI,3,0.6666666666666666,0.0,0.0
Pete Nance,PHX,3,1.6666666666666667,2.3333333333333335,1.0
Pete Nance,POR,3,3.0,1.6666666666666667,1.0
Pete Nance,SAC,1,0.0,0.0,0.0
Pete Nance,SAS,2,3.5,3.0,1.5
Pete Nance,TOR,1,0.0,0.0,0.0
Pete Nance,UTA,2,2.5,3.0,0.5
Pete Nance,WAS,1,13.0,6.0,1.0
Petr Cornelie,ATL,1,1.0,0.0,0.0
Petr Cornelie,CHI,1,0.0,1.0,0.0
Petr Cornelie,CLE,1,0.0,0.0,0.0
Petr Cornelie,DAL,1,2.0,1.0,0.0
Petr Cornelie,HOU,1,3.0,1.0,0.0
Petr Cornelie,MIL,1,4.0,1.0,1.0
Petr Cornelie,MIN,1,4.0,1.0,0.0
Petr Cornelie,OKC,1,0.0,0.0,0.0
Petr Cornelie,PHI,1,0.0,2.0,1.0
Petr Cornelie,PHX,1,0.0,3.0,1.0
Petr Cornelie,POR,1,0.0,2.0,0.0
Petr Cornelie,SAS,2,0.0,1.0,0.0
Peyton Watson,ATL,7,12.0,4.8,1.8
Peyton Watson,BKN,6,13.6,3.6,2.0
Peyton Watson,BOS,4,16.0,4.0,0.75
Peyton Watson,CHA,5,6.6,3.8,0.4
Peyton Watson,CHI,5,7.8,3.4,1.4
Peyton Watson,CLE,4,13.0,3.0,2.0
Peyton Watson,DAL,13,13.4,4.2,2.0
Peyton Watson,DET,5,10.8,2.8,2.2
Peyton Watson,GSW,12,7.8,3.8,1.6
Peyton Watson,HOU,10,8.4,4.4,1.2
Peyton Watson,IND,5,7.4,4.0,0.2
Peyton Watson,LAC,11,11.8,4.0,1.4
Peyton Watson,LAL,8,10.4,3.0,1.6
Peyton Watson,MEM,9,13.6,4.4,1.8
Peyton Watson,MIA,6,7.6,4.2,1.8
Peyton Watson,MIL,5,10.0,4.6,2.2
Peyton Watson,MIN,13,8.0,3.0,0.4
Peyton Watson,NOP,9,18.2,6.8,3.6
Peyton Watson,NYK,5,6.2,2.2,1.0
Peyton Watson,OKC,9,11.4,3.0,1.4
Peyton Watson,ORL,4,6.25,2.25,0.25
Peyton Watson,PHI,5,9.4,3.2,2.6
Peyton Watson,PHX,10,7.0,3.6,1.8
Peyton Watson,POR,9,9.4,4.4,1.2
Peyton Watson,SAC,13,8.6,3.4,0.8
Peyton Watson,SAS,7,7.6,5.8,2.0
Peyton Watson,TOR,5,12.8,4.4,0.8
Peyton Watson,UTA,14,10.8,4.0,2.2
Peyton Watson,WAS,7,14.6,4.6,2.2
Phillip Wheeler,MIA,1,0.0,1.0,0.0
Phillip Wheeler,MIL,1,0.0,1.0,0.0
Phillip Wheeler,NYK,1,0.0,1.0,0.0
Phillip Wheeler,TOR,1,4.0,1.0,0.0
Phillip Wheeler,WAS,1,4.0,4.0,2.0
Precious Achiuwa,ATL,15,12.0,5.4,1.4
Precious Achiuwa,BKN,12,12.8,7.8,0.8
Precious Achiuwa,BOS,16,4.2,3.2,1.4
Precious Achiuwa,CHA,13,7.8,6.0,0.8
Precious Achiuwa,CHI,15,6.6,6.4,1.2
Precious Achiuwa,CLE,12,5.2,6.4,1.2
Precious Achiuwa,DAL,9,13.4,9.6,2.2
Precious Achiuwa,DEN,11,6.8,4.2,1.2
Precious Achiuwa,DET,12,8.6,8.0,2.4
Precious Achiuwa,GSW,11,4.6,3.2,1.8
Precious Achiuwa,HOU,11,7.6,6.2,1.2
Precious Achiuwa,IND,10,10.6,9.2,0.8
Precious Achiuwa,LAC,9,9.0,5.6,0.8
Precious Achiuwa,LAL,8,9.4,8.4,1.0
Precious Achiuwa,MEM,10,10.4,5.6,0.6
Precious Achiuwa,MIA,13,4.6,6.8,0.6
Precious Achiuwa,MIL,12,3.8,2.4,0.2
Precious Achiuwa,MIN,12,9.8,7.2,0.6
Precious Achiuwa,NOP,8,13.2,7.2,2.0
Precious Achiuwa,NYK,10,11.0,8.2,1.4
Precious Achiuwa,OKC,6,6.4,5.6,0.6
Precious Achiuwa,ORL,13,9.6,6.4,0.8
Precious Achiuwa,PHI,17,7.8,8.2,1.4
Precious Achiuwa,PHX,7,12.0,8.4,1.8
Precious Achiuwa,POR,11,9.0,4.6,1.6
Precious Achiuwa,SAC,6,5.4,3.6,0.8
Precious Achiuwa,SAS,10,6.8,4.6,1.4
Precious Achiuwa,TOR,8,13.4,9.2,1.4
Precious Achiuwa,UTA,9,11.6,6.0,0.8
Precious Achiuwa,WAS,16,6.6,5.2,1.0
Quentin Grimes,ATL,16,21.6,5.0,4.2
Quentin Grimes,BKN,13,23.0,6.6,7.0
Quentin Grimes,BOS,16,11.0,4.4,3.8
Quentin Grimes,CHA,11,11.8,2.6,3.4
Quentin Grimes,CHI,13,8.4,4.0,3.2
Quentin Grimes,CLE,14,15.4,4.6,2.6
Quentin Grimes,DAL,7,19.0,3.4,4.4
Quentin Grimes,DEN,8,11.0,2.8,2.2
Quentin Grimes,DET,11,10.0,2.8,3.4
Quentin Grimes,GSW,8,17.2,4.8,2.2
Quentin Grimes,HOU,8,17.4,4.4,2.0
Quentin Grimes,IND,11,6.8,3.6,1.6
Quentin Grimes,LAC,9,14.4,3.4,2.2
Quentin Grimes,LAL,8,8.4,4.2,2.8
Quentin Grimes,MEM,7,10.8,3.2,2.6
Quentin Grimes,MIA,15,15.8,4.2,3.2
Quentin Grimes,MIL,14,18.0,4.2,5.8
Quentin Grimes,MIN,12,18.4,3.4,3.0
Quentin Grimes,NOP,9,11.6,3.2,2.0
Quentin Grimes,NYK,7,9.6,3.0,2.8
Quentin Grimes,OKC,11,11.8,2.2,2.8
Quentin Grimes,ORL,11,7.6,2.8,2.8
Quentin Grimes,PHI,5,10.0,3.6,2.2
Quentin Grimes,PHX,10,5.6,3.4,1.8
Quentin Grimes,POR,10,15.6,4.4,4.4
Quentin Grimes,SAC,5,15.6,4.6,3.2
Quentin Grimes,SAS,10,7.8,2.0,2.8
Quentin Grimes,TOR,15,16.4,3.8,2.0
Quentin Grimes,UTA,10,21.0,3.6,3.4
Quentin Grimes,WAS,14,18.0,5.2,3.2
Quenton Jackson,ATL,5,6.0,1.8,2.2
Quenton Jackson,BKN,5,4.2,2.4,2.4
Quenton Jackson,BOS,6,5.2,0.6,0.6
Quenton Jackson,CHA,4,10.0,2.25,3.5
Quenton Jackson,CHI,3,4.333333333333333,2.0,3.6666666666666665
Quenton Jackson,CLE,2,18.0,5.5,3.0
Quenton Jackson,DAL,2,9.5,3.5,3.0
Quenton Jackson,DEN,1,2.0,0.0,0.0
Quenton Jackson,DET,3,13.0,1.0,4.0
Quenton Jackson,GSW,2,13.5,3.0,5.0
Quenton Jackson,HOU,3,16.666666666666668,1.3333333333333333,2.6666666666666665
Quenton Jackson,IND,1,0.0,1.0,0.0
Quenton Jackson,LAC,2,9.0,1.5,3.0
Quenton Jackson,LAL,2,4.0,0.5,1.5
Quenton Jackson,MEM,2,3.5,2.5,1.5
Quenton Jackson,MIA,6,5.2,1.4,1.2
Quenton Jackson,MIL,5,6.6,1.8,2.6
Quenton Jackson,MIN,4,6.5,1.25,1.0
Quenton Jackson,NOP,3,8.666666666666666,2.0,2.0
Quenton Jackson,NYK,6,8.4,3.2,2.6
Quenton Jackson,OKC,1,1.0,0.0,1.0
Quenton Jackson,ORL,1,13.0,1.0,3.0
Quenton Jackson,PHI,5,7.8,2.0,2.2
Quenton Jackson,POR,4,6.75,2.0,3.5
Quenton Jackson,SAC,1,4.0,1.0,5.0
Quenton Jackson,SAS,2,3.0,2.0,1.0
Quenton Jackson,TOR,3,8.333333333333334,2.6666666666666665,1.6666666666666667
Quenton Jackson,UTA,1,24.0,1.0,3.0
Quenton Jackson,WAS,4,6.75,3.0,3.25
Quincy Olivari,POR,1,3.0,0.0,0.0
Quincy Olivari,SAS,1,0.0,0.0,1.0
Quinndary Weatherspoon,BOS,1,3.0,5.0,1.0
Quinndary Weatherspoon,DAL,1,2.0,0.0,0.0
Quinndary Weatherspoon,DEN,1,11.0,2.0,1.0
Quinndary Weatherspoon,LAC,1,0.0,0.0,0.0
Quinndary Weatherspoon,MIA,1,0.0,0.0,0.0
Quinndary Weatherspoon,MIL,1,2.0,1.0,0.0
Quinndary Weatherspoon,NOP,1,0.0,0.0,1.0
Quinndary Weatherspoon,PHX,1,6.0,1.0,0.0
Quinndary Weatherspoon,SAC,2,0.0,0.5,0.5
Quinndary Weatherspoon,SAS,1,6.0,4.0,1.0
Quinten Post,ATL,3,9.0,3.3333333333333335,0.6666666666666666
Quinten Post,BKN,2,6.5,3.5,1.0
Quinten Post,BOS,2,7.5,3.0,3.0
Quinten Post,CHA,4,7.5,3.5,1.5
Quinten Post,CHI,3,19.0,4.0,2.0
Quinten Post,CLE,2,7.0,5.0,1.5
Quinten Post,DAL,4,5.75,3.25,0.75
Quinten Post,DEN,6,3.4,3.2,1.0
Quinten Post,DET,2,6.0,2.0,1.0
Quinten Post,HOU,4,4.25,3.0,1.25
Quinten Post,IND,3,9.666666666666666,3.6666666666666665,0.6666666666666666
Quinten Post,LAC,5,5.2,3.2,0.4
Quinten Post,LAL,6,3.6,3.0,0.8
Quinten Post,MEM,4,5.75,3.25,1.25
Quinten Post,MIA,3,12.333333333333334,5.333333333333333,2.6666666666666665
Quinten Post,MIL,4,9.5,3.0,1.75
Quinten Post,MIN,4,10.25,4.5,1.0
Quinten Post,NOP,4,8.25,6.0,1.25
Quinten Post,NYK,4,8.75,3.5,1.25
Quinten Post,OKC,4,5.0,2.25,1.0
Quinten Post,ORL,4,8.75,6.75,2.25
Quinten Post,PHI,3,12.0,5.333333333333333,2.6666666666666665
Quinten Post,PHX,5,7.8,6.4,1.8
Quinten Post,POR,6,7.2,2.0,1.6
Quinten Post,SAC,5,7.0,4.2,0.8
Quinten Post,SAS,4,5.5,1.75,0.75
Quinten Post,TOR,3,12.666666666666666,3.6666666666666665,0.6666666666666666
Quinten Post,UTA,6,10.8,5.2,2.8
R.J. Hampton,ATL,5,7.2,1.0,2.4
R.J. Hampton,BKN,5,10.2,3.4,2.0
R.J. Hampton,BOS,3,5.0,2.0,0.6666666666666666
R.J. Hampton,CHA,8,8.2,4.0,2.2
R.J. Hampton,CHI,5,3.6,2.0,0.6
R.J. Hampton,CLE,4,8.5,2.0,3.0
R.J. Hampton,DAL,3,7.666666666666667,2.6666666666666665,1.6666666666666667
R.J. Hampton,DEN,2,4.0,2.5,1.0
R.J. Hampton,DET,5,5.8,2.2,1.8
R.J. Hampton,GSW,4,10.75,2.25,2.0
R.J. Hampton,HOU,3,5.333333333333333,2.0,3.0
R.J. Hampton,IND,7,10.6,3.2,2.2
R.J. Hampton,LAC,2,1.5,1.0,1.0
R.J. Hampton,LAL,3,1.6666666666666667,0.3333333333333333,0.6666666666666666
R.J. Hampton,MEM,1,4.0,4.0,2.0
R.J. Hampton,MIA,4,12.25,4.0,3.5
R.J. Hampton,MIL,6,8.2,3.8,2.8
R.J. Hampton,MIN,4,3.25,0.75,0.5
R.J. Hampton,NOP,2,1.0,2.0,1.0
R.J. Hampton,NYK,5,4.6,1.6,0.8
R.J. Hampton,OKC,5,11.2,4.0,1.6
R.J. Hampton,ORL,1,4.0,2.0,0.0
R.J. Hampton,PHI,7,6.8,2.4,2.6
R.J. Hampton,PHX,3,4.666666666666667,1.0,2.0
R.J. Hampton,POR,2,9.5,2.5,1.5
R.J. Hampton,SAC,3,4.333333333333333,3.3333333333333335,1.6666666666666667
R.J. Hampton,SAS,3,6.0,3.0,2.0
R.J. Hampton,TOR,6,7.4,1.8,1.0
R.J. Hampton,UTA,2,4.0,2.0,0.5
R.J. Hampton,WAS,6,6.0,2.8,2.2
RJ Barrett,ATL,16,22.6,6.2,3.6
RJ Barrett,BKN,14,16.6,4.2,3.4
RJ Barrett,BOS,15,20.6,7.4,7.4
RJ Barrett,CHA,16,21.8,4.6,3.6
RJ Barrett,CHI,12,21.0,6.2,5.0
RJ Barrett,CLE,15,18.4,5.4,4.2
RJ Barrett,DAL,8,18.2,3.8,3.6
RJ Barrett,DEN,9,19.4,5.8,5.4
RJ Barrett,DET,13,18.8,4.8,2.6
RJ Barrett,GSW,6,21.0,4.4,4.8
RJ Barrett,HOU,5,17.2,3.4,3.8
RJ Barrett,IND,15,25.2,6.8,4.8
RJ Barrett,LAC,11,18.2,5.8,4.4
RJ Barrett,LAL,9,22.8,6.6,6.2
RJ Barrett,MEM,9,24.4,6.8,4.8
RJ Barrett,MIA,16,23.4,7.0,4.8
RJ Barrett,MIL,15,19.2,6.6,4.8
RJ Barrett,MIN,8,19.2,5.6,1.6
RJ Barrett,NOP,10,17.6,6.6,4.6
RJ Barrett,NYK,6,20.6,6.2,3.6
RJ Barrett,OKC,8,17.8,7.2,3.2
RJ Barrett,ORL,13,20.4,5.4,4.8
RJ Barrett,PHI,10,22.2,4.8,4.2
RJ Barrett,PHX,9,20.4,3.8,4.4
RJ Barrett,POR,5,20.0,6.0,3.4
RJ Barrett,SAC,8,22.6,5.6,3.8
RJ Barrett,SAS,7,18.4,4.6,3.0
RJ Barrett,TOR,8,26.8,5.2,4.0
RJ Barrett,UTA,9,15.6,4.6,3.8
RJ Barrett,WAS,11,18.6,7.0,4.2
RaiQuan Gray,DET,1,10.0,5.0,4.0
RaiQuan Gray,MEM,1,0.0,2.0,0.0
RaiQuan Gray,OKC,1,13.0,0.0,2.0
RaiQuan Gray,PHI,1,16.0,9.0,7.0
Rajon Rondo,ATL,1,0.0,3.0,3.0
Rajon Rondo,BKN,1,0.0,2.0,5.0
Rajon Rondo,BOS,1,0.0,0.0,2.0
Rajon Rondo,CHA,2,1.0,1.5,5.0
Rajon Rondo,CHI,3,5.0,2.0,1.6666666666666667
Rajon Rondo,DET,3,5.0,1.6666666666666667,5.0
Rajon Rondo,GSW,2,9.0,1.5,5.0
Rajon Rondo,HOU,1,2.0,4.0,5.0
Rajon Rondo,IND,3,10.666666666666666,4.666666666666667,7.333333333333333
Rajon Rondo,MIA,1,3.0,1.0,4.0
Rajon Rondo,MIL,3,6.333333333333333,2.6666666666666665,6.0
Rajon Rondo,MIN,2,5.0,6.5,8.0
Rajon Rondo,NOP,1,5.0,2.0,2.0
Rajon Rondo,NYK,1,8.0,4.0,3.0
Rajon Rondo,OKC,2,3.5,1.5,5.0
Rajon Rondo,ORL,1,3.0,1.0,4.0
Rajon Rondo,PHI,1,6.0,1.0,2.0
Rajon Rondo,PHX,2,3.0,4.0,2.5
Rajon Rondo,POR,2,6.5,4.0,2.5
Rajon Rondo,SAC,2,4.5,5.0,3.5
Rajon Rondo,SAS,4,3.25,2.25,4.25
Rasheer Fleming,BKN,1,1.0,1.0,1.0
Rasheer Fleming,BOS,2,0.5,2.5,0.0
Rasheer Fleming,CHA,2,9.5,1.0,0.0
Rasheer Fleming,CHI,1,5.0,3.0,1.0
Rasheer Fleming,CLE,2,2.5,1.5,0.0
Rasheer Fleming,DAL,1,3.0,0.0,0.0
Rasheer Fleming,DEN,3,3.6666666666666665,2.0,0.0
Rasheer Fleming,DET,2,0.0,0.0,0.0
Rasheer Fleming,HOU,4,0.75,1.5,0.0
Rasheer Fleming,IND,2,2.0,3.0,0.5
Rasheer Fleming,LAC,3,0.0,0.6666666666666666,0.6666666666666666
Rasheer Fleming,LAL,4,4.5,2.75,0.5
Rasheer Fleming,MEM,2,9.5,2.0,0.5
Rasheer Fleming,MIA,1,0.0,2.0,0.0
Rasheer Fleming,MIL,2,6.0,4.0,0.0
Rasheer Fleming,MIN,1,9.0,1.0,0.0
Rasheer Fleming,NOP,4,5.5,1.5,0.25
Rasheer Fleming,NYK,1,2.0,0.0,0.0
Rasheer Fleming,OKC,3,10.333333333333334,3.0,1.3333333333333333
Rasheer Fleming,ORL,1,11.0,4.0,0.0
Rasheer Fleming,POR,2,5.0,3.5,0.0
Rasheer Fleming,SAC,2,4.0,3.5,0.5
Rasheer Fleming,SAS,3,4.333333333333333,3.3333333333333335,0.0
Rasheer Fleming,TOR,2,10.0,5.0,0.5
Rasheer Fleming,UTA,2,3.5,3.0,0.0
Rasheer Fleming,WAS,2,2.0,2.5,0.5
Raul Neto,ATL,5,5.6,2.6,4.2
Raul Neto,BKN,3,11.666666666666666,1.3333333333333333,3.3333333333333335
Raul Neto,BOS,4,2.25,1.0,1.75
Raul Neto,CHA,5,5.6,0.8,3.0
Raul Neto,CHI,5,3.0,2.0,2.6
Raul Neto,CLE,3,8.0,1.3333333333333333,4.333333333333333
Raul Neto,DAL,4,3.75,1.25,1.75
Raul Neto,DEN,3,5.0,2.0,4.333333333333333
Raul Neto,DET,7,8.4,1.8,3.4
Raul Neto,GSW,2,5.0,2.0,5.5
Raul Neto,HOU,3,6.666666666666667,2.0,4.666666666666667
Raul Neto,IND,5,7.8,1.8,3.6
Raul Neto,LAC,2,8.0,1.0,3.5
Raul Neto,LAL,3,4.0,1.3333333333333333,2.0
Raul Neto,MEM,3,5.0,2.3333333333333335,1.3333333333333333
Raul Neto,MIA,4,3.5,0.0,1.0
Raul Neto,MIL,5,3.4,0.4,2.0
Raul Neto,MIN,2,1.5,0.5,1.0
Raul Neto,NOP,3,7.0,1.0,1.0
Raul Neto,NYK,5,6.4,1.6,2.6
Raul Neto,OKC,4,4.75,2.25,2.25
Raul Neto,ORL,6,6.8,1.4,2.2
Raul Neto,PHI,5,4.2,0.8,1.2
Raul Neto,PHX,4,9.25,1.5,1.75
Raul Neto,POR,3,3.6666666666666665,0.6666666666666666,2.0
Raul Neto,SAC,3,5.0,1.3333333333333333,2.3333333333333335
Raul Neto,SAS,2,13.0,3.5,5.0
Raul Neto,TOR,8,1.6,1.0,0.8
Raul Neto,UTA,4,7.5,3.25,1.5
Raul Neto,WAS,3,3.6666666666666665,1.3333333333333333,0.6666666666666666
RayJ Dennis,ATL,1,8.0,5.0,5.0
RayJ Dennis,BKN,1,0.0,0.0,0.0
RayJ Dennis,BOS,1,0.0,0.0,4.0
RayJ Dennis,CHI,1,2.0,2.0,3.0
RayJ Dennis,CLE,3,5.0,1.6666666666666667,2.0
RayJ Dennis,DAL,1,17.0,5.0,5.0
RayJ Dennis,DEN,1,0.0,2.0,1.0
RayJ Dennis,DET,1,3.0,0.0,0.0
RayJ Dennis,GSW,3,2.3333333333333335,0.3333333333333333,0.6666666666666666
RayJ Dennis,MEM,1,7.0,2.0,6.0
RayJ Dennis,MIA,1,10.0,3.0,3.0
RayJ Dennis,MIL,2,1.5,0.5,0.0
RayJ Dennis,MIN,1,12.0,2.0,5.0
RayJ Dennis,OKC,1,0.0,2.0,0.0
RayJ Dennis,ORL,1,10.0,1.0,3.0
RayJ Dennis,PHI,1,0.0,0.0,0.0
RayJ Dennis,PHX,1,3.0,1.0,1.0
RayJ Dennis,SAS,2,0.0,1.5,0.5
RayJ Dennis,TOR,2,3.5,0.5,0.5
RayJ Dennis,UTA,1,0.0,0.0,0.0
RayJ Dennis,WAS,1,0.0,2.0,1.0
Rayan Rupert,ATL,5,4.6,3.4,1.8
Rayan Rupert,BKN,3,6.666666666666667,2.6666666666666665,0.3333333333333333
Rayan Rupert,BOS,4,3.25,2.0,1.0
Rayan Rupert,CHA,2,3.0,4.0,1.5
Rayan Rupert,CHI,4,6.0,3.25,0.75
Rayan Rupert,CLE,3,1.0,1.6666666666666667,0.6666666666666666
Rayan Rupert,DAL,8,5.4,3.6,1.2
Rayan Rupert,DEN,5,1.0,0.8,1.0
Rayan Rupert,DET,2,0.0,0.0,0.0
Rayan Rupert,GSW,9,4.2,1.6,0.8
Rayan Rupert,HOU,10,4.8,3.2,1.6
Rayan Rupert,IND,3,5.333333333333333,2.6666666666666665,0.3333333333333333
Rayan Rupert,LAC,7,5.0,1.4,1.2
Rayan Rupert,LAL,5,4.2,3.0,0.8
Rayan Rupert,MEM,8,4.2,0.6,0.8
Rayan Rupert,MIA,3,2.0,1.6666666666666667,1.0
Rayan Rupert,MIL,3,11.666666666666666,5.0,4.0
Rayan Rupert,MIN,7,4.0,2.0,0.4
Rayan Rupert,NOP,8,4.6,2.0,0.8
Rayan Rupert,NYK,4,1.25,1.75,0.5
Rayan Rupert,OKC,8,5.8,2.2,0.2
Rayan Rupert,ORL,4,4.0,1.5,1.5
Rayan Rupert,PHI,6,3.4,1.0,0.4
Rayan Rupert,PHX,5,3.2,1.4,0.6
Rayan Rupert,POR,1,5.0,5.0,0.0
Rayan Rupert,SAC,7,2.8,2.2,0.4
Rayan Rupert,SAS,6,2.4,1.0,0.8
Rayan Rupert,TOR,5,1.8,2.2,1.0
Rayan Rupert,UTA,8,8.8,5.0,1.6
Rayan Rupert,WAS,2,6.5,6.5,2.5
Rayjon Tucker,CLE,1,15.0,4.0,4.0
Rayjon Tucker,DAL,1,3.0,0.0,1.0
Rayjon Tucker,DET,1,0.0,0.0,2.0
Rayjon Tucker,HOU,1,3.0,3.0,0.0
Rayjon Tucker,UTA,1,0.0,1.0,3.0
Reece Beekman,ATL,2,2.5,2.0,2.5
Reece Beekman,BOS,1,0.0,2.0,3.0
Reece Beekman,CHA,2,1.0,0.0,1.0
Reece Beekman,DEN,1,3.0,1.0,2.0
Reece Beekman,DET,2,2.5,1.0,3.0
Reece Beekman,HOU,1,2.0,2.0,4.0
Reece Beekman,IND,1,9.0,0.0,0.0
Reece Beekman,LAC,2,5.5,2.0,2.0
Reece Beekman,LAL,1,3.0,1.0,0.0
Reece Beekman,MIA,1,0.0,0.0,0.0
Reece Beekman,MIL,1,0.0,0.0,0.0
Reece Beekman,MIN,2,6.5,2.0,2.5
Reece Beekman,NOP,3,0.6666666666666666,1.6666666666666667,3.6666666666666665
Reece Beekman,OKC,2,2.5,1.0,1.5
Reece Beekman,PHI,3,3.0,0.3333333333333333,0.0
Reece Beekman,PHX,1,4.0,3.0,3.0
Reece Beekman,POR,2,0.0,1.0,0.5
Reece Beekman,SAC,1,0.0,1.0,2.0
Reece Beekman,SAS,1,0.0,0.0,1.0
Reece Beekman,TOR,3,5.0,1.3333333333333333,2.0
Reece Beekman,UTA,1,4.0,1.0,2.0
Reece Beekman,WAS,2,0.5,0.0,1.5
Reed Sheppard,ATL,2,13.5,4.0,4.0
Reed Sheppard,BKN,4,12.75,3.75,2.5
Reed Sheppard,BOS,3,7.0,0.6666666666666666,1.0
Reed Sheppard,CHA,4,6.75,3.0,2.0
Reed Sheppard,CHI,3,11.0,2.6666666666666665,2.6666666666666665
Reed Sheppard,CLE,2,15.0,2.5,5.0
Reed Sheppard,DAL,6,6.8,2.2,2.4
Reed Sheppard,DEN,6,15.6,1.6,4.0
Reed Sheppard,DET,3,10.0,1.6666666666666667,1.3333333333333333
Reed Sheppard,GSW,7,14.4,2.4,2.6
Reed Sheppard,IND,4,8.75,1.5,3.25
Reed Sheppard,LAC,8,14.2,3.6,3.4
Reed Sheppard,LAL,4,12.25,1.75,3.0
Reed Sheppard,MEM,5,11.2,2.8,2.2
Reed Sheppard,MIA,2,18.5,3.0,9.5
Reed Sheppard,MIL,3,14.333333333333334,1.6666666666666667,2.6666666666666665
Reed Sheppard,MIN,6,7.8,2.6,2.0
Reed Sheppard,NOP,7,9.6,3.4,3.2
Reed Sheppard,NYK,4,9.25,2.5,1.5
Reed Sheppard,OKC,7,11.4,2.0,3.6
Reed Sheppard,ORL,2,18.0,5.0,3.0
Reed Sheppard,PHI,3,6.666666666666667,0.3333333333333333,2.0
Reed Sheppard,PHX,6,9.2,3.2,3.4
Reed Sheppard,POR,7,12.2,2.4,3.0
Reed Sheppard,SAC,5,12.0,2.4,2.0
Reed Sheppard,SAS,8,13.0,2.2,2.8
Reed Sheppard,TOR,4,4.75,3.5,1.0
Reed Sheppard,UTA,6,12.0,3.2,3.8
Reed Sheppard,WAS,3,15.666666666666666,3.6666666666666665,4.333333333333333
Reggie Bullock Jr.,ATL,5,10.8,3.8,0.8
Reggie Bullock Jr.,BKN,4,3.75,2.0,0.75
Reggie Bullock Jr.,BOS,4,5.25,2.5,1.25
Reggie Bullock Jr.,CHA,4,5.75,4.0,0.5
Reggie Bullock Jr.,CHI,5,3.4,2.0,1.6
Reggie Bullock Jr.,CLE,5,6.4,4.2,0.8
Reggie Bullock Jr.,DAL,2,7.0,2.0,1.0
Reggie Bullock Jr.,DEN,8,4.4,2.6,1.0
Reggie Bullock Jr.,DET,6,6.8,3.2,1.6
Reggie Bullock Jr.,GSW,10,4.0,2.8,0.6
Reggie Bullock Jr.,HOU,7,4.8,4.0,1.0
Reggie Bullock Jr.,IND,4,12.0,2.25,0.5
Reggie Bullock Jr.,LAC,8,7.4,3.2,1.8
Reggie Bullock Jr.,LAL,8,7.8,4.4,2.2
Reggie Bullock Jr.,MEM,11,3.6,1.6,0.8
Reggie Bullock Jr.,MIA,4,6.75,2.0,1.25
Reggie Bullock Jr.,MIL,2,10.5,6.0,1.0
Reggie Bullock Jr.,MIN,8,3.8,2.8,0.2
Reggie Bullock Jr.,NOP,7,3.0,3.2,0.8
Reggie Bullock Jr.,NYK,4,4.0,4.0,1.0
Reggie Bullock Jr.,OKC,9,5.4,2.2,0.6
Reggie Bullock Jr.,ORL,6,3.8,2.0,0.2
Reggie Bullock Jr.,PHI,3,14.0,4.333333333333333,0.6666666666666666
Reggie Bullock Jr.,PHX,9,4.0,2.6,0.2
Reggie Bullock Jr.,POR,8,8.2,2.8,1.4
Reggie Bullock Jr.,SAC,7,7.0,2.4,1.8
Reggie Bullock Jr.,SAS,10,6.8,4.0,0.6
Reggie Bullock Jr.,TOR,6,3.6,3.4,1.6
Reggie Bullock Jr.,UTA,10,3.8,2.6,0.8
Reggie Bullock Jr.,WAS,6,4.0,3.0,1.8
Reggie Jackson,ATL,6,14.0,2.2,3.4
Reggie Jackson,BKN,9,8.2,1.0,2.2
Reggie Jackson,BOS,7,4.8,2.6,2.0
Reggie Jackson,CHA,6,11.8,3.0,3.6
Reggie Jackson,CHI,7,12.2,1.6,3.0
Reggie Jackson,CLE,6,12.8,2.6,3.4
Reggie Jackson,DAL,11,9.0,0.8,2.4
Reggie Jackson,DEN,7,5.8,2.4,3.6
Reggie Jackson,DET,6,17.2,3.6,5.8
Reggie Jackson,GSW,11,5.8,0.6,3.0
Reggie Jackson,HOU,14,7.2,2.6,2.8
Reggie Jackson,IND,7,8.6,2.0,2.8
Reggie Jackson,LAC,7,12.6,1.8,5.0
Reggie Jackson,LAL,12,3.6,2.4,1.8
Reggie Jackson,MEM,12,8.6,0.8,4.2
Reggie Jackson,MIA,7,10.8,2.2,2.6
Reggie Jackson,MIL,4,8.5,1.75,3.75
Reggie Jackson,MIN,10,5.4,2.0,5.0
Reggie Jackson,NOP,9,9.8,2.4,2.0
Reggie Jackson,NYK,5,9.2,2.4,4.0
Reggie Jackson,OKC,9,8.0,2.2,3.8
Reggie Jackson,ORL,7,9.4,1.8,3.6
Reggie Jackson,PHI,6,7.0,2.2,1.6
Reggie Jackson,PHX,11,10.8,1.8,2.6
Reggie Jackson,POR,10,11.0,1.2,3.2
Reggie Jackson,SAC,12,7.4,2.6,3.8
Reggie Jackson,SAS,13,8.4,1.8,3.2
Reggie Jackson,TOR,7,9.8,1.4,2.4
Reggie Jackson,UTA,13,6.4,2.6,2.2
Reggie Jackson,WAS,5,11.0,1.6,3.4
Reggie Perry,CHI,1,2.0,1.0,0.0
Reggie Perry,DAL,1,9.0,2.0,0.0
Reggie Perry,LAL,1,7.0,4.0,1.0
Reggie Perry,NOP,2,15.0,4.5,0.5
Reggie Perry,OKC,1,2.0,4.0,3.0
Reggie Perry,SAS,2,9.0,8.0,0.5
Reggie Perry,UTA,2,12.0,5.5,3.0
Richaun Holmes,ATL,4,6.5,4.5,1.0
Richaun Holmes,BKN,6,5.8,4.2,1.4
Richaun Holmes,BOS,4,5.5,3.75,0.25
Richaun Holmes,CHA,5,10.8,10.0,1.4
Richaun Holmes,CHI,5,4.8,4.6,0.6
Richaun Holmes,CLE,3,9.666666666666666,7.333333333333333,1.0
Richaun Holmes,DAL,6,8.8,5.2,0.6
Richaun Holmes,DEN,6,1.6,3.0,0.0
Richaun Holmes,DET,5,10.2,5.4,1.0
Richaun Holmes,GSW,5,9.4,5.2,1.4
Richaun Holmes,HOU,7,7.0,4.4,0.2
Richaun Holmes,IND,4,6.25,5.0,0.25
Richaun Holmes,LAC,7,1.6,3.8,0.2
Richaun Holmes,LAL,7,7.4,7.2,1.0
Richaun Holmes,MEM,7,3.6,3.4,0.6
Richaun Holmes,MIA,5,4.8,4.8,0.4
Richaun Holmes,MIL,4,8.0,3.75,1.5
Richaun Holmes,MIN,6,3.8,2.6,1.8
Richaun Holmes,NOP,7,2.8,2.4,0.2
Richaun Holmes,NYK,2,6.0,7.0,1.0
Richaun Holmes,OKC,6,4.8,3.0,0.2
Richaun Holmes,ORL,6,5.8,3.8,0.6
Richaun Holmes,PHI,6,4.8,5.0,0.8
Richaun Holmes,PHX,3,7.666666666666667,7.333333333333333,1.3333333333333333
Richaun Holmes,POR,6,5.4,1.6,0.6
Richaun Holmes,SAC,4,3.75,4.5,0.5
Richaun Holmes,SAS,2,11.5,8.0,0.0
Richaun Holmes,TOR,7,7.8,6.6,1.6
Richaun Holmes,UTA,10,0.8,0.8,0.0
Richaun Holmes,WAS,3,2.0,0.3333333333333333,0.0
Ricky Council IV,ATL,4,11.75,4.0,2.0
Ricky Council IV,BKN,6,1.4,1.4,0.8
Ricky Council IV,BOS,4,10.25,3.5,3.25
Ricky Council IV,CHA,5,4.4,1.0,0.4
Ricky Council IV,CHI,4,6.0,2.75,0.75
Ricky Council IV,CLE,5,5.2,2.4,0.2
Ricky Council IV,DAL,3,9.333333333333334,4.0,1.0
Ricky Council IV,DEN,2,7.5,1.0,2.0
Ricky Council IV,DET,4,6.25,1.75,0.75
Ricky Council IV,GSW,3,10.333333333333334,0.6666666666666666,0.3333333333333333
Ricky Council IV,HOU,2,11.0,5.5,1.5
Ricky Council IV,IND,4,14.25,5.75,1.0
Ricky Council IV,LAC,3,6.333333333333333,0.3333333333333333,0.3333333333333333
Ricky Council IV,LAL,2,9.0,5.0,2.0
Ricky Council IV,MEM,4,2.0,0.5,1.25
Ricky Council IV,MIA,5,7.0,3.2,1.6
Ricky Council IV,MIL,5,5.2,2.2,0.8
Ricky Council IV,MIN,2,1.5,0.0,0.5
Ricky Council IV,NOP,3,7.666666666666667,2.3333333333333335,1.3333333333333333
Ricky Council IV,NYK,6,4.2,1.4,0.8
Ricky Council IV,OKC,2,8.5,4.0,3.5
Ricky Council IV,ORL,5,2.0,0.4,0.6
Ricky Council IV,PHX,2,5.0,0.0,1.0
Ricky Council IV,POR,3,6.0,1.6666666666666667,0.6666666666666666
Ricky Council IV,SAC,3,8.666666666666666,2.3333333333333335,0.3333333333333333
Ricky Council IV,SAS,3,10.333333333333334,3.3333333333333335,1.3333333333333333
Ricky Council IV,TOR,5,5.6,2.8,0.8
Ricky Council IV,UTA,2,5.5,2.5,1.0
Ricky Council IV,WAS,4,12.75,6.5,1.5
Ricky Rubio,ATL,3,11.333333333333334,3.0,3.6666666666666665
Ricky Rubio,BKN,4,12.25,2.75,4.5
Ricky Rubio,BOS,5,11.6,3.6,3.4
Ricky Rubio,CHA,5,9.6,3.2,6.0
Ricky Rubio,CHI,2,5.5,2.5,7.0
Ricky Rubio,DAL,1,7.0,7.0,6.0
Ricky Rubio,DEN,1,7.0,4.0,8.0
Ricky Rubio,DET,3,6.0,2.6666666666666665,5.333333333333333
Ricky Rubio,GSW,1,10.0,0.0,5.0
Ricky Rubio,HOU,3,4.666666666666667,2.0,7.0
Ricky Rubio,IND,2,3.5,2.0,7.0
Ricky Rubio,LAC,2,9.0,3.0,3.5
Ricky Rubio,LAL,1,18.0,6.0,4.0
Ricky Rubio,MEM,3,10.666666666666666,3.3333333333333335,5.666666666666667
Ricky Rubio,MIA,5,6.8,3.2,6.0
Ricky Rubio,MIL,3,8.333333333333334,4.0,8.0
Ricky Rubio,MIN,2,4.5,3.0,5.0
Ricky Rubio,NOP,2,14.5,7.0,4.5
Ricky Rubio,NYK,3,14.0,1.0,4.666666666666667
Ricky Rubio,ORL,3,4.333333333333333,2.3333333333333335,5.0
Ricky Rubio,PHX,2,11.5,4.0,4.0
Ricky Rubio,POR,2,4.5,3.0,4.0
Ricky Rubio,SAC,1,15.0,2.0,3.0
Ricky Rubio,SAS,1,9.0,3.0,2.0
Ricky Rubio,TOR,3,9.0,2.6666666666666665,3.6666666666666665
Ricky Rubio,UTA,1,15.0,4.0,2.0
Ricky Rubio,WAS,3,11.666666666666666,4.0,5.333333333333333
Riley Minix,ATL,1,4.0,0.0,0.0
Riley Minix,DAL,2,2.0,2.0,1.0
Riley Minix,HOU,1,0.0,2.0,0.0
Riley Minix,MEM,1,0.0,0.0,0.0
Riley Minix,MIA,1,6.0,0.0,1.0
Riley Minix,PHI,1,0.0,0.0,0.0
Riley Minix,PHX,1,9.0,1.0,0.0
Riley Minix,TOR,1,0.0,0.0,1.0
Riley Minix,WAS,1,12.0,1.0,1.0
Rob Dillingham,ATL,3,3.3333333333333335,1.3333333333333333,1.6666666666666667
Rob Dillingham,BKN,5,4.4,2.4,0.8
Rob Dillingham,BOS,3,11.0,0.3333333333333333,3.3333333333333335
Rob Dillingham,CHA,4,4.25,1.25,3.25
Rob Dillingham,CHI,3,2.6666666666666665,1.0,1.3333333333333333
Rob Dillingham,CLE,4,10.75,1.75,1.75
Rob Dillingham,DAL,3,11.0,2.0,2.3333333333333335
Rob Dillingham,DEN,6,3.6,1.4,1.2
Rob Dillingham,DET,2,1.0,0.5,1.0
Rob Dillingham,GSW,4,3.5,1.5,1.25
Rob Dillingham,HOU,4,7.25,2.0,2.5
Rob Dillingham,IND,2,7.5,1.0,1.5
Rob Dillingham,LAC,2,6.0,2.0,3.0
Rob Dillingham,LAL,5,6.0,1.4,3.0
Rob Dillingham,MEM,5,8.6,1.4,2.0
Rob Dillingham,MIA,1,0.0,1.0,3.0
Rob Dillingham,MIL,3,2.3333333333333335,1.0,0.3333333333333333
Rob Dillingham,NOP,3,2.0,0.6666666666666666,2.3333333333333335
Rob Dillingham,NYK,5,6.0,2.0,3.6
Rob Dillingham,OKC,8,3.2,2.4,2.0
Rob Dillingham,ORL,1,13.0,4.0,0.0
Rob Dillingham,PHI,2,8.0,1.0,0.5
Rob Dillingham,PHX,6,6.8,1.8,1.2
Rob Dillingham,POR,4,5.75,1.25,3.25
Rob Dillingham,SAC,8,3.8,1.8,2.4
Rob Dillingham,SAS,5,1.8,0.8,1.2
Rob Dillingham,TOR,3,7.0,0.3333333333333333,2.3333333333333335
Rob Dillingham,UTA,5,6.6,1.4,2.8
Rob Dillingham,WAS,5,8.0,3.8,3.0
Rob Edwards,DAL,1,3.0,3.0,0.0
Rob Edwards,PHX,1,0.0,0.0,0.0
Robert Covington,ATL,2,5.0,5.5,2.0
Robert Covington,BKN,2,12.5,3.0,0.5
Robert Covington,BOS,5,10.6,4.0,0.2
Robert Covington,CHA,4,3.75,4.75,1.0
Robert Covington,CHI,7,2.8,2.0,0.4
Robert Covington,CLE,4,7.25,5.5,1.0
Robert Covington,DAL,6,4.6,3.8,2.2
Robert Covington,DEN,7,10.4,5.2,1.4
Robert Covington,DET,4,4.0,3.0,0.75
Robert Covington,GSW,5,6.6,4.2,1.2
Robert Covington,HOU,8,6.8,5.8,0.6
Robert Covington,IND,4,6.25,3.25,0.75
Robert Covington,LAC,4,4.25,7.25,2.0
Robert Covington,LAL,7,6.4,5.8,2.0
Robert Covington,MEM,6,12.0,5.4,1.0
Robert Covington,MIA,3,8.666666666666666,7.333333333333333,0.0
Robert Covington,MIL,4,16.0,4.0,1.0
Robert Covington,MIN,5,6.6,5.2,1.4
Robert Covington,NOP,5,8.4,3.6,1.2
Robert Covington,NYK,1,6.0,4.0,0.0
Robert Covington,OKC,7,6.2,2.2,0.8
Robert Covington,ORL,4,7.5,3.75,1.75
Robert Covington,PHI,4,3.5,4.0,1.75
Robert Covington,PHX,9,4.0,4.4,0.6
Robert Covington,POR,3,9.333333333333334,5.0,1.0
Robert Covington,SAC,7,9.2,5.6,1.8
Robert Covington,SAS,5,4.6,4.2,1.0
Robert Covington,TOR,5,5.4,3.0,1.8
Robert Covington,UTA,7,4.8,2.6,1.4
Robert Covington,WAS,4,7.5,3.5,0.5
Robert Williams III,ATL,5,10.0,11.2,1.6
Robert Williams III,BKN,6,10.4,7.8,1.0
Robert Williams III,BOS,1,6.0,2.0,0.0
Robert Williams III,CHA,8,5.8,10.6,1.8
Robert Williams III,CHI,4,10.0,9.75,2.5
Robert Williams III,CLE,5,10.8,11.2,3.0
Robert Williams III,DAL,6,6.2,6.4,0.8
Robert Williams III,DEN,8,5.6,4.4,1.4
Robert Williams III,DET,7,9.8,10.2,1.4
Robert Williams III,GSW,6,10.4,10.0,1.6
Robert Williams III,HOU,9,3.8,4.4,1.2
Robert Williams III,IND,9,6.0,8.0,1.8
Robert Williams III,LAC,8,7.4,8.6,0.8
Robert Williams III,LAL,4,8.75,4.75,1.0
Robert Williams III,MEM,8,9.6,5.8,0.6
Robert Williams III,MIA,6,4.6,6.4,0.6
Robert Williams III,MIL,8,6.6,5.0,0.2
Robert Williams III,MIN,7,9.0,6.6,1.2
Robert Williams III,NOP,5,5.6,8.6,1.4
Robert Williams III,NYK,8,8.4,8.2,1.8
Robert Williams III,OKC,5,4.0,7.6,0.6
Robert Williams III,ORL,7,7.2,5.8,0.8
Robert Williams III,PHI,7,6.8,6.8,1.0
Robert Williams III,PHX,7,7.2,5.0,1.6
Robert Williams III,POR,2,5.0,6.5,1.5
Robert Williams III,SAC,6,5.6,7.2,1.0
Robert Williams III,SAS,6,7.0,7.0,1.0
Robert Williams III,TOR,6,7.8,7.8,1.8
Robert Williams III,UTA,3,7.333333333333333,5.666666666666667,1.3333333333333333
Robert Williams III,WAS,4,6.25,7.25,1.75
Robert Woodard II,ATL,1,0.0,2.0,0.0
Robert Woodard II,BOS,1,0.0,4.0,1.0
Robert Woodard II,DAL,1,0.0,0.0,0.0
Robert Woodard II,DEN,1,0.0,1.0,0.0
Robert Woodard II,GSW,1,0.0,1.0,0.0
Robert Woodard II,LAC,1,0.0,0.0,0.0
Robert Woodard II,MEM,2,2.5,0.0,0.0
Robert Woodard II,MIN,1,2.0,1.0,0.0
Robert Woodard II,NYK,1,0.0,2.0,2.0
Robert Woodard II,POR,1,0.0,0.0,0.0
Robert Woodard II,TOR,1,0.0,0.0,0.0
Robin Lopez,ATL,5,4.0,1.6,2.8
Robin Lopez,BKN,2,11.5,5.0,2.0
Robin Lopez,BOS,1,2.0,0.0,0.0
Robin Lopez,CHA,4,5.75,3.75,1.5
Robin Lopez,CHI,3,7.333333333333333,2.6666666666666665,0.3333333333333333
Robin Lopez,CLE,4,6.5,1.75,1.75
Robin Lopez,DAL,3,6.0,0.3333333333333333,0.3333333333333333
Robin Lopez,DEN,2,1.5,0.0,0.5
Robin Lopez,DET,5,2.6,0.8,0.4
Robin Lopez,IND,4,2.0,1.0,0.0
Robin Lopez,LAC,1,2.0,2.0,2.0
Robin Lopez,LAL,2,5.0,4.5,1.5
Robin Lopez,MEM,1,2.0,1.0,1.0
Robin Lopez,MIA,6,5.2,2.6,1.4
Robin Lopez,MIL,5,7.2,2.6,1.2
Robin Lopez,MIN,1,5.0,2.0,0.0
Robin Lopez,NOP,3,1.3333333333333333,0.3333333333333333,0.3333333333333333
Robin Lopez,NYK,7,2.2,0.2,0.0
Robin Lopez,OKC,1,2.0,2.0,1.0
Robin Lopez,ORL,2,4.0,1.0,1.5
Robin Lopez,PHI,2,3.5,2.0,0.5
Robin Lopez,PHX,2,4.0,2.0,0.0
Robin Lopez,POR,3,5.333333333333333,3.3333333333333335,0.6666666666666666
Robin Lopez,SAC,3,5.0,3.6666666666666665,1.3333333333333333
Robin Lopez,SAS,2,3.5,2.0,0.0
Robin Lopez,TOR,7,3.4,1.4,0.4
Robin Lopez,UTA,3,0.0,1.3333333333333333,0.0
Robin Lopez,WAS,5,5.6,4.0,1.0
Rocco Zikarsky,LAC,1,2.0,3.0,0.0
Rocco Zikarsky,NOP,1,8.0,9.0,2.0
Rocco Zikarsky,OKC,1,2.0,1.0,0.0
Rocco Zikarsky,ORL,1,2.0,0.0,0.0
Rocco Zikarsky,PHI,1,0.0,1.0,0.0
Rodney Hood,ATL,1,3.0,2.0,0.0
Rodney Hood,BKN,1,10.0,0.0,0.0
Rodney Hood,BOS,2,4.0,3.0,1.0
Rodney Hood,CHA,3,2.0,1.0,0.6666666666666666
Rodney Hood,CLE,3,0.0,0.6666666666666666,0.6666666666666666
Rodney Hood,DAL,1,0.0,2.0,2.0
Rodney Hood,DEN,2,3.0,1.0,1.0
Rodney Hood,DET,3,1.3333333333333333,1.6666666666666667,1.3333333333333333
Rodney Hood,GSW,3,4.333333333333333,0.3333333333333333,1.3333333333333333
Rodney Hood,HOU,4,1.75,2.5,0.0
Rodney Hood,IND,3,4.666666666666667,2.3333333333333335,0.0
Rodney Hood,LAC,1,0.0,0.0,0.0
Rodney Hood,LAL,1,0.0,0.0,0.0
Rodney Hood,MIA,2,3.5,2.5,1.0
Rodney Hood,MIL,1,5.0,0.0,1.0
Rodney Hood,MIN,1,7.0,4.0,1.0
Rodney Hood,NOP,3,0.6666666666666666,0.6666666666666666,0.3333333333333333
Rodney Hood,NYK,4,6.25,0.75,1.0
Rodney Hood,OKC,1,5.0,3.0,2.0
Rodney Hood,ORL,2,3.5,2.5,1.5
Rodney Hood,PHI,1,3.0,1.0,0.0
Rodney Hood,POR,1,4.0,2.0,0.0
Rodney Hood,SAC,2,3.5,1.0,0.5
Rodney Hood,SAS,1,6.0,2.0,0.0
Rodney Hood,TOR,3,3.0,1.3333333333333333,1.0
Rodney Hood,UTA,2,2.5,2.0,1.0
Rodney McGruder,ATL,5,4.4,2.6,1.4
Rodney McGruder,BKN,4,3.0,2.0,0.75
Rodney McGruder,BOS,4,2.5,1.0,0.75
Rodney McGruder,CHA,5,6.6,1.8,1.2
Rodney McGruder,CHI,4,6.0,1.5,0.75
Rodney McGruder,CLE,7,4.2,2.6,1.2
Rodney McGruder,DAL,1,0.0,0.0,1.0
Rodney McGruder,DEN,3,9.0,4.333333333333333,1.6666666666666667
Rodney McGruder,GSW,2,11.0,2.5,0.5
Rodney McGruder,HOU,1,0.0,3.0,0.0
Rodney McGruder,IND,5,10.4,3.8,1.2
Rodney McGruder,MEM,3,6.0,1.6666666666666667,0.3333333333333333
Rodney McGruder,MIA,3,7.666666666666667,3.6666666666666665,1.3333333333333333
Rodney McGruder,MIL,5,6.0,0.8,1.0
Rodney McGruder,MIN,3,6.333333333333333,1.6666666666666667,1.0
Rodney McGruder,NOP,2,0.0,0.0,0.0
Rodney McGruder,NYK,5,1.2,1.4,0.4
Rodney McGruder,ORL,3,5.333333333333333,2.3333333333333335,2.6666666666666665
Rodney McGruder,PHI,3,7.333333333333333,2.0,0.3333333333333333
Rodney McGruder,PHX,1,8.0,6.0,2.0
Rodney McGruder,POR,2,1.0,1.5,0.0
Rodney McGruder,SAC,2,10.5,3.0,1.5
Rodney McGruder,SAS,2,1.5,0.5,0.0
Rodney McGruder,TOR,1,6.0,2.0,0.0
Rodney McGruder,UTA,2,7.5,2.5,1.0
Rodney McGruder,WAS,5,6.8,3.6,0.8
Romeo Langford,ATL,3,3.0,3.0,0.0
Romeo Langford,BKN,4,4.5,2.75,0.75
Romeo Langford,BOS,2,11.0,4.5,0.5
Romeo Langford,CHA,2,7.5,0.5,0.5
Romeo Langford,CHI,1,4.0,0.0,1.0
Romeo Langford,CLE,4,5.0,5.25,0.75
Romeo Langford,DAL,3,7.333333333333333,1.6666666666666667,0.6666666666666666
Romeo Langford,DET,2,12.0,1.0,0.5
Romeo Langford,GSW,3,4.666666666666667,1.3333333333333333,0.6666666666666666
Romeo Langford,HOU,4,7.5,2.75,2.0
Romeo Langford,IND,1,3.0,0.0,0.0
Romeo Langford,LAC,3,7.0,4.333333333333333,2.0
Romeo Langford,LAL,5,5.2,2.8,1.0
Romeo Langford,MEM,3,7.333333333333333,3.0,2.6666666666666665
Romeo Langford,MIA,3,10.333333333333334,2.6666666666666665,0.3333333333333333
Romeo Langford,MIL,4,4.5,1.75,0.5
Romeo Langford,MIN,6,3.8,1.8,0.6
Romeo Langford,NOP,6,3.0,2.0,0.6
Romeo Langford,NYK,4,10.5,2.25,0.75
Romeo Langford,OKC,4,4.5,2.75,0.5
Romeo Langford,ORL,2,5.5,1.5,0.0
Romeo Langford,PHI,2,0.5,1.0,0.0
Romeo Langford,PHX,3,8.333333333333334,3.3333333333333335,0.3333333333333333
Romeo Langford,POR,4,7.0,2.5,1.5
Romeo Langford,SAC,3,2.0,0.3333333333333333,0.6666666666666666
Romeo Langford,SAS,2,1.5,2.5,0.5
Romeo Langford,TOR,4,5.5,3.5,0.0
Romeo Langford,UTA,2,7.5,3.5,0.5
Romeo Langford,WAS,2,2.5,2.0,1.0
Ron Harper Jr.,ATL,2,1.5,1.5,0.0
Ron Harper Jr.,BKN,3,3.0,0.3333333333333333,0.0
Ron Harper Jr.,BOS,1,0.0,0.0,1.0
Ron Harper Jr.,CHA,4,1.75,1.0,0.75
Ron Harper Jr.,CHI,1,0.0,3.0,1.0
Ron Harper Jr.,CLE,1,2.0,0.0,0.0
Ron Harper Jr.,DAL,1,0.0,1.0,0.0
Ron Harper Jr.,DEN,1,3.0,1.0,2.0
Ron Harper Jr.,DET,1,0.0,0.0,1.0
Ron Harper Jr.,GSW,2,3.0,1.5,0.5
Ron Harper Jr.,HOU,2,6.5,6.0,3.0
Ron Harper Jr.,IND,1,2.0,0.0,0.0
Ron Harper Jr.,LAL,1,2.0,0.0,0.0
Ron Harper Jr.,MEM,2,3.0,0.0,0.0
Ron Harper Jr.,MIL,4,5.0,3.25,1.0
Ron Harper Jr.,MIN,1,0.0,1.0,0.0
Ron Harper Jr.,NOP,2,3.5,0.0,0.5
Ron Harper Jr.,NYK,1,3.0,3.0,0.0
Ron Harper Jr.,OKC,1,5.0,1.0,1.0
Ron Harper Jr.,ORL,1,27.0,7.0,4.0
Ron Harper Jr.,PHX,1,8.0,5.0,1.0
Ron Harper Jr.,POR,1,2.0,1.0,0.0
Ron Harper Jr.,SAS,1,22.0,3.0,2.0
Ron Harper Jr.,TOR,1,0.0,0.0,0.0
Ron Harper Jr.,WAS,3,0.0,0.0,0.3333333333333333
Ronald Holland II,ATL,8,7.4,3.0,1.2
Ronald Holland II,BKN,7,8.6,2.4,1.4
Ronald Holland II,BOS,8,6.6,2.8,1.2
Ronald Holland II,CHA,6,9.2,4.2,1.2
Ronald Holland II,CHI,8,9.6,4.0,1.4
Ronald Holland II,CLE,8,9.8,4.8,0.6
Ronald Holland II,DAL,4,7.5,5.0,0.75
Ronald Holland II,DEN,4,9.25,3.25,0.25
Ronald Holland II,GSW,4,8.0,1.75,0.5
Ronald Holland II,HOU,4,7.75,3.25,1.5
Ronald Holland II,IND,8,4.6,4.6,2.2
Ronald Holland II,LAC,4,8.5,2.75,0.75
Ronald Holland II,LAL,4,8.75,3.75,0.5
Ronald Holland II,MEM,4,10.75,2.25,1.0
Ronald Holland II,MIA,7,6.4,3.4,1.0
Ronald Holland II,MIL,8,7.2,2.2,1.2
Ronald Holland II,MIN,4,8.25,1.5,0.5
Ronald Holland II,NOP,4,11.0,4.0,3.75
Ronald Holland II,NYK,7,7.2,4.0,1.2
Ronald Holland II,OKC,3,6.0,3.3333333333333335,1.6666666666666667
Ronald Holland II,ORL,7,7.8,1.8,1.0
Ronald Holland II,PHI,7,9.4,3.8,1.0
Ronald Holland II,PHX,4,6.0,3.75,1.25
Ronald Holland II,POR,3,9.333333333333334,2.0,0.6666666666666666
Ronald Holland II,SAC,3,5.333333333333333,3.0,1.0
Ronald Holland II,SAS,4,9.25,6.75,0.5
Ronald Holland II,TOR,6,2.6,2.8,1.0
Ronald Holland II,UTA,4,8.0,4.0,2.25
Ronald Holland II,WAS,7,6.4,5.0,0.8
Royce O'Neale,ATL,12,6.0,4.0,1.8
Royce O'Neale,BKN,6,6.2,4.2,2.8
Royce O'Neale,BOS,14,5.4,3.6,2.0
Royce O'Neale,CHA,11,5.6,3.4,0.6
Royce O'Neale,CHI,12,6.6,6.2,2.6
Royce O'Neale,CLE,13,10.6,4.8,1.4
Royce O'Neale,DAL,16,11.8,5.4,2.8
Royce O'Neale,DEN,17,10.8,3.6,2.6
Royce O'Neale,DET,12,9.2,5.0,2.8
Royce O'Neale,GSW,17,6.8,3.4,2.8
Royce O'Neale,HOU,18,7.2,3.6,1.8
Royce O'Neale,IND,8,9.2,4.8,3.2
Royce O'Neale,LAC,17,12.2,4.4,2.8
Royce O'Neale,LAL,16,10.8,5.6,4.2
Royce O'Neale,MEM,11,11.6,4.2,2.6
Royce O'Neale,MIA,13,12.0,6.6,3.8
Royce O'Neale,MIL,10,11.0,4.4,2.6
Royce O'Neale,MIN,16,11.4,4.0,2.4
Royce O'Neale,NOP,15,12.2,4.2,2.6
Royce O'Neale,NYK,12,10.4,4.2,2.2
Royce O'Neale,OKC,16,8.2,4.0,1.8
Royce O'Neale,ORL,10,8.2,7.2,3.2
Royce O'Neale,PHI,11,11.8,5.4,1.4
Royce O'Neale,PHX,7,4.2,2.0,3.4
Royce O'Neale,POR,14,7.8,5.2,1.4
Royce O'Neale,SAC,17,7.8,4.2,3.2
Royce O'Neale,SAS,12,11.4,5.4,1.8
Royce O'Neale,TOR,10,10.0,7.0,3.8
Royce O'Neale,UTA,10,13.0,5.6,4.0
Royce O'Neale,WAS,12,10.6,4.6,2.6
Ruben Nembhard Jr.,CHA,2,2.0,1.0,0.5
Ruben Nembhard Jr.,DAL,1,0.0,1.0,1.0
Ruben Nembhard Jr.,GSW,1,0.0,1.0,0.0
Ruben Nembhard Jr.,IND,1,0.0,0.0,0.0
Ruben Nembhard Jr.,LAL,1,0.0,0.0,0.0
Ruben Nembhard Jr.,MIA,1,2.0,1.0,0.0
Ruben Nembhard Jr.,MIL,2,1.0,0.5,0.5
Ruben Nembhard Jr.,TOR,2,2.0,0.5,3.0
Ruben Nembhard Jr.,UTA,1,0.0,0.0,0.0
Ruben Nembhard Jr.,WAS,2,1.5,0.0,1.5
Rudy Gay,ATL,2,2.5,4.0,0.0
Rudy Gay,BKN,3,6.666666666666667,3.0,1.3333333333333333
Rudy Gay,BOS,3,5.0,2.6666666666666665,0.3333333333333333
Rudy Gay,CHA,4,4.0,2.5,0.5
Rudy Gay,CHI,2,2.5,3.0,1.0
Rudy Gay,CLE,3,9.0,4.0,0.6666666666666666
Rudy Gay,DAL,7,8.4,5.0,2.2
Rudy Gay,DEN,5,12.2,4.0,1.0
Rudy Gay,DET,2,6.0,4.0,2.0
Rudy Gay,GSW,4,8.5,2.75,0.25
Rudy Gay,HOU,4,3.5,4.25,1.0
Rudy Gay,IND,2,5.5,3.5,0.5
Rudy Gay,LAC,5,5.4,4.0,0.4
Rudy Gay,LAL,3,5.666666666666667,4.666666666666667,1.0
Rudy Gay,MEM,4,4.25,2.5,1.0
Rudy Gay,MIA,2,8.5,0.5,1.0
Rudy Gay,MIL,2,4.5,2.5,0.5
Rudy Gay,MIN,8,3.8,3.8,1.0
Rudy Gay,NOP,7,4.2,4.4,1.6
Rudy Gay,NYK,2,11.0,4.5,1.0
Rudy Gay,OKC,6,6.4,3.6,1.2
Rudy Gay,ORL,2,1.5,3.5,1.0
Rudy Gay,PHI,2,6.5,4.0,0.0
Rudy Gay,PHX,3,5.333333333333333,2.6666666666666665,1.0
Rudy Gay,POR,6,11.2,3.2,1.2
Rudy Gay,SAC,5,5.4,3.6,1.2
Rudy Gay,SAS,6,6.2,4.4,0.8
Rudy Gay,TOR,3,12.0,2.6666666666666665,2.0
Rudy Gay,WAS,4,5.25,3.0,0.5
Rudy Gobert,ATL,10,13.8,10.4,1.0
Rudy Gobert,BKN,8,17.4,12.4,0.8
Rudy Gobert,BOS,9,10.2,12.2,1.0
Rudy Gobert,CHA,9,14.6,11.2,2.4
Rudy Gobert,CHI,9,13.8,11.0,1.6
Rudy Gobert,CLE,9,11.4,12.0,1.6
Rudy Gobert,DAL,16,14.2,9.6,1.8
Rudy Gobert,DEN,16,9.4,10.0,1.2
Rudy Gobert,DET,9,11.2,12.8,1.0
Rudy Gobert,GSW,16,13.6,11.0,1.2
Rudy Gobert,HOU,14,9.8,12.4,0.8
Rudy Gobert,IND,9,11.2,13.4,1.6
Rudy Gobert,LAC,17,6.8,10.0,2.2
Rudy Gobert,LAL,15,8.6,10.0,1.6
Rudy Gobert,MEM,17,10.0,12.4,1.8
Rudy Gobert,MIA,9,11.2,14.2,1.2
Rudy Gobert,MIL,8,13.0,14.2,2.8
Rudy Gobert,MIN,3,15.666666666666666,14.333333333333334,0.6666666666666666
Rudy Gobert,NOP,17,15.6,12.2,2.2
Rudy Gobert,NYK,8,8.4,10.0,0.8
Rudy Gobert,OKC,16,7.6,10.2,2.0
Rudy Gobert,ORL,8,15.4,12.0,1.0
Rudy Gobert,PHI,8,11.0,12.8,1.8
Rudy Gobert,PHX,15,11.4,11.4,1.6
Rudy Gobert,POR,20,14.0,11.8,1.4
Rudy Gobert,SAC,18,13.4,11.6,1.8
Rudy Gobert,SAS,17,10.6,10.8,2.2
Rudy Gobert,TOR,8,13.4,12.4,2.6
Rudy Gobert,UTA,12,14.6,12.2,0.6
Rudy Gobert,WAS,10,14.6,14.4,2.4
Rui Hachimura,ATL,8,11.4,4.8,0.6
Rui Hachimura,BKN,10,8.6,4.8,1.8
Rui Hachimura,BOS,9,11.0,5.4,1.2
Rui Hachimura,CHA,7,13.4,4.2,1.4
Rui Hachimura,CHI,9,11.6,2.6,1.0
Rui Hachimura,CLE,7,7.2,3.6,0.4
Rui Hachimura,DAL,14,17.6,4.8,1.0
Rui Hachimura,DEN,9,12.4,2.8,2.2
Rui Hachimura,DET,7,10.8,3.8,1.2
Rui Hachimura,GSW,16,14.8,3.4,2.2
Rui Hachimura,HOU,12,7.4,3.0,0.4
Rui Hachimura,IND,9,14.8,4.2,0.6
Rui Hachimura,LAC,10,13.4,4.2,1.4
Rui Hachimura,LAL,2,12.5,3.5,1.0
Rui Hachimura,MEM,12,12.6,4.8,1.2
Rui Hachimura,MIA,6,14.4,5.2,1.4
Rui Hachimura,MIL,7,14.8,6.4,1.8
Rui Hachimura,MIN,14,12.6,3.6,2.0
Rui Hachimura,NOP,11,12.4,4.0,1.0
Rui Hachimura,NYK,11,12.0,3.8,1.2
Rui Hachimura,OKC,15,11.0,4.6,1.0
Rui Hachimura,ORL,9,11.0,2.8,0.2
Rui Hachimura,PHI,10,13.4,5.2,1.0
Rui Hachimura,PHX,14,8.6,4.2,1.2
Rui Hachimura,POR,12,13.4,5.4,1.4
Rui Hachimura,SAC,13,13.6,4.8,0.8
Rui Hachimura,SAS,10,10.8,3.0,1.2
Rui Hachimura,TOR,7,9.8,3.4,1.0
Rui Hachimura,UTA,14,14.6,5.2,0.6
Rui Hachimura,WAS,6,15.0,4.8,0.6
Russell Westbrook,ATL,8,13.2,4.2,7.4
Russell Westbrook,BKN,8,20.0,7.2,7.8
Russell Westbrook,BOS,9,12.8,4.8,5.6
Russell Westbrook,CHA,7,10.4,5.6,5.2
Russell Westbrook,CHI,7,15.0,5.2,8.2
Russell Westbrook,CLE,10,12.2,4.8,5.6
Russell Westbrook,DAL,14,15.6,5.6,5.4
Russell Westbrook,DEN,14,18.0,7.0,7.6
Russell Westbrook,DET,10,13.8,4.8,4.0
Russell Westbrook,GSW,15,12.0,7.4,8.0
Russell Westbrook,HOU,13,17.4,5.6,6.4
Russell Westbrook,IND,10,15.4,6.2,7.8
Russell Westbrook,LAC,14,10.8,5.0,6.4
Russell Westbrook,LAL,13,15.8,4.8,6.2
Russell Westbrook,MEM,19,13.2,3.6,5.4
Russell Westbrook,MIA,10,11.2,1.6,7.2
Russell Westbrook,MIL,7,12.8,5.2,7.0
Russell Westbrook,MIN,16,9.2,6.0,7.8
Russell Westbrook,NOP,14,13.2,3.2,5.6
Russell Westbrook,NYK,10,16.8,6.6,5.4
Russell Westbrook,OKC,16,13.4,8.6,6.2
Russell Westbrook,ORL,8,10.8,3.8,5.6
Russell Westbrook,PHI,8,10.4,5.2,7.4
Russell Westbrook,PHX,16,14.4,5.6,4.2
Russell Westbrook,POR,15,17.4,4.4,7.0
Russell Westbrook,SAC,17,17.2,5.0,4.4
Russell Westbrook,SAS,17,13.0,6.8,6.2
Russell Westbrook,TOR,9,15.8,3.6,3.6
Russell Westbrook,UTA,15,13.2,5.2,8.0
Russell Westbrook,WAS,9,14.0,3.8,7.4
Ryan Arcidiacono,ATL,1,0.0,0.0,0.0
Ryan Arcidiacono,BKN,2,0.0,1.5,1.0
Ryan Arcidiacono,BOS,1,0.0,0.0,0.0
Ryan Arcidiacono,CHA,3,0.0,0.3333333333333333,0.0
Ryan Arcidiacono,CHI,3,0.0,0.6666666666666666,2.0
Ryan Arcidiacono,CLE,2,2.5,1.5,0.5
Ryan Arcidiacono,DAL,1,0.0,0.0,0.0
Ryan Arcidiacono,DEN,1,0.0,0.0,0.0
Ryan Arcidiacono,DET,2,0.0,0.0,0.5
Ryan Arcidiacono,GSW,2,1.5,0.0,0.0
Ryan Arcidiacono,HOU,2,0.0,0.0,0.0
Ryan Arcidiacono,IND,1,0.0,0.0,0.0
Ryan Arcidiacono,LAC,2,1.5,0.0,0.0
Ryan Arcidiacono,LAL,1,0.0,0.0,0.0
Ryan Arcidiacono,MIA,1,0.0,0.0,0.0
Ryan Arcidiacono,MIL,2,0.0,0.5,0.5
Ryan Arcidiacono,MIN,2,0.0,0.5,0.0
Ryan Arcidiacono,NOP,2,4.0,1.5,1.0
Ryan Arcidiacono,OKC,1,3.0,2.0,5.0
Ryan Arcidiacono,ORL,1,0.0,1.0,0.0
Ryan Arcidiacono,PHI,2,0.0,0.5,0.0
Ryan Arcidiacono,PHX,3,0.0,0.3333333333333333,0.3333333333333333
Ryan Arcidiacono,POR,2,1.5,0.5,0.0
Ryan Arcidiacono,SAC,2,4.5,3.0,3.0
Ryan Arcidiacono,SAS,1,0.0,0.0,0.0
Ryan Arcidiacono,TOR,2,2.5,1.0,1.5
Ryan Arcidiacono,UTA,2,1.5,0.0,1.0
Ryan Arcidiacono,WAS,3,0.0,1.0,0.3333333333333333
Ryan Dunn,ATL,4,9.0,4.5,1.0
Ryan Dunn,BKN,4,4.5,1.25,1.5
Ryan Dunn,BOS,3,7.0,4.0,0.6666666666666666
Ryan Dunn,CHA,4,5.0,2.75,0.5
Ryan Dunn,CHI,2,11.0,8.0,0.5
Ryan Dunn,CLE,4,5.0,5.0,1.25
Ryan Dunn,DAL,6,5.0,4.0,1.2
Ryan Dunn,DEN,4,6.75,4.0,1.5
Ryan Dunn,DET,4,6.25,3.75,0.75
Ryan Dunn,GSW,8,7.6,3.0,1.4
Ryan Dunn,HOU,6,3.0,1.8,0.0
Ryan Dunn,IND,4,5.75,2.25,0.75
Ryan Dunn,LAC,6,7.6,4.0,1.0
Ryan Dunn,LAL,9,5.2,5.0,1.4
Ryan Dunn,MEM,7,3.4,3.2,1.4
Ryan Dunn,MIA,3,4.666666666666667,2.3333333333333335,1.0
Ryan Dunn,MIL,4,7.25,5.0,1.0
Ryan Dunn,MIN,7,5.4,4.2,1.6
Ryan Dunn,NOP,5,3.8,3.4,1.0
Ryan Dunn,NYK,4,6.75,4.5,2.5
Ryan Dunn,OKC,7,9.6,6.4,2.0
Ryan Dunn,ORL,2,4.0,6.5,0.5
Ryan Dunn,PHI,4,5.0,2.5,0.5
Ryan Dunn,POR,7,3.8,3.8,1.4
Ryan Dunn,SAC,7,8.4,6.0,2.0
Ryan Dunn,SAS,6,10.0,5.6,0.8
Ryan Dunn,TOR,3,9.666666666666666,3.3333333333333335,0.6666666666666666
Ryan Dunn,UTA,7,9.0,5.6,1.4
Ryan Dunn,WAS,3,9.333333333333334,6.0,1.3333333333333333
Ryan Kalkbrenner,ATL,3,6.333333333333333,5.0,1.0
Ryan Kalkbrenner,BKN,3,8.333333333333334,6.666666666666667,0.6666666666666666
Ryan Kalkbrenner,BOS,3,4.0,2.3333333333333335,1.0
Ryan Kalkbrenner,CHI,3,5.666666666666667,4.0,1.0
Ryan Kalkbrenner,CLE,3,8.666666666666666,6.666666666666667,0.6666666666666666
Ryan Kalkbrenner,DAL,2,7.5,4.0,1.5
Ryan Kalkbrenner,DEN,2,11.5,6.0,0.5
Ryan Kalkbrenner,DET,3,4.666666666666667,5.0,1.0
Ryan Kalkbrenner,GSW,1,4.0,7.0,3.0
Ryan Kalkbrenner,HOU,2,7.0,4.0,2.5
Ryan Kalkbrenner,IND,3,7.0,7.0,1.0
Ryan Kalkbrenner,LAC,2,2.0,1.0,0.5
Ryan Kalkbrenner,LAL,2,9.0,5.0,0.5
Ryan Kalkbrenner,MEM,2,8.0,3.0,0.0
Ryan Kalkbrenner,MIA,4,7.0,4.25,0.25
Ryan Kalkbrenner,MIL,1,17.0,9.0,0.0
Ryan Kalkbrenner,MIN,2,4.0,5.5,0.0
Ryan Kalkbrenner,NOP,2,10.0,9.0,1.5
Ryan Kalkbrenner,NYK,4,7.25,6.0,0.75
Ryan Kalkbrenner,OKC,1,13.0,7.0,0.0
Ryan Kalkbrenner,ORL,3,13.333333333333334,7.0,0.0
Ryan Kalkbrenner,PHI,3,10.333333333333334,5.666666666666667,1.3333333333333333
Ryan Kalkbrenner,PHX,2,9.0,7.0,0.5
Ryan Kalkbrenner,POR,2,7.5,6.5,0.5
Ryan Kalkbrenner,SAC,1,6.0,4.0,1.0
Ryan Kalkbrenner,SAS,2,4.5,3.5,0.5
Ryan Kalkbrenner,TOR,3,9.0,7.333333333333333,1.0
Ryan Kalkbrenner,UTA,2,7.0,6.5,0.0
Ryan Kalkbrenner,WAS,3,6.0,5.666666666666667,1.0
Ryan Nembhard,ATL,2,4.0,1.0,7.5
Ryan Nembhard,BKN,2,4.5,1.5,6.5
Ryan Nembhard,BOS,2,4.0,0.0,1.5
Ryan Nembhard,CHA,2,3.0,3.0,4.0
Ryan Nembhard,CHI,2,15.5,6.0,14.5
Ryan Nembhard,CLE,2,9.5,3.5,6.0
Ryan Nembhard,DEN,4,12.0,2.25,6.25
Ryan Nembhard,DET,1,6.0,2.0,7.0
Ryan Nembhard,GSW,3,4.333333333333333,1.3333333333333333,3.3333333333333335
Ryan Nembhard,HOU,3,5.333333333333333,0.6666666666666666,4.333333333333333
Ryan Nembhard,LAC,3,11.0,4.0,6.333333333333333
Ryan Nembhard,LAL,2,9.5,1.0,3.0
Ryan Nembhard,MEM,2,3.0,1.0,3.5
Ryan Nembhard,MIA,2,8.5,4.0,10.0
Ryan Nembhard,MIL,1,9.0,0.0,4.0
Ryan Nembhard,MIN,2,7.0,2.0,3.5
Ryan Nembhard,NOP,2,3.0,4.0,6.5
Ryan Nembhard,NYK,1,4.0,3.0,5.0
Ryan Nembhard,OKC,2,8.5,2.5,4.5
Ryan Nembhard,ORL,2,4.0,4.5,4.5
Ryan Nembhard,PHI,2,8.0,1.0,4.0
Ryan Nembhard,PHX,1,9.0,5.0,7.0
Ryan Nembhard,POR,2,0.0,2.5,4.0
Ryan Nembhard,SAC,2,4.5,2.5,3.5
Ryan Nembhard,SAS,3,8.666666666666666,1.3333333333333333,6.333333333333333
Ryan Nembhard,TOR,2,1.0,0.5,1.0
Ryan Nembhard,UTA,4,9.0,2.5,7.25
Ryan Nembhard,WAS,2,1.0,0.5,1.0
Ryan Rollins,ATL,7,12.4,4.4,5.8
Ryan Rollins,BKN,5,7.2,2.2,3.2
Ryan Rollins,BOS,6,8.0,2.4,3.2
Ryan Rollins,CHA,6,18.6,4.4,5.2
Ryan Rollins,CHI,7,15.8,6.8,5.4
Ryan Rollins,CLE,7,17.0,2.8,5.2
Ryan Rollins,DAL,3,13.0,3.6666666666666665,5.666666666666667
Ryan Rollins,DEN,3,13.333333333333334,3.6666666666666665,2.6666666666666665
Ryan Rollins,DET,7,17.2,3.8,6.2
Ryan Rollins,GSW,5,11.4,2.4,3.0
Ryan Rollins,HOU,1,19.0,2.0,5.0
Ryan Rollins,IND,6,15.0,3.6,4.4
Ryan Rollins,LAC,3,4.333333333333333,1.6666666666666667,3.3333333333333335
Ryan Rollins,LAL,5,6.0,3.0,2.0
Ryan Rollins,MEM,4,11.75,2.0,2.5
Ryan Rollins,MIA,7,13.6,3.4,4.4
Ryan Rollins,MIL,1,0.0,0.0,0.0
Ryan Rollins,MIN,4,9.0,4.5,3.75
Ryan Rollins,NOP,6,16.6,3.4,4.4
Ryan Rollins,NYK,7,15.6,3.4,4.2
Ryan Rollins,OKC,4,8.75,1.0,2.25
Ryan Rollins,ORL,5,7.4,2.8,1.6
Ryan Rollins,PHI,9,16.8,4.6,5.8
Ryan Rollins,PHX,4,17.75,5.25,5.5
Ryan Rollins,POR,4,14.25,2.5,3.0
Ryan Rollins,SAC,5,7.6,3.0,3.0
Ryan Rollins,SAS,5,5.0,2.2,2.8
Ryan Rollins,TOR,9,13.8,4.0,2.8
Ryan Rollins,UTA,4,7.5,3.75,3.75
Ryan Rollins,WAS,6,14.2,4.0,5.4
Saben Lee,ATL,3,5.0,2.3333333333333335,2.0
Saben Lee,BKN,4,8.25,2.75,4.75
Saben Lee,BOS,3,3.3333333333333335,1.3333333333333333,1.0
Saben Lee,CHA,4,2.5,1.5,3.5
Saben Lee,CHI,5,4.2,1.6,1.2
Saben Lee,CLE,3,3.0,0.3333333333333333,1.0
Saben Lee,DAL,3,3.6666666666666665,1.6666666666666667,2.0
Saben Lee,DEN,2,6.0,3.0,3.0
Saben Lee,DET,3,8.0,3.3333333333333335,2.3333333333333335
Saben Lee,GSW,1,2.0,9.0,4.0
Saben Lee,HOU,4,4.5,1.5,1.5
Saben Lee,IND,3,8.333333333333334,2.3333333333333335,3.3333333333333335
Saben Lee,LAC,6,7.0,1.2,2.8
Saben Lee,LAL,2,7.0,3.5,2.0
Saben Lee,MEM,4,6.75,1.25,2.75
Saben Lee,MIA,3,1.0,1.6666666666666667,0.0
Saben Lee,MIL,3,5.666666666666667,3.3333333333333335,3.0
Saben Lee,MIN,2,6.0,1.0,1.0
Saben Lee,NOP,1,2.0,3.0,2.0
Saben Lee,NYK,1,16.0,3.0,3.0
Saben Lee,OKC,4,6.75,3.0,4.25
Saben Lee,ORL,4,5.0,0.75,3.5
Saben Lee,PHI,2,5.5,2.0,4.5
Saben Lee,PHX,1,2.0,1.0,3.0
Saben Lee,POR,1,9.0,3.0,2.0
Saben Lee,SAC,5,4.6,0.6,1.2
Saben Lee,SAS,2,3.5,2.0,1.5
Saben Lee,TOR,3,1.6666666666666667,1.3333333333333333,3.0
Saben Lee,UTA,4,1.0,1.25,1.0
Saddiq Bey,ATL,7,11.6,5.2,1.8
Saddiq Bey,BKN,14,16.0,4.8,1.8
Saddiq Bey,BOS,12,13.8,5.6,1.0
Saddiq Bey,CHA,10,13.2,4.2,1.2
Saddiq Bey,CHI,12,14.0,7.2,2.0
Saddiq Bey,CLE,15,11.6,5.8,1.6
Saddiq Bey,DAL,10,16.8,6.4,2.2
Saddiq Bey,DEN,6,12.6,3.0,2.2
Saddiq Bey,DET,5,18.2,4.6,1.8
Saddiq Bey,GSW,9,14.6,6.0,2.0
Saddiq Bey,HOU,9,17.4,6.2,1.6
Saddiq Bey,IND,11,15.2,5.4,2.0
Saddiq Bey,LAC,9,17.0,5.2,2.6
Saddiq Bey,LAL,8,16.6,6.8,3.2
Saddiq Bey,MEM,11,18.4,7.4,2.6
Saddiq Bey,MIA,11,13.8,7.0,1.8
Saddiq Bey,MIL,11,19.0,6.0,2.2
Saddiq Bey,MIN,10,19.8,6.6,2.4
Saddiq Bey,NOP,6,15.6,5.6,2.2
Saddiq Bey,NYK,13,16.4,4.4,2.6
Saddiq Bey,OKC,7,13.6,7.2,2.2
Saddiq Bey,ORL,11,13.8,4.4,0.8
Saddiq Bey,PHI,14,20.6,7.8,1.6
Saddiq Bey,PHX,8,12.4,5.0,0.6
Saddiq Bey,POR,7,14.2,5.6,2.6
Saddiq Bey,SAC,8,16.0,4.0,2.0
Saddiq Bey,SAS,10,14.0,5.2,2.8
Saddiq Bey,TOR,10,16.4,7.8,2.8
Saddiq Bey,UTA,6,20.4,4.6,3.6
Saddiq Bey,WAS,14,15.4,8.8,0.6
Sam Dekker,IND,1,0.0,0.0,0.0
Sam Hauser,ATL,15,11.8,4.4,1.6
Sam Hauser,BKN,17,9.6,5.0,2.0
Sam Hauser,CHA,15,10.0,4.4,1.2
Sam Hauser,CHI,12,11.0,3.0,1.2
Sam Hauser,CLE,14,10.4,4.2,0.8
Sam Hauser,DAL,8,5.8,3.2,0.8
Sam Hauser,DEN,9,6.8,2.2,1.2
Sam Hauser,DET,13,6.4,2.2,0.6
Sam Hauser,GSW,8,10.2,3.0,1.4
Sam Hauser,HOU,7,5.2,3.8,1.6
Sam Hauser,IND,15,12.6,4.2,1.6
Sam Hauser,LAC,9,7.6,2.8,0.4
Sam Hauser,LAL,8,8.4,2.8,0.4
Sam Hauser,MEM,9,3.2,2.6,1.2
Sam Hauser,MIA,15,12.6,3.2,1.6
Sam Hauser,MIL,14,9.2,4.2,1.2
Sam Hauser,MIN,10,8.4,4.0,1.8
Sam Hauser,NOP,9,9.6,3.6,1.8
Sam Hauser,NYK,17,8.6,2.4,1.0
Sam Hauser,OKC,10,6.6,2.8,0.4
Sam Hauser,ORL,14,7.0,2.4,0.8
Sam Hauser,PHI,16,5.0,4.2,1.6
Sam Hauser,PHX,8,8.4,3.8,2.4
Sam Hauser,POR,8,10.6,4.0,1.2
Sam Hauser,SAC,8,9.0,4.4,1.4
Sam Hauser,SAS,7,10.4,4.8,1.4
Sam Hauser,TOR,16,10.4,4.2,0.8
Sam Hauser,UTA,9,14.0,3.8,0.8
Sam Hauser,WAS,14,10.2,5.0,1.8
Sam Merrill,ATL,7,5.6,1.6,2.0
Sam Merrill,BKN,10,9.6,2.4,2.0
Sam Merrill,BOS,6,5.8,2.4,1.6
Sam Merrill,CHA,8,9.8,1.6,1.8
Sam Merrill,CHI,6,8.2,1.6,3.4
Sam Merrill,DAL,1,27.0,1.0,0.0
Sam Merrill,DEN,5,7.6,2.4,1.0
Sam Merrill,DET,13,12.2,1.8,1.6
Sam Merrill,GSW,4,3.25,1.5,1.5
Sam Merrill,HOU,7,10.6,4.4,2.6
Sam Merrill,IND,6,10.2,2.2,2.4
Sam Merrill,LAC,6,4.0,1.2,0.6
Sam Merrill,LAL,4,1.75,0.75,2.25
Sam Merrill,MEM,5,12.0,2.0,1.4
Sam Merrill,MIA,11,9.6,1.8,2.6
Sam Merrill,MIL,12,15.4,4.2,1.2
Sam Merrill,MIN,6,12.2,2.8,1.0
Sam Merrill,NOP,5,12.2,4.0,3.8
Sam Merrill,NYK,8,8.0,3.4,2.0
Sam Merrill,OKC,2,14.5,2.5,1.5
Sam Merrill,ORL,9,9.6,2.6,1.4
Sam Merrill,PHI,9,5.6,1.8,1.4
Sam Merrill,PHX,7,8.4,2.4,0.8
Sam Merrill,POR,5,10.2,1.2,2.0
Sam Merrill,SAC,5,2.2,0.8,1.6
Sam Merrill,SAS,5,9.6,1.6,2.2
Sam Merrill,TOR,7,8.0,1.6,1.4
Sam Merrill,UTA,6,13.4,3.2,4.0
Sam Merrill,WAS,10,16.0,3.6,2.4
Sandro Mamukelashvili,ATL,8,8.8,5.6,3.0
Sandro Mamukelashvili,BKN,7,5.4,2.6,1.0
Sandro Mamukelashvili,BOS,11,13.8,5.4,1.2
Sandro Mamukelashvili,CHA,9,9.2,3.2,1.0
Sandro Mamukelashvili,CHI,8,10.6,4.0,1.4
Sandro Mamukelashvili,CLE,10,8.2,5.4,2.0
Sandro Mamukelashvili,DAL,11,9.2,3.8,2.0
Sandro Mamukelashvili,DEN,9,10.2,7.4,1.2
Sandro Mamukelashvili,DET,10,10.4,5.2,1.2
Sandro Mamukelashvili,GSW,11,11.4,9.0,2.0
Sandro Mamukelashvili,HOU,9,9.2,4.2,2.0
Sandro Mamukelashvili,IND,11,9.0,3.8,1.8
Sandro Mamukelashvili,LAC,9,8.0,3.6,0.4
Sandro Mamukelashvili,LAL,10,10.0,3.6,1.4
Sandro Mamukelashvili,MEM,9,6.8,5.2,1.4
Sandro Mamukelashvili,MIA,11,10.2,4.8,1.8
Sandro Mamukelashvili,MIL,9,11.4,4.2,1.6
Sandro Mamukelashvili,MIN,7,7.2,2.2,1.2
Sandro Mamukelashvili,NOP,12,8.0,4.6,1.0
Sandro Mamukelashvili,NYK,9,8.2,5.0,1.4
Sandro Mamukelashvili,OKC,10,4.6,2.6,1.0
Sandro Mamukelashvili,ORL,6,10.0,3.8,1.6
Sandro Mamukelashvili,PHI,7,5.4,2.4,1.8
Sandro Mamukelashvili,PHX,6,11.4,6.2,1.4
Sandro Mamukelashvili,POR,14,5.6,3.6,1.6
Sandro Mamukelashvili,SAC,10,12.6,5.0,1.8
Sandro Mamukelashvili,SAS,5,2.0,1.4,0.4
Sandro Mamukelashvili,TOR,6,7.4,4.0,1.2
Sandro Mamukelashvili,UTA,10,12.4,2.8,0.4
Sandro Mamukelashvili,WAS,7,11.2,5.4,1.6
Santi Aldama,ATL,6,9.0,4.8,2.0
Santi Aldama,BKN,9,11.6,5.6,2.4
Santi Aldama,BOS,7,16.2,7.8,3.2
Santi Aldama,CHA,5,8.8,4.4,1.8
Santi Aldama,CHI,7,8.8,7.8,3.6
Santi Aldama,CLE,6,16.4,7.6,1.4
Santi Aldama,DAL,14,12.6,5.0,3.0
Santi Aldama,DEN,9,11.8,6.2,3.0
Santi Aldama,DET,8,7.6,4.4,1.8
Santi Aldama,GSW,11,16.8,7.6,2.6
Santi Aldama,HOU,16,13.0,5.4,1.4
Santi Aldama,IND,8,11.4,5.6,2.6
Santi Aldama,LAC,14,10.6,5.0,5.0
Santi Aldama,LAL,14,9.6,7.0,3.2
Santi Aldama,MIA,7,11.4,7.6,1.6
Santi Aldama,MIL,7,15.0,6.0,3.2
Santi Aldama,MIN,13,7.4,4.6,2.2
Santi Aldama,NOP,8,9.0,4.6,3.0
Santi Aldama,NYK,6,11.2,4.8,2.4
Santi Aldama,OKC,12,12.8,6.8,4.2
Santi Aldama,ORL,7,14.4,7.0,3.6
Santi Aldama,PHI,7,12.0,5.8,4.0
Santi Aldama,PHX,13,11.8,6.2,2.4
Santi Aldama,POR,11,17.6,8.6,2.6
Santi Aldama,SAC,11,15.4,7.2,1.8
Santi Aldama,SAS,15,9.0,6.4,4.2
Santi Aldama,TOR,8,8.4,4.6,2.2
Santi Aldama,UTA,10,21.2,5.2,3.0
Santi Aldama,WAS,9,18.6,7.2,3.0
Sasha Vezenkov,ATL,1,8.0,2.0,0.0
Sasha Vezenkov,BKN,2,1.0,2.5,0.0
Sasha Vezenkov,BOS,2,4.5,2.5,0.5
Sasha Vezenkov,CLE,1,11.0,2.0,0.0
Sasha Vezenkov,DAL,1,7.0,1.0,1.0
Sasha Vezenkov,DEN,2,5.0,1.5,0.5
Sasha Vezenkov,DET,1,3.0,1.0,0.0
Sasha Vezenkov,GSW,3,6.666666666666667,3.3333333333333335,0.3333333333333333
Sasha Vezenkov,HOU,2,1.0,0.5,0.5
Sasha Vezenkov,IND,1,7.0,3.0,0.0
Sasha Vezenkov,LAC,3,8.0,3.0,1.0
Sasha Vezenkov,LAL,2,7.5,2.0,0.5
Sasha Vezenkov,MEM,1,2.0,1.0,0.0
Sasha Vezenkov,MIL,1,4.0,1.0,0.0
Sasha Vezenkov,MIN,1,0.0,1.0,0.0
Sasha Vezenkov,NOP,4,4.75,2.0,0.0
Sasha Vezenkov,NYK,1,11.0,2.0,2.0
Sasha Vezenkov,OKC,2,4.5,2.5,0.0
Sasha Vezenkov,PHI,1,2.0,5.0,0.0
Sasha Vezenkov,PHX,3,10.333333333333334,2.0,1.0
Sasha Vezenkov,POR,2,0.0,1.0,0.5
Sasha Vezenkov,SAS,1,5.0,4.0,0.0
Sasha Vezenkov,UTA,3,5.333333333333333,2.6666666666666665,1.0
Sasha Vezenkov,WAS,1,8.0,7.0,1.0
Scoot Henderson,ATL,4,8.5,1.5,5.5
Scoot Henderson,BKN,6,17.4,2.8,5.2
Scoot Henderson,BOS,4,12.5,2.25,6.5
Scoot Henderson,CHA,5,12.4,1.4,4.8
Scoot Henderson,CHI,4,13.75,4.75,5.25
Scoot Henderson,CLE,3,11.666666666666666,3.6666666666666665,6.333333333333333
Scoot Henderson,DAL,8,15.8,3.4,5.4
Scoot Henderson,DEN,9,12.8,2.2,3.0
Scoot Henderson,DET,3,8.666666666666666,2.0,4.0
Scoot Henderson,GSW,6,15.6,2.2,4.8
Scoot Henderson,HOU,5,16.2,3.2,5.4
Scoot Henderson,IND,6,16.2,3.6,5.2
Scoot Henderson,LAC,8,15.6,2.6,5.4
Scoot Henderson,LAL,4,10.25,2.5,3.75
Scoot Henderson,MEM,4,7.25,2.5,6.25
Scoot Henderson,MIA,3,11.333333333333334,3.6666666666666665,5.666666666666667
Scoot Henderson,MIL,5,14.0,3.6,3.6
Scoot Henderson,MIN,10,14.2,3.6,3.4
Scoot Henderson,NOP,7,11.2,2.2,5.2
Scoot Henderson,NYK,3,16.666666666666668,4.333333333333333,4.0
Scoot Henderson,OKC,6,16.6,3.8,4.8
Scoot Henderson,ORL,4,11.75,4.0,5.0
Scoot Henderson,PHI,6,11.6,2.0,5.2
Scoot Henderson,PHX,8,9.6,2.4,5.2
Scoot Henderson,SAC,5,12.2,1.6,6.8
Scoot Henderson,SAS,7,10.6,2.6,2.2
Scoot Henderson,TOR,3,9.666666666666666,3.3333333333333335,5.666666666666667
Scoot Henderson,UTA,7,19.6,2.6,6.6
Scoot Henderson,WAS,5,14.2,3.4,4.0
Scottie Barnes,ATL,18,19.6,8.6,6.8
Scottie Barnes,BKN,16,14.2,8.6,5.4
Scottie Barnes,BOS,18,15.8,6.4,7.4
Scottie Barnes,CHA,15,18.6,7.2,4.2
Scottie Barnes,CHI,17,15.6,6.8,5.0
Scottie Barnes,CLE,17,20.0,10.4,6.8
Scottie Barnes,DAL,9,22.8,8.6,7.0
Scottie Barnes,DEN,8,20.8,10.2,7.4
Scottie Barnes,DET,13,16.6,8.8,7.0
Scottie Barnes,GSW,10,22.2,11.2,7.2
Scottie Barnes,HOU,10,17.8,7.8,4.6
Scottie Barnes,IND,14,24.8,9.6,7.6
Scottie Barnes,LAC,8,16.6,6.8,6.6
Scottie Barnes,LAL,7,23.2,9.8,5.8
Scottie Barnes,MEM,10,17.6,7.0,7.8
Scottie Barnes,MIA,16,19.0,7.2,4.0
Scottie Barnes,MIL,13,19.0,5.8,5.2
Scottie Barnes,MIN,9,18.4,6.2,5.6
Scottie Barnes,NOP,9,17.4,8.0,7.0
Scottie Barnes,NYK,19,15.4,5.6,3.8
Scottie Barnes,OKC,9,15.4,7.6,7.2
Scottie Barnes,ORL,15,16.4,8.0,6.4
Scottie Barnes,PHI,17,17.8,6.0,4.8
Scottie Barnes,PHX,8,18.0,6.2,4.2
Scottie Barnes,POR,9,16.8,7.2,4.8
Scottie Barnes,SAC,7,18.2,6.0,8.6
Scottie Barnes,SAS,10,17.4,6.6,5.4
Scottie Barnes,UTA,10,19.0,8.2,5.2
Scottie Barnes,WAS,15,16.4,7.2,4.6
Scottie Lewis,DAL,1,1.0,0.0,0.0
Scottie Lewis,SAS,1,0.0,0.0,1.0
Scotty Hopson,PHX,1,4.0,1.0,1.0
Scotty Pippen Jr.,ATL,3,10.333333333333334,3.0,4.333333333333333
Scotty Pippen Jr.,BKN,3,8.666666666666666,3.0,3.0
Scotty Pippen Jr.,BOS,3,8.666666666666666,3.0,3.0
Scotty Pippen Jr.,CHA,3,6.333333333333333,2.6666666666666665,5.333333333333333
Scotty Pippen Jr.,CHI,4,15.5,2.25,6.75
Scotty Pippen Jr.,CLE,4,9.75,3.0,4.0
Scotty Pippen Jr.,DAL,4,10.5,3.25,3.75
Scotty Pippen Jr.,DEN,7,12.0,2.6,5.4
Scotty Pippen Jr.,DET,4,12.5,4.0,4.25
Scotty Pippen Jr.,GSW,7,9.8,2.0,3.2
Scotty Pippen Jr.,HOU,4,5.25,2.5,3.0
Scotty Pippen Jr.,IND,4,6.5,1.75,3.0
Scotty Pippen Jr.,LAC,5,10.0,2.2,3.0
Scotty Pippen Jr.,LAL,6,15.0,3.8,3.6
Scotty Pippen Jr.,MIA,4,15.25,4.0,7.5
Scotty Pippen Jr.,MIL,3,10.333333333333334,3.3333333333333335,4.666666666666667
Scotty Pippen Jr.,MIN,4,8.75,2.75,4.0
Scotty Pippen Jr.,NOP,5,9.2,4.0,3.8
Scotty Pippen Jr.,NYK,2,2.5,4.0,1.0
Scotty Pippen Jr.,OKC,4,12.0,5.0,4.0
Scotty Pippen Jr.,ORL,3,8.0,3.6666666666666665,5.666666666666667
Scotty Pippen Jr.,PHI,3,14.666666666666666,3.3333333333333335,7.0
Scotty Pippen Jr.,PHX,4,6.25,1.5,2.0
Scotty Pippen Jr.,POR,4,12.75,4.25,4.0
Scotty Pippen Jr.,SAC,4,9.5,1.75,5.25
Scotty Pippen Jr.,SAS,6,9.4,3.4,5.4
Scotty Pippen Jr.,TOR,2,13.5,3.5,1.5
Scotty Pippen Jr.,UTA,5,8.0,3.0,5.4
Scotty Pippen Jr.,WAS,2,12.5,6.5,11.5
Sean Pedulla,DAL,1,0.0,1.0,1.0
Sean Pedulla,MIL,1,5.0,0.0,0.0
Sean Pedulla,MIN,1,6.0,1.0,3.0
Sean Pedulla,NOP,1,2.0,0.0,0.0
Sean Pedulla,POR,1,0.0,0.0,0.0
Sean Pedulla,SAS,1,0.0,0.0,0.0
Sean Pedulla,TOR,1,0.0,1.0,1.0
Sekou Doumbouya,MIN,1,4.0,2.0,0.0
Sekou Doumbouya,POR,1,10.0,4.0,0.0
Semi Ojeleye,ATL,1,2.0,3.0,0.0
Semi Ojeleye,BKN,1,0.0,0.0,0.0
Semi Ojeleye,BOS,1,2.0,7.0,1.0
Semi Ojeleye,CHA,1,0.0,3.0,0.0
Semi Ojeleye,CLE,3,5.333333333333333,3.3333333333333335,0.3333333333333333
Semi Ojeleye,DAL,1,0.0,0.0,1.0
Semi Ojeleye,DEN,2,0.0,0.5,0.0
Semi Ojeleye,DET,1,4.0,5.0,0.0
Semi Ojeleye,GSW,3,2.0,1.3333333333333333,0.6666666666666666
Semi Ojeleye,HOU,3,5.666666666666667,3.0,0.0
Semi Ojeleye,LAL,2,0.0,2.0,0.0
Semi Ojeleye,MIN,1,0.0,1.0,0.0
Semi Ojeleye,NYK,3,5.0,1.6666666666666667,0.3333333333333333
Semi Ojeleye,OKC,1,0.0,0.0,1.0
Semi Ojeleye,PHI,2,6.5,4.5,0.5
Semi Ojeleye,POR,1,7.0,0.0,0.0
Semi Ojeleye,SAS,1,0.0,3.0,0.0
Semi Ojeleye,UTA,1,13.0,6.0,1.0
Semi Ojeleye,WAS,1,3.0,4.0,0.0
Serge Ibaka,ATL,5,5.8,3.2,0.4
Serge Ibaka,BKN,3,6.0,3.6666666666666665,1.3333333333333333
Serge Ibaka,BOS,1,4.0,3.0,0.0
Serge Ibaka,CHA,3,2.6666666666666665,3.3333333333333335,0.3333333333333333
Serge Ibaka,CHI,2,5.5,3.0,1.0
Serge Ibaka,CLE,1,9.0,4.0,1.0
Serge Ibaka,DAL,2,3.5,3.0,0.0
Serge Ibaka,DEN,3,7.0,7.0,2.0
Serge Ibaka,DET,4,5.0,2.0,0.5
Serge Ibaka,GSW,2,8.5,4.5,0.0
Serge Ibaka,HOU,1,9.0,5.0,0.0
Serge Ibaka,IND,3,8.666666666666666,5.333333333333333,0.6666666666666666
Serge Ibaka,LAC,1,9.0,10.0,3.0
Serge Ibaka,LAL,2,14.5,7.0,2.5
Serge Ibaka,MEM,1,0.0,2.0,0.0
Serge Ibaka,MIA,1,4.0,6.0,1.0
Serge Ibaka,MIL,1,7.0,7.0,1.0
Serge Ibaka,MIN,2,11.0,4.5,0.5
Serge Ibaka,NOP,2,11.5,6.0,0.5
Serge Ibaka,NYK,2,5.5,3.5,0.0
Serge Ibaka,OKC,3,8.666666666666666,5.0,1.0
Serge Ibaka,ORL,1,0.0,1.0,1.0
Serge Ibaka,PHI,5,1.8,1.8,0.6
Serge Ibaka,PHX,2,11.0,8.0,1.0
Serge Ibaka,POR,4,1.75,2.75,0.25
Serge Ibaka,SAC,4,8.0,3.25,1.5
Serge Ibaka,SAS,3,8.333333333333334,9.0,0.3333333333333333
Serge Ibaka,TOR,1,7.0,7.0,2.0
Serge Ibaka,UTA,2,2.0,3.0,0.0
Serge Ibaka,WAS,3,5.0,2.3333333333333335,0.6666666666666666
Seth Curry,ATL,12,7.4,1.4,1.2
Seth Curry,BKN,7,5.8,1.2,1.8
Seth Curry,BOS,11,10.2,0.8,0.6
Seth Curry,CHA,9,9.0,2.0,2.4
Seth Curry,CHI,10,9.2,1.6,0.8
Seth Curry,CLE,7,5.4,1.8,0.6
Seth Curry,DAL,4,3.75,1.25,1.0
Seth Curry,DEN,8,3.4,1.2,0.6
Seth Curry,DET,9,7.0,2.2,1.0
Seth Curry,GSW,7,8.8,1.6,2.8
Seth Curry,HOU,8,2.6,0.8,0.2
Seth Curry,IND,7,11.4,1.6,1.8
Seth Curry,LAC,6,4.2,0.6,0.6
Seth Curry,LAL,7,4.8,2.0,0.0
Seth Curry,MEM,9,5.2,1.0,0.8
Seth Curry,MIA,10,5.6,1.0,0.6
Seth Curry,MIL,11,6.0,1.6,1.2
Seth Curry,MIN,9,5.4,3.2,1.2
Seth Curry,NOP,7,4.4,1.6,0.8
Seth Curry,NYK,11,7.6,1.6,0.8
Seth Curry,OKC,7,11.4,2.2,1.6
Seth Curry,ORL,9,5.2,0.8,0.4
Seth Curry,PHI,8,2.4,1.2,0.8
Seth Curry,PHX,3,6.333333333333333,2.3333333333333335,1.3333333333333333
Seth Curry,POR,10,5.8,1.6,1.2
Seth Curry,SAC,7,9.6,2.4,1.4
Seth Curry,SAS,7,9.0,3.0,1.2
Seth Curry,TOR,8,6.2,2.2,3.2
Seth Curry,UTA,10,8.0,1.4,2.0
Seth Curry,WAS,9,7.0,1.6,1.6
Seth Lundy,CHI,1,0.0,0.0,0.0
Seth Lundy,CLE,1,3.0,0.0,0.0
Seth Lundy,DET,1,0.0,1.0,0.0
Seth Lundy,GSW,1,0.0,2.0,0.0
Seth Lundy,IND,2,2.5,0.0,0.0
Seth Lundy,MEM,1,3.0,2.0,0.0
Seth Lundy,TOR,1,2.0,0.0,0.0
Seth Lundy,WAS,1,1.0,2.0,0.0
Shaedon Sharpe,ATL,5,21.6,5.8,3.6
Shaedon Sharpe,BKN,5,17.4,2.2,1.8
Shaedon Sharpe,BOS,6,18.0,4.8,2.4
Shaedon Sharpe,CHA,4,12.5,4.25,1.25
Shaedon Sharpe,CHI,4,17.75,2.75,2.5
Shaedon Sharpe,CLE,8,21.0,6.2,3.4
Shaedon Sharpe,DAL,14,23.6,4.8,4.2
Shaedon Sharpe,DEN,9,18.8,4.6,3.0
Shaedon Sharpe,DET,7,22.8,5.4,3.8
Shaedon Sharpe,GSW,10,18.4,4.2,3.2
Shaedon Sharpe,HOU,9,19.2,5.4,2.6
Shaedon Sharpe,IND,5,11.0,3.8,2.6
Shaedon Sharpe,LAC,10,14.0,4.2,2.0
Shaedon Sharpe,LAL,12,18.8,4.6,2.2
Shaedon Sharpe,MEM,10,11.6,3.6,2.2
Shaedon Sharpe,MIA,6,17.4,5.0,2.6
Shaedon Sharpe,MIL,5,10.4,4.4,2.8
Shaedon Sharpe,MIN,9,17.0,3.2,2.6
Shaedon Sharpe,NOP,7,22.4,4.4,2.0
Shaedon Sharpe,NYK,7,20.4,5.8,3.0
Shaedon Sharpe,OKC,12,13.6,3.2,1.0
Shaedon Sharpe,ORL,7,21.4,3.4,1.4
Shaedon Sharpe,PHI,5,11.0,4.0,2.0
Shaedon Sharpe,PHX,11,17.0,2.0,2.2
Shaedon Sharpe,SAC,12,21.4,4.6,2.2
Shaedon Sharpe,SAS,9,14.8,5.0,2.6
Shaedon Sharpe,TOR,7,22.2,5.2,3.2
Shaedon Sharpe,UTA,14,24.6,4.6,3.0
Shaedon Sharpe,WAS,5,20.4,4.2,2.2
Shai Gilgeous-Alexander,ATL,8,33.6,7.6,6.6
Shai Gilgeous-Alexander,BKN,9,26.4,5.0,6.6
Shai Gilgeous-Alexander,BOS,8,34.2,6.0,7.4
Shai Gilgeous-Alexander,CHA,8,27.4,3.8,7.4
Shai Gilgeous-Alexander,CHI,8,29.2,4.0,8.2
Shai Gilgeous-Alexander,CLE,9,35.6,5.4,5.0
Shai Gilgeous-Alexander,DAL,15,31.2,4.4,6.2
Shai Gilgeous-Alexander,DEN,18,34.0,5.6,9.8
Shai Gilgeous-Alexander,DET,7,38.2,5.8,4.0
Shai Gilgeous-Alexander,GSW,16,35.0,3.4,6.2
Shai Gilgeous-Alexander,HOU,18,32.0,4.8,6.0
Shai Gilgeous-Alexander,IND,9,42.0,7.2,6.0
Shai Gilgeous-Alexander,LAC,16,27.4,3.6,9.0
Shai Gilgeous-Alexander,LAL,15,30.2,4.4,7.8
Shai Gilgeous-Alexander,MEM,13,35.2,4.4,7.2
Shai Gilgeous-Alexander,MIA,10,32.4,5.2,6.0
Shai Gilgeous-Alexander,MIL,9,28.0,4.4,6.0
Shai Gilgeous-Alexander,MIN,19,32.8,6.0,7.8
Shai Gilgeous-Alexander,NOP,16,28.8,2.6,5.0
Shai Gilgeous-Alexander,NYK,9,29.4,3.0,4.8
Shai Gilgeous-Alexander,ORL,8,29.6,4.6,6.2
Shai Gilgeous-Alexander,PHI,7,29.8,4.8,6.0
Shai Gilgeous-Alexander,PHX,11,33.6,3.8,6.2
Shai Gilgeous-Alexander,POR,15,32.6,5.0,4.6
Shai Gilgeous-Alexander,SAC,14,31.0,6.4,4.8
Shai Gilgeous-Alexander,SAS,15,29.8,4.4,6.0
Shai Gilgeous-Alexander,TOR,8,25.0,5.4,7.8
Shai Gilgeous-Alexander,UTA,15,34.4,4.4,6.8
Shai Gilgeous-Alexander,WAS,10,33.8,5.8,6.0
Shake Milton,ATL,9,9.6,2.8,5.6
Shake Milton,BKN,9,6.0,1.4,3.0
Shake Milton,BOS,8,2.4,0.4,2.2
Shake Milton,CHA,10,5.8,1.8,2.2
Shake Milton,CHI,9,6.0,2.2,3.0
Shake Milton,CLE,10,5.6,1.8,0.8
Shake Milton,DAL,4,2.0,0.75,0.25
Shake Milton,DEN,9,4.4,1.8,1.2
Shake Milton,DET,10,3.8,1.2,2.8
Shake Milton,GSW,8,5.4,2.6,2.4
Shake Milton,HOU,7,2.2,1.4,0.2
Shake Milton,IND,11,5.6,1.6,2.6
Shake Milton,LAC,6,6.2,1.6,1.0
Shake Milton,LAL,4,6.25,4.0,2.0
Shake Milton,MEM,8,8.0,2.6,1.4
Shake Milton,MIA,9,5.8,1.2,3.4
Shake Milton,MIL,11,6.0,2.0,0.8
Shake Milton,MIN,3,11.0,3.6666666666666665,3.3333333333333335
Shake Milton,NOP,8,7.4,0.8,1.6
Shake Milton,NYK,10,2.4,1.4,1.0
Shake Milton,OKC,6,5.2,1.8,2.4
Shake Milton,ORL,11,7.0,1.0,1.2
Shake Milton,PHI,4,4.0,0.0,1.0
Shake Milton,PHX,6,6.4,3.4,2.6
Shake Milton,POR,8,5.4,1.8,1.6
Shake Milton,SAC,7,6.4,2.2,2.4
Shake Milton,SAS,7,5.4,1.6,3.2
Shake Milton,TOR,9,6.0,2.2,2.6
Shake Milton,UTA,9,7.0,2.2,1.4
Shake Milton,WAS,6,7.2,2.8,2.2
Shaq Buchanan,LAL,1,2.0,2.0,1.0
Shaq Buchanan,SAC,1,0.0,0.0,1.0
Shaquille Harrison,DAL,1,0.0,1.0,0.0
Shaquille Harrison,LAC,2,6.5,3.0,5.0
Shaquille Harrison,MEM,1,13.0,3.0,1.0
Shaquille Harrison,MIN,2,2.0,2.5,3.0
Shaquille Harrison,ORL,1,4.0,4.0,3.0
Shaquille Harrison,PHX,1,0.0,0.0,0.0
Shaquille Harrison,SAC,1,6.0,5.0,4.0
Shaquille Harrison,SAS,1,10.0,4.0,9.0
Sharife Cooper,ATL,3,3.0,0.0,0.6666666666666666
Sharife Cooper,BKN,2,8.0,2.5,2.0
Sharife Cooper,BOS,2,0.0,0.0,1.0
Sharife Cooper,CHA,3,4.0,1.0,1.3333333333333333
Sharife Cooper,CHI,2,13.0,1.5,4.0
Sharife Cooper,CLE,2,15.5,3.5,5.5
Sharife Cooper,DAL,1,0.0,0.0,1.0
Sharife Cooper,DEN,1,0.0,1.0,0.0
Sharife Cooper,DET,4,9.5,4.0,3.5
Sharife Cooper,GSW,2,5.5,1.5,2.5
Sharife Cooper,HOU,2,10.5,1.0,1.5
Sharife Cooper,IND,3,8.666666666666666,2.6666666666666665,4.0
Sharife Cooper,LAL,3,2.6666666666666665,2.0,2.3333333333333335
Sharife Cooper,MIA,5,9.0,0.8,3.6
Sharife Cooper,MIL,2,1.0,0.0,0.0
Sharife Cooper,NOP,1,5.0,1.0,4.0
Sharife Cooper,NYK,2,10.0,3.5,3.5
Sharife Cooper,OKC,2,1.5,1.0,1.0
Sharife Cooper,ORL,5,4.0,1.0,1.4
Sharife Cooper,PHI,1,11.0,4.0,3.0
Sharife Cooper,POR,1,10.0,1.0,2.0
Sharife Cooper,SAC,1,5.0,7.0,3.0
Sharife Cooper,TOR,1,4.0,2.0,2.0
Sharife Cooper,UTA,2,8.5,2.0,4.0
Sharife Cooper,WAS,1,0.0,0.0,0.0
Sidy Cissoko,ATL,2,6.0,2.0,1.0
Sidy Cissoko,BKN,3,1.6666666666666667,1.6666666666666667,2.3333333333333335
Sidy Cissoko,BOS,3,1.3333333333333333,3.0,1.6666666666666667
Sidy Cissoko,CHA,1,0.0,0.0,1.0
Sidy Cissoko,CHI,4,2.0,2.5,0.5
Sidy Cissoko,CLE,2,13.0,4.5,1.5
Sidy Cissoko,DAL,5,1.8,2.8,0.4
Sidy Cissoko,DEN,5,3.0,1.6,0.4
Sidy Cissoko,DET,3,10.333333333333334,2.6666666666666665,3.3333333333333335
Sidy Cissoko,GSW,4,6.75,3.75,2.0
Sidy Cissoko,HOU,5,4.4,1.6,1.0
Sidy Cissoko,IND,5,1.0,0.4,0.8
Sidy Cissoko,LAC,5,1.0,0.2,1.0
Sidy Cissoko,LAL,5,5.2,1.8,1.4
Sidy Cissoko,MEM,5,7.2,4.0,1.8
Sidy Cissoko,MIA,3,4.333333333333333,2.0,0.0
Sidy Cissoko,MIL,3,1.6666666666666667,1.6666666666666667,1.6666666666666667
Sidy Cissoko,MIN,4,2.25,0.5,0.75
Sidy Cissoko,NOP,5,5.8,1.0,1.4
Sidy Cissoko,NYK,2,10.0,2.0,2.5
Sidy Cissoko,OKC,7,6.2,1.8,1.2
Sidy Cissoko,ORL,2,4.5,1.5,1.0
Sidy Cissoko,PHI,3,1.3333333333333333,1.6666666666666667,0.0
Sidy Cissoko,PHX,3,7.333333333333333,2.6666666666666665,4.333333333333333
Sidy Cissoko,POR,2,1.0,0.5,0.0
Sidy Cissoko,SAC,6,2.4,1.4,1.0
Sidy Cissoko,SAS,3,4.0,2.6666666666666665,1.0
Sidy Cissoko,TOR,2,3.0,2.5,0.5
Sidy Cissoko,UTA,5,8.0,1.8,1.2
Sidy Cissoko,WAS,2,0.5,2.0,1.5
Simone Fontecchio,ATL,6,8.0,1.8,1.2
Simone Fontecchio,BKN,9,8.6,4.6,1.8
Simone Fontecchio,BOS,10,5.6,2.2,1.0
Simone Fontecchio,CHA,10,7.8,1.8,1.6
Simone Fontecchio,CHI,10,5.0,3.6,2.4
Simone Fontecchio,CLE,11,8.8,2.4,0.0
Simone Fontecchio,DAL,8,10.2,2.8,2.0
Simone Fontecchio,DEN,7,5.2,1.2,1.2
Simone Fontecchio,DET,5,9.4,2.8,0.8
Simone Fontecchio,GSW,5,8.8,4.0,1.4
Simone Fontecchio,HOU,7,7.2,3.4,1.8
Simone Fontecchio,IND,12,3.8,2.0,0.8
Simone Fontecchio,LAC,8,9.6,3.6,0.8
Simone Fontecchio,LAL,11,7.4,3.0,1.4
Simone Fontecchio,MEM,8,9.2,2.8,1.4
Simone Fontecchio,MIA,9,8.0,3.6,1.4
Simone Fontecchio,MIL,9,6.6,2.0,1.0
Simone Fontecchio,MIN,6,6.6,3.2,1.4
Simone Fontecchio,NOP,9,12.8,3.4,0.8
Simone Fontecchio,NYK,13,8.8,3.0,1.4
Simone Fontecchio,OKC,11,5.6,3.0,1.8
Simone Fontecchio,ORL,10,8.2,2.6,1.6
Simone Fontecchio,PHI,9,5.8,4.6,1.2
Simone Fontecchio,PHX,8,7.2,2.0,1.0
Simone Fontecchio,POR,12,12.6,3.8,1.0
Simone Fontecchio,SAC,8,8.8,4.2,0.4
Simone Fontecchio,SAS,9,6.0,3.2,0.8
Simone Fontecchio,TOR,9,4.6,2.4,0.8
Simone Fontecchio,UTA,4,9.75,4.25,1.25
Simone Fontecchio,WAS,10,14.2,3.6,2.2
Sion James,ATL,4,4.5,3.5,2.75
Sion James,BKN,3,2.3333333333333335,4.0,2.0
Sion James,BOS,3,6.333333333333333,3.6666666666666665,3.0
Sion James,CHI,4,6.5,3.75,2.75
Sion James,CLE,4,5.25,3.75,3.5
Sion James,DAL,2,6.5,8.0,0.5
Sion James,DEN,2,3.5,3.5,3.0
Sion James,DET,3,4.333333333333333,3.3333333333333335,1.0
Sion James,GSW,2,5.5,1.5,3.0
Sion James,HOU,2,7.0,3.0,0.5
Sion James,IND,4,5.0,3.5,2.0
Sion James,LAC,2,5.5,2.5,3.0
Sion James,LAL,2,8.0,4.5,1.5
Sion James,MEM,2,6.5,1.5,2.0
Sion James,MIA,4,5.75,2.25,0.75
Sion James,MIL,4,5.75,4.75,2.0
Sion James,MIN,2,6.5,3.5,2.0
Sion James,NOP,2,4.5,5.0,1.0
Sion James,NYK,4,5.75,2.25,0.75
Sion James,OKC,2,4.0,2.5,2.5
Sion James,ORL,4,5.25,3.25,2.5
Sion James,PHI,3,4.0,1.3333333333333333,1.3333333333333333
Sion James,PHX,2,5.0,3.5,1.0
Sion James,POR,2,7.0,3.5,0.5
Sion James,SAC,2,6.0,3.5,2.5
Sion James,SAS,2,0.0,3.5,1.0
Sion James,TOR,4,3.25,4.0,2.0
Sion James,UTA,2,9.5,6.0,4.0
Sion James,WAS,4,8.0,3.75,2.25
Skal Labissiere,DAL,1,0.0,1.0,1.0
Skal Labissiere,DEN,1,0.0,0.0,0.0
Skal Labissiere,NYK,2,0.0,1.5,0.5
Skal Labissiere,POR,1,0.0,1.0,0.0
Skal Labissiere,SAC,1,13.0,7.0,2.0
Skal Labissiere,SAS,1,5.0,0.0,0.0
Skylar Mays,ATL,2,1.0,0.5,1.5
Skylar Mays,BOS,2,0.0,0.0,0.5
Skylar Mays,CHA,1,0.0,1.0,0.0
Skylar Mays,CHI,2,6.5,2.0,2.5
Skylar Mays,CLE,3,10.666666666666666,1.3333333333333333,1.6666666666666667
Skylar Mays,DAL,3,3.3333333333333335,2.0,0.6666666666666666
Skylar Mays,DEN,1,0.0,0.0,2.0
Skylar Mays,DET,2,1.0,0.5,1.0
Skylar Mays,GSW,4,6.5,1.0,3.5
Skylar Mays,HOU,1,0.0,0.0,0.0
Skylar Mays,IND,1,0.0,0.0,0.0
Skylar Mays,LAC,2,4.5,0.0,4.5
Skylar Mays,LAL,3,10.666666666666666,3.0,6.666666666666667
Skylar Mays,MEM,5,8.0,2.0,2.0
Skylar Mays,MIA,1,0.0,0.0,1.0
Skylar Mays,MIL,1,0.0,0.0,0.0
Skylar Mays,MIN,3,4.333333333333333,1.3333333333333333,3.0
Skylar Mays,NOP,2,1.0,0.5,0.0
Skylar Mays,NYK,1,11.0,0.0,2.0
Skylar Mays,OKC,2,5.5,1.0,3.5
Skylar Mays,ORL,4,1.0,0.5,0.25
Skylar Mays,PHI,3,7.0,3.6666666666666665,1.3333333333333333
Skylar Mays,PHX,4,6.25,1.5,1.75
Skylar Mays,POR,1,4.0,2.0,2.0
Skylar Mays,SAC,5,6.6,1.0,3.6
Skylar Mays,SAS,4,5.5,1.75,2.25
Skylar Mays,TOR,2,3.5,0.0,0.5
Skylar Mays,UTA,6,1.2,1.4,3.4
Skylar Mays,WAS,1,0.0,0.0,0.0
Solomon Hill,CHA,1,0.0,1.0,1.0
Solomon Hill,CLE,1,6.0,3.0,1.0
Solomon Hill,DAL,1,0.0,2.0,1.0
Solomon Hill,DET,1,0.0,2.0,2.0
Solomon Hill,GSW,1,0.0,2.0,1.0
Solomon Hill,IND,1,0.0,1.0,1.0
Solomon Hill,MEM,1,0.0,1.0,1.0
Solomon Hill,MIL,1,0.0,0.0,0.0
Solomon Hill,NYK,1,0.0,3.0,0.0
Solomon Hill,ORL,1,0.0,1.0,1.0
Solomon Hill,PHI,1,2.0,3.0,0.0
Solomon Hill,SAS,1,0.0,0.0,0.0
Solomon Hill,UTA,1,0.0,4.0,3.0
Spencer Dinwiddie,ATL,9,15.6,3.2,6.6
Spencer Dinwiddie,BKN,8,8.0,3.4,6.4
Spencer Dinwiddie,BOS,11,16.4,3.6,4.4
Spencer Dinwiddie,CHA,7,10.6,4.0,4.8
Spencer Dinwiddie,CHI,8,10.6,4.0,7.2
Spencer Dinwiddie,CLE,10,4.0,2.0,3.0
Spencer Dinwiddie,DAL,2,16.0,2.0,6.5
Spencer Dinwiddie,DEN,13,8.4,1.8,4.6
Spencer Dinwiddie,DET,10,13.0,3.0,6.2
Spencer Dinwiddie,GSW,13,3.6,2.2,1.4
Spencer Dinwiddie,HOU,14,10.4,1.4,3.4
Spencer Dinwiddie,IND,5,19.2,3.0,5.4
Spencer Dinwiddie,LAC,11,13.4,3.4,6.4
Spencer Dinwiddie,LAL,8,13.8,3.4,4.6
Spencer Dinwiddie,MEM,9,8.6,1.6,3.8
Spencer Dinwiddie,MIA,12,10.4,3.0,6.4
Spencer Dinwiddie,MIL,11,7.0,1.6,3.8
Spencer Dinwiddie,MIN,13,6.4,2.4,2.6
Spencer Dinwiddie,NOP,11,7.6,2.8,4.8
Spencer Dinwiddie,NYK,10,11.0,2.2,6.4
Spencer Dinwiddie,OKC,13,13.0,2.4,3.0
Spencer Dinwiddie,ORL,11,12.8,4.0,6.4
Spencer Dinwiddie,PHI,10,10.2,2.4,5.4
Spencer Dinwiddie,PHX,10,8.2,1.2,2.8
Spencer Dinwiddie,POR,12,15.2,3.4,4.6
Spencer Dinwiddie,SAC,9,13.6,2.2,3.8
Spencer Dinwiddie,SAS,8,8.4,2.6,2.2
Spencer Dinwiddie,TOR,9,15.8,3.0,4.6
Spencer Dinwiddie,UTA,14,6.0,1.2,4.8
Spencer Dinwiddie,WAS,10,10.2,3.4,4.2
Spencer Jones,ATL,2,4.0,2.0,1.0
Spencer Jones,BKN,2,2.0,1.0,0.0
Spencer Jones,BOS,2,4.0,5.0,0.0
Spencer Jones,CHA,2,5.0,4.0,0.5
Spencer Jones,CHI,1,0.0,0.0,0.0
Spencer Jones,CLE,2,6.5,3.0,0.5
Spencer Jones,DAL,4,12.0,4.0,1.0
Spencer Jones,DET,2,6.0,2.0,0.5
Spencer Jones,GSW,5,2.0,0.6,0.6
Spencer Jones,HOU,4,5.75,3.5,1.0
Spencer Jones,IND,2,3.5,2.0,1.0
Spencer Jones,LAC,3,3.0,2.6666666666666665,1.0
Spencer Jones,LAL,4,7.5,3.0,0.0
Spencer Jones,MEM,2,3.0,5.0,0.0
Spencer Jones,MIA,1,16.0,3.0,1.0
Spencer Jones,MIL,3,3.3333333333333335,2.3333333333333335,0.6666666666666666
Spencer Jones,MIN,4,3.5,2.25,0.75
Spencer Jones,NOP,5,1.4,1.2,0.4
Spencer Jones,NYK,2,1.0,2.5,0.0
Spencer Jones,OKC,4,3.0,1.75,0.0
Spencer Jones,ORL,3,7.333333333333333,2.6666666666666665,1.3333333333333333
Spencer Jones,PHI,2,8.5,4.0,1.0
Spencer Jones,PHX,5,4.0,3.6,0.2
Spencer Jones,POR,4,4.25,2.75,0.5
Spencer Jones,SAC,2,1.5,3.5,0.5
Spencer Jones,SAS,3,10.666666666666666,3.0,2.3333333333333335
Spencer Jones,TOR,2,3.0,5.0,3.0
Spencer Jones,UTA,5,0.6,1.8,0.8
Spencer Jones,WAS,2,4.5,4.0,0.0
Stanley Johnson,ATL,3,6.666666666666667,3.0,1.3333333333333333
Stanley Johnson,BKN,4,3.75,1.25,1.25
Stanley Johnson,BOS,1,10.0,4.0,2.0
Stanley Johnson,CHA,1,4.0,5.0,2.0
Stanley Johnson,CHI,1,3.0,3.0,3.0
Stanley Johnson,CLE,1,12.0,3.0,1.0
Stanley Johnson,DAL,3,11.0,3.3333333333333335,1.6666666666666667
Stanley Johnson,DEN,3,6.666666666666667,4.0,1.6666666666666667
Stanley Johnson,DET,2,8.5,7.0,1.5
Stanley Johnson,GSW,4,4.75,3.5,2.5
Stanley Johnson,HOU,3,8.0,3.3333333333333335,2.0
Stanley Johnson,IND,1,4.0,2.0,2.0
Stanley Johnson,LAC,5,5.0,2.6,1.6
Stanley Johnson,LAL,1,0.0,3.0,2.0
Stanley Johnson,MEM,4,5.5,2.75,1.75
Stanley Johnson,MIA,2,3.5,1.0,0.0
Stanley Johnson,MIL,1,16.0,6.0,1.0
Stanley Johnson,MIN,2,2.0,1.0,1.5
Stanley Johnson,NOP,4,5.0,1.75,1.25
Stanley Johnson,NYK,3,8.666666666666666,4.333333333333333,2.3333333333333335
Stanley Johnson,OKC,2,13.5,4.5,1.0
Stanley Johnson,ORL,2,9.0,4.5,2.5
Stanley Johnson,PHI,3,9.333333333333334,4.666666666666667,4.666666666666667
Stanley Johnson,PHX,3,3.6666666666666665,6.0,1.3333333333333333
Stanley Johnson,POR,5,5.2,2.8,1.8
Stanley Johnson,SAC,3,5.333333333333333,2.0,2.6666666666666665
Stanley Johnson,SAS,1,7.0,3.0,3.0
Stanley Johnson,TOR,3,2.3333333333333335,2.6666666666666665,2.3333333333333335
Stanley Johnson,UTA,4,6.0,2.25,2.25
Stanley Johnson,WAS,3,9.666666666666666,4.0,1.6666666666666667
Stanley Umude,ATL,1,0.0,0.0,0.0
Stanley Umude,BOS,2,6.0,3.0,0.5
Stanley Umude,CHA,1,3.0,2.0,0.0
Stanley Umude,CHI,3,0.0,0.3333333333333333,0.0
Stanley Umude,CLE,2,5.0,4.5,0.5
Stanley Umude,DAL,2,1.5,1.5,0.5
Stanley Umude,DEN,1,11.0,1.0,2.0
Stanley Umude,DET,1,0.0,0.0,1.0
Stanley Umude,GSW,1,15.0,3.0,0.0
Stanley Umude,IND,3,2.6666666666666665,1.0,0.0
Stanley Umude,LAC,2,0.0,0.5,0.5
Stanley Umude,LAL,1,8.0,5.0,2.0
Stanley Umude,MIA,3,3.6666666666666665,0.6666666666666666,0.3333333333333333
Stanley Umude,MIL,1,2.0,0.0,0.0
Stanley Umude,NOP,2,1.5,1.0,0.0
Stanley Umude,NYK,3,0.0,1.3333333333333333,0.3333333333333333
Stanley Umude,OKC,1,0.0,0.0,0.0
Stanley Umude,ORL,2,0.0,0.0,0.0
Stanley Umude,PHI,2,5.0,2.0,0.5
Stanley Umude,PHX,1,0.0,0.0,0.0
Stanley Umude,POR,3,5.333333333333333,1.3333333333333333,0.0
Stanley Umude,SAC,2,1.0,1.0,0.5
Stanley Umude,SAS,2,1.0,1.0,0.0
Stanley Umude,TOR,5,5.4,2.6,0.6
Stanley Umude,UTA,1,3.0,0.0,0.0
Stanley Umude,WAS,1,0.0,1.0,0.0
Stephen Curry,ATL,6,34.0,4.4,6.0
Stephen Curry,BKN,8,32.2,3.6,4.0
Stephen Curry,BOS,8,22.2,3.6,5.8
Stephen Curry,CHA,9,19.8,2.6,5.8
Stephen Curry,CHI,8,23.4,5.2,5.4
Stephen Curry,CLE,7,24.2,2.4,3.2
Stephen Curry,DAL,16,28.4,4.2,6.0
Stephen Curry,DEN,14,28.4,4.0,6.8
Stephen Curry,DET,7,26.4,4.2,4.0
Stephen Curry,HOU,14,18.4,3.6,5.0
Stephen Curry,IND,8,27.8,5.0,4.6
Stephen Curry,LAC,16,26.4,4.4,5.8
Stephen Curry,LAL,14,29.6,2.6,5.8
Stephen Curry,MEM,13,19.4,5.4,4.0
Stephen Curry,MIA,7,20.6,5.8,7.0
Stephen Curry,MIL,8,32.2,6.4,4.8
Stephen Curry,MIN,14,31.4,3.0,7.6
Stephen Curry,NOP,8,19.8,4.2,5.4
Stephen Curry,NYK,8,28.2,6.6,5.4
Stephen Curry,OKC,12,25.4,4.0,3.4
Stephen Curry,ORL,8,31.4,3.0,6.6
Stephen Curry,PHI,7,26.8,6.0,6.8
Stephen Curry,PHX,18,22.0,7.0,5.0
Stephen Curry,POR,15,28.4,4.0,5.0
Stephen Curry,SAC,18,17.2,2.2,5.6
Stephen Curry,SAS,11,30.4,5.4,4.2
Stephen Curry,TOR,8,24.6,4.2,4.2
Stephen Curry,UTA,11,28.2,2.2,4.0
Stephen Curry,WAS,6,27.8,4.8,5.4
Stephon Castle,ATL,3,11.666666666666666,1.6666666666666667,4.333333333333333
Stephon Castle,BKN,4,13.5,3.5,3.75
Stephon Castle,BOS,4,17.25,4.25,5.5
Stephon Castle,CHA,4,22.5,4.75,5.5
Stephon Castle,CHI,4,15.5,4.0,8.25
Stephon Castle,CLE,3,19.666666666666668,8.0,9.0
Stephon Castle,DAL,7,20.4,6.6,6.2
Stephon Castle,DEN,6,17.0,8.6,8.0
Stephon Castle,DET,4,14.5,2.5,7.0
Stephon Castle,GSW,7,16.4,6.8,7.2
Stephon Castle,HOU,8,17.6,5.6,7.4
Stephon Castle,IND,3,15.0,4.666666666666667,5.666666666666667
Stephon Castle,LAC,7,17.6,4.6,5.8
Stephon Castle,LAL,8,17.2,5.8,5.6
Stephon Castle,MEM,6,19.0,4.8,5.8
Stephon Castle,MIA,4,15.25,5.75,5.25
Stephon Castle,MIL,4,16.5,4.75,7.75
Stephon Castle,MIN,6,8.2,4.2,4.8
Stephon Castle,NOP,8,14.4,4.0,7.2
Stephon Castle,NYK,4,11.5,2.75,4.25
Stephon Castle,OKC,8,19.8,4.0,4.8
Stephon Castle,ORL,2,15.5,5.5,4.0
Stephon Castle,PHI,4,17.0,5.5,9.5
Stephon Castle,PHX,5,17.6,4.8,4.8
Stephon Castle,POR,4,15.0,4.75,6.25
Stephon Castle,SAC,7,13.0,2.8,5.6
Stephon Castle,TOR,4,17.5,5.25,4.0
Stephon Castle,UTA,7,19.0,3.2,6.8
Stephon Castle,WAS,4,15.25,2.25,6.25
Sterling Brown,ATL,2,1.5,3.0,0.5
Sterling Brown,BKN,1,2.0,0.0,0.0
Sterling Brown,BOS,2,1.0,1.5,0.0
Sterling Brown,CHA,1,4.0,4.0,1.0
Sterling Brown,CHI,2,2.5,3.0,0.5
Sterling Brown,CLE,1,4.0,4.0,2.0
Sterling Brown,DAL,1,0.0,0.0,0.0
Sterling Brown,DEN,3,1.6666666666666667,2.6666666666666665,1.0
Sterling Brown,GSW,2,3.5,2.0,0.5
Sterling Brown,HOU,4,2.75,2.25,0.75
Sterling Brown,LAC,2,3.5,3.0,0.5
Sterling Brown,MEM,2,1.0,1.5,0.5
Sterling Brown,MIA,2,2.0,3.0,0.5
Sterling Brown,MIL,1,10.0,13.0,3.0
Sterling Brown,MIN,2,7.5,7.5,1.5
Sterling Brown,NOP,4,2.5,3.5,0.25
Sterling Brown,NYK,2,2.5,2.0,0.0
Sterling Brown,OKC,2,0.0,1.5,1.0
Sterling Brown,ORL,1,3.0,4.0,0.0
Sterling Brown,PHI,1,2.0,2.0,0.0
Sterling Brown,PHX,2,2.5,2.0,0.5
Sterling Brown,POR,2,5.0,2.0,0.5
Sterling Brown,SAC,5,4.2,2.6,0.4
Sterling Brown,SAS,2,3.0,5.0,2.0
Sterling Brown,TOR,1,0.0,3.0,1.0
Sterling Brown,UTA,2,4.5,2.0,1.0
Sterling Brown,WAS,1,8.0,5.0,1.0
Steven Adams,ATL,3,4.0,6.666666666666667,1.3333333333333333
Steven Adams,BKN,7,8.6,7.8,1.2
Steven Adams,BOS,4,4.5,5.25,2.0
Steven Adams,CHA,5,9.6,13.4,3.2
Steven Adams,CHI,4,5.5,11.75,3.75
Steven Adams,CLE,7,9.0,8.8,2.4
Steven Adams,DAL,9,2.4,6.0,1.2
Steven Adams,DEN,11,5.4,7.6,1.0
Steven Adams,DET,4,9.75,11.5,3.25
Steven Adams,GSW,7,4.4,8.0,1.4
Steven Adams,HOU,5,8.4,8.8,3.4
Steven Adams,IND,5,8.0,9.2,2.2
Steven Adams,LAC,7,3.8,4.4,1.2
Steven Adams,LAL,7,7.2,9.6,1.2
Steven Adams,MEM,3,4.333333333333333,8.666666666666666,1.3333333333333333
Steven Adams,MIA,5,7.8,8.4,1.8
Steven Adams,MIL,6,5.6,5.0,1.4
Steven Adams,MIN,7,3.4,6.8,2.2
Steven Adams,NOP,13,4.4,8.2,2.6
Steven Adams,NYK,6,7.4,10.2,1.8
Steven Adams,OKC,12,4.6,8.6,0.6
Steven Adams,ORL,6,5.0,9.6,1.0
Steven Adams,PHI,5,4.8,7.2,1.8
Steven Adams,PHX,12,5.0,6.6,1.2
Steven Adams,POR,10,4.0,8.2,2.4
Steven Adams,SAC,11,4.4,5.4,0.8
Steven Adams,SAS,10,7.4,9.8,3.0
Steven Adams,TOR,4,8.0,10.75,2.25
Steven Adams,UTA,6,4.4,10.2,3.0
Steven Adams,WAS,7,4.6,8.2,2.4
Svi Mykhailiuk,ATL,7,5.4,1.4,1.8
Svi Mykhailiuk,BKN,11,9.8,1.2,2.0
Svi Mykhailiuk,BOS,6,8.6,3.8,1.2
Svi Mykhailiuk,CHA,9,3.2,1.4,0.8
Svi Mykhailiuk,CHI,8,6.4,0.8,1.8
Svi Mykhailiuk,CLE,9,10.0,2.2,2.6
Svi Mykhailiuk,DAL,5,6.0,2.8,2.0
Svi Mykhailiuk,DEN,6,7.4,1.2,1.0
Svi Mykhailiuk,DET,11,10.8,2.4,2.2
Svi Mykhailiuk,GSW,11,5.8,3.4,1.8
Svi Mykhailiuk,HOU,7,6.6,1.6,1.8
Svi Mykhailiuk,IND,11,9.2,2.4,1.6
Svi Mykhailiuk,LAC,6,7.4,2.0,1.2
Svi Mykhailiuk,LAL,3,12.0,2.0,2.0
Svi Mykhailiuk,MEM,7,7.4,2.6,2.2
Svi Mykhailiuk,MIA,2,7.0,1.5,0.5
Svi Mykhailiuk,MIL,5,4.8,1.4,1.0
Svi Mykhailiuk,MIN,9,8.6,3.0,2.0
Svi Mykhailiuk,NOP,6,12.8,3.0,1.2
Svi Mykhailiuk,NYK,7,4.0,1.2,0.4
Svi Mykhailiuk,OKC,11,13.2,3.4,2.4
Svi Mykhailiuk,ORL,6,8.0,1.8,1.6
Svi Mykhailiuk,PHI,5,4.6,1.4,1.4
Svi Mykhailiuk,PHX,8,9.4,3.0,3.0
Svi Mykhailiuk,POR,9,9.2,2.0,1.4
Svi Mykhailiuk,SAC,8,4.6,2.0,0.6
Svi Mykhailiuk,SAS,7,4.4,1.0,1.0
Svi Mykhailiuk,TOR,5,11.2,2.2,3.2
Svi Mykhailiuk,UTA,5,1.8,1.2,0.6
Svi Mykhailiuk,WAS,7,10.8,3.0,3.0
T.J. McConnell,ATL,13,6.6,1.8,3.8
T.J. McConnell,BKN,12,9.0,2.2,2.8
T.J. McConnell,BOS,13,6.6,1.8,3.2
T.J. McConnell,CHA,14,16.8,3.4,7.2
T.J. McConnell,CHI,14,7.0,2.2,4.6
T.J. McConnell,CLE,14,7.0,1.4,3.2
T.J. McConnell,DAL,6,11.0,2.4,6.2
T.J. McConnell,DEN,7,11.2,2.0,6.0
T.J. McConnell,DET,11,8.8,3.0,3.6
T.J. McConnell,GSW,5,9.0,1.4,6.8
T.J. McConnell,HOU,7,9.4,1.2,3.4
T.J. McConnell,LAC,8,8.2,2.6,4.2
T.J. McConnell,LAL,9,12.0,1.6,2.6
T.J. McConnell,MEM,6,6.4,2.0,4.8
T.J. McConnell,MIA,13,10.0,1.4,6.0
T.J. McConnell,MIL,17,9.8,1.8,6.4
T.J. McConnell,MIN,7,8.2,3.0,5.0
T.J. McConnell,NOP,10,9.4,3.4,6.8
T.J. McConnell,NYK,14,9.6,2.6,6.0
T.J. McConnell,OKC,7,10.4,2.2,4.6
T.J. McConnell,ORL,14,8.6,2.4,5.0
T.J. McConnell,PHI,17,10.0,1.6,2.8
T.J. McConnell,PHX,7,6.0,1.6,4.4
T.J. McConnell,POR,8,7.0,3.4,4.4
T.J. McConnell,SAC,8,10.6,2.8,6.8
T.J. McConnell,SAS,9,12.0,2.4,5.0
T.J. McConnell,TOR,16,11.4,3.0,5.4
T.J. McConnell,UTA,7,8.8,2.8,4.4
T.J. McConnell,WAS,15,7.8,4.2,4.6
T.J. Warren,ATL,2,8.0,2.0,2.0
T.J. Warren,BOS,2,12.0,1.5,1.0
T.J. Warren,CHA,3,4.0,3.3333333333333335,1.0
T.J. Warren,CHI,1,0.0,3.0,1.0
T.J. Warren,CLE,2,14.5,6.0,1.0
T.J. Warren,DAL,1,0.0,1.0,0.0
T.J. Warren,DEN,2,5.0,4.0,1.5
T.J. Warren,DET,3,2.6666666666666665,1.3333333333333333,0.3333333333333333
T.J. Warren,GSW,3,5.333333333333333,2.3333333333333335,1.6666666666666667
T.J. Warren,IND,1,7.0,1.0,0.0
T.J. Warren,LAC,3,4.0,1.3333333333333333,0.3333333333333333
T.J. Warren,LAL,2,5.0,3.5,1.5
T.J. Warren,MIA,1,10.0,3.0,1.0
T.J. Warren,MIL,2,6.0,4.0,1.5
T.J. Warren,MIN,1,2.0,4.0,3.0
T.J. Warren,NOP,1,15.0,1.0,0.0
T.J. Warren,OKC,3,5.0,2.6666666666666665,0.6666666666666666
T.J. Warren,PHI,2,9.0,4.5,0.5
T.J. Warren,PHX,3,8.0,1.3333333333333333,0.6666666666666666
T.J. Warren,SAC,3,6.666666666666667,2.0,0.3333333333333333
T.J. Warren,SAS,3,12.333333333333334,3.0,0.3333333333333333
T.J. Warren,TOR,3,9.333333333333334,3.3333333333333335,0.0
T.J. Warren,UTA,4,4.5,3.25,1.75
T.J. Warren,WAS,2,6.0,2.0,1.5
Tacko Fall,BKN,1,1.0,0.0,0.0
Tacko Fall,BOS,2,2.0,6.0,0.0
Tacko Fall,CHA,1,0.0,2.0,0.0
Tacko Fall,DET,1,2.0,1.0,0.0
Tacko Fall,GSW,1,0.0,0.0,0.0
Tacko Fall,MIN,1,2.0,0.0,0.0
Tacko Fall,NYK,1,0.0,0.0,0.0
Tacko Fall,TOR,1,3.0,7.0,2.0
Tacko Fall,WAS,2,0.0,0.5,0.0
Taelon Peter,ATL,1,3.0,2.0,0.0
Taelon Peter,BKN,3,8.333333333333334,3.6666666666666665,3.3333333333333335
Taelon Peter,BOS,2,1.5,0.5,0.0
Taelon Peter,CHA,1,6.0,2.0,1.0
Taelon Peter,CHI,2,5.0,1.5,0.0
Taelon Peter,CLE,3,3.0,0.6666666666666666,0.6666666666666666
Taelon Peter,DEN,1,0.0,1.0,0.0
Taelon Peter,DET,3,2.6666666666666665,2.0,1.0
Taelon Peter,GSW,2,0.0,0.5,0.5
Taelon Peter,HOU,1,6.0,1.0,0.0
Taelon Peter,MEM,2,5.5,0.5,1.0
Taelon Peter,MIA,1,0.0,1.0,0.0
Taelon Peter,MIL,3,4.0,0.3333333333333333,0.3333333333333333
Taelon Peter,MIN,1,5.0,4.0,2.0
Taelon Peter,OKC,1,3.0,0.0,1.0
Taelon Peter,PHI,1,9.0,1.0,1.0
Taelon Peter,PHX,2,4.5,3.5,1.0
Taelon Peter,POR,1,10.0,3.0,1.0
Taelon Peter,SAC,1,0.0,0.0,0.0
Taelon Peter,SAS,1,0.0,0.0,0.0
Taelon Peter,TOR,1,5.0,3.0,4.0
Taelon Peter,UTA,1,6.0,1.0,4.0
Taelon Peter,WAS,3,10.333333333333334,2.3333333333333335,1.6666666666666667
Taj Gibson,ATL,6,3.4,3.2,0.0
Taj Gibson,BKN,11,2.6,3.4,0.6
Taj Gibson,BOS,10,3.0,2.6,0.6
Taj Gibson,CHA,8,2.4,1.8,0.6
Taj Gibson,CHI,8,3.2,2.8,1.0
Taj Gibson,CLE,7,2.2,0.8,0.8
Taj Gibson,DAL,5,4.6,3.0,0.6
Taj Gibson,DEN,5,4.6,2.6,0.8
Taj Gibson,DET,9,3.6,3.2,1.0
Taj Gibson,GSW,1,10.0,7.0,1.0
Taj Gibson,HOU,5,4.2,2.2,1.4
Taj Gibson,IND,8,2.0,2.4,0.6
Taj Gibson,LAC,4,1.5,2.25,0.0
Taj Gibson,LAL,4,0.0,1.75,0.25
Taj Gibson,MEM,5,3.2,1.4,0.6
Taj Gibson,MIA,5,2.2,4.0,0.4
Taj Gibson,MIL,5,1.2,3.8,1.0
Taj Gibson,MIN,4,4.25,3.5,0.0
Taj Gibson,NOP,6,5.0,4.0,1.2
Taj Gibson,NYK,6,3.2,2.0,0.4
Taj Gibson,OKC,4,2.5,4.0,0.0
Taj Gibson,ORL,10,3.6,5.4,0.0
Taj Gibson,PHI,7,3.8,2.4,0.6
Taj Gibson,PHX,3,4.333333333333333,1.3333333333333333,0.6666666666666666
Taj Gibson,POR,2,7.0,4.0,0.5
Taj Gibson,SAC,5,4.0,3.2,0.8
Taj Gibson,SAS,5,4.6,2.6,0.8
Taj Gibson,TOR,4,2.25,3.75,0.75
Taj Gibson,UTA,4,1.5,1.25,0.5
Taj Gibson,WAS,2,6.0,4.5,1.5
Talen Horton-Tucker,ATL,7,4.4,1.2,3.4
Talen Horton-Tucker,BKN,9,9.2,1.4,2.2
Talen Horton-Tucker,BOS,10,6.6,1.6,0.4
Talen Horton-Tucker,CHA,6,11.0,4.0,4.2
Talen Horton-Tucker,CHI,5,11.2,3.8,3.2
Talen Horton-Tucker,CLE,7,10.2,1.4,1.8
Talen Horton-Tucker,DAL,6,10.8,2.0,2.0
Talen Horton-Tucker,DEN,10,12.4,2.8,3.0
Talen Horton-Tucker,DET,5,5.4,3.2,2.0
Talen Horton-Tucker,GSW,7,11.6,2.0,1.8
Talen Horton-Tucker,HOU,6,11.0,4.6,3.6
Talen Horton-Tucker,IND,9,4.4,1.8,1.2
Talen Horton-Tucker,LAC,11,14.4,1.8,4.2
Talen Horton-Tucker,LAL,6,10.2,2.4,4.2
Talen Horton-Tucker,MEM,10,10.4,4.2,4.8
Talen Horton-Tucker,MIA,5,4.6,3.6,3.2
Talen Horton-Tucker,MIL,8,3.0,1.8,1.8
Talen Horton-Tucker,MIN,10,11.2,2.4,3.4
Talen Horton-Tucker,NOP,10,3.0,1.6,2.0
Talen Horton-Tucker,NYK,6,10.4,2.2,3.4
Talen Horton-Tucker,OKC,9,9.6,2.0,1.8
Talen Horton-Tucker,ORL,7,13.6,1.6,4.0
Talen Horton-Tucker,PHI,7,8.8,2.4,2.0
Talen Horton-Tucker,PHX,10,12.2,3.8,3.6
Talen Horton-Tucker,POR,13,11.0,1.0,1.8
Talen Horton-Tucker,SAC,9,9.8,2.8,3.4
Talen Horton-Tucker,SAS,8,16.4,3.2,3.6
Talen Horton-Tucker,TOR,4,17.75,5.25,4.5
Talen Horton-Tucker,UTA,5,7.2,2.8,1.8
Talen Horton-Tucker,WAS,9,10.6,1.8,2.4
Tari Eason,ATL,4,8.5,9.5,0.5
Tari Eason,BKN,5,11.4,6.6,1.6
Tari Eason,BOS,5,8.0,6.0,1.2
Tari Eason,CHA,4,5.25,4.25,1.25
Tari Eason,CHI,4,7.25,3.75,0.75
Tari Eason,CLE,6,9.8,6.2,0.8
Tari Eason,DAL,11,17.8,7.0,2.0
Tari Eason,DEN,11,5.4,5.4,1.6
Tari Eason,DET,6,10.4,6.4,1.2
Tari Eason,GSW,9,10.2,5.6,1.4
Tari Eason,IND,7,13.0,9.8,1.4
Tari Eason,LAC,11,12.0,4.6,1.4
Tari Eason,LAL,10,9.4,5.6,1.6
Tari Eason,MEM,13,16.4,7.8,1.0
Tari Eason,MIA,5,7.4,6.0,2.0
Tari Eason,MIL,7,8.6,7.2,0.6
Tari Eason,MIN,9,5.0,3.8,0.6
Tari Eason,NOP,10,11.8,4.8,1.2
Tari Eason,NYK,6,12.0,7.8,2.0
Tari Eason,OKC,11,10.4,5.0,0.6
Tari Eason,ORL,5,8.2,6.6,2.0
Tari Eason,PHI,7,14.6,8.6,1.8
Tari Eason,PHX,8,14.0,7.4,2.2
Tari Eason,POR,10,9.4,6.8,2.2
Tari Eason,SAC,9,14.0,5.0,1.4
Tari Eason,SAS,12,8.2,5.0,1.2
Tari Eason,TOR,4,9.5,4.5,2.5
Tari Eason,UTA,7,12.2,7.6,2.2
Tari Eason,WAS,5,12.0,5.8,1.8
Taurean Prince,ATL,12,6.0,2.4,0.8
Taurean Prince,BKN,12,10.2,6.0,2.6
Taurean Prince,BOS,8,8.2,4.6,1.8
Taurean Prince,CHA,7,10.8,3.4,1.8
Taurean Prince,CHI,8,7.0,5.0,1.4
Taurean Prince,CLE,12,6.0,2.2,2.0
Taurean Prince,DAL,9,8.4,3.6,2.4
Taurean Prince,DEN,11,11.6,2.2,1.8
Taurean Prince,DET,9,12.4,4.2,1.8
Taurean Prince,GSW,12,9.0,3.8,1.4
Taurean Prince,HOU,12,5.2,3.2,2.0
Taurean Prince,IND,10,12.0,3.4,1.6
Taurean Prince,LAC,13,10.6,5.4,2.8
Taurean Prince,LAL,8,9.0,3.6,1.4
Taurean Prince,MEM,13,12.2,3.4,2.6
Taurean Prince,MIA,10,6.4,2.8,1.2
Taurean Prince,MIL,5,7.8,3.2,0.8
Taurean Prince,MIN,6,7.8,2.8,1.4
Taurean Prince,NOP,11,7.2,2.4,2.0
Taurean Prince,NYK,9,6.6,2.4,1.8
Taurean Prince,OKC,12,8.2,3.4,1.6
Taurean Prince,ORL,9,5.6,1.6,1.2
Taurean Prince,PHI,10,12.8,3.4,1.8
Taurean Prince,PHX,14,7.0,2.4,1.0
Taurean Prince,POR,10,8.6,3.0,2.2
Taurean Prince,SAC,12,8.0,2.4,1.0
Taurean Prince,SAS,13,7.6,3.8,2.0
Taurean Prince,TOR,11,5.8,2.8,2.2
Taurean Prince,UTA,11,8.2,2.8,2.4
Taurean Prince,WAS,8,6.6,2.8,2.0
Taylor Hendricks,ATL,3,6.666666666666667,7.333333333333333,0.3333333333333333
Taylor Hendricks,BKN,3,3.0,2.0,0.6666666666666666
Taylor Hendricks,BOS,3,5.666666666666667,3.6666666666666665,1.6666666666666667
Taylor Hendricks,CHA,4,11.75,5.5,1.5
Taylor Hendricks,CHI,2,9.5,2.5,0.0
Taylor Hendricks,CLE,1,18.0,3.0,1.0
Taylor Hendricks,DAL,10,7.6,5.4,1.0
Taylor Hendricks,DEN,6,9.4,3.4,0.8
Taylor Hendricks,DET,4,3.5,4.25,0.25
Taylor Hendricks,GSW,8,9.2,6.6,2.2
Taylor Hendricks,HOU,4,6.75,6.5,1.75
Taylor Hendricks,IND,1,19.0,5.0,0.0
Taylor Hendricks,LAC,7,8.6,3.6,1.0
Taylor Hendricks,LAL,3,5.333333333333333,2.6666666666666665,0.6666666666666666
Taylor Hendricks,MEM,2,16.5,4.5,0.5
Taylor Hendricks,MIA,2,6.0,7.5,0.5
Taylor Hendricks,MIL,1,11.0,4.0,0.0
Taylor Hendricks,MIN,4,8.75,4.75,1.25
Taylor Hendricks,NYK,1,5.0,4.0,1.0
Taylor Hendricks,OKC,5,9.2,3.2,1.4
Taylor Hendricks,ORL,2,8.0,4.5,0.5
Taylor Hendricks,PHI,1,8.0,5.0,2.0
Taylor Hendricks,PHX,4,2.0,4.0,0.25
Taylor Hendricks,POR,6,6.6,4.4,0.6
Taylor Hendricks,SAC,5,9.0,2.6,0.8
Taylor Hendricks,SAS,6,4.2,4.4,0.4
Taylor Hendricks,TOR,2,7.5,2.0,1.0
Taylor Hendricks,UTA,1,9.0,9.0,2.0
Taylor Hendricks,WAS,1,8.0,2.0,1.0
Taze Moore,HOU,1,4.0,4.0,1.0
Taze Moore,LAL,1,2.0,0.0,0.0
Taze Moore,MEM,1,2.0,4.0,0.0
Taze Moore,PHI,1,2.0,0.0,1.0
Taze Moore,SAC,1,12.0,8.0,4.0
Taze Moore,SAS,1,2.0,0.0,0.0
Terance Mann,ATL,11,9.0,2.6,2.0
Terance Mann,BKN,9,9.0,2.6,0.8
Terance Mann,BOS,11,7.6,4.4,5.0
Terance Mann,CHA,10,9.4,2.6,1.6
Terance Mann,CHI,10,9.4,2.6,2.2
Terance Mann,CLE,9,6.4,1.8,2.0
Terance Mann,DAL,15,9.2,3.0,3.8
Terance Mann,DEN,17,7.2,3.2,1.8
Terance Mann,DET,10,3.6,2.4,1.4
Terance Mann,GSW,17,5.0,3.2,2.2
Terance Mann,HOU,14,15.4,5.4,1.2
Terance Mann,IND,10,8.6,2.4,2.2
Terance Mann,LAC,3,8.333333333333334,3.0,3.3333333333333335
Terance Mann,LAL,13,8.8,2.4,1.8
Terance Mann,MEM,13,11.0,5.2,1.4
Terance Mann,MIA,11,9.2,3.8,2.8
Terance Mann,MIL,11,8.0,3.0,2.4
Terance Mann,MIN,15,4.2,2.0,2.2
Terance Mann,NOP,13,7.0,3.8,1.8
Terance Mann,NYK,10,4.6,3.8,1.8
Terance Mann,OKC,15,6.2,4.8,1.6
Terance Mann,ORL,11,10.0,1.8,2.6
Terance Mann,PHI,15,9.0,3.4,3.2
Terance Mann,PHX,17,7.0,3.2,3.2
Terance Mann,POR,13,10.0,2.6,1.6
Terance Mann,SAC,16,5.4,2.4,2.2
Terance Mann,SAS,11,4.0,3.4,1.6
Terance Mann,TOR,11,5.6,3.8,3.2
Terance Mann,UTA,14,6.4,2.8,1.0
Terance Mann,WAS,12,6.8,3.8,3.6
Terence Davis,ATL,2,1.0,1.0,0.0
Terence Davis,BKN,2,15.5,5.5,2.0
Terence Davis,BOS,3,7.333333333333333,3.0,0.6666666666666666
Terence Davis,CHA,4,8.0,3.0,0.75
Terence Davis,CHI,1,0.0,1.0,2.0
Terence Davis,CLE,2,5.5,1.5,1.0
Terence Davis,DAL,3,11.0,3.6666666666666665,1.3333333333333333
Terence Davis,DEN,1,5.0,1.0,0.0
Terence Davis,DET,3,16.0,2.0,1.0
Terence Davis,GSW,5,6.2,3.2,1.4
Terence Davis,HOU,6,11.6,3.8,2.2
Terence Davis,IND,3,10.0,2.6666666666666665,1.6666666666666667
Terence Davis,LAC,6,8.8,1.8,1.2
Terence Davis,LAL,6,5.2,1.8,1.2
Terence Davis,MEM,6,4.8,1.0,0.8
Terence Davis,MIA,2,2.0,1.5,1.0
Terence Davis,MIL,1,22.0,7.0,3.0
Terence Davis,MIN,2,5.0,1.5,0.5
Terence Davis,NOP,4,3.75,1.25,0.75
Terence Davis,NYK,2,0.0,2.0,0.0
Terence Davis,OKC,4,5.0,2.75,0.75
Terence Davis,ORL,3,7.666666666666667,2.6666666666666665,2.3333333333333335
Terence Davis,PHI,1,12.0,2.0,1.0
Terence Davis,PHX,6,7.0,2.8,0.8
Terence Davis,POR,6,10.0,2.8,1.4
Terence Davis,SAS,4,5.5,1.5,1.0
Terence Davis,TOR,3,11.0,3.3333333333333335,1.3333333333333333
Terence Davis,UTA,2,3.5,1.5,0.0
Terence Davis,WAS,2,11.5,3.5,0.0
Terquavion Smith,ATL,1,8.0,0.0,0.0
Terquavion Smith,BKN,2,9.0,0.5,0.5
Terquavion Smith,CHA,1,0.0,0.0,0.0
Terquavion Smith,CLE,1,0.0,0.0,0.0
Terquavion Smith,DAL,1,3.0,1.0,1.0
Terquavion Smith,DET,1,0.0,0.0,0.0
Terquavion Smith,GSW,1,7.0,1.0,2.0
Terquavion Smith,IND,1,2.0,0.0,5.0
Terquavion Smith,MEM,1,5.0,1.0,1.0
Terquavion Smith,MIA,1,0.0,0.0,0.0
Terquavion Smith,NYK,1,0.0,0.0,0.0
Terquavion Smith,ORL,2,3.0,0.0,0.5
Terquavion Smith,POR,1,3.0,0.0,1.0
Terquavion Smith,SAS,1,0.0,0.0,0.0
Terrence Ross,ATL,7,10.4,1.8,1.6
Terrence Ross,BKN,3,11.333333333333334,2.3333333333333335,1.6666666666666667
Terrence Ross,BOS,6,15.4,3.0,1.0
Terrence Ross,CHA,4,9.0,2.25,2.25
Terrence Ross,CHI,4,8.25,2.0,2.0
Terrence Ross,CLE,3,5.333333333333333,2.0,2.0
Terrence Ross,DAL,5,3.8,2.6,1.6
Terrence Ross,DEN,5,5.2,2.4,1.4
Terrence Ross,DET,5,13.4,3.4,1.6
Terrence Ross,GSW,3,5.333333333333333,4.0,1.6666666666666667
Terrence Ross,HOU,4,12.75,3.25,1.5
Terrence Ross,IND,5,5.2,2.0,1.2
Terrence Ross,LAC,5,11.6,3.2,1.8
Terrence Ross,LAL,5,8.6,2.8,2.2
Terrence Ross,MEM,3,7.666666666666667,1.6666666666666667,0.3333333333333333
Terrence Ross,MIA,1,0.0,0.0,2.0
Terrence Ross,MIL,5,4.8,2.0,1.4
Terrence Ross,MIN,4,3.25,2.25,2.5
Terrence Ross,NOP,2,11.0,2.5,3.0
Terrence Ross,NYK,5,14.4,2.2,1.6
Terrence Ross,OKC,6,12.6,4.0,1.8
Terrence Ross,ORL,1,7.0,1.0,1.0
Terrence Ross,PHI,5,9.4,3.6,1.4
Terrence Ross,PHX,3,12.0,2.0,1.3333333333333333
Terrence Ross,POR,3,2.0,2.6666666666666665,1.6666666666666667
Terrence Ross,SAC,6,12.0,2.6,0.6
Terrence Ross,SAS,4,4.75,2.75,1.5
Terrence Ross,TOR,4,8.75,1.25,0.75
Terrence Ross,UTA,4,9.0,2.75,2.0
Terrence Ross,WAS,6,13.0,1.8,1.8
Terrence Shannon Jr.,ATL,1,2.0,0.0,0.0
Terrence Shannon Jr.,BKN,2,1.5,1.0,0.5
Terrence Shannon Jr.,BOS,2,5.0,0.0,0.0
Terrence Shannon Jr.,CHA,4,1.5,0.25,0.0
Terrence Shannon Jr.,CHI,2,2.0,0.0,0.0
Terrence Shannon Jr.,CLE,1,2.0,2.0,1.0
Terrence Shannon Jr.,DAL,1,4.0,2.0,1.0
Terrence Shannon Jr.,DEN,3,3.0,1.0,0.6666666666666666
Terrence Shannon Jr.,DET,2,9.0,3.0,2.0
Terrence Shannon Jr.,GSW,2,4.5,2.0,1.5
Terrence Shannon Jr.,HOU,4,8.5,1.0,1.0
Terrence Shannon Jr.,IND,3,1.6666666666666667,1.6666666666666667,0.3333333333333333
Terrence Shannon Jr.,LAC,4,1.5,0.25,1.25
Terrence Shannon Jr.,LAL,5,8.4,1.8,0.8
Terrence Shannon Jr.,MEM,1,6.0,1.0,0.0
Terrence Shannon Jr.,MIA,1,6.0,0.0,0.0
Terrence Shannon Jr.,MIL,2,11.0,2.5,3.0
Terrence Shannon Jr.,NOP,5,7.0,1.0,1.6
Terrence Shannon Jr.,NYK,2,1.0,0.5,0.5
Terrence Shannon Jr.,OKC,6,9.4,2.6,1.0
Terrence Shannon Jr.,ORL,2,16.5,1.0,3.0
Terrence Shannon Jr.,PHI,3,2.6666666666666665,0.6666666666666666,0.3333333333333333
Terrence Shannon Jr.,PHX,2,0.0,1.0,0.0
Terrence Shannon Jr.,POR,5,3.2,1.2,1.8
Terrence Shannon Jr.,SAC,2,1.0,0.5,0.0
Terrence Shannon Jr.,SAS,4,1.5,0.5,0.25
Terrence Shannon Jr.,TOR,1,0.0,0.0,0.0
Terrence Shannon Jr.,UTA,3,9.666666666666666,3.6666666666666665,2.0
Terry Rozier,ATL,8,21.2,3.4,5.2
Terry Rozier,BKN,10,22.4,4.6,6.0
Terry Rozier,BOS,10,12.0,2.6,2.8
Terry Rozier,CHA,3,10.0,4.0,1.6666666666666667
Terry Rozier,CHI,10,19.8,3.6,5.0
Terry Rozier,CLE,12,17.2,4.0,3.2
Terry Rozier,DAL,3,21.666666666666668,5.333333333333333,6.333333333333333
Terry Rozier,DEN,8,14.6,4.2,4.2
Terry Rozier,DET,14,14.6,4.6,4.8
Terry Rozier,GSW,5,13.6,3.6,2.8
Terry Rozier,HOU,6,20.2,3.4,4.0
Terry Rozier,IND,13,8.6,2.4,3.4
Terry Rozier,LAC,7,15.0,4.8,5.2
Terry Rozier,LAL,7,18.0,3.2,4.4
Terry Rozier,MEM,5,16.2,4.6,5.0
Terry Rozier,MIA,10,26.6,3.2,7.2
Terry Rozier,MIL,11,8.6,3.8,1.2
Terry Rozier,MIN,8,11.8,3.4,3.4
Terry Rozier,NOP,8,15.0,3.4,3.2
Terry Rozier,NYK,12,13.0,3.0,4.2
Terry Rozier,OKC,5,17.0,4.8,5.2
Terry Rozier,ORL,12,17.0,4.6,3.6
Terry Rozier,PHI,11,16.2,5.0,2.4
Terry Rozier,PHX,8,18.0,4.0,4.6
Terry Rozier,POR,8,13.6,2.8,4.6
Terry Rozier,SAC,6,17.4,4.8,5.0
Terry Rozier,SAS,8,17.0,4.2,4.8
Terry Rozier,TOR,11,12.2,3.4,3.4
Terry Rozier,UTA,7,15.2,3.4,3.8
Terry Rozier,WAS,15,14.2,4.6,3.6
Terry Taylor,ATL,6,7.0,1.8,0.2
Terry Taylor,BKN,5,2.8,1.4,0.4
Terry Taylor,BOS,7,1.6,0.0,0.4
Terry Taylor,CHA,4,3.75,3.0,1.0
Terry Taylor,CHI,3,10.666666666666666,6.333333333333333,2.0
Terry Taylor,CLE,4,1.5,1.75,0.75
Terry Taylor,DAL,3,4.333333333333333,2.0,0.3333333333333333
Terry Taylor,DEN,4,6.5,3.25,0.5
Terry Taylor,DET,6,4.0,2.4,0.4
Terry Taylor,HOU,1,0.0,4.0,0.0
Terry Taylor,IND,2,1.0,0.5,1.0
Terry Taylor,LAC,4,4.75,2.25,0.75
Terry Taylor,LAL,1,0.0,0.0,0.0
Terry Taylor,MEM,4,10.5,4.75,0.5
Terry Taylor,MIA,1,0.0,0.0,0.0
Terry Taylor,MIL,3,4.666666666666667,4.0,0.6666666666666666
Terry Taylor,MIN,2,5.0,3.0,0.5
Terry Taylor,NOP,3,2.0,1.3333333333333333,0.0
Terry Taylor,NYK,2,2.0,1.0,0.0
Terry Taylor,OKC,4,4.75,2.5,0.5
Terry Taylor,ORL,6,5.0,2.4,1.4
Terry Taylor,PHI,5,6.2,4.6,1.4
Terry Taylor,PHX,1,0.0,0.0,0.0
Terry Taylor,POR,3,5.666666666666667,1.0,1.0
Terry Taylor,SAC,3,5.0,3.3333333333333335,0.6666666666666666
Terry Taylor,SAS,2,4.5,3.5,1.0
Terry Taylor,TOR,2,2.0,2.0,0.5
Terry Taylor,UTA,2,0.0,1.0,0.0
Terry Taylor,WAS,5,6.0,2.6,0.2
Thaddeus Young,ATL,6,7.8,4.6,1.8
Thaddeus Young,BKN,6,5.8,3.4,1.8
Thaddeus Young,BOS,7,4.0,3.0,2.6
Thaddeus Young,CHA,3,3.6666666666666665,4.666666666666667,1.3333333333333333
Thaddeus Young,CHI,6,6.6,4.2,3.2
Thaddeus Young,CLE,7,3.2,1.8,0.8
Thaddeus Young,DAL,4,5.75,3.5,3.0
Thaddeus Young,DEN,5,4.8,3.8,2.0
Thaddeus Young,DET,4,4.0,3.0,1.75
Thaddeus Young,GSW,4,3.0,2.25,0.25
Thaddeus Young,HOU,6,5.6,5.2,1.2
Thaddeus Young,IND,4,7.5,2.25,2.0
Thaddeus Young,LAC,8,4.0,3.0,1.8
Thaddeus Young,LAL,7,3.0,4.0,2.0
Thaddeus Young,MEM,3,9.333333333333334,4.666666666666667,3.0
Thaddeus Young,MIA,5,6.0,6.6,1.8
Thaddeus Young,MIL,2,5.0,4.5,1.5
Thaddeus Young,MIN,6,5.8,3.0,0.6
Thaddeus Young,NOP,3,3.0,2.3333333333333335,0.6666666666666666
Thaddeus Young,NYK,5,3.0,3.0,1.2
Thaddeus Young,OKC,4,5.25,4.5,2.25
Thaddeus Young,ORL,7,3.6,2.0,1.4
Thaddeus Young,PHI,6,2.8,2.6,1.0
Thaddeus Young,PHX,5,4.6,2.2,1.0
Thaddeus Young,POR,3,6.333333333333333,3.6666666666666665,1.0
Thaddeus Young,SAC,2,11.5,3.5,4.5
Thaddeus Young,SAS,4,5.0,3.5,1.25
Thaddeus Young,UTA,3,2.0,1.6666666666666667,1.3333333333333333
Thaddeus Young,WAS,4,3.75,2.25,1.75
Thanasis Antetokounmpo,ATL,6,0.4,0.2,0.6
Thanasis Antetokounmpo,BKN,6,1.2,0.4,0.4
Thanasis Antetokounmpo,BOS,9,0.0,0.6,0.0
Thanasis Antetokounmpo,CHA,10,1.6,0.4,0.4
Thanasis Antetokounmpo,CHI,6,0.6,0.8,0.2
Thanasis Antetokounmpo,CLE,7,5.4,1.6,0.8
Thanasis Antetokounmpo,DAL,1,0.0,0.0,0.0
Thanasis Antetokounmpo,DEN,4,0.5,0.25,0.5
Thanasis Antetokounmpo,DET,10,2.2,0.6,0.0
Thanasis Antetokounmpo,GSW,4,2.0,0.5,0.25
Thanasis Antetokounmpo,HOU,3,0.6666666666666666,0.6666666666666666,0.0
Thanasis Antetokounmpo,IND,7,0.0,0.2,0.0
Thanasis Antetokounmpo,LAC,3,4.0,1.3333333333333333,0.6666666666666666
Thanasis Antetokounmpo,LAL,2,0.0,0.5,0.0
Thanasis Antetokounmpo,MEM,5,3.8,2.8,0.8
Thanasis Antetokounmpo,MIA,5,4.0,2.0,0.4
Thanasis Antetokounmpo,MIN,5,3.2,1.2,0.2
Thanasis Antetokounmpo,NOP,3,0.6666666666666666,0.6666666666666666,0.3333333333333333
Thanasis Antetokounmpo,NYK,6,0.6,0.4,0.0
Thanasis Antetokounmpo,OKC,6,0.8,0.6,0.4
Thanasis Antetokounmpo,ORL,9,1.2,0.8,1.2
Thanasis Antetokounmpo,PHI,5,2.4,0.6,1.2
Thanasis Antetokounmpo,PHX,1,6.0,1.0,0.0
Thanasis Antetokounmpo,POR,6,0.8,1.4,0.4
Thanasis Antetokounmpo,SAC,3,0.6666666666666666,0.3333333333333333,0.0
Thanasis Antetokounmpo,SAS,5,1.2,3.6,1.2
Thanasis Antetokounmpo,TOR,6,3.8,1.6,0.6
Thanasis Antetokounmpo,UTA,5,3.6,2.8,1.2
Thanasis Antetokounmpo,WAS,5,0.0,0.0,0.0
Theo Maledon,ATL,4,7.25,2.25,4.25
Theo Maledon,BKN,4,6.0,1.75,2.25
Theo Maledon,BOS,2,7.0,2.5,4.5
Theo Maledon,CHA,1,6.0,7.0,4.0
Theo Maledon,CHI,2,4.5,2.5,6.0
Theo Maledon,CLE,2,9.0,5.0,4.0
Theo Maledon,DAL,7,3.0,1.2,2.6
Theo Maledon,DEN,3,10.333333333333334,3.3333333333333335,3.6666666666666665
Theo Maledon,DET,4,12.0,3.75,1.5
Theo Maledon,GSW,5,2.8,1.2,1.4
Theo Maledon,HOU,6,6.4,2.0,2.0
Theo Maledon,IND,4,6.0,2.25,1.5
Theo Maledon,LAC,3,5.0,2.6666666666666665,2.3333333333333335
Theo Maledon,LAL,4,3.0,1.25,0.75
Theo Maledon,MEM,2,8.0,5.0,3.0
Theo Maledon,MIA,4,3.5,3.75,2.0
Theo Maledon,MIL,3,3.0,1.0,1.0
Theo Maledon,MIN,4,10.25,4.25,2.25
Theo Maledon,NOP,2,6.0,3.0,0.0
Theo Maledon,NYK,6,5.8,2.0,2.8
Theo Maledon,OKC,2,9.5,2.5,6.5
Theo Maledon,ORL,5,11.4,3.4,3.8
Theo Maledon,PHI,4,4.0,0.5,1.5
Theo Maledon,PHX,4,5.5,2.5,1.5
Theo Maledon,POR,5,5.0,3.2,2.2
Theo Maledon,SAC,5,7.6,2.0,2.4
Theo Maledon,SAS,4,8.0,2.0,3.0
Theo Maledon,TOR,3,13.0,5.333333333333333,9.333333333333334
Theo Maledon,UTA,4,4.25,1.75,1.0
Theo Maledon,WAS,4,5.0,2.75,2.5
Theo Pinson,BOS,2,2.5,0.0,0.0
Theo Pinson,CHI,2,4.0,3.5,1.5
Theo Pinson,CLE,2,1.0,2.0,0.0
Theo Pinson,DEN,3,0.0,0.6666666666666666,1.3333333333333333
Theo Pinson,DET,2,1.0,0.0,0.0
Theo Pinson,GSW,3,0.0,0.6666666666666666,0.6666666666666666
Theo Pinson,HOU,4,3.0,1.25,0.25
Theo Pinson,IND,2,1.5,1.0,0.5
Theo Pinson,LAC,2,4.5,1.0,2.0
Theo Pinson,LAL,2,0.0,1.5,0.0
Theo Pinson,MEM,3,0.6666666666666666,1.3333333333333333,0.6666666666666666
Theo Pinson,MIA,1,0.0,1.0,0.0
Theo Pinson,MIL,2,4.5,3.0,0.5
Theo Pinson,MIN,3,4.666666666666667,2.3333333333333335,1.6666666666666667
Theo Pinson,NOP,2,1.0,0.5,0.0
Theo Pinson,NYK,2,0.0,0.5,0.5
Theo Pinson,OKC,2,1.5,0.0,0.0
Theo Pinson,PHX,1,0.0,0.0,0.0
Theo Pinson,POR,6,3.2,1.6,2.2
Theo Pinson,SAC,4,1.25,1.0,2.5
Theo Pinson,SAS,4,9.75,4.0,3.75
Theo Pinson,UTA,4,3.0,2.25,0.75
Theo Pinson,WAS,1,0.0,0.0,0.0
Thomas Bryant,ATL,8,7.2,5.2,0.6
Thomas Bryant,BKN,11,3.4,2.0,0.8
Thomas Bryant,BOS,12,5.0,2.8,0.0
Thomas Bryant,CHA,11,8.2,3.2,1.2
Thomas Bryant,CHI,9,6.4,3.4,0.4
Thomas Bryant,CLE,11,5.6,3.0,0.4
Thomas Bryant,DAL,8,7.6,3.0,0.2
Thomas Bryant,DEN,8,5.4,3.2,0.2
Thomas Bryant,DET,17,8.4,4.2,0.8
Thomas Bryant,GSW,5,2.4,3.8,0.4
Thomas Bryant,HOU,5,6.2,5.2,0.6
Thomas Bryant,IND,7,6.6,4.4,0.6
Thomas Bryant,LAC,8,6.0,4.4,1.2
Thomas Bryant,LAL,6,9.0,4.4,1.0
Thomas Bryant,MEM,7,2.4,4.4,0.2
Thomas Bryant,MIA,9,6.0,4.2,0.4
Thomas Bryant,MIL,10,5.2,1.6,0.0
Thomas Bryant,MIN,4,6.0,3.5,0.5
Thomas Bryant,NOP,6,9.0,4.6,0.4
Thomas Bryant,NYK,7,7.2,2.8,1.0
Thomas Bryant,OKC,4,2.25,1.75,0.25
Thomas Bryant,ORL,8,8.4,3.8,1.0
Thomas Bryant,PHI,9,6.0,3.6,0.6
Thomas Bryant,PHX,8,3.4,3.6,2.0
Thomas Bryant,POR,8,17.2,7.2,0.8
Thomas Bryant,SAC,10,5.4,4.0,0.8
Thomas Bryant,SAS,9,6.6,2.4,1.0
Thomas Bryant,TOR,10,7.8,3.8,0.8
Thomas Bryant,UTA,3,4.333333333333333,5.0,0.3333333333333333
Thomas Bryant,WAS,12,5.2,3.4,0.2
Tidjane Salaün,ATL,3,4.333333333333333,3.0,0.6666666666666666
Tidjane Salaün,BKN,5,11.2,4.8,0.8
Tidjane Salaün,BOS,4,4.75,4.25,1.25
Tidjane Salaün,CHI,5,5.0,5.0,2.2
Tidjane Salaün,CLE,6,5.2,4.8,1.4
Tidjane Salaün,DAL,2,1.0,1.5,0.0
Tidjane Salaün,DEN,3,7.0,8.333333333333334,1.0
Tidjane Salaün,DET,5,7.0,2.8,1.0
Tidjane Salaün,GSW,3,6.0,2.3333333333333335,1.0
Tidjane Salaün,HOU,2,4.5,3.5,1.0
Tidjane Salaün,IND,3,4.333333333333333,4.666666666666667,1.3333333333333333
Tidjane Salaün,LAL,2,1.5,3.0,0.0
Tidjane Salaün,MEM,1,13.0,9.0,3.0
Tidjane Salaün,MIA,4,6.75,4.0,1.0
Tidjane Salaün,MIL,5,6.8,4.4,1.2
Tidjane Salaün,MIN,3,3.6666666666666665,3.3333333333333335,1.6666666666666667
Tidjane Salaün,NOP,1,4.0,7.0,4.0
Tidjane Salaün,NYK,4,7.75,3.25,0.25
Tidjane Salaün,OKC,2,4.5,5.5,0.5
Tidjane Salaün,ORL,7,7.6,5.2,0.4
Tidjane Salaün,PHI,6,5.6,6.2,1.4
Tidjane Salaün,PHX,2,2.0,2.0,0.0
Tidjane Salaün,POR,1,6.0,2.0,1.0
Tidjane Salaün,SAC,2,8.5,4.0,1.0
Tidjane Salaün,SAS,1,8.0,5.0,0.0
Tidjane Salaün,TOR,5,9.8,6.4,1.0
Tidjane Salaün,UTA,4,4.25,2.5,1.25
Tidjane Salaün,WAS,6,6.0,4.2,0.6
Tim Frazier,ATL,1,1.0,1.0,4.0
Tim Frazier,BOS,1,14.0,5.0,3.0
Tim Frazier,CHA,1,0.0,0.0,0.0
Tim Frazier,CHI,1,0.0,3.0,5.0
Tim Frazier,DET,1,0.0,0.0,3.0
Tim Frazier,MIA,1,4.0,2.0,4.0
Tim Frazier,MIL,2,9.0,2.0,4.0
Tim Frazier,MIN,1,2.0,0.0,1.0
Tim Frazier,NOP,1,0.0,2.0,1.0
Tim Frazier,PHI,1,0.0,0.0,3.0
Tim Frazier,WAS,1,0.0,2.0,2.0
Tim Hardaway Jr.,ATL,10,11.0,3.4,1.8
Tim Hardaway Jr.,BKN,10,16.8,2.8,1.8
Tim Hardaway Jr.,BOS,11,9.0,3.8,1.4
Tim Hardaway Jr.,CHA,10,8.2,1.4,1.4
Tim Hardaway Jr.,CHI,11,9.4,2.6,1.2
Tim Hardaway Jr.,CLE,11,17.4,2.0,1.6
Tim Hardaway Jr.,DAL,6,10.4,1.6,2.6
Tim Hardaway Jr.,DEN,11,7.2,2.0,1.4
Tim Hardaway Jr.,DET,6,10.6,2.6,1.6
Tim Hardaway Jr.,GSW,13,9.4,2.2,1.2
Tim Hardaway Jr.,HOU,16,11.4,2.0,1.4
Tim Hardaway Jr.,IND,11,13.2,2.6,1.6
Tim Hardaway Jr.,LAC,14,9.8,2.2,1.2
Tim Hardaway Jr.,LAL,13,15.6,1.0,1.2
Tim Hardaway Jr.,MEM,16,13.4,2.8,1.6
Tim Hardaway Jr.,MIA,11,14.2,2.2,1.2
Tim Hardaway Jr.,MIL,9,13.2,2.0,0.6
Tim Hardaway Jr.,MIN,12,19.8,3.0,1.0
Tim Hardaway Jr.,NOP,14,17.0,2.2,1.2
Tim Hardaway Jr.,NYK,11,11.2,3.4,1.8
Tim Hardaway Jr.,OKC,15,16.6,2.8,1.8
Tim Hardaway Jr.,ORL,10,12.0,2.6,1.4
Tim Hardaway Jr.,PHI,8,6.6,1.8,2.2
Tim Hardaway Jr.,PHX,15,14.6,1.8,0.8
Tim Hardaway Jr.,POR,13,10.4,3.2,1.8
Tim Hardaway Jr.,SAC,14,9.8,2.0,1.6
Tim Hardaway Jr.,SAS,14,9.4,2.4,1.6
Tim Hardaway Jr.,TOR,11,18.4,3.4,0.6
Tim Hardaway Jr.,UTA,14,13.0,3.4,1.2
Tim Hardaway Jr.,WAS,9,11.6,3.0,0.6
Timmy Allen,CLE,1,2.0,4.0,1.0
Timmy Allen,DEN,1,1.0,1.0,1.0
Timmy Allen,LAL,1,2.0,6.0,1.0
Timmy Allen,PHI,1,2.0,2.0,0.0
Timmy Allen,SAS,1,6.0,4.0,2.0
Timothe Luwawu-Cabarrot,BKN,2,5.5,4.0,1.0
Timothe Luwawu-Cabarrot,BOS,2,1.5,0.0,0.0
Timothe Luwawu-Cabarrot,CHA,4,5.0,1.25,0.5
Timothe Luwawu-Cabarrot,CLE,1,12.0,4.0,2.0
Timothe Luwawu-Cabarrot,DAL,1,0.0,1.0,1.0
Timothe Luwawu-Cabarrot,DEN,1,5.0,2.0,2.0
Timothe Luwawu-Cabarrot,DET,3,1.0,1.0,0.0
Timothe Luwawu-Cabarrot,GSW,2,6.5,1.0,0.5
Timothe Luwawu-Cabarrot,HOU,2,4.0,2.5,0.5
Timothe Luwawu-Cabarrot,IND,4,6.0,1.75,0.75
Timothe Luwawu-Cabarrot,LAC,1,14.0,4.0,0.0
Timothe Luwawu-Cabarrot,LAL,1,0.0,3.0,3.0
Timothe Luwawu-Cabarrot,MEM,2,6.0,3.5,0.5
Timothe Luwawu-Cabarrot,MIA,3,2.3333333333333335,1.3333333333333333,1.6666666666666667
Timothe Luwawu-Cabarrot,MIL,2,0.0,0.0,0.0
Timothe Luwawu-Cabarrot,MIN,1,23.0,2.0,2.0
Timothe Luwawu-Cabarrot,NYK,3,2.6666666666666665,1.0,0.6666666666666666
Timothe Luwawu-Cabarrot,OKC,2,5.0,1.5,1.5
Timothe Luwawu-Cabarrot,ORL,3,3.3333333333333335,1.0,0.3333333333333333
Timothe Luwawu-Cabarrot,PHI,2,0.5,2.0,0.5
Timothe Luwawu-Cabarrot,POR,2,6.5,1.5,1.0
Timothe Luwawu-Cabarrot,SAC,2,7.0,2.0,1.0
Timothe Luwawu-Cabarrot,SAS,2,3.0,1.0,1.0
Timothe Luwawu-Cabarrot,TOR,2,3.5,1.0,1.0
Timothe Luwawu-Cabarrot,UTA,2,1.5,0.5,0.0
Tobias Harris,ATL,16,14.8,4.2,2.0
Tobias Harris,BKN,16,11.6,5.2,2.6
Tobias Harris,BOS,20,16.8,6.2,2.6
Tobias Harris,CHA,17,15.8,6.0,1.2
Tobias Harris,CHI,15,16.2,5.8,1.4
Tobias Harris,CLE,16,10.0,3.4,1.6
Tobias Harris,DAL,10,13.0,4.8,1.8
Tobias Harris,DEN,9,15.2,4.6,2.8
Tobias Harris,DET,10,17.4,7.4,2.4
Tobias Harris,GSW,8,13.8,7.4,3.4
Tobias Harris,HOU,10,7.2,4.8,2.2
Tobias Harris,IND,15,14.4,4.4,2.2
Tobias Harris,LAC,8,16.8,4.4,3.0
Tobias Harris,LAL,10,11.6,5.6,2.8
Tobias Harris,MEM,5,18.4,5.6,2.6
Tobias Harris,MIA,13,15.0,5.4,1.8
Tobias Harris,MIL,15,13.8,4.4,2.2
Tobias Harris,MIN,8,12.0,5.2,2.8
Tobias Harris,NOP,10,13.2,6.8,3.4
Tobias Harris,NYK,17,13.4,7.0,2.4
Tobias Harris,OKC,9,13.2,6.0,2.6
Tobias Harris,ORL,17,16.6,5.8,1.8
Tobias Harris,PHI,5,15.6,7.8,2.0
Tobias Harris,PHX,9,15.6,6.0,1.8
Tobias Harris,POR,9,13.6,5.2,2.8
Tobias Harris,SAC,8,18.6,4.8,2.4
Tobias Harris,SAS,9,13.2,5.8,3.0
Tobias Harris,TOR,17,14.8,6.4,2.6
Tobias Harris,UTA,6,15.4,6.4,3.2
Tobias Harris,WAS,16,11.4,7.2,3.6
Toby Okani,CLE,1,3.0,2.0,1.0
Toby Okani,DEN,1,15.0,0.0,2.0
Toby Okani,HOU,1,6.0,7.0,1.0
Toby Okani,MIL,1,9.0,3.0,0.0
Toby Okani,TOR,1,7.0,7.0,0.0
Toby Okani,UTA,1,20.0,2.0,2.0
Tolu Smith,CHI,2,3.0,4.0,1.0
Tolu Smith,CLE,1,11.0,4.0,0.0
Tolu Smith,GSW,1,2.0,0.0,1.0
Tolu Smith,IND,1,5.0,3.0,1.0
Tolu Smith,LAC,1,9.0,14.0,1.0
Tolu Smith,MIL,2,7.0,4.0,0.0
Tolu Smith,MIN,1,0.0,0.0,0.0
Tolu Smith,NOP,1,2.0,1.0,1.0
Tolu Smith,NYK,2,2.0,2.0,0.5
Tolu Smith,OKC,1,4.0,7.0,3.0
Tolu Smith,ORL,1,8.0,3.0,1.0
Tolu Smith,TOR,1,3.0,3.0,2.0
Tolu Smith,WAS,1,2.0,2.0,0.0
Tomas Satoransky,ATL,2,4.5,1.5,3.5
Tomas Satoransky,BKN,1,2.0,1.0,6.0
Tomas Satoransky,BOS,1,7.0,1.0,7.0
Tomas Satoransky,CHA,1,5.0,6.0,9.0
Tomas Satoransky,CHI,2,1.5,1.5,5.0
Tomas Satoransky,CLE,1,3.0,2.0,5.0
Tomas Satoransky,DAL,4,2.75,4.0,2.75
Tomas Satoransky,DEN,2,2.0,0.5,0.5
Tomas Satoransky,DET,3,4.666666666666667,3.3333333333333335,3.3333333333333335
Tomas Satoransky,GSW,3,6.0,1.3333333333333333,4.0
Tomas Satoransky,HOU,2,3.5,3.5,0.5
Tomas Satoransky,IND,2,6.0,2.5,2.5
Tomas Satoransky,LAC,3,1.3333333333333333,2.3333333333333335,2.0
Tomas Satoransky,LAL,2,15.0,3.0,5.0
Tomas Satoransky,MEM,1,5.0,4.0,5.0
Tomas Satoransky,MIA,1,3.0,3.0,1.0
Tomas Satoransky,MIL,3,3.0,2.6666666666666665,3.3333333333333335
Tomas Satoransky,MIN,2,5.0,1.5,3.5
Tomas Satoransky,NYK,3,3.3333333333333335,1.3333333333333333,3.0
Tomas Satoransky,OKC,3,1.6666666666666667,3.3333333333333335,2.3333333333333335
Tomas Satoransky,ORL,2,4.5,5.0,8.0
Tomas Satoransky,PHI,2,0.0,1.5,3.5
Tomas Satoransky,POR,2,0.0,2.0,2.5
Tomas Satoransky,SAC,1,5.0,0.0,2.0
Tomas Satoransky,SAS,1,0.0,0.0,3.0
Tomas Satoransky,UTA,2,3.0,1.0,2.5
Tomas Satoransky,WAS,3,2.3333333333333335,1.0,2.3333333333333335
Tony Bradley,ATL,1,2.0,3.0,0.0
Tony Bradley,BKN,4,3.0,4.5,0.5
Tony Bradley,BOS,7,2.2,1.4,0.0
Tony Bradley,CHA,3,3.6666666666666665,1.3333333333333333,0.0
Tony Bradley,CHI,3,2.6666666666666665,1.0,0.3333333333333333
Tony Bradley,CLE,7,5.8,3.8,0.4
Tony Bradley,DAL,5,2.8,2.6,0.6
Tony Bradley,DEN,6,3.6,3.2,0.8
Tony Bradley,DET,5,4.2,3.2,0.4
Tony Bradley,GSW,4,4.0,5.0,1.0
Tony Bradley,HOU,4,2.0,2.5,0.5
Tony Bradley,IND,2,3.0,5.5,0.5
Tony Bradley,LAC,1,4.0,5.0,0.0
Tony Bradley,LAL,2,5.0,6.0,1.0
Tony Bradley,MEM,2,4.0,0.0,1.0
Tony Bradley,MIA,6,2.8,3.0,0.8
Tony Bradley,MIL,5,2.2,1.4,0.0
Tony Bradley,MIN,5,7.4,5.2,1.0
Tony Bradley,NOP,4,2.0,2.75,1.0
Tony Bradley,NYK,5,2.6,3.0,0.0
Tony Bradley,OKC,5,0.8,0.4,0.0
Tony Bradley,ORL,6,2.4,3.4,1.0
Tony Bradley,PHI,7,2.0,2.6,0.4
Tony Bradley,PHX,4,4.75,1.5,0.25
Tony Bradley,POR,2,8.0,5.0,0.0
Tony Bradley,SAC,2,2.0,3.5,0.0
Tony Bradley,SAS,3,0.6666666666666666,1.3333333333333333,0.0
Tony Bradley,TOR,5,1.6,2.0,0.2
Tony Bradley,UTA,4,3.0,1.25,0.5
Tony Bradley,WAS,3,7.0,2.3333333333333335,0.6666666666666666
Tony Snell,BKN,1,0.0,0.0,0.0
Tony Snell,BOS,1,0.0,2.0,1.0
Tony Snell,CHA,1,0.0,0.0,0.0
Tony Snell,CHI,2,1.5,2.5,0.0
Tony Snell,CLE,1,0.0,0.0,0.0
Tony Snell,DAL,3,6.333333333333333,2.6666666666666665,1.0
Tony Snell,DEN,4,3.0,1.75,0.25
Tony Snell,DET,1,9.0,4.0,0.0
Tony Snell,GSW,3,2.6666666666666665,0.6666666666666666,1.0
Tony Snell,HOU,2,1.5,1.5,0.5
Tony Snell,IND,1,0.0,1.0,0.0
Tony Snell,LAC,3,3.0,1.3333333333333333,1.0
Tony Snell,LAL,3,5.0,3.0,0.3333333333333333
Tony Snell,MEM,3,5.0,0.3333333333333333,0.3333333333333333
Tony Snell,MIA,1,3.0,4.0,0.0
Tony Snell,MIL,1,9.0,1.0,0.0
Tony Snell,MIN,1,0.0,0.0,2.0
Tony Snell,NOP,1,0.0,3.0,0.0
Tony Snell,OKC,2,7.5,4.5,1.0
Tony Snell,ORL,2,0.0,1.5,0.0
Tony Snell,PHI,2,3.0,1.0,0.0
Tony Snell,PHX,3,5.666666666666667,3.6666666666666665,0.6666666666666666
Tony Snell,POR,1,5.0,2.0,0.0
Tony Snell,SAC,3,2.3333333333333335,0.6666666666666666,0.3333333333333333
Tony Snell,SAS,1,0.0,4.0,2.0
Tony Snell,TOR,2,4.0,1.0,2.0
Tony Snell,UTA,3,7.333333333333333,3.0,0.0
Tony Snell,WAS,1,2.0,5.0,1.0
Torrey Craig,ATL,7,5.0,5.0,2.0
Torrey Craig,BKN,7,3.8,3.2,0.8
Torrey Craig,BOS,7,7.6,2.8,0.8
Torrey Craig,CHA,10,6.8,3.8,1.8
Torrey Craig,CHI,7,7.2,6.8,1.4
Torrey Craig,CLE,6,4.4,4.6,1.0
Torrey Craig,DAL,8,2.4,2.0,1.2
Torrey Craig,DEN,9,4.8,4.6,1.2
Torrey Craig,DET,7,5.2,5.4,1.4
Torrey Craig,GSW,7,7.0,6.4,1.2
Torrey Craig,HOU,7,8.6,6.8,1.6
Torrey Craig,IND,5,6.6,5.4,1.6
Torrey Craig,LAC,10,7.2,4.4,0.2
Torrey Craig,LAL,8,13.2,4.6,1.2
Torrey Craig,MEM,7,7.4,3.4,0.8
Torrey Craig,MIA,11,6.4,2.8,0.4
Torrey Craig,MIL,10,9.2,6.8,1.4
Torrey Craig,MIN,8,5.8,5.6,1.2
Torrey Craig,NOP,9,11.2,5.2,2.4
Torrey Craig,NYK,10,5.2,3.6,0.8
Torrey Craig,OKC,10,5.2,3.6,1.0
Torrey Craig,ORL,11,1.2,2.4,0.6
Torrey Craig,PHI,6,4.8,2.2,0.8
Torrey Craig,PHX,4,4.75,3.25,0.75
Torrey Craig,POR,7,5.4,3.2,2.0
Torrey Craig,SAC,8,5.6,4.8,1.6
Torrey Craig,SAS,5,10.4,5.8,1.2
Torrey Craig,TOR,9,6.2,5.6,1.2
Torrey Craig,UTA,9,4.6,3.2,0.6
Torrey Craig,WAS,7,5.6,6.2,1.8
Tosan Evbuomwan,ATL,2,13.5,6.0,2.0
Tosan Evbuomwan,BKN,1,0.0,1.0,0.0
Tosan Evbuomwan,BOS,3,9.333333333333334,7.333333333333333,1.3333333333333333
Tosan Evbuomwan,CHA,2,10.5,5.0,1.0
Tosan Evbuomwan,CHI,1,0.0,0.0,0.0
Tosan Evbuomwan,DEN,1,10.0,2.0,1.0
Tosan Evbuomwan,DET,1,13.0,7.0,1.0
Tosan Evbuomwan,GSW,1,3.0,1.0,1.0
Tosan Evbuomwan,HOU,2,10.5,3.0,4.0
Tosan Evbuomwan,IND,2,9.5,5.0,0.5
Tosan Evbuomwan,LAC,2,5.5,3.0,2.5
Tosan Evbuomwan,LAL,1,15.0,6.0,2.0
Tosan Evbuomwan,MEM,2,9.0,3.5,2.5
Tosan Evbuomwan,MIA,3,2.3333333333333335,1.3333333333333333,1.0
Tosan Evbuomwan,MIN,4,5.75,3.75,1.5
Tosan Evbuomwan,NOP,2,10.0,5.5,1.5
Tosan Evbuomwan,NYK,5,3.2,2.6,1.6
Tosan Evbuomwan,OKC,2,9.0,3.5,1.0
Tosan Evbuomwan,ORL,1,0.0,0.0,0.0
Tosan Evbuomwan,PHI,2,2.5,1.5,1.5
Tosan Evbuomwan,PHX,2,5.5,2.5,1.0
Tosan Evbuomwan,POR,1,10.0,4.0,1.0
Tosan Evbuomwan,SAC,1,15.0,8.0,2.0
Tosan Evbuomwan,TOR,3,4.0,2.6666666666666665,1.0
Tosan Evbuomwan,UTA,1,22.0,5.0,1.0
Tosan Evbuomwan,WAS,2,11.5,4.5,1.5
Toumani Camara,ATL,6,11.6,3.2,2.2
Toumani Camara,BKN,6,20.2,4.4,2.4
Toumani Camara,BOS,5,15.4,4.8,2.2
Toumani Camara,CHA,5,10.8,6.0,2.6
Toumani Camara,CHI,5,6.4,3.6,1.4
Toumani Camara,CLE,6,14.0,4.2,1.8
Toumani Camara,DAL,10,8.8,6.6,1.8
Toumani Camara,DEN,12,17.2,3.8,2.0
Toumani Camara,DET,6,7.4,4.4,2.2
Toumani Camara,GSW,10,12.4,5.0,2.2
Toumani Camara,HOU,10,17.6,4.4,2.0
Toumani Camara,IND,6,9.8,5.6,1.4
Toumani Camara,LAC,11,9.4,2.8,1.8
Toumani Camara,LAL,10,12.0,5.2,2.6
Toumani Camara,MEM,11,12.0,5.2,2.2
Toumani Camara,MIA,4,13.0,8.75,3.0
Toumani Camara,MIL,6,10.0,6.2,2.4
Toumani Camara,MIN,11,8.8,6.2,2.4
Toumani Camara,NOP,10,16.0,4.0,4.0
Toumani Camara,NYK,6,9.6,4.8,3.0
Toumani Camara,OKC,11,10.4,7.2,3.0
Toumani Camara,ORL,5,8.6,5.2,3.0
Toumani Camara,PHI,6,13.2,5.4,2.2
Toumani Camara,PHX,10,13.2,7.6,2.0
Toumani Camara,SAC,10,14.0,5.0,2.4
Toumani Camara,SAS,10,14.2,6.8,2.8
Toumani Camara,TOR,6,15.6,6.2,2.6
Toumani Camara,UTA,12,13.4,5.2,3.2
Toumani Camara,WAS,4,13.5,6.0,1.75
Trae Young,BKN,12,23.6,2.8,9.2
Trae Young,BOS,11,18.8,3.0,8.0
Trae Young,CHA,16,25.2,4.4,9.0
Trae Young,CHI,15,26.0,1.6,13.4
Trae Young,CLE,13,21.2,2.6,11.6
Trae Young,DAL,7,23.0,2.8,12.6
Trae Young,DEN,5,25.6,3.4,9.4
Trae Young,DET,12,30.2,2.0,11.8
Trae Young,GSW,8,23.6,3.2,8.8
Trae Young,HOU,8,26.4,2.6,9.6
Trae Young,IND,14,23.4,3.2,11.8
Trae Young,LAC,7,24.6,3.4,10.2
Trae Young,LAL,7,30.2,2.8,11.8
Trae Young,MEM,4,25.25,2.5,12.0
Trae Young,MIA,15,19.6,2.0,11.0
Trae Young,MIL,12,24.6,3.8,11.2
Trae Young,MIN,7,28.4,2.6,7.4
Trae Young,NOP,8,18.0,4.8,12.6
Trae Young,NYK,15,22.4,2.0,11.0
Trae Young,OKC,9,20.8,3.2,10.4
Trae Young,ORL,15,25.0,2.6,7.2
Trae Young,PHI,11,30.2,1.6,11.8
Trae Young,PHX,7,30.4,2.8,10.2
Trae Young,POR,5,36.6,5.2,12.0
Trae Young,SAC,6,22.4,2.4,10.6
Trae Young,SAS,8,29.0,3.2,12.2
Trae Young,TOR,14,20.2,2.2,7.8
Trae Young,UTA,7,21.6,3.4,11.2
Trae Young,WAS,16,24.6,3.6,12.2
Trayce Jackson-Davis,ATL,5,6.4,5.4,1.2
Trayce Jackson-Davis,BKN,3,7.666666666666667,4.333333333333333,0.6666666666666666
Trayce Jackson-Davis,BOS,5,6.2,5.6,1.6
Trayce Jackson-Davis,CHA,5,4.4,3.2,0.6
Trayce Jackson-Davis,CHI,6,4.0,2.8,1.4
Trayce Jackson-Davis,CLE,5,6.6,6.2,1.6
Trayce Jackson-Davis,DAL,7,7.0,7.6,1.4
Trayce Jackson-Davis,DEN,7,5.2,3.4,1.6
Trayce Jackson-Davis,DET,5,5.0,4.4,1.0
Trayce Jackson-Davis,HOU,6,8.0,2.0,2.0
Trayce Jackson-Davis,IND,6,9.0,7.6,1.4
Trayce Jackson-Davis,LAC,7,5.0,2.8,0.8
Trayce Jackson-Davis,LAL,7,6.4,5.0,1.8
Trayce Jackson-Davis,MEM,8,6.6,5.0,2.0
Trayce Jackson-Davis,MIA,6,7.6,4.2,0.0
Trayce Jackson-Davis,MIL,5,6.0,2.0,0.2
Trayce Jackson-Davis,MIN,10,4.6,6.0,1.0
Trayce Jackson-Davis,NOP,8,5.8,4.8,2.0
Trayce Jackson-Davis,NYK,3,8.333333333333334,3.3333333333333335,1.0
Trayce Jackson-Davis,OKC,5,3.4,3.4,0.8
Trayce Jackson-Davis,ORL,4,6.5,5.75,1.75
Trayce Jackson-Davis,PHI,5,2.2,2.2,1.0
Trayce Jackson-Davis,PHX,11,5.2,4.4,1.6
Trayce Jackson-Davis,POR,9,2.6,1.6,1.2
Trayce Jackson-Davis,SAC,8,3.4,2.6,0.8
Trayce Jackson-Davis,SAS,8,5.4,4.4,1.6
Trayce Jackson-Davis,TOR,4,7.0,5.25,1.5
Trayce Jackson-Davis,UTA,10,4.0,3.0,0.6
Trayce Jackson-Davis,WAS,5,6.6,7.6,1.4
Trayvon Palmer,NYK,1,0.0,2.0,0.0
Tre Johnson,ATL,2,11.0,3.0,1.5
Tre Johnson,BKN,2,9.0,2.5,1.0
Tre Johnson,BOS,2,7.0,1.0,1.5
Tre Johnson,CHA,4,16.25,2.0,3.25
Tre Johnson,CLE,3,10.666666666666666,2.3333333333333335,1.3333333333333333
Tre Johnson,DAL,2,13.0,6.0,1.0
Tre Johnson,DEN,2,11.5,2.5,2.0
Tre Johnson,DET,3,11.0,3.0,2.0
Tre Johnson,GSW,2,12.0,1.0,1.0
Tre Johnson,HOU,2,8.5,2.5,2.0
Tre Johnson,IND,3,12.666666666666666,3.0,1.6666666666666667
Tre Johnson,LAC,2,12.5,1.5,4.0
Tre Johnson,LAL,1,11.0,6.0,2.0
Tre Johnson,MEM,2,13.0,1.5,3.0
Tre Johnson,MIA,2,14.0,2.5,3.0
Tre Johnson,MIL,3,12.666666666666666,2.3333333333333335,2.0
Tre Johnson,MIN,2,11.5,2.0,1.5
Tre Johnson,NOP,2,16.0,2.5,1.5
Tre Johnson,NYK,1,10.0,4.0,1.0
Tre Johnson,OKC,1,10.0,3.0,2.0
Tre Johnson,ORL,4,6.25,2.5,1.75
Tre Johnson,PHI,3,12.666666666666666,3.6666666666666665,3.0
Tre Johnson,PHX,2,21.5,3.0,2.5
Tre Johnson,POR,1,18.0,4.0,2.0
Tre Johnson,SAC,1,18.0,2.0,4.0
Tre Johnson,SAS,2,13.5,6.5,1.5
Tre Johnson,TOR,3,11.333333333333334,2.0,1.6666666666666667
Tre Johnson,UTA,1,15.0,8.0,2.0
Tre Jones,ATL,10,8.0,2.8,6.0
Tre Jones,BKN,9,10.4,3.4,6.8
Tre Jones,BOS,7,11.2,4.6,5.2
Tre Jones,CHA,9,10.2,1.8,4.4
Tre Jones,CHI,7,14.0,4.6,5.0
Tre Jones,CLE,8,14.6,4.0,6.2
Tre Jones,DAL,15,9.4,2.6,4.6
Tre Jones,DEN,13,8.6,5.8,7.6
Tre Jones,DET,11,10.2,2.8,6.6
Tre Jones,GSW,12,8.4,4.4,4.8
Tre Jones,HOU,13,19.2,3.2,5.8
Tre Jones,IND,12,11.4,1.4,3.6
Tre Jones,LAC,14,12.6,3.2,3.6
Tre Jones,LAL,11,7.6,2.2,4.4
Tre Jones,MEM,16,10.4,4.8,4.0
Tre Jones,MIA,9,9.6,3.0,4.0
Tre Jones,MIL,10,9.6,2.2,5.6
Tre Jones,MIN,14,9.6,3.8,6.0
Tre Jones,NOP,15,14.0,3.0,7.8
Tre Jones,NYK,11,9.8,2.2,3.8
Tre Jones,OKC,10,13.8,4.4,5.4
Tre Jones,ORL,10,16.4,3.0,4.8
Tre Jones,PHI,8,8.8,3.6,3.8
Tre Jones,PHX,14,13.6,3.8,5.4
Tre Jones,POR,13,10.8,4.0,5.8
Tre Jones,SAC,13,9.4,2.4,6.0
Tre Jones,SAS,2,21.5,4.5,5.0
Tre Jones,TOR,8,8.2,2.8,5.8
Tre Jones,UTA,12,8.2,2.8,7.8
Tre Jones,WAS,9,16.6,4.0,6.6
Tre Mann,ATL,9,8.8,1.6,2.8
Tre Mann,BKN,6,8.0,3.6,3.6
Tre Mann,BOS,8,10.8,1.6,3.2
Tre Mann,CHA,4,10.75,2.5,2.5
Tre Mann,CHI,7,4.0,1.8,1.0
Tre Mann,CLE,9,11.2,3.6,4.8
Tre Mann,DAL,8,5.2,2.4,2.4
Tre Mann,DEN,10,5.8,2.8,0.8
Tre Mann,DET,9,3.8,2.6,1.4
Tre Mann,GSW,8,8.0,2.0,1.8
Tre Mann,HOU,12,9.6,3.4,1.6
Tre Mann,IND,7,7.2,3.6,2.8
Tre Mann,LAC,7,7.4,1.6,2.4
Tre Mann,LAL,6,5.8,1.6,1.8
Tre Mann,MEM,11,4.4,1.8,2.2
Tre Mann,MIA,8,9.6,3.4,3.4
Tre Mann,MIL,9,8.4,3.8,2.8
Tre Mann,MIN,10,6.4,1.6,2.8
Tre Mann,NOP,5,10.2,1.8,1.4
Tre Mann,NYK,6,4.2,0.8,1.2
Tre Mann,OKC,3,9.333333333333334,2.3333333333333335,2.3333333333333335
Tre Mann,ORL,10,6.0,2.4,2.8
Tre Mann,PHI,9,8.6,3.2,3.4
Tre Mann,PHX,8,5.6,1.6,2.2
Tre Mann,POR,9,7.0,3.4,2.4
Tre Mann,SAC,7,5.8,1.8,2.4
Tre Mann,SAS,6,14.2,3.8,2.6
Tre Mann,TOR,8,9.8,1.8,2.0
Tre Mann,UTA,9,10.0,2.6,1.0
Tre Mann,WAS,6,5.6,2.0,1.6
Tremont Waters,CHI,1,2.0,0.0,0.0
Tremont Waters,CLE,1,8.0,3.0,6.0
Tremont Waters,PHI,1,0.0,1.0,1.0
Trendon Watford,ATL,10,7.4,2.0,2.0
Trendon Watford,BKN,5,8.8,5.2,2.4
Trendon Watford,BOS,11,7.4,0.8,1.6
Trendon Watford,CHA,10,9.4,3.2,1.8
Trendon Watford,CHI,9,8.4,3.8,2.2
Trendon Watford,CLE,12,6.2,3.4,4.0
Trendon Watford,DAL,8,4.4,1.8,1.0
Trendon Watford,DEN,8,5.6,2.6,2.6
Trendon Watford,DET,11,5.4,1.8,1.4
Trendon Watford,GSW,9,8.0,4.0,2.2
Trendon Watford,HOU,9,6.2,4.2,1.8
Trendon Watford,IND,10,12.8,3.6,1.0
Trendon Watford,LAC,8,5.6,3.0,2.6
Trendon Watford,LAL,7,7.8,5.0,1.6
Trendon Watford,MEM,6,4.4,2.4,0.8
Trendon Watford,MIA,10,8.0,4.4,2.8
Trendon Watford,MIL,10,2.2,2.6,1.8
Trendon Watford,MIN,10,9.2,4.0,3.0
Trendon Watford,NOP,8,8.2,3.6,2.6
Trendon Watford,NYK,11,9.8,5.6,2.8
Trendon Watford,OKC,9,6.0,3.0,2.2
Trendon Watford,ORL,9,10.8,3.0,0.6
Trendon Watford,PHI,7,11.2,3.6,3.0
Trendon Watford,PHX,7,6.6,2.0,1.8
Trendon Watford,POR,5,6.0,1.4,2.0
Trendon Watford,SAC,7,7.4,4.2,1.6
Trendon Watford,SAS,9,9.8,4.0,2.2
Trendon Watford,TOR,13,8.4,5.4,3.2
Trendon Watford,UTA,10,11.0,5.8,2.6
Trendon Watford,WAS,12,4.4,2.8,2.0
Trent Forrest,ATL,2,0.0,0.5,0.5
Trent Forrest,BKN,7,2.6,1.2,1.4
Trent Forrest,BOS,6,0.8,1.0,2.2
Trent Forrest,CHA,6,3.2,1.6,4.6
Trent Forrest,CHI,4,2.25,1.75,0.75
Trent Forrest,CLE,5,1.2,1.6,0.2
Trent Forrest,DAL,3,4.666666666666667,3.3333333333333335,1.6666666666666667
Trent Forrest,DEN,4,5.0,2.25,2.25
Trent Forrest,DET,4,2.5,0.75,2.0
Trent Forrest,GSW,3,6.666666666666667,2.0,3.6666666666666665
Trent Forrest,HOU,4,1.5,1.5,1.0
Trent Forrest,IND,5,2.4,1.0,2.0
Trent Forrest,LAC,3,1.3333333333333333,1.0,2.0
Trent Forrest,LAL,3,3.0,2.0,3.0
Trent Forrest,MEM,4,2.0,1.75,1.25
Trent Forrest,MIA,2,2.5,0.5,2.5
Trent Forrest,MIL,3,0.6666666666666666,0.3333333333333333,0.6666666666666666
Trent Forrest,MIN,3,2.0,1.3333333333333333,2.0
Trent Forrest,NOP,5,2.2,1.0,0.6
Trent Forrest,NYK,2,4.5,3.0,2.5
Trent Forrest,OKC,4,4.0,1.5,2.75
Trent Forrest,ORL,4,4.75,2.0,1.75
Trent Forrest,PHI,6,2.8,1.8,2.0
Trent Forrest,PHX,5,5.0,1.8,2.0
Trent Forrest,POR,6,4.4,1.0,3.4
Trent Forrest,SAC,3,1.3333333333333333,1.0,1.0
Trent Forrest,SAS,4,1.75,2.25,1.0
Trent Forrest,TOR,5,2.0,2.4,3.4
Trent Forrest,UTA,1,0.0,2.0,4.0
Trent Forrest,WAS,5,2.0,1.4,1.4
Trentyn Flowers,BKN,1,0.0,0.0,1.0
Trentyn Flowers,CHI,1,0.0,0.0,0.0
Trentyn Flowers,DAL,1,0.0,0.0,0.0
Trentyn Flowers,GSW,1,4.0,1.0,0.0
Trentyn Flowers,HOU,1,0.0,0.0,0.0
Trentyn Flowers,MIN,1,9.0,4.0,0.0
Trentyn Flowers,NOP,1,2.0,0.0,0.0
Trentyn Flowers,SAS,1,0.0,0.0,0.0
Trevelin Queen,ATL,1,2.0,1.0,0.0
Trevelin Queen,BKN,1,0.0,1.0,0.0
Trevelin Queen,BOS,3,9.0,2.3333333333333335,1.3333333333333333
Trevelin Queen,CHA,3,7.333333333333333,2.6666666666666665,0.3333333333333333
Trevelin Queen,CHI,2,1.0,1.0,1.0
Trevelin Queen,CLE,2,6.0,0.5,2.5
Trevelin Queen,DAL,1,3.0,1.0,0.0
Trevelin Queen,DEN,6,5.2,2.6,1.4
Trevelin Queen,DET,2,0.0,0.0,0.0
Trevelin Queen,GSW,1,0.0,2.0,1.0
Trevelin Queen,HOU,2,2.0,2.0,0.0
Trevelin Queen,IND,1,25.0,5.0,4.0
Trevelin Queen,MEM,3,1.6666666666666667,0.6666666666666666,0.6666666666666666
Trevelin Queen,MIA,6,3.0,1.4,1.0
Trevelin Queen,MIL,3,5.0,0.6666666666666666,1.0
Trevelin Queen,MIN,2,7.0,3.5,2.0
Trevelin Queen,NOP,1,0.0,0.0,0.0
Trevelin Queen,NYK,4,2.25,0.75,0.75
Trevelin Queen,OKC,2,10.0,6.5,1.0
Trevelin Queen,ORL,1,0.0,1.0,0.0
Trevelin Queen,PHI,4,2.25,1.5,1.0
Trevelin Queen,PHX,1,0.0,0.0,0.0
Trevelin Queen,POR,3,1.0,1.0,0.6666666666666666
Trevelin Queen,SAC,3,3.3333333333333335,1.6666666666666667,2.3333333333333335
Trevelin Queen,TOR,2,5.0,2.5,1.5
Trevelin Queen,UTA,1,11.0,3.0,6.0
Trevelin Queen,WAS,1,2.0,0.0,0.0
Trevon Scott,ATL,1,6.0,2.0,1.0
Trevon Scott,BOS,1,0.0,0.0,0.0
Trevon Scott,IND,1,11.0,8.0,1.0
Trevon Scott,MIL,2,9.5,5.0,2.0
Trevon Scott,TOR,2,7.0,2.5,0.5
Trevon Scott,WAS,1,4.0,8.0,3.0
Trevor Ariza,ATL,1,0.0,2.0,1.0
Trevor Ariza,CHA,1,3.0,1.0,2.0
Trevor Ariza,CHI,1,3.0,1.0,2.0
Trevor Ariza,DAL,1,6.0,6.0,4.0
Trevor Ariza,DEN,1,9.0,3.0,3.0
Trevor Ariza,GSW,1,0.0,4.0,0.0
Trevor Ariza,IND,1,0.0,2.0,0.0
Trevor Ariza,LAC,2,3.5,2.5,0.0
Trevor Ariza,MEM,1,3.0,5.0,2.0
Trevor Ariza,MIA,1,0.0,5.0,0.0
Trevor Ariza,MIL,1,7.0,1.0,2.0
Trevor Ariza,MIN,1,3.0,2.0,0.0
Trevor Ariza,NOP,1,3.0,0.0,0.0
Trevor Ariza,NYK,1,11.0,8.0,3.0
Trevor Ariza,ORL,1,5.0,3.0,2.0
Trevor Ariza,PHX,1,12.0,5.0,0.0
Trevor Ariza,POR,2,4.5,4.5,1.5
Trevor Ariza,SAC,2,1.0,4.0,1.5
Trevor Ariza,UTA,3,4.333333333333333,4.0,0.0
Trevor Hudgins,GSW,1,0.0,0.0,0.0
Trevor Hudgins,MIL,1,3.0,0.0,0.0
Trevor Hudgins,OKC,2,3.0,0.0,1.5
Trevor Hudgins,PHI,1,0.0,0.0,0.0
Trevor Keels,ATL,1,2.0,0.0,0.0
Trevor Keels,BKN,2,1.5,0.5,0.0
Trevor Keels,DET,2,0.0,1.0,0.0
Trevor Keels,HOU,1,0.0,0.0,0.0
Trevor Keels,MEM,1,0.0,1.0,0.0
Trevor Keels,TOR,2,3.0,0.0,0.0
Trevor Keels,WAS,2,0.0,0.0,0.0
Trey Alexander,ATL,1,2.0,0.0,0.0
Trey Alexander,BOS,2,5.0,1.0,0.5
Trey Alexander,DAL,2,0.0,0.5,0.0
Trey Alexander,GSW,1,0.0,0.0,0.0
Trey Alexander,HOU,2,2.5,1.0,0.5
Trey Alexander,LAC,1,0.0,1.0,2.0
Trey Alexander,LAL,2,5.0,1.0,1.5
Trey Alexander,MEM,2,0.0,0.0,0.5
Trey Alexander,MIA,1,0.0,0.0,1.0
Trey Alexander,MIN,4,6.0,0.75,0.75
Trey Alexander,NOP,1,0.0,0.0,0.0
Trey Alexander,NYK,1,2.0,0.0,1.0
Trey Alexander,OKC,2,0.0,0.5,0.0
Trey Alexander,ORL,2,3.5,1.0,0.0
Trey Alexander,PHX,2,0.0,0.5,1.0
Trey Alexander,POR,1,4.0,4.0,0.0
Trey Alexander,SAS,1,7.0,2.0,1.0
Trey Alexander,UTA,4,2.0,0.5,1.0
Trey Alexander,WAS,1,0.0,0.0,0.0
Trey Burke,ATL,2,6.0,1.5,1.5
Trey Burke,BOS,1,2.0,0.0,1.0
Trey Burke,CHA,2,13.5,2.0,3.5
Trey Burke,CHI,1,0.0,0.0,0.0
Trey Burke,CLE,1,6.0,0.0,3.0
Trey Burke,DEN,1,11.0,1.0,1.0
Trey Burke,DET,2,9.0,1.5,0.5
Trey Burke,GSW,1,4.0,0.0,1.0
Trey Burke,HOU,3,7.333333333333333,0.6666666666666666,1.0
Trey Burke,IND,1,3.0,0.0,0.0
Trey Burke,LAC,4,2.75,0.5,0.5
Trey Burke,LAL,1,12.0,4.0,2.0
Trey Burke,MEM,3,2.6666666666666665,0.3333333333333333,1.0
Trey Burke,MIN,2,6.0,2.0,4.0
Trey Burke,NOP,2,5.5,1.0,1.5
Trey Burke,NYK,1,4.0,1.0,1.0
Trey Burke,OKC,2,5.0,0.5,2.5
Trey Burke,ORL,2,0.0,0.0,0.0
Trey Burke,PHI,2,1.0,0.0,0.5
Trey Burke,PHX,2,9.0,1.0,1.0
Trey Burke,POR,2,2.0,0.5,0.5
Trey Burke,SAC,1,0.0,0.0,0.0
Trey Burke,SAS,1,3.0,1.0,4.0
Trey Burke,UTA,1,0.0,0.0,1.0
Trey Burke,WAS,1,14.0,1.0,4.0
Trey Jemison III,ATL,3,1.6666666666666667,2.0,0.0
Trey Jemison III,BKN,5,2.8,3.6,0.2
Trey Jemison III,BOS,3,2.0,2.0,0.0
Trey Jemison III,CHA,4,4.75,3.0,1.25
Trey Jemison III,CHI,1,0.0,2.0,0.0
Trey Jemison III,CLE,4,2.25,4.0,1.0
Trey Jemison III,DAL,2,1.0,0.5,0.5
Trey Jemison III,DEN,4,5.5,5.0,1.25
Trey Jemison III,DET,2,9.5,6.5,0.5
Trey Jemison III,GSW,3,2.6666666666666665,3.3333333333333335,0.6666666666666666
Trey Jemison III,HOU,2,2.5,4.5,1.5
Trey Jemison III,IND,2,6.5,3.0,1.0
Trey Jemison III,LAC,3,3.3333333333333335,4.0,0.0
Trey Jemison III,LAL,3,4.666666666666667,3.0,0.0
Trey Jemison III,MIL,4,5.25,4.0,0.75
Trey Jemison III,MIN,1,0.0,0.0,0.0
Trey Jemison III,NOP,4,3.0,3.0,0.75
Trey Jemison III,NYK,4,4.75,3.75,0.5
Trey Jemison III,OKC,3,3.3333333333333335,4.333333333333333,1.3333333333333333
Trey Jemison III,ORL,2,0.0,1.5,0.0
Trey Jemison III,PHI,1,5.0,7.0,2.0
Trey Jemison III,POR,4,4.0,4.75,0.75
Trey Jemison III,SAC,2,0.5,2.5,1.0
Trey Jemison III,SAS,2,7.0,5.0,1.0
Trey Jemison III,TOR,2,2.0,0.5,0.5
Trey Jemison III,UTA,2,1.0,0.5,0.0
Trey Jemison III,WAS,4,7.25,3.75,0.5
Trey Lyles,ATL,7,9.6,6.6,1.6
Trey Lyles,BKN,10,9.2,6.6,0.8
Trey Lyles,BOS,8,4.2,5.4,1.2
Trey Lyles,CHA,7,7.4,3.2,1.2
Trey Lyles,CHI,9,12.4,6.6,2.0
Trey Lyles,CLE,7,9.6,4.4,1.8
Trey Lyles,DAL,9,7.0,4.6,1.8
Trey Lyles,DEN,15,9.0,6.6,1.6
Trey Lyles,DET,5,11.0,4.8,1.0
Trey Lyles,GSW,13,6.6,3.6,0.8
Trey Lyles,HOU,11,5.8,3.2,0.8
Trey Lyles,IND,8,6.2,2.6,0.8
Trey Lyles,LAC,13,5.8,4.4,1.2
Trey Lyles,LAL,10,6.2,4.8,0.4
Trey Lyles,MEM,8,13.4,5.2,0.4
Trey Lyles,MIA,10,4.8,3.6,0.8
Trey Lyles,MIL,10,5.4,4.8,1.8
Trey Lyles,MIN,12,5.6,5.8,2.0
Trey Lyles,NOP,13,5.0,2.0,2.4
Trey Lyles,NYK,7,8.6,3.4,0.4
Trey Lyles,OKC,10,2.2,4.4,0.6
Trey Lyles,ORL,9,10.2,3.6,1.0
Trey Lyles,PHI,7,5.0,4.4,0.8
Trey Lyles,PHX,14,7.0,3.4,1.0
Trey Lyles,POR,10,2.6,2.6,1.2
Trey Lyles,SAC,2,6.0,3.5,0.0
Trey Lyles,SAS,9,6.0,3.6,1.6
Trey Lyles,TOR,7,5.6,3.2,1.8
Trey Lyles,UTA,11,8.0,4.8,1.2
Trey Lyles,WAS,5,4.6,4.2,0.6
Trey Murphy III,ATL,7,15.8,4.2,3.0
Trey Murphy III,BKN,8,18.0,5.6,2.6
Trey Murphy III,BOS,7,20.6,5.8,3.0
Trey Murphy III,CHA,9,19.0,3.8,3.0
Trey Murphy III,CHI,9,19.2,7.2,3.4
Trey Murphy III,CLE,7,16.0,3.6,2.2
Trey Murphy III,DAL,16,16.8,6.0,4.4
Trey Murphy III,DEN,13,25.4,4.4,3.4
Trey Murphy III,DET,7,12.8,3.8,2.2
Trey Murphy III,GSW,9,21.0,5.4,3.4
Trey Murphy III,HOU,18,20.2,4.4,3.0
Trey Murphy III,IND,8,21.4,5.8,3.2
Trey Murphy III,LAC,16,20.8,4.6,3.8
Trey Murphy III,LAL,14,25.6,5.8,2.8
Trey Murphy III,MEM,17,18.4,4.0,3.2
Trey Murphy III,MIA,8,19.8,6.0,3.8
Trey Murphy III,MIL,6,18.0,4.8,2.6
Trey Murphy III,MIN,10,22.0,7.0,3.6
Trey Murphy III,NYK,8,20.0,5.8,2.4
Trey Murphy III,OKC,15,17.2,5.0,3.0
Trey Murphy III,ORL,8,16.0,5.0,2.6
Trey Murphy III,PHI,5,10.2,4.0,1.4
Trey Murphy III,PHX,17,19.2,4.8,4.0
Trey Murphy III,POR,13,23.2,6.6,3.8
Trey Murphy III,SAC,17,18.4,5.2,6.2
Trey Murphy III,SAS,18,26.8,6.8,4.8
Trey Murphy III,TOR,7,19.0,5.6,1.4
Trey Murphy III,UTA,10,16.6,4.4,3.4
Trey Murphy III,WAS,10,22.2,6.2,3.6
Tristan Enaruna,ATL,1,7.0,1.0,1.0
Tristan Enaruna,BKN,1,2.0,1.0,0.0
Tristan Enaruna,DAL,1,2.0,1.0,0.0
Tristan Enaruna,LAC,1,2.0,3.0,1.0
Tristan Enaruna,MEM,1,2.0,1.0,0.0
Tristan Enaruna,PHI,1,3.0,1.0,1.0
Tristan Enaruna,POR,1,2.0,2.0,1.0
Tristan Enaruna,WAS,2,8.5,2.0,1.5
Tristan Thompson,ATL,6,6.2,4.8,0.8
Tristan Thompson,BKN,3,0.6666666666666666,2.0,0.0
Tristan Thompson,BOS,3,4.666666666666667,4.0,0.6666666666666666
Tristan Thompson,CHA,7,3.0,1.6,0.4
Tristan Thompson,CHI,4,3.0,2.5,0.75
Tristan Thompson,CLE,4,3.25,4.5,0.75
Tristan Thompson,DAL,4,3.75,4.25,1.5
Tristan Thompson,DEN,3,3.3333333333333335,3.3333333333333335,0.3333333333333333
Tristan Thompson,DET,6,1.4,1.4,0.2
Tristan Thompson,GSW,6,3.0,3.2,0.2
Tristan Thompson,HOU,4,2.25,3.25,1.25
Tristan Thompson,IND,6,3.2,7.4,0.6
Tristan Thompson,LAC,3,7.666666666666667,5.333333333333333,0.6666666666666666
Tristan Thompson,LAL,3,5.666666666666667,3.0,1.0
Tristan Thompson,MEM,5,5.2,4.0,1.2
Tristan Thompson,MIA,8,3.4,3.0,0.4
Tristan Thompson,MIL,8,3.2,6.0,0.8
Tristan Thompson,MIN,5,4.8,5.8,0.4
Tristan Thompson,NOP,4,4.5,5.0,1.75
Tristan Thompson,NYK,4,3.0,4.25,0.25
Tristan Thompson,OKC,3,3.6666666666666665,6.333333333333333,1.3333333333333333
Tristan Thompson,ORL,7,4.0,4.4,0.8
Tristan Thompson,PHI,6,3.2,3.8,1.2
Tristan Thompson,PHX,3,4.0,5.0,1.3333333333333333
Tristan Thompson,POR,4,2.75,4.25,0.25
Tristan Thompson,SAC,2,1.0,3.0,0.0
Tristan Thompson,SAS,4,5.0,5.25,1.0
Tristan Thompson,TOR,7,2.8,2.6,1.4
Tristan Thompson,UTA,5,4.2,3.2,1.2
Tristan Thompson,WAS,9,2.8,2.6,0.8
Tristan Vukcevic,ATL,5,9.8,4.8,1.6
Tristan Vukcevic,BKN,6,8.4,4.0,0.6
Tristan Vukcevic,BOS,3,12.333333333333334,2.6666666666666665,1.0
Tristan Vukcevic,CHA,2,3.0,1.0,0.0
Tristan Vukcevic,CHI,5,11.2,3.2,1.0
Tristan Vukcevic,CLE,3,8.333333333333334,3.0,1.6666666666666667
Tristan Vukcevic,DAL,2,6.0,2.0,0.5
Tristan Vukcevic,DET,4,11.0,3.25,1.25
Tristan Vukcevic,GSW,1,11.0,2.0,1.0
Tristan Vukcevic,HOU,1,3.0,1.0,0.0
Tristan Vukcevic,IND,6,8.2,3.8,1.2
Tristan Vukcevic,LAC,2,5.0,1.0,0.5
Tristan Vukcevic,LAL,4,9.5,2.25,0.75
Tristan Vukcevic,MIA,6,12.4,4.4,1.8
Tristan Vukcevic,MIL,4,8.5,2.5,1.25
Tristan Vukcevic,MIN,2,7.5,3.5,1.5
Tristan Vukcevic,NOP,1,15.0,4.0,2.0
Tristan Vukcevic,NYK,4,5.25,0.25,1.0
Tristan Vukcevic,OKC,3,3.0,2.6666666666666665,0.3333333333333333
Tristan Vukcevic,ORL,5,9.4,4.6,1.2
Tristan Vukcevic,PHI,5,15.2,3.6,1.8
Tristan Vukcevic,PHX,1,4.0,1.0,0.0
Tristan Vukcevic,POR,4,13.0,4.75,1.25
Tristan Vukcevic,SAC,2,8.5,4.0,1.5
Tristan Vukcevic,SAS,3,14.0,5.666666666666667,0.6666666666666666
Tristan Vukcevic,TOR,8,8.6,3.6,1.6
Tristan Vukcevic,UTA,2,12.5,6.0,0.5
Tristan da Silva,ATL,7,13.0,4.2,3.6
Tristan da Silva,BKN,6,12.6,4.8,2.6
Tristan da Silva,BOS,7,9.0,3.4,1.0
Tristan da Silva,CHA,7,6.8,2.2,1.4
Tristan da Silva,CHI,6,4.6,2.6,2.4
Tristan da Silva,CLE,7,9.2,2.6,1.4
Tristan da Silva,DAL,4,11.75,3.5,1.5
Tristan da Silva,DEN,3,12.0,3.6666666666666665,0.6666666666666666
Tristan da Silva,DET,7,11.8,4.0,0.6
Tristan da Silva,GSW,3,6.333333333333333,2.0,1.0
Tristan da Silva,HOU,4,5.75,3.5,1.75
Tristan da Silva,IND,6,9.6,3.8,2.6
Tristan da Silva,LAC,4,10.0,3.25,1.0
Tristan da Silva,LAL,4,9.75,3.25,1.0
Tristan da Silva,MEM,3,6.666666666666667,3.0,1.6666666666666667
Tristan da Silva,MIA,9,10.6,4.6,1.6
Tristan da Silva,MIL,7,3.6,3.6,1.6
Tristan da Silva,MIN,4,9.25,5.25,2.0
Tristan da Silva,NOP,4,7.0,2.0,1.25
Tristan da Silva,NYK,8,4.0,4.0,1.8
Tristan da Silva,OKC,4,10.0,3.0,1.5
Tristan da Silva,PHI,6,3.0,2.6,1.0
Tristan da Silva,PHX,4,6.25,5.5,2.25
Tristan da Silva,POR,3,6.0,3.0,1.0
Tristan da Silva,SAC,4,11.0,2.5,2.0
Tristan da Silva,SAS,3,7.333333333333333,3.6666666666666665,1.3333333333333333
Tristan da Silva,TOR,7,8.0,3.0,0.6
Tristan da Silva,UTA,3,7.666666666666667,5.0,1.3333333333333333
Tristan da Silva,WAS,7,11.6,4.8,1.2
Tristen Newton,BKN,1,0.0,0.0,0.0
Tristen Newton,CLE,1,0.0,3.0,1.0
Tristen Newton,DET,1,0.0,0.0,0.0
Tristen Newton,MEM,2,6.0,1.5,0.5
Tristen Newton,MIL,1,3.0,0.0,0.0
Tristen Newton,OKC,1,0.0,0.0,0.0
Tristen Newton,TOR,1,0.0,0.0,0.0
Tristen Newton,WAS,1,0.0,1.0,0.0
Troy Brown Jr.,ATL,6,5.8,3.6,1.6
Troy Brown Jr.,BKN,6,9.6,6.6,1.8
Troy Brown Jr.,BOS,7,3.2,2.6,0.8
Troy Brown Jr.,CHA,5,7.6,3.4,2.2
Troy Brown Jr.,CHI,3,7.333333333333333,4.666666666666667,1.3333333333333333
Troy Brown Jr.,CLE,5,6.0,4.4,0.4
Troy Brown Jr.,DAL,11,3.6,1.6,1.2
Troy Brown Jr.,DEN,5,4.8,5.0,1.4
Troy Brown Jr.,DET,7,3.4,2.6,1.4
Troy Brown Jr.,GSW,7,4.8,4.0,0.8
Troy Brown Jr.,HOU,5,4.8,1.8,1.0
Troy Brown Jr.,IND,9,4.0,3.4,1.8
Troy Brown Jr.,LAC,5,7.0,3.0,1.2
Troy Brown Jr.,LAL,4,4.0,2.0,0.5
Troy Brown Jr.,MEM,9,8.8,4.6,2.0
Troy Brown Jr.,MIA,7,3.8,2.2,0.6
Troy Brown Jr.,MIL,6,5.8,2.8,0.4
Troy Brown Jr.,MIN,6,8.4,5.6,1.6
Troy Brown Jr.,NOP,10,5.2,3.4,2.0
Troy Brown Jr.,NYK,7,4.4,3.8,1.8
Troy Brown Jr.,OKC,8,8.4,1.2,1.4
Troy Brown Jr.,ORL,9,6.0,2.0,0.8
Troy Brown Jr.,PHI,7,3.6,2.0,0.2
Troy Brown Jr.,PHX,8,5.2,4.6,1.4
Troy Brown Jr.,POR,5,7.2,2.4,1.8
Troy Brown Jr.,SAC,6,4.6,4.0,0.6
Troy Brown Jr.,SAS,8,6.0,3.4,1.4
Troy Brown Jr.,TOR,7,4.2,2.6,0.0
Troy Brown Jr.,UTA,8,5.8,3.4,1.4
Troy Brown Jr.,WAS,5,3.4,2.4,0.6
Ty Jerome,ATL,6,11.0,1.6,3.8
Ty Jerome,BKN,8,4.0,1.4,3.0
Ty Jerome,BOS,7,9.0,2.0,3.2
Ty Jerome,CHA,7,9.6,2.8,4.0
Ty Jerome,CHI,7,10.6,2.4,4.4
Ty Jerome,CLE,3,11.666666666666666,1.3333333333333333,3.6666666666666665
Ty Jerome,DAL,7,8.6,1.8,4.0
Ty Jerome,DEN,6,11.0,2.6,4.8
Ty Jerome,DET,7,16.0,1.8,3.6
Ty Jerome,GSW,6,14.8,2.4,4.4
Ty Jerome,HOU,8,9.2,1.8,1.4
Ty Jerome,IND,3,12.0,2.3333333333333335,3.6666666666666665
Ty Jerome,LAC,5,9.6,1.6,3.2
Ty Jerome,LAL,6,12.6,2.8,3.2
Ty Jerome,MEM,5,15.0,3.0,3.4
Ty Jerome,MIA,7,14.2,3.8,3.8
Ty Jerome,MIL,6,6.2,1.6,2.4
Ty Jerome,MIN,8,16.6,3.4,4.8
Ty Jerome,NOP,8,13.4,3.2,3.8
Ty Jerome,NYK,5,11.2,1.8,2.8
Ty Jerome,OKC,5,7.0,1.8,2.4
Ty Jerome,ORL,5,9.4,2.0,1.8
Ty Jerome,PHI,6,17.4,2.6,4.2
Ty Jerome,PHX,5,10.4,2.4,2.8
Ty Jerome,POR,8,13.8,2.6,4.2
Ty Jerome,SAC,7,14.0,1.6,4.4
Ty Jerome,SAS,2,9.5,1.0,0.0
Ty Jerome,TOR,5,14.0,2.6,4.2
Ty Jerome,UTA,5,9.2,3.0,1.8
Ty Jerome,WAS,7,7.6,2.0,3.2
TyTy Washington Jr.,ATL,1,3.0,0.0,0.0
TyTy Washington Jr.,BKN,1,0.0,1.0,0.0
TyTy Washington Jr.,BOS,3,3.3333333333333335,2.0,1.0
TyTy Washington Jr.,CHA,1,0.0,0.0,1.0
TyTy Washington Jr.,CHI,2,5.5,0.5,1.5
TyTy Washington Jr.,CLE,2,5.0,1.5,3.0
TyTy Washington Jr.,DAL,4,1.75,0.5,0.75
TyTy Washington Jr.,DEN,3,6.333333333333333,1.6666666666666667,2.3333333333333335
TyTy Washington Jr.,DET,1,2.0,0.0,0.0
TyTy Washington Jr.,GSW,2,7.5,1.0,2.5
TyTy Washington Jr.,HOU,3,4.666666666666667,1.6666666666666667,1.3333333333333333
TyTy Washington Jr.,IND,2,1.0,0.0,0.5
TyTy Washington Jr.,LAC,2,1.5,0.0,1.0
TyTy Washington Jr.,MEM,4,1.25,1.5,0.75
TyTy Washington Jr.,MIA,3,2.6666666666666665,3.0,3.6666666666666665
TyTy Washington Jr.,MIL,1,2.0,1.0,3.0
TyTy Washington Jr.,MIN,3,1.0,1.0,1.3333333333333333
TyTy Washington Jr.,NOP,3,0.0,0.3333333333333333,0.0
TyTy Washington Jr.,NYK,3,0.3333333333333333,0.6666666666666666,0.6666666666666666
TyTy Washington Jr.,OKC,6,2.4,0.4,1.0
TyTy Washington Jr.,ORL,2,3.0,0.5,1.0
TyTy Washington Jr.,PHI,1,4.0,2.0,3.0
TyTy Washington Jr.,POR,4,4.0,1.75,1.5
TyTy Washington Jr.,SAC,6,2.0,0.6,0.4
TyTy Washington Jr.,SAS,5,3.2,0.4,0.4
TyTy Washington Jr.,TOR,5,1.2,0.4,1.0
TyTy Washington Jr.,WAS,1,8.0,3.0,0.0
Tyler Burton,ATL,1,20.0,8.0,1.0
Tyler Burton,BOS,1,23.0,5.0,2.0
Tyler Burton,CHA,1,10.0,4.0,1.0
Tyler Burton,CHI,2,13.0,6.5,2.0
Tyler Burton,DAL,1,3.0,1.0,0.0
Tyler Burton,DEN,1,5.0,3.0,0.0
Tyler Burton,DET,1,4.0,5.0,1.0
Tyler Burton,HOU,1,5.0,2.0,1.0
Tyler Burton,NYK,1,10.0,3.0,0.0
Tyler Burton,PHX,1,17.0,4.0,1.0
Tyler Burton,SAS,1,6.0,2.0,1.0
Tyler Cook,ATL,2,6.0,3.5,0.0
Tyler Cook,GSW,1,6.0,2.0,2.0
Tyler Cook,HOU,1,11.0,1.0,0.0
Tyler Cook,IND,3,3.0,3.3333333333333335,0.0
Tyler Cook,LAL,1,2.0,0.0,0.0
Tyler Cook,MIA,1,0.0,0.0,1.0
Tyler Cook,MIL,1,4.0,7.0,0.0
Tyler Cook,MIN,1,3.0,1.0,0.0
Tyler Cook,OKC,2,2.5,3.0,0.0
Tyler Cook,ORL,2,4.0,7.0,0.0
Tyler Cook,PHX,1,0.0,0.0,0.0
Tyler Cook,SAS,1,2.0,1.0,0.0
Tyler Cook,TOR,2,2.5,1.5,0.0
Tyler Cook,WAS,1,0.0,1.0,0.0
Tyler Dorsey,CLE,1,0.0,0.0,0.0
Tyler Dorsey,LAL,1,0.0,0.0,0.0
Tyler Dorsey,MEM,1,9.0,2.0,0.0
Tyler Hall,ATL,1,0.0,0.0,0.0
Tyler Herro,ATL,16,20.0,5.0,5.6
Tyler Herro,BKN,13,20.8,4.8,6.0
Tyler Herro,BOS,15,20.6,4.2,5.8
Tyler Herro,CHA,12,26.0,6.8,4.8
Tyler Herro,CHI,9,21.6,6.0,5.6
Tyler Herro,CLE,10,22.0,5.0,5.2
Tyler Herro,DAL,8,24.6,7.2,2.8
Tyler Herro,DEN,4,20.75,6.25,6.25
Tyler Herro,DET,13,28.2,4.6,3.4
Tyler Herro,GSW,6,13.8,4.6,3.0
Tyler Herro,HOU,10,19.0,4.4,5.2
Tyler Herro,IND,14,25.2,4.0,4.4
Tyler Herro,LAC,8,24.0,6.6,5.0
Tyler Herro,LAL,8,25.8,5.6,4.2
Tyler Herro,MEM,9,16.2,4.6,4.4
Tyler Herro,MIL,13,24.4,4.4,7.6
Tyler Herro,MIN,8,22.4,5.8,3.8
Tyler Herro,NOP,6,21.8,4.6,4.4
Tyler Herro,NYK,10,22.0,3.0,3.8
Tyler Herro,OKC,7,22.6,4.8,4.4
Tyler Herro,ORL,15,20.4,6.0,5.4
Tyler Herro,PHI,14,27.0,4.6,5.2
Tyler Herro,PHX,7,18.8,4.6,5.2
Tyler Herro,POR,3,20.666666666666668,4.666666666666667,4.0
Tyler Herro,SAC,7,25.4,7.2,3.0
Tyler Herro,SAS,8,18.4,5.4,6.2
Tyler Herro,TOR,16,22.2,4.0,4.8
Tyler Herro,UTA,7,22.0,6.4,5.0
Tyler Herro,WAS,9,19.4,5.6,5.2
Tyler Johnson,ATL,1,3.0,4.0,0.0
Tyler Johnson,BKN,1,3.0,1.0,0.0
Tyler Johnson,NYK,1,3.0,3.0,3.0
Tyler Johnson,PHI,1,0.0,2.0,2.0
Tyler Johnson,TOR,1,3.0,0.0,0.0
Tyler Johnson,WAS,1,5.0,2.0,2.0
Tyler Kolek,ATL,3,4.666666666666667,1.0,1.3333333333333333
Tyler Kolek,BKN,6,2.6,1.2,2.4
Tyler Kolek,BOS,4,3.75,0.25,1.75
Tyler Kolek,CHA,5,2.6,0.8,1.6
Tyler Kolek,CHI,4,2.0,0.25,0.5
Tyler Kolek,CLE,4,7.0,1.0,4.0
Tyler Kolek,DAL,2,2.0,0.5,4.5
Tyler Kolek,DEN,3,1.6666666666666667,1.0,4.333333333333333
Tyler Kolek,DET,4,5.25,1.75,1.0
Tyler Kolek,GSW,1,0.0,2.0,5.0
Tyler Kolek,HOU,2,1.5,0.5,0.5
Tyler Kolek,IND,6,3.8,1.2,3.2
Tyler Kolek,LAC,3,0.6666666666666666,1.6666666666666667,4.333333333333333
Tyler Kolek,LAL,2,4.0,1.0,2.5
Tyler Kolek,MEM,2,6.0,1.5,5.0
Tyler Kolek,MIA,3,4.333333333333333,1.6666666666666667,1.3333333333333333
Tyler Kolek,MIL,6,3.6,0.4,2.0
Tyler Kolek,MIN,4,5.0,3.25,2.5
Tyler Kolek,NOP,2,4.5,2.0,3.5
Tyler Kolek,OKC,1,2.0,0.0,1.0
Tyler Kolek,ORL,5,3.2,0.8,1.2
Tyler Kolek,PHI,4,4.5,2.5,3.25
Tyler Kolek,PHX,3,2.3333333333333335,1.3333333333333333,1.0
Tyler Kolek,POR,2,6.5,2.0,3.5
Tyler Kolek,SAC,3,2.3333333333333335,1.6666666666666667,1.6666666666666667
Tyler Kolek,SAS,3,1.6666666666666667,1.0,2.6666666666666665
Tyler Kolek,TOR,6,2.6,0.8,2.8
Tyler Kolek,UTA,4,3.0,1.5,1.75
Tyler Kolek,WAS,6,4.0,1.2,3.0
Tyler Smith,ATL,1,0.0,1.0,0.0
Tyler Smith,BKN,1,2.0,1.0,0.0
Tyler Smith,BOS,1,0.0,1.0,0.0
Tyler Smith,CHA,1,2.0,0.0,0.0
Tyler Smith,CHI,3,7.333333333333333,3.0,0.0
Tyler Smith,CLE,2,0.0,0.5,0.0
Tyler Smith,DAL,1,0.0,1.0,0.0
Tyler Smith,DEN,1,8.0,1.0,0.0
Tyler Smith,DET,2,10.0,3.0,0.5
Tyler Smith,GSW,1,0.0,0.0,0.0
Tyler Smith,IND,1,0.0,0.0,0.0
Tyler Smith,LAC,2,4.0,1.0,0.5
Tyler Smith,LAL,1,0.0,0.0,0.0
Tyler Smith,MEM,1,0.0,0.0,0.0
Tyler Smith,MIA,1,6.0,2.0,0.0
Tyler Smith,MIL,1,5.0,6.0,2.0
Tyler Smith,MIN,1,4.0,8.0,0.0
Tyler Smith,NOP,1,3.0,1.0,0.0
Tyler Smith,NYK,2,6.5,1.0,0.0
Tyler Smith,OKC,2,6.0,3.5,1.5
Tyler Smith,ORL,1,1.0,2.0,0.0
Tyler Smith,PHI,2,2.5,0.5,0.0
Tyler Smith,PHX,1,3.0,0.0,1.0
Tyler Smith,POR,1,0.0,3.0,0.0
Tyler Smith,SAS,1,6.0,2.0,1.0
Tyler Smith,TOR,1,3.0,1.0,0.0
Tyler Smith,UTA,1,0.0,0.0,0.0
Tyrell Terry,SAC,1,2.0,0.0,0.0
Tyrell Terry,SAS,1,0.0,0.0,0.0
Tyrese Haliburton,ATL,10,19.0,4.0,13.8
Tyrese Haliburton,BKN,12,21.4,4.0,9.8
Tyrese Haliburton,BOS,13,17.4,4.2,8.8
Tyrese Haliburton,CHA,11,13.4,3.4,8.6
Tyrese Haliburton,CHI,10,17.2,3.8,10.4
Tyrese Haliburton,CLE,13,15.2,4.6,10.4
Tyrese Haliburton,DAL,7,22.0,4.8,9.8
Tyrese Haliburton,DEN,5,15.6,2.8,11.8
Tyrese Haliburton,DET,12,20.2,4.0,6.8
Tyrese Haliburton,GSW,8,20.2,3.0,10.0
Tyrese Haliburton,HOU,8,22.4,2.8,11.8
Tyrese Haliburton,IND,1,17.0,3.0,1.0
Tyrese Haliburton,LAC,9,19.2,2.8,10.0
Tyrese Haliburton,LAL,10,18.8,3.6,11.4
Tyrese Haliburton,MEM,8,12.0,3.4,9.2
Tyrese Haliburton,MIA,11,19.6,3.2,10.8
Tyrese Haliburton,MIL,11,19.8,3.8,10.6
Tyrese Haliburton,MIN,6,21.0,3.2,13.8
Tyrese Haliburton,NOP,9,16.6,3.0,10.0
Tyrese Haliburton,NYK,9,17.6,3.0,8.8
Tyrese Haliburton,OKC,8,12.4,3.4,9.0
Tyrese Haliburton,ORL,12,18.8,4.4,9.6
Tyrese Haliburton,PHI,13,22.0,4.8,9.4
Tyrese Haliburton,PHX,4,18.25,3.0,7.0
Tyrese Haliburton,POR,9,19.4,3.4,10.8
Tyrese Haliburton,SAC,6,13.0,3.6,7.8
Tyrese Haliburton,SAS,7,20.6,3.2,7.8
Tyrese Haliburton,TOR,12,23.6,3.0,6.6
Tyrese Haliburton,UTA,8,19.0,4.4,9.2
Tyrese Haliburton,WAS,13,22.2,2.2,7.8
Tyrese Martin,ATL,3,11.333333333333334,4.333333333333333,3.0
Tyrese Martin,BOS,7,7.6,1.2,2.6
Tyrese Martin,CHA,6,4.6,2.8,2.4
Tyrese Martin,CHI,5,9.8,2.6,1.4
Tyrese Martin,CLE,5,4.4,2.2,1.2
Tyrese Martin,DAL,4,8.75,3.75,2.75
Tyrese Martin,DEN,2,12.0,5.0,1.0
Tyrese Martin,DET,8,7.8,2.8,1.8
Tyrese Martin,GSW,2,10.0,4.0,2.0
Tyrese Martin,HOU,3,8.0,3.3333333333333335,1.0
Tyrese Martin,IND,5,8.8,3.8,2.4
Tyrese Martin,LAC,3,5.333333333333333,3.0,2.3333333333333335
Tyrese Martin,LAL,2,8.5,1.5,2.0
Tyrese Martin,MEM,3,6.333333333333333,1.0,0.3333333333333333
Tyrese Martin,MIA,4,5.75,4.5,1.75
Tyrese Martin,MIL,7,5.6,2.4,1.6
Tyrese Martin,MIN,3,6.0,1.0,1.6666666666666667
Tyrese Martin,NOP,1,0.0,0.0,0.0
Tyrese Martin,NYK,8,9.0,6.2,1.8
Tyrese Martin,OKC,3,6.666666666666667,3.0,0.6666666666666666
Tyrese Martin,ORL,4,4.0,2.5,1.5
Tyrese Martin,PHI,6,6.2,2.0,1.6
Tyrese Martin,PHX,3,13.666666666666666,4.0,1.6666666666666667
Tyrese Martin,POR,3,3.3333333333333335,2.3333333333333335,1.6666666666666667
Tyrese Martin,SAC,1,8.0,2.0,1.0
Tyrese Martin,SAS,5,5.6,2.6,2.0
Tyrese Martin,TOR,6,7.4,3.6,2.0
Tyrese Martin,UTA,4,6.5,5.25,2.5
Tyrese Martin,WAS,6,12.6,3.2,2.4
Tyrese Maxey,ATL,11,33.6,4.4,6.6
Tyrese Maxey,BKN,14,22.0,4.4,5.6
Tyrese Maxey,BOS,17,27.2,4.6,8.4
Tyrese Maxey,CHA,14,24.6,4.8,7.0
Tyrese Maxey,CHI,16,27.0,5.2,7.6
Tyrese Maxey,CLE,15,23.8,3.6,6.4
Tyrese Maxey,DAL,9,28.8,3.6,7.4
Tyrese Maxey,DEN,8,30.4,3.8,7.8
Tyrese Maxey,DET,15,28.4,3.8,4.8
Tyrese Maxey,GSW,8,16.0,3.0,5.0
Tyrese Maxey,HOU,6,33.6,2.4,7.2
Tyrese Maxey,IND,16,28.6,5.0,5.2
Tyrese Maxey,LAC,9,24.6,4.0,5.0
Tyrese Maxey,LAL,8,31.0,3.0,7.0
Tyrese Maxey,MEM,7,17.6,2.4,5.8
Tyrese Maxey,MIA,14,29.2,5.2,8.4
Tyrese Maxey,MIL,17,29.6,3.6,5.6
Tyrese Maxey,MIN,7,27.6,3.8,6.8
Tyrese Maxey,NOP,8,24.0,3.2,6.4
Tyrese Maxey,NYK,16,30.0,3.8,5.2
Tyrese Maxey,OKC,5,22.2,4.4,3.6
Tyrese Maxey,ORL,14,27.4,2.4,4.0
Tyrese Maxey,PHX,10,23.6,2.8,6.4
Tyrese Maxey,POR,8,19.4,3.2,3.8
Tyrese Maxey,SAC,8,29.4,3.2,5.8
Tyrese Maxey,SAS,8,27.6,6.0,6.6
Tyrese Maxey,TOR,16,26.2,3.8,5.2
Tyrese Maxey,UTA,8,30.8,1.6,4.6
Tyrese Maxey,WAS,15,30.6,3.0,7.8
Tyrese Proctor,ATL,2,9.5,0.5,3.0
Tyrese Proctor,BKN,2,3.0,1.5,0.0
Tyrese Proctor,BOS,2,5.0,0.5,2.0
Tyrese Proctor,CHA,3,1.6666666666666667,0.6666666666666666,0.6666666666666666
Tyrese Proctor,CHI,3,7.333333333333333,3.6666666666666665,1.6666666666666667
Tyrese Proctor,DEN,1,0.0,0.0,0.0
Tyrese Proctor,DET,2,3.5,1.0,1.0
Tyrese Proctor,HOU,2,4.5,0.5,2.0
Tyrese Proctor,IND,3,4.0,1.3333333333333333,0.3333333333333333
Tyrese Proctor,LAC,2,8.5,1.5,2.5
Tyrese Proctor,LAL,2,9.0,1.0,3.5
Tyrese Proctor,MEM,2,5.0,1.0,0.5
Tyrese Proctor,MIA,3,6.0,1.3333333333333333,0.6666666666666666
Tyrese Proctor,MIN,1,2.0,0.0,1.0
Tyrese Proctor,NOP,1,0.0,1.0,2.0
Tyrese Proctor,NYK,2,2.5,0.5,1.5
Tyrese Proctor,OKC,1,3.0,0.0,1.0
Tyrese Proctor,ORL,2,9.0,1.0,2.0
Tyrese Proctor,PHI,3,5.0,1.0,0.3333333333333333
Tyrese Proctor,PHX,2,2.0,0.5,3.0
Tyrese Proctor,POR,1,0.0,0.0,1.0
Tyrese Proctor,SAC,1,3.0,0.0,0.0
Tyrese Proctor,TOR,3,6.333333333333333,1.6666666666666667,1.3333333333333333
Tyrese Proctor,UTA,1,8.0,2.0,1.0
Tyrese Proctor,WAS,3,14.0,4.333333333333333,3.6666666666666665
Tyrone Wallace,ATL,1,4.0,2.0,0.0
Tyrone Wallace,CHA,1,0.0,0.0,0.0
Tyrone Wallace,CHI,1,0.0,1.0,0.0
Tyrone Wallace,HOU,1,7.0,2.0,0.0
Tyrone Wallace,PHX,1,3.0,2.0,0.0
Tyrone Wallace,SAS,1,3.0,1.0,1.0
Tyson Etienne,ATL,2,11.0,2.0,2.0
Tyson Etienne,CHA,1,5.0,0.0,1.0
Tyson Etienne,DET,2,3.5,0.0,1.5
Tyson Etienne,GSW,1,5.0,1.0,3.0
Tyson Etienne,HOU,1,0.0,0.0,0.0
Tyson Etienne,IND,1,14.0,5.0,4.0
Tyson Etienne,LAC,1,8.0,0.0,1.0
Tyson Etienne,MEM,1,3.0,0.0,1.0
Tyson Etienne,MIL,3,12.666666666666666,3.0,1.6666666666666667
Tyson Etienne,MIN,2,4.0,1.5,2.5
Tyson Etienne,NOP,1,11.0,1.0,1.0
Tyson Etienne,NYK,3,1.6666666666666667,0.0,0.3333333333333333
Tyson Etienne,OKC,1,9.0,1.0,0.0
Tyson Etienne,PHI,1,11.0,4.0,2.0
Tyson Etienne,POR,2,16.5,1.5,2.5
Tyson Etienne,SAC,2,11.5,0.0,2.5
Tyson Etienne,TOR,3,10.0,1.6666666666666667,2.0
Tyson Etienne,UTA,1,0.0,0.0,1.0
Tyson Etienne,WAS,2,6.0,0.0,2.0
Tyus Jones,ATL,12,7.2,1.4,4.0
Tyus Jones,BKN,12,4.2,2.0,5.2
Tyus Jones,BOS,10,4.6,1.4,3.8
Tyus Jones,CHA,13,4.6,1.6,2.6
Tyus Jones,CHI,9,1.6,1.0,3.4
Tyus Jones,CLE,11,10.0,2.2,5.8
Tyus Jones,DAL,13,8.8,2.8,7.6
Tyus Jones,DEN,14,8.6,1.6,5.8
Tyus Jones,DET,11,7.6,1.0,5.0
Tyus Jones,GSW,17,4.6,0.8,3.4
Tyus Jones,HOU,14,5.6,2.4,3.4
Tyus Jones,IND,11,5.4,1.4,3.4
Tyus Jones,LAC,13,8.2,2.4,5.6
Tyus Jones,LAL,14,5.2,1.6,3.8
Tyus Jones,MEM,9,4.6,1.6,3.4
Tyus Jones,MIA,13,5.0,1.2,4.4
Tyus Jones,MIL,7,14.8,2.8,4.8
Tyus Jones,MIN,14,9.8,2.8,5.0
Tyus Jones,NOP,14,10.6,2.6,8.0
Tyus Jones,NYK,14,2.4,0.8,2.0
Tyus Jones,OKC,12,7.2,2.0,2.2
Tyus Jones,ORL,10,16.2,3.0,6.4
Tyus Jones,PHI,14,4.4,1.6,1.8
Tyus Jones,PHX,9,11.8,2.4,6.8
Tyus Jones,POR,15,5.0,1.0,2.4
Tyus Jones,SAC,13,14.0,2.0,4.8
Tyus Jones,SAS,18,1.8,1.2,2.6
Tyus Jones,TOR,11,5.6,1.8,2.0
Tyus Jones,UTA,13,9.6,2.8,6.4
Tyus Jones,WAS,7,10.2,2.8,5.2
Udoka Azubuike,ATL,1,0.0,0.0,0.0
Udoka Azubuike,BKN,2,5.0,7.5,0.0
Udoka Azubuike,CHA,2,0.0,0.0,0.0
Udoka Azubuike,CHI,1,2.0,5.0,0.0
Udoka Azubuike,CLE,2,2.0,2.0,0.5
Udoka Azubuike,DAL,2,2.0,1.0,0.0
Udoka Azubuike,DEN,4,6.25,6.0,0.25
Udoka Azubuike,DET,4,0.5,1.5,0.25
Udoka Azubuike,GSW,1,11.0,5.0,0.0
Udoka Azubuike,HOU,3,7.666666666666667,4.0,0.0
Udoka Azubuike,IND,3,2.6666666666666665,3.3333333333333335,0.3333333333333333
Udoka Azubuike,LAC,3,0.0,0.0,0.3333333333333333
Udoka Azubuike,LAL,5,4.0,3.0,0.4
Udoka Azubuike,MEM,2,0.0,2.0,0.0
Udoka Azubuike,MIL,2,4.5,5.0,0.0
Udoka Azubuike,MIN,3,2.3333333333333335,1.6666666666666667,0.0
Udoka Azubuike,NOP,4,2.25,2.25,0.25
Udoka Azubuike,NYK,2,3.5,8.0,0.5
Udoka Azubuike,OKC,1,12.0,7.0,0.0
Udoka Azubuike,ORL,3,4.666666666666667,4.666666666666667,0.0
Udoka Azubuike,PHI,1,2.0,1.0,0.0
Udoka Azubuike,PHX,1,0.0,0.0,0.0
Udoka Azubuike,POR,4,3.75,1.75,0.0
Udoka Azubuike,SAC,3,8.666666666666666,8.333333333333334,1.3333333333333333
Udoka Azubuike,SAS,3,6.0,3.6666666666666665,0.3333333333333333
Udoka Azubuike,TOR,3,2.6666666666666665,3.3333333333333335,0.0
Udoka Azubuike,UTA,2,1.0,1.5,0.0
Udoka Azubuike,WAS,2,1.0,1.0,0.0
Udonis Haslem,BOS,3,0.6666666666666666,1.0,0.3333333333333333
Udonis Haslem,CHI,1,0.0,0.0,0.0
Udonis Haslem,DAL,1,0.0,1.0,0.0
Udonis Haslem,DET,1,7.0,5.0,0.0
Udonis Haslem,HOU,1,0.0,2.0,0.0
Udonis Haslem,IND,2,1.5,1.0,0.0
Udonis Haslem,LAL,1,2.0,0.0,0.0
Udonis Haslem,MEM,1,2.0,1.0,0.0
Udonis Haslem,NOP,1,2.0,3.0,1.0
Udonis Haslem,NYK,1,0.0,2.0,0.0
Udonis Haslem,OKC,1,2.0,0.0,0.0
Udonis Haslem,ORL,3,11.333333333333334,4.666666666666667,0.6666666666666666
Udonis Haslem,POR,1,0.0,1.0,0.0
Udonis Haslem,SAC,2,2.5,1.0,0.0
Ulrich Chomche,BKN,1,0.0,0.0,0.0
Ulrich Chomche,BOS,1,2.0,0.0,0.0
Ulrich Chomche,CLE,1,2.0,1.0,0.0
Ulrich Chomche,MEM,1,0.0,2.0,1.0
Ulrich Chomche,NYK,1,0.0,1.0,0.0
Ulrich Chomche,ORL,1,1.0,2.0,1.0
Ulrich Chomche,PHI,1,0.0,2.0,0.0
Usman Garuba,ATL,2,4.5,6.0,2.0
Usman Garuba,BKN,3,2.0,3.3333333333333335,0.6666666666666666
Usman Garuba,BOS,2,4.0,3.5,2.0
Usman Garuba,CHA,3,1.3333333333333333,3.6666666666666665,0.0
Usman Garuba,CHI,3,1.0,1.3333333333333333,0.3333333333333333
Usman Garuba,CLE,2,2.5,4.5,2.0
Usman Garuba,DAL,5,5.8,6.2,1.4
Usman Garuba,DEN,6,2.4,4.2,0.4
Usman Garuba,DET,3,2.6666666666666665,2.0,0.3333333333333333
Usman Garuba,GSW,5,3.8,5.0,0.6
Usman Garuba,IND,2,2.0,4.5,0.0
Usman Garuba,LAC,4,3.25,5.5,1.5
Usman Garuba,LAL,5,1.2,0.8,0.2
Usman Garuba,MEM,4,3.75,4.75,0.75
Usman Garuba,MIA,2,2.0,6.5,1.5
Usman Garuba,MIL,3,2.6666666666666665,3.3333333333333335,0.6666666666666666
Usman Garuba,MIN,6,3.2,3.4,0.6
Usman Garuba,NOP,5,2.0,4.6,0.4
Usman Garuba,NYK,3,2.3333333333333335,3.3333333333333335,1.0
Usman Garuba,OKC,4,2.5,2.75,0.5
Usman Garuba,ORL,2,1.5,5.0,1.0
Usman Garuba,PHI,3,1.6666666666666667,2.0,0.0
Usman Garuba,PHX,4,1.0,3.75,0.75
Usman Garuba,POR,4,2.0,1.5,0.5
Usman Garuba,SAC,5,2.6,5.2,1.0
Usman Garuba,SAS,5,4.2,3.4,0.8
Usman Garuba,TOR,2,4.5,5.5,2.5
Usman Garuba,UTA,6,2.2,3.8,0.4
Usman Garuba,WAS,2,0.0,1.5,0.5
VJ Edgecombe,ATL,3,17.666666666666668,5.666666666666667,1.3333333333333333
VJ Edgecombe,BKN,2,16.0,3.0,5.0
VJ Edgecombe,BOS,4,20.0,5.0,3.5
VJ Edgecombe,CHA,3,12.333333333333334,5.666666666666667,4.0
VJ Edgecombe,CHI,3,14.666666666666666,8.0,4.333333333333333
VJ Edgecombe,CLE,3,8.666666666666666,3.6666666666666665,3.3333333333333335
VJ Edgecombe,DAL,2,24.5,5.5,3.0
VJ Edgecombe,DEN,2,13.0,5.5,6.5
VJ Edgecombe,DET,4,14.5,6.0,1.5
VJ Edgecombe,GSW,2,17.5,6.5,6.0
VJ Edgecombe,HOU,2,14.5,6.5,6.0
VJ Edgecombe,IND,4,18.0,6.25,4.5
VJ Edgecombe,LAC,2,9.5,4.5,6.5
VJ Edgecombe,LAL,2,17.0,7.5,2.5
VJ Edgecombe,MEM,2,23.0,5.5,4.5
VJ Edgecombe,MIA,2,16.0,4.5,4.5
VJ Edgecombe,MIL,4,11.25,7.25,5.5
VJ Edgecombe,MIN,2,16.0,4.5,2.0
VJ Edgecombe,NOP,2,14.5,4.0,4.0
VJ Edgecombe,NYK,4,19.25,3.0,3.5
VJ Edgecombe,OKC,2,22.5,4.0,4.5
VJ Edgecombe,ORL,2,16.0,6.5,7.0
VJ Edgecombe,PHX,2,15.0,6.5,1.5
VJ Edgecombe,POR,2,14.5,9.0,3.0
VJ Edgecombe,SAC,2,21.5,6.0,7.0
VJ Edgecombe,SAS,2,10.0,6.0,2.0
VJ Edgecombe,TOR,4,16.0,4.75,5.0
VJ Edgecombe,UTA,1,22.0,13.0,4.0
VJ Edgecombe,WAS,4,14.75,5.25,6.75
Vasilije Micic,ATL,5,8.0,4.2,4.4
Vasilije Micic,BKN,4,8.75,3.75,5.75
Vasilije Micic,BOS,5,4.2,0.8,3.6
Vasilije Micic,CHA,1,2.0,0.0,4.0
Vasilije Micic,CHI,4,6.25,3.0,4.5
Vasilije Micic,CLE,7,7.2,1.4,5.0
Vasilije Micic,DAL,2,3.0,2.5,3.5
Vasilije Micic,DEN,4,4.0,1.5,3.0
Vasilije Micic,DET,2,7.5,4.0,6.0
Vasilije Micic,GSW,5,6.4,1.4,4.4
Vasilije Micic,HOU,3,2.6666666666666665,1.6666666666666667,1.0
Vasilije Micic,IND,2,10.0,2.5,6.5
Vasilije Micic,LAC,3,12.333333333333334,2.6666666666666665,6.333333333333333
Vasilije Micic,LAL,2,8.5,1.5,2.5
Vasilije Micic,MEM,4,10.75,0.75,4.75
Vasilije Micic,MIA,3,3.3333333333333335,1.0,2.3333333333333335
Vasilije Micic,MIL,3,1.3333333333333333,0.6666666666666666,3.3333333333333335
Vasilije Micic,MIN,4,0.5,0.25,1.0
Vasilije Micic,NOP,2,7.0,2.0,2.5
Vasilije Micic,NYK,2,11.5,1.5,10.0
Vasilije Micic,OKC,2,16.5,1.5,7.0
Vasilije Micic,ORL,5,13.2,3.2,3.2
Vasilije Micic,PHI,5,9.8,1.2,4.4
Vasilije Micic,PHX,3,10.0,0.6666666666666666,2.0
Vasilije Micic,POR,5,5.2,0.6,2.6
Vasilije Micic,SAS,2,5.0,1.0,3.5
Vasilije Micic,TOR,3,5.0,1.6666666666666667,3.6666666666666665
Vasilije Micic,UTA,5,2.8,1.4,3.6
Vasilije Micic,WAS,4,9.25,2.25,2.5
Vernon Carey Jr.,ATL,1,0.0,2.0,0.0
Vernon Carey Jr.,BKN,1,0.0,1.0,0.0
Vernon Carey Jr.,CHA,1,11.0,7.0,0.0
Vernon Carey Jr.,HOU,1,0.0,3.0,1.0
Vernon Carey Jr.,IND,2,0.0,0.0,0.0
Vernon Carey Jr.,MIL,2,1.0,0.5,0.0
Vernon Carey Jr.,MIN,1,0.0,1.0,0.0
Vernon Carey Jr.,NYK,1,1.0,0.0,0.0
Vernon Carey Jr.,OKC,2,0.5,0.5,0.0
Vernon Carey Jr.,PHX,1,0.0,2.0,1.0
Vernon Carey Jr.,POR,1,2.0,3.0,1.0
Vernon Carey Jr.,SAC,2,3.5,1.0,0.0
Vernon Carey Jr.,SAS,1,2.0,0.0,0.0
Vernon Carey Jr.,UTA,1,0.0,0.0,0.0
Victor Oladipo,ATL,3,11.333333333333334,2.6666666666666665,6.333333333333333
Victor Oladipo,BKN,2,8.5,2.5,6.0
Victor Oladipo,BOS,1,12.0,6.0,1.0
Victor Oladipo,CHA,2,4.5,1.5,3.0
Victor Oladipo,CHI,2,8.0,3.5,2.0
Victor Oladipo,CLE,4,6.75,4.0,3.5
Victor Oladipo,DAL,1,20.0,0.0,2.0
Victor Oladipo,DET,2,5.5,1.0,2.0
Victor Oladipo,GSW,1,7.0,2.0,0.0
Victor Oladipo,HOU,1,11.0,1.0,4.0
Victor Oladipo,IND,2,5.0,2.0,3.5
Victor Oladipo,LAC,2,10.5,3.5,3.0
Victor Oladipo,LAL,2,8.0,4.5,3.0
Victor Oladipo,MIL,3,12.0,4.666666666666667,5.333333333333333
Victor Oladipo,MIN,1,7.0,2.0,4.0
Victor Oladipo,NOP,2,9.0,4.0,4.5
Victor Oladipo,NYK,2,7.5,2.5,1.5
Victor Oladipo,OKC,2,15.5,4.0,3.5
Victor Oladipo,ORL,4,17.5,4.0,5.0
Victor Oladipo,PHI,2,10.0,4.0,1.0
Victor Oladipo,PHX,2,15.0,1.5,2.5
Victor Oladipo,SAS,2,9.0,2.5,3.0
Victor Oladipo,TOR,2,14.0,2.5,3.0
Victor Oladipo,UTA,2,17.0,3.0,3.5
Victor Oladipo,WAS,1,30.0,1.0,4.0
Victor Wembanyama,ATL,5,27.8,11.0,2.8
Victor Wembanyama,BKN,5,23.2,9.6,4.6
Victor Wembanyama,BOS,5,25.0,8.4,2.4
Victor Wembanyama,CHA,4,22.5,10.5,3.25
Victor Wembanyama,CHI,5,26.0,13.4,4.4
Victor Wembanyama,CLE,3,23.0,12.666666666666666,3.0
Victor Wembanyama,DAL,8,28.4,11.8,2.8
Victor Wembanyama,DEN,7,29.2,17.2,5.4
Victor Wembanyama,DET,3,25.0,15.0,5.666666666666667
Victor Wembanyama,GSW,8,29.8,12.2,6.0
Victor Wembanyama,HOU,11,21.6,9.6,2.0
Victor Wembanyama,IND,5,22.8,10.6,4.0
Victor Wembanyama,LAC,8,24.4,11.4,3.0
Victor Wembanyama,LAL,9,23.6,10.4,2.8
Victor Wembanyama,MEM,9,21.6,10.8,3.2
Victor Wembanyama,MIA,5,22.0,13.4,4.6
Victor Wembanyama,MIL,5,22.4,11.6,2.0
Victor Wembanyama,MIN,9,27.8,8.4,2.8
Victor Wembanyama,NOP,7,21.0,13.4,3.0
Victor Wembanyama,NYK,5,30.4,14.6,3.2
Victor Wembanyama,OKC,9,18.4,9.2,2.0
Victor Wembanyama,ORL,4,19.75,6.5,2.75
Victor Wembanyama,PHI,5,23.8,9.4,3.4
Victor Wembanyama,PHX,7,17.6,10.0,3.6
Victor Wembanyama,POR,5,24.6,8.0,4.4
Victor Wembanyama,SAC,6,26.6,12.8,6.0
Victor Wembanyama,TOR,4,20.75,11.5,4.0
Victor Wembanyama,UTA,9,29.8,10.8,1.8
Victor Wembanyama,WAS,6,26.4,10.4,3.2
Vince Williams Jr.,ATL,4,9.25,4.75,2.75
Vince Williams Jr.,BKN,4,5.75,3.25,3.75
Vince Williams Jr.,BOS,3,6.666666666666667,1.6666666666666667,1.3333333333333333
Vince Williams Jr.,CHA,5,6.4,2.0,3.0
Vince Williams Jr.,CHI,3,9.0,5.333333333333333,3.3333333333333335
Vince Williams Jr.,CLE,4,9.5,3.5,2.5
Vince Williams Jr.,DAL,9,8.0,6.8,3.8
Vince Williams Jr.,DEN,6,4.0,5.0,3.0
Vince Williams Jr.,DET,2,3.5,3.0,1.5
Vince Williams Jr.,GSW,3,16.0,6.0,4.0
Vince Williams Jr.,HOU,7,8.2,6.2,3.8
Vince Williams Jr.,IND,3,9.666666666666666,6.0,2.0
Vince Williams Jr.,LAC,7,8.2,3.4,4.6
Vince Williams Jr.,LAL,4,2.5,1.5,1.0
Vince Williams Jr.,MEM,1,7.0,3.0,4.0
Vince Williams Jr.,MIA,3,10.0,3.0,3.6666666666666665
Vince Williams Jr.,MIL,2,10.5,6.0,3.5
Vince Williams Jr.,MIN,8,9.0,3.8,3.2
Vince Williams Jr.,NOP,9,8.6,3.2,7.0
Vince Williams Jr.,NYK,4,14.25,6.75,5.75
Vince Williams Jr.,OKC,7,8.4,2.4,2.2
Vince Williams Jr.,ORL,4,6.5,2.75,2.75
Vince Williams Jr.,PHI,1,17.0,7.0,9.0
Vince Williams Jr.,PHX,5,9.2,5.6,1.0
Vince Williams Jr.,POR,6,8.8,3.4,2.0
Vince Williams Jr.,SAC,7,3.4,4.8,5.2
Vince Williams Jr.,SAS,4,12.25,6.75,5.75
Vince Williams Jr.,TOR,3,12.0,5.666666666666667,2.0
Vince Williams Jr.,UTA,6,6.4,4.0,1.8
Vladislav Goldin,ATL,1,3.0,2.0,0.0
Vladislav Goldin,BOS,1,0.0,0.0,1.0
Vladislav Goldin,CHA,1,0.0,0.0,0.0
Vladislav Goldin,CHI,1,4.0,1.0,1.0
Vladislav Goldin,DET,1,0.0,2.0,0.0
Vladislav Goldin,TOR,2,0.0,1.5,0.5
Vladislav Goldin,WAS,2,0.0,0.5,0.0
Vlatko Čančar,ATL,3,7.666666666666667,1.3333333333333333,2.0
Vlatko Čančar,BKN,1,0.0,1.0,0.0
Vlatko Čančar,BOS,2,4.0,0.5,0.0
Vlatko Čančar,CHA,3,7.666666666666667,3.0,1.3333333333333333
Vlatko Čančar,CHI,3,2.0,1.0,0.0
Vlatko Čančar,CLE,2,7.5,2.0,2.0
Vlatko Čančar,DAL,5,5.4,2.2,1.4
Vlatko Čančar,DET,1,0.0,1.0,0.0
Vlatko Čančar,GSW,4,5.5,2.75,1.75
Vlatko Čančar,HOU,5,6.6,2.4,1.8
Vlatko Čančar,LAC,5,8.2,4.2,0.8
Vlatko Čančar,LAL,5,1.8,4.0,1.8
Vlatko Čančar,MEM,4,3.0,3.5,0.75
Vlatko Čančar,MIA,3,8.333333333333334,1.6666666666666667,3.0
Vlatko Čančar,MIL,3,6.333333333333333,2.0,2.3333333333333335
Vlatko Čančar,MIN,6,4.8,3.2,1.6
Vlatko Čančar,NOP,4,1.0,1.75,0.5
Vlatko Čančar,NYK,2,1.0,1.5,0.0
Vlatko Čančar,OKC,5,5.6,1.8,1.0
Vlatko Čančar,ORL,1,3.0,1.0,1.0
Vlatko Čančar,PHX,3,3.3333333333333335,3.3333333333333335,1.0
Vlatko Čančar,POR,4,0.25,0.5,1.5
Vlatko Čančar,SAC,3,9.333333333333334,2.3333333333333335,2.3333333333333335
Vlatko Čančar,SAS,3,3.6666666666666665,1.6666666666666667,0.6666666666666666
Vlatko Čančar,TOR,1,0.0,0.0,0.0
Vlatko Čančar,UTA,3,0.6666666666666666,0.3333333333333333,0.3333333333333333
Vlatko Čančar,WAS,4,1.25,0.0,0.25
Vít Krejčí,ATL,2,11.5,4.5,3.0
Vít Krejčí,BKN,4,5.5,1.25,1.75
Vít Krejčí,BOS,8,6.6,2.4,1.0
Vít Krejčí,CHA,14,3.6,2.8,1.8
Vít Krejčí,CHI,8,13.4,2.0,2.8
Vít Krejčí,CLE,8,4.6,1.0,0.8
Vít Krejčí,DAL,2,7.5,1.5,1.5
Vít Krejčí,DEN,10,8.6,2.2,2.2
Vít Krejčí,DET,10,8.4,2.4,2.0
Vít Krejčí,GSW,3,2.6666666666666665,2.0,2.6666666666666665
Vít Krejčí,HOU,5,5.8,3.4,1.2
Vít Krejčí,IND,6,2.8,2.6,1.2
Vít Krejčí,LAC,6,10.6,2.4,2.0
Vít Krejčí,LAL,6,8.6,2.6,1.8
Vít Krejčí,MEM,8,7.6,2.2,2.4
Vít Krejčí,MIA,5,7.0,4.4,2.4
Vít Krejčí,MIL,8,4.4,2.8,1.2
Vít Krejčí,MIN,9,7.4,2.6,3.0
Vít Krejčí,NOP,3,9.666666666666666,2.3333333333333335,1.3333333333333333
Vít Krejčí,NYK,10,7.2,2.4,1.4
Vít Krejčí,OKC,4,9.0,1.75,2.0
Vít Krejčí,ORL,8,7.2,3.0,2.6
Vít Krejčí,PHI,8,8.0,2.6,1.2
Vít Krejčí,PHX,10,5.4,2.2,2.2
Vít Krejčí,POR,7,8.6,3.2,2.2
Vít Krejčí,SAC,3,7.666666666666667,2.6666666666666665,2.0
Vít Krejčí,SAS,7,4.0,3.4,1.4
Vít Krejčí,TOR,7,11.2,2.4,3.0
Vít Krejčí,UTA,9,12.6,3.2,3.0
Vít Krejčí,WAS,5,8.6,2.8,2.4
Walker Kessler,ATL,5,11.0,8.4,0.4
Walker Kessler,BKN,5,7.6,8.4,0.4
Walker Kessler,BOS,6,9.0,9.2,2.0
Walker Kessler,CHA,5,10.6,7.8,0.4
Walker Kessler,CHI,5,7.6,10.6,0.8
Walker Kessler,CLE,6,7.6,9.0,1.6
Walker Kessler,DAL,9,12.8,8.8,0.8
Walker Kessler,DEN,8,12.0,10.8,2.4
Walker Kessler,DET,6,8.4,9.4,1.6
Walker Kessler,GSW,7,7.6,9.6,1.6
Walker Kessler,HOU,9,8.0,10.6,1.6
Walker Kessler,IND,4,9.75,8.5,0.75
Walker Kessler,LAC,8,12.0,8.6,2.0
Walker Kessler,LAL,7,11.6,8.8,1.2
Walker Kessler,MEM,8,10.4,11.0,2.0
Walker Kessler,MIA,5,9.0,12.0,0.2
Walker Kessler,MIL,5,7.6,6.6,1.2
Walker Kessler,MIN,11,7.8,12.8,0.6
Walker Kessler,NOP,8,12.2,8.2,1.2
Walker Kessler,NYK,6,7.2,9.8,1.8
Walker Kessler,OKC,9,9.2,12.4,0.8
Walker Kessler,ORL,5,9.6,12.2,1.6
Walker Kessler,PHI,5,9.2,8.6,0.4
Walker Kessler,PHX,10,16.2,12.8,2.4
Walker Kessler,POR,9,11.6,12.6,2.2
Walker Kessler,SAC,11,9.2,10.6,2.8
Walker Kessler,SAS,10,6.6,7.0,1.0
Walker Kessler,TOR,5,16.0,12.4,0.8
Walker Kessler,WAS,4,6.25,6.5,0.75
Walter Clayton Jr.,ATL,1,16.0,1.0,6.0
Walter Clayton Jr.,BKN,3,9.0,1.3333333333333333,2.6666666666666665
Walter Clayton Jr.,BOS,3,6.0,2.0,3.0
Walter Clayton Jr.,CHA,3,9.333333333333334,2.0,2.6666666666666665
Walter Clayton Jr.,CHI,3,8.0,3.0,6.0
Walter Clayton Jr.,CLE,1,10.0,1.0,11.0
Walter Clayton Jr.,DAL,5,9.0,2.2,5.0
Walter Clayton Jr.,DEN,3,8.333333333333334,2.0,3.6666666666666665
Walter Clayton Jr.,DET,2,3.0,0.5,3.5
Walter Clayton Jr.,GSW,4,3.75,1.25,2.75
Walter Clayton Jr.,HOU,3,7.666666666666667,3.0,4.0
Walter Clayton Jr.,IND,2,7.5,1.5,8.5
Walter Clayton Jr.,LAC,4,6.5,3.0,4.0
Walter Clayton Jr.,LAL,1,8.0,1.0,1.0
Walter Clayton Jr.,MEM,2,5.0,1.5,1.5
Walter Clayton Jr.,MIA,2,7.0,2.5,4.0
Walter Clayton Jr.,MIL,1,20.0,3.0,4.0
Walter Clayton Jr.,MIN,4,6.0,2.5,3.25
Walter Clayton Jr.,NYK,2,10.5,1.0,4.5
Walter Clayton Jr.,OKC,3,12.333333333333334,2.6666666666666665,5.333333333333333
Walter Clayton Jr.,ORL,1,1.0,0.0,0.0
Walter Clayton Jr.,PHX,3,6.666666666666667,2.0,3.6666666666666665
Walter Clayton Jr.,POR,5,8.0,2.2,4.8
Walter Clayton Jr.,SAC,3,6.333333333333333,2.3333333333333335,3.3333333333333335
Walter Clayton Jr.,SAS,4,9.75,1.75,4.75
Walter Clayton Jr.,TOR,1,7.0,2.0,2.0
Wayne Ellington,BKN,1,3.0,3.0,0.0
Wayne Ellington,BOS,2,3.0,1.0,0.0
Wayne Ellington,CHA,2,8.5,3.5,0.0
Wayne Ellington,CHI,2,4.5,3.5,1.5
Wayne Ellington,DAL,1,9.0,3.0,3.0
Wayne Ellington,DEN,2,10.5,1.5,0.0
Wayne Ellington,DET,2,4.5,0.5,0.5
Wayne Ellington,GSW,1,6.0,4.0,0.0
Wayne Ellington,IND,1,14.0,4.0,2.0
Wayne Ellington,LAC,2,9.0,0.5,0.0
Wayne Ellington,MEM,2,11.0,0.5,0.0
Wayne Ellington,MIA,2,7.5,0.5,1.0
Wayne Ellington,MIL,1,3.0,3.0,0.0
Wayne Ellington,MIN,3,6.666666666666667,1.6666666666666667,1.0
Wayne Ellington,NOP,1,9.0,2.0,0.0
Wayne Ellington,NYK,1,4.0,1.0,0.0
Wayne Ellington,OKC,3,7.333333333333333,2.0,0.6666666666666666
Wayne Ellington,ORL,1,3.0,3.0,0.0
Wayne Ellington,PHI,1,3.0,2.0,1.0
Wayne Ellington,PHX,2,4.0,2.0,0.5
Wayne Ellington,POR,3,7.666666666666667,2.0,0.6666666666666666
Wayne Ellington,SAC,3,5.0,0.3333333333333333,1.0
Wayne Ellington,SAS,2,11.0,2.5,2.0
Wayne Ellington,TOR,1,6.0,0.0,3.0
Wayne Ellington,UTA,1,0.0,2.0,0.0
Wayne Selden,BOS,1,0.0,0.0,0.0
Wayne Selden,DET,1,5.0,1.0,1.0
Wayne Selden,ORL,1,0.0,0.0,0.0
Wendell Carter Jr.,ATL,14,11.2,5.0,1.2
Wendell Carter Jr.,BKN,13,12.2,6.4,1.8
Wendell Carter Jr.,BOS,11,11.2,5.8,1.6
Wendell Carter Jr.,CHA,14,10.8,8.2,1.8
Wendell Carter Jr.,CHI,16,13.2,8.0,1.0
Wendell Carter Jr.,CLE,12,12.4,8.4,2.2
Wendell Carter Jr.,DAL,8,14.0,5.4,1.8
Wendell Carter Jr.,DEN,8,19.6,7.6,2.2
Wendell Carter Jr.,DET,15,8.6,7.2,2.4
Wendell Carter Jr.,GSW,10,9.6,9.0,3.0
Wendell Carter Jr.,HOU,9,10.0,7.2,1.2
Wendell Carter Jr.,IND,11,13.0,10.6,2.2
Wendell Carter Jr.,LAC,8,8.0,7.6,3.0
Wendell Carter Jr.,LAL,8,14.2,9.4,1.0
Wendell Carter Jr.,MEM,9,11.0,9.4,2.2
Wendell Carter Jr.,MIA,19,11.0,7.6,1.6
Wendell Carter Jr.,MIL,15,7.6,7.6,1.6
Wendell Carter Jr.,MIN,7,8.8,6.6,1.6
Wendell Carter Jr.,NOP,8,10.8,7.4,2.2
Wendell Carter Jr.,NYK,17,13.0,5.4,2.4
Wendell Carter Jr.,OKC,7,13.0,8.8,2.2
Wendell Carter Jr.,PHI,14,9.4,7.8,1.8
Wendell Carter Jr.,PHX,9,10.8,7.2,0.8
Wendell Carter Jr.,POR,8,13.0,8.4,2.8
Wendell Carter Jr.,SAC,9,7.0,8.4,1.4
Wendell Carter Jr.,SAS,10,6.4,4.8,1.6
Wendell Carter Jr.,TOR,11,10.4,6.4,2.8
Wendell Carter Jr.,UTA,9,9.8,6.2,1.8
Wendell Carter Jr.,WAS,11,12.6,9.8,1.8
Wendell Moore Jr.,ATL,3,4.666666666666667,2.6666666666666665,2.0
Wendell Moore Jr.,BKN,3,2.3333333333333335,1.6666666666666667,1.0
Wendell Moore Jr.,BOS,4,2.5,1.25,1.5
Wendell Moore Jr.,CHA,2,3.5,3.5,3.5
Wendell Moore Jr.,CHI,2,1.0,0.5,0.5
Wendell Moore Jr.,CLE,2,1.5,0.0,0.0
Wendell Moore Jr.,DAL,5,1.2,0.8,0.0
Wendell Moore Jr.,DEN,7,1.6,1.8,2.0
Wendell Moore Jr.,DET,1,0.0,0.0,0.0
Wendell Moore Jr.,GSW,3,4.0,3.6666666666666665,0.0
Wendell Moore Jr.,HOU,2,1.0,1.0,0.5
Wendell Moore Jr.,IND,5,0.0,0.4,0.2
Wendell Moore Jr.,LAC,4,3.0,2.0,1.0
Wendell Moore Jr.,LAL,2,0.0,0.0,0.0
Wendell Moore Jr.,MEM,5,2.2,2.0,1.0
Wendell Moore Jr.,MIA,1,3.0,0.0,0.0
Wendell Moore Jr.,MIL,4,2.25,1.5,0.25
Wendell Moore Jr.,NOP,3,3.3333333333333335,2.3333333333333335,0.0
Wendell Moore Jr.,NYK,3,1.3333333333333333,1.0,1.0
Wendell Moore Jr.,OKC,5,3.0,1.0,1.0
Wendell Moore Jr.,ORL,1,7.0,2.0,1.0
Wendell Moore Jr.,PHI,5,3.8,1.0,0.6
Wendell Moore Jr.,PHX,2,3.0,1.0,0.5
Wendell Moore Jr.,POR,5,3.2,1.2,0.2
Wendell Moore Jr.,SAC,2,2.0,0.5,0.5
Wendell Moore Jr.,SAS,2,0.0,0.5,0.5
Wendell Moore Jr.,TOR,5,4.2,2.4,1.0
Wendell Moore Jr.,UTA,3,0.0,0.0,0.0
Wendell Moore Jr.,WAS,5,2.0,1.6,0.4
Wenyen Gabriel,ATL,4,4.25,3.5,1.0
Wenyen Gabriel,BKN,3,9.0,2.6666666666666665,0.3333333333333333
Wenyen Gabriel,CHA,3,6.0,4.666666666666667,0.3333333333333333
Wenyen Gabriel,CHI,2,1.0,2.5,0.5
Wenyen Gabriel,CLE,2,6.5,5.0,0.0
Wenyen Gabriel,DAL,4,8.25,8.0,0.5
Wenyen Gabriel,DEN,5,6.2,3.6,0.8
Wenyen Gabriel,DET,1,15.0,7.0,0.0
Wenyen Gabriel,GSW,5,2.8,2.6,0.2
Wenyen Gabriel,HOU,4,5.75,7.0,0.5
Wenyen Gabriel,IND,1,5.0,9.0,0.0
Wenyen Gabriel,LAC,5,4.2,3.0,0.6
Wenyen Gabriel,MEM,4,3.75,3.75,0.0
Wenyen Gabriel,MIA,2,10.0,2.5,0.0
Wenyen Gabriel,MIL,2,5.5,5.0,0.5
Wenyen Gabriel,MIN,5,4.8,2.6,0.6
Wenyen Gabriel,NOP,7,3.2,3.2,0.6
Wenyen Gabriel,NYK,1,4.0,2.0,1.0
Wenyen Gabriel,OKC,5,7.2,6.8,0.2
Wenyen Gabriel,ORL,2,5.5,7.0,1.0
Wenyen Gabriel,PHI,2,11.0,5.0,0.0
Wenyen Gabriel,PHX,7,2.4,2.6,0.2
Wenyen Gabriel,POR,3,5.666666666666667,3.6666666666666665,0.6666666666666666
Wenyen Gabriel,SAC,4,7.75,3.5,0.75
Wenyen Gabriel,SAS,4,4.75,4.0,1.0
Wenyen Gabriel,TOR,3,7.666666666666667,5.333333333333333,1.6666666666666667
Wenyen Gabriel,UTA,5,4.4,4.0,1.2
Wenyen Gabriel,WAS,4,4.0,4.0,0.0
Wes Iwundu,CHI,1,8.0,2.0,0.0
Wes Iwundu,CLE,1,12.0,6.0,0.0
Wes Iwundu,PHI,1,2.0,5.0,0.0
Wesley Matthews,ATL,5,3.6,2.4,0.4
Wesley Matthews,BKN,6,6.4,2.0,0.4
Wesley Matthews,BOS,8,3.0,2.6,1.2
Wesley Matthews,CHA,6,6.4,3.8,1.0
Wesley Matthews,CHI,10,3.4,3.6,0.8
Wesley Matthews,CLE,5,2.0,1.6,0.8
Wesley Matthews,DAL,4,2.25,1.25,0.25
Wesley Matthews,DEN,4,2.25,2.5,0.75
Wesley Matthews,DET,7,3.6,1.4,0.6
Wesley Matthews,GSW,3,3.6666666666666665,2.3333333333333335,0.6666666666666666
Wesley Matthews,HOU,4,4.75,1.5,0.5
Wesley Matthews,IND,5,4.6,1.6,0.8
Wesley Matthews,LAC,5,3.0,1.6,0.2
Wesley Matthews,LAL,4,1.25,2.0,1.5
Wesley Matthews,MEM,5,1.8,0.4,0.6
Wesley Matthews,MIA,7,3.0,1.6,0.2
Wesley Matthews,MIL,2,5.0,1.0,0.5
Wesley Matthews,MIN,2,6.0,1.5,1.0
Wesley Matthews,NOP,4,3.25,2.25,0.5
Wesley Matthews,NYK,4,2.25,1.5,0.25
Wesley Matthews,OKC,3,1.6666666666666667,3.0,0.3333333333333333
Wesley Matthews,ORL,3,4.666666666666667,2.3333333333333335,1.3333333333333333
Wesley Matthews,PHI,6,3.6,1.8,0.6
Wesley Matthews,PHX,4,3.5,0.75,0.0
Wesley Matthews,POR,4,2.25,1.25,0.25
Wesley Matthews,SAC,2,4.5,3.5,1.0
Wesley Matthews,SAS,3,2.6666666666666665,2.0,1.6666666666666667
Wesley Matthews,TOR,4,5.5,2.5,1.0
Wesley Matthews,UTA,4,6.75,2.0,0.5
Wesley Matthews,WAS,4,2.75,1.0,0.5
Will Barton,ATL,2,5.0,6.0,2.5
Will Barton,BKN,5,13.8,5.2,3.8
Will Barton,BOS,6,5.0,3.2,1.4
Will Barton,CHA,7,8.4,2.6,1.2
Will Barton,CHI,6,6.2,3.0,1.0
Will Barton,CLE,4,11.5,4.75,1.5
Will Barton,DAL,4,12.75,4.5,4.75
Will Barton,DEN,3,9.666666666666666,1.6666666666666667,3.3333333333333335
Will Barton,DET,3,13.0,3.6666666666666665,3.6666666666666665
Will Barton,GSW,2,11.5,3.5,2.0
Will Barton,HOU,4,11.5,4.0,4.0
Will Barton,IND,5,15.0,3.4,2.8
Will Barton,LAC,4,12.0,3.75,2.75
Will Barton,LAL,5,9.4,1.4,2.6
Will Barton,MEM,6,17.6,4.2,5.4
Will Barton,MIA,5,11.4,4.2,4.2
Will Barton,MIL,6,5.4,1.4,1.8
Will Barton,MIN,6,7.6,3.8,2.6
Will Barton,NOP,3,15.333333333333334,3.6666666666666665,3.6666666666666665
Will Barton,NYK,2,16.5,6.5,5.5
Will Barton,OKC,7,9.2,3.8,3.4
Will Barton,ORL,3,10.333333333333334,3.6666666666666665,1.0
Will Barton,PHI,4,14.25,4.25,3.5
Will Barton,PHX,4,13.25,4.25,4.0
Will Barton,POR,3,11.666666666666666,5.333333333333333,3.6666666666666665
Will Barton,SAC,3,18.0,3.3333333333333335,4.333333333333333
Will Barton,SAS,3,13.333333333333334,4.666666666666667,5.333333333333333
Will Barton,TOR,2,13.0,4.0,3.0
Will Barton,UTA,6,12.6,3.8,3.2
Will Barton,WAS,4,2.25,1.0,1.75
Will Richard,ATL,2,4.5,3.0,1.5
Will Richard,BKN,2,6.5,1.5,1.5
Will Richard,BOS,2,12.0,3.5,2.0
Will Richard,CHA,2,8.0,4.0,4.0
Will Richard,CHI,2,8.5,4.0,0.5
Will Richard,CLE,2,2.0,2.5,0.0
Will Richard,DAL,3,5.666666666666667,0.6666666666666666,1.3333333333333333
Will Richard,DEN,3,9.666666666666666,3.3333333333333335,2.6666666666666665
Will Richard,DET,2,5.5,1.5,0.5
Will Richard,HOU,2,9.0,3.0,0.5
Will Richard,IND,1,15.0,3.0,1.0
Will Richard,LAC,3,1.6666666666666667,1.0,1.0
Will Richard,LAL,3,3.0,0.6666666666666666,0.6666666666666666
Will Richard,MEM,3,9.333333333333334,3.6666666666666665,2.3333333333333335
Will Richard,MIA,2,2.5,3.0,3.5
Will Richard,MIL,2,3.5,0.5,0.5
Will Richard,MIN,3,4.666666666666667,3.0,1.3333333333333333
Will Richard,NOP,3,4.0,3.6666666666666665,0.3333333333333333
Will Richard,NYK,2,4.0,1.0,0.5
Will Richard,OKC,3,9.0,3.0,1.3333333333333333
Will Richard,ORL,2,3.0,0.5,1.5
Will Richard,PHI,2,4.0,1.0,1.5
Will Richard,PHX,2,13.5,4.0,1.0
Will Richard,POR,3,5.666666666666667,1.3333333333333333,1.0
Will Richard,SAC,3,10.666666666666666,3.6666666666666665,1.3333333333333333
Will Richard,SAS,3,5.0,2.0,1.3333333333333333
Will Richard,TOR,2,5.0,3.5,1.0
Will Richard,UTA,3,10.0,4.333333333333333,1.3333333333333333
Will Richard,WAS,2,4.0,2.5,2.0
Will Riley,ATL,4,11.75,3.75,1.5
Will Riley,BKN,3,22.0,3.3333333333333335,4.0
Will Riley,BOS,3,5.333333333333333,3.6666666666666665,2.0
Will Riley,CHA,4,6.25,1.75,1.5
Will Riley,CHI,3,8.333333333333334,5.0,3.6666666666666665
Will Riley,CLE,4,4.25,3.5,2.75
Will Riley,DAL,1,3.0,3.0,0.0
Will Riley,DEN,2,10.0,3.0,0.0
Will Riley,DET,3,18.666666666666668,4.0,2.3333333333333335
Will Riley,GSW,2,21.5,4.5,5.0
Will Riley,HOU,2,4.5,1.0,0.5
Will Riley,IND,4,8.5,1.5,0.5
Will Riley,LAC,2,6.5,2.0,0.5
Will Riley,LAL,2,16.5,2.0,3.5
Will Riley,MEM,2,2.0,2.5,2.0
Will Riley,MIA,4,19.5,3.25,1.0
Will Riley,MIL,3,3.6666666666666665,1.3333333333333333,1.0
Will Riley,MIN,1,6.0,3.0,1.0
Will Riley,NOP,1,19.0,3.0,0.0
Will Riley,NYK,3,9.333333333333334,3.0,2.3333333333333335
Will Riley,OKC,2,5.5,0.5,2.5
Will Riley,ORL,4,8.25,3.0,1.5
Will Riley,PHI,2,15.5,2.5,2.0
Will Riley,PHX,2,9.5,4.5,1.0
Will Riley,POR,2,10.0,1.0,1.5
Will Riley,SAC,2,12.0,3.5,4.0
Will Riley,SAS,2,5.0,1.0,2.0
Will Riley,TOR,3,10.333333333333334,2.3333333333333335,2.3333333333333335
Will Riley,UTA,2,16.0,6.0,4.0
Willie Cauley-Stein,ATL,1,2.0,6.0,0.0
Willie Cauley-Stein,BOS,1,0.0,0.0,0.0
Willie Cauley-Stein,CHI,1,2.0,1.0,0.0
Willie Cauley-Stein,DEN,2,2.0,0.5,0.5
Willie Cauley-Stein,HOU,1,0.0,1.0,0.0
Willie Cauley-Stein,LAC,2,3.0,1.5,0.5
Willie Cauley-Stein,MIA,1,0.0,3.0,1.0
Willie Cauley-Stein,MIN,1,0.0,2.0,1.0
Willie Cauley-Stein,NOP,1,0.0,2.0,0.0
Willie Cauley-Stein,NYK,1,0.0,0.0,0.0
Willie Cauley-Stein,PHX,2,4.0,2.0,0.5
Willie Cauley-Stein,SAC,1,4.0,6.0,2.0
Willie Cauley-Stein,SAS,3,1.3333333333333333,2.3333333333333335,1.0
Willie Cauley-Stein,TOR,1,0.0,1.0,0.0
Willie Cauley-Stein,WAS,1,4.0,3.0,0.0
Willy Hernangomez,ATL,1,17.0,10.0,2.0
Willy Hernangomez,BOS,1,14.0,5.0,2.0
Willy Hernangomez,CHA,4,6.5,4.75,0.25
Willy Hernangomez,CHI,3,4.666666666666667,1.6666666666666667,0.0
Willy Hernangomez,CLE,2,3.5,6.5,1.0
Willy Hernangomez,DAL,4,7.0,8.25,1.75
Willy Hernangomez,DEN,6,11.2,8.0,2.0
Willy Hernangomez,DET,2,8.5,5.5,0.5
Willy Hernangomez,GSW,4,4.75,4.75,1.0
Willy Hernangomez,HOU,3,12.0,8.666666666666666,2.0
Willy Hernangomez,IND,2,6.5,6.0,1.5
Willy Hernangomez,LAC,2,5.5,4.0,0.0
Willy Hernangomez,LAL,4,4.0,3.25,0.25
Willy Hernangomez,MEM,5,12.2,7.2,1.0
Willy Hernangomez,MIA,1,7.0,3.0,2.0
Willy Hernangomez,MIL,3,6.0,5.333333333333333,0.3333333333333333
Willy Hernangomez,MIN,2,13.5,7.0,0.5
Willy Hernangomez,NYK,1,9.0,8.0,0.0
Willy Hernangomez,OKC,4,9.0,6.0,0.75
Willy Hernangomez,ORL,2,1.5,9.5,0.0
Willy Hernangomez,PHI,3,17.0,7.333333333333333,0.6666666666666666
Willy Hernangomez,PHX,4,3.75,2.75,0.25
Willy Hernangomez,POR,5,8.8,6.2,1.4
Willy Hernangomez,SAC,4,10.5,7.5,2.0
Willy Hernangomez,SAS,7,7.4,4.4,1.6
Willy Hernangomez,TOR,2,3.0,3.0,0.5
Willy Hernangomez,UTA,5,9.4,5.8,2.0
Willy Hernangomez,WAS,2,9.0,7.0,2.0
Xavier Cooks,ATL,1,6.0,6.0,3.0
Xavier Cooks,BOS,1,2.0,0.0,0.0
Xavier Cooks,DEN,1,0.0,1.0,0.0
Xavier Cooks,HOU,1,10.0,14.0,0.0
Xavier Cooks,MIA,1,10.0,9.0,0.0
Xavier Cooks,MIL,1,8.0,2.0,1.0
Xavier Cooks,NYK,1,0.0,1.0,1.0
Xavier Cooks,ORL,1,2.0,2.0,0.0
Xavier Cooks,SAC,1,0.0,2.0,0.0
Xavier Cooks,TOR,1,0.0,1.0,1.0
Xavier Moon,ATL,2,2.5,0.5,0.5
Xavier Moon,BKN,2,5.0,1.0,1.0
Xavier Moon,BOS,1,0.0,3.0,0.0
Xavier Moon,CHI,2,0.0,0.5,0.0
Xavier Moon,HOU,1,14.0,6.0,6.0
Xavier Moon,IND,1,0.0,0.0,2.0
Xavier Moon,MEM,1,5.0,1.0,3.0
Xavier Moon,MIL,1,7.0,2.0,4.0
Xavier Moon,MIN,2,7.5,2.0,2.0
Xavier Moon,NOP,3,3.3333333333333335,0.3333333333333333,2.6666666666666665
Xavier Moon,NYK,1,0.0,2.0,1.0
Xavier Moon,OKC,1,17.0,3.0,7.0
Xavier Moon,PHI,1,0.0,0.0,1.0
Xavier Moon,PHX,3,2.3333333333333335,1.0,1.6666666666666667
Xavier Moon,POR,3,1.3333333333333333,0.6666666666666666,0.0
Xavier Moon,SAC,1,2.0,0.0,2.0
Xavier Moon,UTA,2,1.0,2.0,2.0
Xavier Sneed,BKN,1,0.0,1.0,0.0
Xavier Sneed,BOS,1,0.0,1.0,0.0
Xavier Sneed,CHI,2,2.0,0.5,0.5
Xavier Sneed,DAL,1,2.0,0.0,0.0
Xavier Sneed,HOU,1,2.0,1.0,1.0
Xavier Sneed,LAC,1,3.0,1.0,0.0
Xavier Sneed,LAL,1,0.0,0.0,0.0
Xavier Sneed,OKC,1,0.0,0.0,0.0
Xavier Sneed,POR,1,0.0,2.0,1.0
Xavier Sneed,SAS,1,0.0,1.0,0.0
Xavier Sneed,TOR,2,5.5,1.5,1.5
Xavier Tillman,ATL,9,2.0,1.8,0.6
Xavier Tillman,BKN,5,0.4,0.0,0.2
Xavier Tillman,BOS,5,2.6,1.8,1.0
Xavier Tillman,CHA,5,2.8,2.4,1.0
Xavier Tillman,CHI,7,2.4,2.8,0.6
Xavier Tillman,CLE,4,3.75,3.25,0.75
Xavier Tillman,DAL,13,6.0,4.2,1.4
Xavier Tillman,DEN,10,8.8,6.4,3.0
Xavier Tillman,DET,11,0.4,1.2,0.0
Xavier Tillman,GSW,10,6.6,5.4,2.0
Xavier Tillman,HOU,12,0.0,0.0,0.0
Xavier Tillman,IND,10,2.0,2.0,0.6
Xavier Tillman,LAC,7,10.4,6.4,1.8
Xavier Tillman,LAL,9,9.4,5.6,1.4
Xavier Tillman,MEM,1,2.0,3.0,0.0
Xavier Tillman,MIA,7,3.6,2.6,1.0
Xavier Tillman,MIL,8,2.8,2.6,1.2
Xavier Tillman,MIN,9,7.6,3.4,1.8
Xavier Tillman,NOP,8,6.6,5.6,1.4
Xavier Tillman,NYK,6,4.6,3.0,1.6
Xavier Tillman,OKC,4,4.75,3.25,1.5
Xavier Tillman,ORL,7,6.6,4.0,0.4
Xavier Tillman,PHI,5,6.0,5.6,1.4
Xavier Tillman,PHX,10,1.4,1.6,0.4
Xavier Tillman,POR,8,3.8,5.2,2.4
Xavier Tillman,SAC,11,4.4,3.6,2.4
Xavier Tillman,SAS,5,5.8,3.4,1.0
Xavier Tillman,TOR,5,4.0,3.8,1.4
Xavier Tillman,UTA,8,3.8,4.8,1.2
Xavier Tillman,WAS,12,0.0,0.8,0.0
Yang Hansen,ATL,1,0.0,1.0,1.0
Yang Hansen,BKN,1,4.0,3.0,0.0
Yang Hansen,BOS,1,3.0,3.0,0.0
Yang Hansen,CHA,1,2.0,1.0,0.0
Yang Hansen,CHI,1,2.0,2.0,1.0
Yang Hansen,CLE,2,1.0,1.0,1.0
Yang Hansen,DAL,1,0.0,0.0,1.0
Yang Hansen,DEN,1,4.0,1.0,0.0
Yang Hansen,GSW,2,2.5,1.5,0.5
Yang Hansen,HOU,2,2.5,2.0,1.5
Yang Hansen,IND,1,5.0,1.0,0.0
Yang Hansen,LAC,2,1.0,0.5,0.0
Yang Hansen,LAL,2,0.5,0.5,0.0
Yang Hansen,MEM,3,2.0,2.3333333333333335,0.6666666666666666
Yang Hansen,MIL,1,0.0,0.0,0.0
Yang Hansen,MIN,2,2.0,1.0,0.0
Yang Hansen,NOP,1,0.0,0.0,0.0
Yang Hansen,NYK,1,0.0,0.0,0.0
Yang Hansen,OKC,3,3.6666666666666665,3.3333333333333335,1.0
Yang Hansen,ORL,1,4.0,2.0,2.0
Yang Hansen,PHI,1,2.0,1.0,0.0
Yang Hansen,PHX,1,9.0,5.0,3.0
Yang Hansen,SAC,2,1.0,0.5,0.5
Yang Hansen,SAS,2,1.0,1.5,0.5
Yang Hansen,TOR,1,0.0,3.0,0.0
Yang Hansen,UTA,4,2.0,0.0,0.0
Yang Hansen,WAS,2,6.0,4.5,0.5
Yanic Konan Niederhäuser,ATL,1,0.0,2.0,0.0
Yanic Konan Niederhäuser,BKN,2,2.0,1.0,0.0
Yanic Konan Niederhäuser,BOS,1,0.0,1.0,0.0
Yanic Konan Niederhäuser,CHA,2,0.0,1.0,0.0
Yanic Konan Niederhäuser,CHI,1,4.0,4.0,0.0
Yanic Konan Niederhäuser,CLE,2,5.0,5.5,0.0
Yanic Konan Niederhäuser,DEN,2,2.0,2.0,0.5
Yanic Konan Niederhäuser,DET,1,2.0,2.0,0.0
Yanic Konan Niederhäuser,GSW,2,5.5,5.0,1.0
Yanic Konan Niederhäuser,HOU,3,2.0,3.0,0.0
Yanic Konan Niederhäuser,IND,1,6.0,4.0,0.0
Yanic Konan Niederhäuser,LAL,2,3.0,1.5,0.5
Yanic Konan Niederhäuser,MEM,1,2.0,1.0,0.0
Yanic Konan Niederhäuser,MIA,1,6.0,1.0,0.0
Yanic Konan Niederhäuser,MIN,2,12.5,5.0,1.0
Yanic Konan Niederhäuser,NOP,1,7.0,6.0,0.0
Yanic Konan Niederhäuser,NYK,1,1.0,2.0,0.0
Yanic Konan Niederhäuser,OKC,1,5.0,2.0,0.0
Yanic Konan Niederhäuser,ORL,2,6.5,4.5,0.5
Yanic Konan Niederhäuser,PHI,1,2.0,3.0,0.0
Yanic Konan Niederhäuser,PHX,3,4.333333333333333,1.0,0.0
Yanic Konan Niederhäuser,POR,1,0.0,2.0,0.0
Yanic Konan Niederhäuser,SAC,2,9.0,3.0,1.0
Yanic Konan Niederhäuser,TOR,1,5.0,2.0,0.0
Yanic Konan Niederhäuser,UTA,3,3.3333333333333335,3.6666666666666665,0.3333333333333333
Yanic Konan Niederhäuser,WAS,1,16.0,5.0,2.0
Yuki Kawamura,BKN,2,0.0,0.0,0.5
Yuki Kawamura,DAL,3,8.666666666666666,2.6666666666666665,2.3333333333333335
Yuki Kawamura,DEN,1,0.0,0.0,0.0
Yuki Kawamura,DET,1,2.0,0.0,0.0
Yuki Kawamura,HOU,1,0.0,0.0,1.0
Yuki Kawamura,IND,2,0.0,1.5,1.5
Yuki Kawamura,LAC,2,0.0,0.0,0.0
Yuki Kawamura,LAL,2,2.5,0.5,1.0
Yuki Kawamura,MEM,1,5.0,1.0,2.0
Yuki Kawamura,MIA,2,6.0,4.5,4.0
Yuki Kawamura,MIL,3,1.6666666666666667,1.6666666666666667,2.3333333333333335
Yuki Kawamura,MIN,1,0.0,0.0,0.0
Yuki Kawamura,NYK,1,3.0,0.0,1.0
Yuki Kawamura,OKC,1,10.0,3.0,3.0
Yuki Kawamura,ORL,2,0.0,0.0,1.0
Yuki Kawamura,PHI,1,0.0,0.0,0.0
Yuki Kawamura,PHX,2,1.5,1.5,3.0
Yuki Kawamura,POR,2,1.5,0.0,2.5
Yuki Kawamura,SAC,1,0.0,0.0,0.0
Yuki Kawamura,SAS,2,0.0,0.5,0.5
Yuki Kawamura,TOR,3,2.6666666666666665,1.0,3.3333333333333335
Yuki Kawamura,WAS,4,4.0,2.0,1.75
Yuri Collins,CHA,1,0.0,1.0,3.0
Yuri Collins,DAL,1,2.0,2.0,1.0
Yuta Watanabe,ATL,3,3.0,1.6666666666666667,0.6666666666666666
Yuta Watanabe,BKN,5,2.8,2.8,1.0
Yuta Watanabe,BOS,3,4.666666666666667,1.0,1.0
Yuta Watanabe,CHA,6,5.0,1.8,1.0
Yuta Watanabe,CHI,7,6.8,2.2,0.6
Yuta Watanabe,CLE,6,2.8,1.0,0.8
Yuta Watanabe,DAL,3,3.6666666666666665,2.0,0.6666666666666666
Yuta Watanabe,DEN,2,1.5,0.0,0.0
Yuta Watanabe,DET,5,5.0,2.2,0.6
Yuta Watanabe,GSW,5,6.6,2.8,0.4
Yuta Watanabe,HOU,4,2.0,0.75,0.25
Yuta Watanabe,IND,4,6.5,3.0,0.5
Yuta Watanabe,LAC,3,0.3333333333333333,1.3333333333333333,1.0
Yuta Watanabe,LAL,5,5.8,1.8,0.4
Yuta Watanabe,MEM,5,6.8,2.8,0.6
Yuta Watanabe,MIA,3,2.6666666666666665,1.0,0.0
Yuta Watanabe,MIL,7,2.8,2.6,0.4
Yuta Watanabe,MIN,3,1.0,1.3333333333333333,1.6666666666666667
Yuta Watanabe,NOP,4,4.25,1.0,0.25
Yuta Watanabe,NYK,7,4.8,1.2,0.8
Yuta Watanabe,OKC,4,4.75,1.75,1.75
Yuta Watanabe,ORL,3,1.6666666666666667,3.0,0.0
Yuta Watanabe,PHI,5,7.0,4.0,1.0
Yuta Watanabe,PHX,2,0.5,2.0,0.0
Yuta Watanabe,POR,4,5.5,2.0,0.5
Yuta Watanabe,SAC,5,7.2,3.6,1.2
Yuta Watanabe,SAS,5,4.6,2.6,0.6
Yuta Watanabe,TOR,2,9.0,2.0,0.5
Yuta Watanabe,UTA,4,4.75,1.75,0.5
Yuta Watanabe,WAS,6,5.2,3.4,0.4
Yves Missi,ATL,4,8.5,6.25,1.75
Yves Missi,BKN,4,10.5,8.5,2.0
Yves Missi,BOS,3,8.0,8.0,2.3333333333333335
Yves Missi,CHA,3,8.0,6.666666666666667,0.6666666666666666
Yves Missi,CHI,5,7.4,8.4,0.2
Yves Missi,CLE,4,8.75,6.0,1.25
Yves Missi,DAL,6,5.2,7.0,1.4
Yves Missi,DEN,7,9.0,6.2,1.4
Yves Missi,DET,3,6.0,6.666666666666667,1.0
Yves Missi,GSW,5,7.6,7.4,1.2
Yves Missi,HOU,8,7.4,5.2,1.6
Yves Missi,IND,5,7.0,8.2,0.4
Yves Missi,LAC,7,7.2,9.2,2.4
Yves Missi,LAL,7,5.0,5.0,1.2
Yves Missi,MEM,8,5.8,6.8,1.0
Yves Missi,MIA,2,6.5,4.5,1.5
Yves Missi,MIL,2,12.5,9.5,2.0
Yves Missi,MIN,4,5.5,7.5,1.25
Yves Missi,NYK,4,6.0,6.5,1.5
Yves Missi,OKC,6,8.2,5.8,1.2
Yves Missi,ORL,3,8.333333333333334,6.333333333333333,1.0
Yves Missi,PHI,3,10.666666666666666,8.0,1.6666666666666667
Yves Missi,PHX,6,10.0,6.8,0.6
Yves Missi,POR,8,3.6,5.0,1.2
Yves Missi,SAC,7,6.0,5.0,0.8
Yves Missi,SAS,5,9.2,10.8,0.8
Yves Missi,TOR,4,6.0,5.5,1.0
Yves Missi,UTA,2,6.5,5.0,0.5
Yves Missi,WAS,4,8.25,7.25,1.5
Yves Pons,BKN,1,0.0,2.0,0.0
Yves Pons,BOS,1,6.0,2.0,1.0
Yves Pons,DEN,1,2.0,2.0,0.0
Yves Pons,MIA,1,0.0,0.0,0.0
Yves Pons,MIL,1,0.0,0.0,0.0
Yves Pons,NOP,2,1.0,1.5,0.0
Yves Pons,PHI,1,3.0,2.0,0.0
Yves Pons,PHX,1,0.0,1.0,0.0
Yves Pons,SAC,1,0.0,0.0,0.0
Yves Pons,SAS,1,0.0,0.0,0.0
Yves Pons,WAS,1,0.0,0.0,0.0
Zaccharie Risacher,BKN,7,14.8,3.6,0.6
Zaccharie Risacher,BOS,4,9.5,4.0,0.5
Zaccharie Risacher,CHA,8,10.8,3.8,1.4
Zaccharie Risacher,CHI,6,9.8,3.0,1.8
Zaccharie Risacher,CLE,6,13.4,2.6,1.8
Zaccharie Risacher,DAL,4,5.75,3.5,1.0
Zaccharie Risacher,DEN,3,10.666666666666666,3.3333333333333335,0.6666666666666666
Zaccharie Risacher,DET,6,10.4,3.2,1.6
Zaccharie Risacher,GSW,3,14.333333333333334,4.0,0.6666666666666666
Zaccharie Risacher,HOU,2,17.0,5.0,1.5
Zaccharie Risacher,IND,5,10.8,2.8,1.0
Zaccharie Risacher,LAC,4,12.5,5.0,1.75
Zaccharie Risacher,LAL,3,12.333333333333334,2.6666666666666665,1.3333333333333333
Zaccharie Risacher,MEM,3,16.0,3.6666666666666665,0.3333333333333333
Zaccharie Risacher,MIA,8,6.4,4.0,1.8
Zaccharie Risacher,MIL,7,15.0,4.8,0.4
Zaccharie Risacher,MIN,4,7.0,3.75,1.5
Zaccharie Risacher,NOP,4,14.25,4.25,1.5
Zaccharie Risacher,NYK,7,9.4,3.4,0.6
Zaccharie Risacher,OKC,3,12.333333333333334,6.333333333333333,1.3333333333333333
Zaccharie Risacher,ORL,7,8.2,2.4,0.6
Zaccharie Risacher,PHI,7,11.4,3.4,1.0
Zaccharie Risacher,PHX,3,7.333333333333333,3.0,1.3333333333333333
Zaccharie Risacher,POR,3,8.333333333333334,4.333333333333333,1.6666666666666667
Zaccharie Risacher,SAC,4,12.25,2.25,0.75
Zaccharie Risacher,SAS,4,7.0,3.25,1.0
Zaccharie Risacher,TOR,5,14.0,5.0,1.2
Zaccharie Risacher,UTA,4,10.25,4.25,1.0
Zaccharie Risacher,WAS,8,11.8,5.2,1.6
Zach Collins,ATL,6,11.8,5.8,3.6
Zach Collins,BKN,5,6.6,5.2,1.2
Zach Collins,BOS,2,19.5,9.5,4.5
Zach Collins,CHA,6,10.2,6.4,2.8
Zach Collins,CHI,6,11.8,6.2,3.0
Zach Collins,CLE,8,12.0,8.2,2.0
Zach Collins,DAL,9,11.6,7.0,2.2
Zach Collins,DEN,9,7.2,5.0,1.2
Zach Collins,DET,4,15.0,7.25,1.75
Zach Collins,GSW,9,7.0,5.6,1.4
Zach Collins,HOU,13,6.6,3.8,1.4
Zach Collins,IND,10,6.6,4.4,2.0
Zach Collins,LAC,9,12.0,7.2,3.0
Zach Collins,LAL,12,5.8,2.4,1.4
Zach Collins,MEM,9,10.4,5.2,3.0
Zach Collins,MIA,9,6.0,5.6,1.8
Zach Collins,MIL,5,9.4,5.0,1.4
Zach Collins,MIN,10,7.0,2.4,3.4
Zach Collins,NOP,10,6.0,3.8,1.6
Zach Collins,NYK,5,7.4,4.0,2.6
Zach Collins,OKC,12,10.0,5.4,3.0
Zach Collins,ORL,4,12.25,4.0,2.25
Zach Collins,PHI,7,11.4,4.8,2.0
Zach Collins,PHX,9,9.0,5.4,1.6
Zach Collins,POR,10,10.2,3.4,1.4
Zach Collins,SAC,11,6.6,2.6,1.2
Zach Collins,TOR,7,11.2,8.4,4.0
Zach Collins,UTA,13,4.6,3.0,1.2
Zach Collins,WAS,5,8.2,5.6,2.6
Zach Edey,ATL,2,12.5,5.5,1.0
Zach Edey,BKN,2,19.0,7.0,1.0
Zach Edey,BOS,1,4.0,2.0,0.0
Zach Edey,CHA,2,12.0,12.5,0.5
Zach Edey,CHI,1,6.0,5.0,0.0
Zach Edey,CLE,3,8.333333333333334,6.333333333333333,0.3333333333333333
Zach Edey,DAL,3,8.0,10.0,1.0
Zach Edey,DEN,3,5.666666666666667,8.0,1.0
Zach Edey,DET,1,6.0,21.0,6.0
Zach Edey,GSW,4,9.25,9.75,1.5
Zach Edey,HOU,4,6.0,5.25,0.75
Zach Edey,IND,1,5.0,11.0,1.0
Zach Edey,LAC,5,6.0,10.8,1.2
Zach Edey,LAL,4,11.75,9.0,1.0
Zach Edey,MIA,2,10.0,10.5,1.0
Zach Edey,MIL,2,12.0,9.5,1.5
Zach Edey,MIN,3,5.666666666666667,8.333333333333334,0.6666666666666666
Zach Edey,NOP,4,13.5,11.75,1.75
Zach Edey,NYK,2,9.5,11.0,0.5
Zach Edey,OKC,3,6.333333333333333,5.0,0.3333333333333333
Zach Edey,ORL,2,4.5,3.5,0.0
Zach Edey,PHI,1,10.0,10.0,1.0
Zach Edey,PHX,2,6.0,8.5,0.5
Zach Edey,POR,3,10.0,6.333333333333333,2.3333333333333335
Zach Edey,SAC,4,17.25,9.0,0.25
Zach Edey,SAS,6,12.8,10.6,1.0
Zach Edey,TOR,2,17.0,15.5,2.0
Zach Edey,UTA,4,11.75,5.75,0.5
Zach Edey,WAS,1,14.0,8.0,2.0
Zach LaVine,ATL,12,24.4,3.8,6.2
Zach LaVine,BKN,11,23.0,4.0,3.4
Zach LaVine,BOS,12,22.0,4.0,2.4
Zach LaVine,CHA,13,21.6,5.2,4.2
Zach LaVine,CHI,2,19.0,2.0,4.0
Zach LaVine,CLE,11,19.6,3.2,3.4
Zach LaVine,DAL,7,19.4,3.2,2.6
Zach LaVine,DEN,11,17.8,3.0,5.4
Zach LaVine,DET,12,31.0,4.0,2.6
Zach LaVine,GSW,9,18.2,4.0,4.0
Zach LaVine,HOU,8,16.0,5.4,2.8
Zach LaVine,IND,12,24.4,3.8,2.6
Zach LaVine,LAC,8,24.0,4.2,2.8
Zach LaVine,LAL,5,25.0,3.4,3.2
Zach LaVine,MEM,9,21.6,2.2,2.2
Zach LaVine,MIA,10,20.8,4.2,4.8
Zach LaVine,MIL,14,19.2,5.2,4.2
Zach LaVine,MIN,7,21.4,3.6,2.4
Zach LaVine,NOP,9,25.8,4.2,6.0
Zach LaVine,NYK,11,27.8,4.8,4.4
Zach LaVine,OKC,9,16.2,4.2,3.4
Zach LaVine,ORL,12,15.2,4.8,4.4
Zach LaVine,PHI,10,22.8,3.0,4.2
Zach LaVine,PHX,9,20.4,3.0,3.0
Zach LaVine,POR,8,25.8,2.8,3.0
Zach LaVine,SAC,4,32.25,6.5,4.5
Zach LaVine,SAS,7,20.0,6.2,6.0
Zach LaVine,TOR,10,17.6,2.8,3.0
Zach LaVine,UTA,8,29.4,4.2,3.0
Zach LaVine,WAS,12,26.8,3.2,2.6
Zavier Simpson,CLE,1,4.0,8.0,4.0
Zavier Simpson,DEN,1,8.0,1.0,3.0
Zavier Simpson,DET,1,2.0,2.0,3.0
Zavier Simpson,LAC,1,17.0,9.0,7.0
Zavier Simpson,LAL,2,7.5,3.5,4.5
Zavier Simpson,ORL,1,0.0,1.0,4.0
Zavier Simpson,PHI,1,14.0,4.0,4.0
Zavier Simpson,POR,1,10.0,3.0,5.0
Zavier Simpson,SAS,1,12.0,3.0,5.0
Zavier Simpson,UTA,1,4.0,3.0,11.0
Zeke Nnaji,ATL,8,4.6,1.8,0.2
Zeke Nnaji,BKN,7,3.8,4.2,0.8
Zeke Nnaji,BOS,8,3.8,1.4,0.2
Zeke Nnaji,CHA,6,4.0,3.2,0.6
Zeke Nnaji,CHI,5,3.0,1.8,0.4
Zeke Nnaji,CLE,6,4.4,1.8,0.2
Zeke Nnaji,DAL,11,3.0,1.8,0.4
Zeke Nnaji,DET,8,3.8,1.8,0.6
Zeke Nnaji,GSW,11,2.8,1.0,0.0
Zeke Nnaji,HOU,11,1.4,0.6,0.2
Zeke Nnaji,IND,5,8.4,2.8,0.4
Zeke Nnaji,LAC,11,2.8,1.4,0.4
Zeke Nnaji,LAL,13,3.0,3.4,0.2
Zeke Nnaji,MEM,9,2.8,2.2,0.2
Zeke Nnaji,MIA,7,1.0,0.4,0.0
Zeke Nnaji,MIL,8,6.8,6.6,1.2
Zeke Nnaji,MIN,13,0.8,1.0,0.2
Zeke Nnaji,NOP,16,4.4,3.6,0.4
Zeke Nnaji,NYK,6,4.8,2.8,0.2
Zeke Nnaji,OKC,15,2.2,2.6,1.0
Zeke Nnaji,ORL,7,1.8,2.2,0.8
Zeke Nnaji,PHI,5,6.8,2.8,0.6
Zeke Nnaji,PHX,10,2.8,1.2,0.4
Zeke Nnaji,POR,12,5.8,2.6,1.2
Zeke Nnaji,SAC,10,5.4,2.2,0.6
Zeke Nnaji,SAS,8,4.4,2.8,1.2
Zeke Nnaji,TOR,3,1.3333333333333333,1.3333333333333333,0.6666666666666666
Zeke Nnaji,UTA,14,3.8,1.0,0.4
Zeke Nnaji,WAS,8,4.8,2.4,1.4
Ziaire Williams,ATL,7,7.6,2.6,1.8
Ziaire Williams,BKN,2,3.0,1.0,0.0
Ziaire Williams,BOS,11,9.6,3.2,0.6
Ziaire Williams,CHA,9,8.8,3.4,1.4
Ziaire Williams,CHI,7,9.6,3.4,1.0
Ziaire Williams,CLE,10,11.0,3.4,2.2
Ziaire Williams,DAL,10,7.8,2.8,0.6
Ziaire Williams,DEN,11,11.8,4.4,2.4
Ziaire Williams,DET,9,11.0,3.2,1.0
Ziaire Williams,GSW,10,11.4,3.4,1.4
Ziaire Williams,HOU,11,9.6,4.6,1.2
Ziaire Williams,IND,10,11.6,4.8,2.2
Ziaire Williams,LAC,12,8.0,3.4,0.8
Ziaire Williams,LAL,11,14.0,3.6,2.2
Ziaire Williams,MEM,3,10.0,2.3333333333333335,2.6666666666666665
Ziaire Williams,MIA,10,8.4,3.6,1.8
Ziaire Williams,MIL,8,12.4,3.8,1.6
Ziaire Williams,MIN,10,9.4,2.6,1.0
Ziaire Williams,NOP,10,7.2,3.4,0.4
Ziaire Williams,NYK,8,11.4,3.8,0.8
Ziaire Williams,OKC,8,14.6,5.8,3.6
Ziaire Williams,ORL,10,5.4,2.6,0.2
Ziaire Williams,PHI,9,10.4,3.4,0.8
Ziaire Williams,PHX,11,9.0,2.2,2.4
Ziaire Williams,POR,11,10.0,3.6,0.6
Ziaire Williams,SAC,6,7.6,1.8,1.0
Ziaire Williams,SAS,10,6.2,2.6,1.2
Ziaire Williams,TOR,10,6.6,3.4,0.4
Ziaire Williams,UTA,8,14.8,4.0,0.6
Ziaire Williams,WAS,7,10.0,3.2,0.6
Zion Williamson,ATL,4,25.75,6.75,5.0
Zion Williamson,BKN,4,22.0,6.25,3.5
Zion Williamson,BOS,3,22.333333333333332,6.666666666666667,3.3333333333333335
Zion Williamson,CHA,5,18.4,8.6,4.4
Zion Williamson,CHI,7,23.6,5.8,5.6
Zion Williamson,CLE,4,28.25,7.0,2.5
Zion Williamson,DAL,8,26.2,5.8,3.2
Zion Williamson,DEN,9,15.8,5.0,4.0
Zion Williamson,DET,5,24.0,6.6,3.2
Zion Williamson,GSW,9,24.0,7.2,2.8
Zion Williamson,HOU,10,17.6,4.0,3.2
Zion Williamson,IND,6,24.2,5.0,5.8
Zion Williamson,LAC,9,22.8,6.4,4.8
Zion Williamson,LAL,8,23.6,5.8,4.8
Zion Williamson,MEM,10,20.6,7.4,4.2
Zion Williamson,MIA,4,16.0,5.75,4.0
Zion Williamson,MIL,5,24.2,4.2,4.2
Zion Williamson,MIN,6,28.6,4.8,4.2
Zion Williamson,NYK,4,24.75,4.75,2.5
Zion Williamson,OKC,6,21.4,7.4,6.2
Zion Williamson,ORL,5,18.8,5.4,3.4
Zion Williamson,PHI,6,22.8,7.4,5.4
Zion Williamson,PHX,10,23.4,8.4,5.4
Zion Williamson,POR,7,20.4,6.0,3.8
Zion Williamson,SAC,9,25.4,6.6,5.0
Zion Williamson,SAS,9,24.8,8.6,4.2
Zion Williamson,TOR,6,20.8,6.2,4.8
Zion Williamson,UTA,10,17.8,5.6,6.4
Zion Williamson,WAS,3,29.0,4.0,4.0
Zylan Cheatham,CLE,1,0.0,0.0,0.0
Zyon Pullin,BOS,1,0.0,0.0,0.0
Zyon Pullin,CHA,1,0.0,0.0,1.0
Zyon Pullin,IND,1,0.0,0.0,0.0
Zyon Pullin,LAC,1,0.0,0.0,0.0
Zyon Pullin,NOP,1,19.0,3.0,5.0
Zyon Pullin,OKC,1,0.0,0.0,0.0
Zyon Pullin,SAS,1,0.0,0.0,0.0
Zyon Pullin,UTA,1,4.0,0.0,3.0
